time,temperature_2m,relative_humidity_2m,pressure_msl,wind_speed_10m,wind_gusts_10m,precipitation,cloud_cover
2024-01-01 00:00:00,17.3,93,1015.9,12.0,24.8,0.0,100
2024-01-01 01:00:00,16.9,94,1016.8,9.7,20.9,0.0,89
2024-01-01 02:00:00,17.4,89,1017.6,13.0,21.2,0.0,93
2024-01-01 03:00:00,19.6,75,1017.9,13.7,26.6,0.0,93
2024-01-01 04:00:00,21.9,65,1018.1,12.4,27.4,0.0,61
2024-01-01 05:00:00,24.0,54,1017.4,9.0,26.3,0.0,71
2024-01-01 06:00:00,25.9,45,1016.2,7.0,23.4,0.0,82
2024-01-01 07:00:00,27.2,40,1014.8,5.2,20.9,0.0,59
2024-01-01 08:00:00,28.0,36,1013.2,6.2,19.8,0.0,76
2024-01-01 09:00:00,28.4,34,1011.9,7.6,20.9,0.0,64
2024-01-01 10:00:00,28.4,34,1011.6,9.7,22.3,0.0,15
2024-01-01 11:00:00,27.7,35,1011.7,11.6,23.0,0.0,45
2024-01-01 12:00:00,26.1,38,1012.2,12.4,23.4,0.0,83
2024-01-01 13:00:00,23.2,51,1014.1,12.7,22.0,0.0,100
2024-01-01 14:00:00,22.4,55,1015.5,14.7,24.1,0.0,100
2024-01-01 15:00:00,21.4,60,1016.1,14.8,24.1,0.0,100
2024-01-01 16:00:00,20.7,63,1016.7,19.1,31.3,0.0,100
2024-01-01 17:00:00,20.5,68,1016.5,17.9,32.4,0.0,100
2024-01-01 18:00:00,20.2,73,1015.9,17.0,29.9,0.0,100
2024-01-01 19:00:00,19.8,77,1015.3,17.7,29.2,0.0,100
2024-01-01 20:00:00,18.7,89,1015.0,18.8,32.0,0.0,100
2024-01-01 21:00:00,18.4,92,1014.5,16.9,31.7,0.0,100
2024-01-01 22:00:00,18.6,89,1014.3,14.8,28.4,0.0,100
2024-01-01 23:00:00,18.3,90,1014.7,14.4,25.9,0.0,100
2024-01-02 00:00:00,18.2,89,1015.1,13.5,24.8,0.0,100
2024-01-02 01:00:00,18.6,87,1016.0,13.8,25.6,0.0,100
2024-01-02 02:00:00,18.7,85,1016.6,12.0,24.1,0.0,95
2024-01-02 03:00:00,19.7,80,1017.2,13.1,24.5,0.0,98
2024-01-02 04:00:00,20.9,73,1017.1,13.7,27.4,0.0,90
2024-01-02 05:00:00,22.7,64,1016.6,11.6,28.1,0.0,88
2024-01-02 06:00:00,24.9,52,1015.5,10.5,26.3,0.0,99
2024-01-02 07:00:00,26.4,44,1014.0,11.6,28.1,0.0,100
2024-01-02 08:00:00,27.2,41,1012.5,12.0,28.1,0.0,100
2024-01-02 09:00:00,27.6,39,1011.3,12.8,28.1,0.0,99
2024-01-02 10:00:00,27.3,40,1011.0,12.6,28.1,0.0,98
2024-01-02 11:00:00,26.5,42,1011.2,13.0,26.6,0.0,100
2024-01-02 12:00:00,25.3,46,1012.0,12.8,24.8,0.0,97
2024-01-02 13:00:00,23.5,46,1013.5,10.1,19.4,0.0,77
2024-01-02 14:00:00,22.5,55,1014.9,13.7,22.3,0.0,99
2024-01-02 15:00:00,21.7,60,1015.6,15.0,25.2,0.0,92
2024-01-02 16:00:00,20.8,65,1016.1,17.9,29.5,0.0,75
2024-01-02 17:00:00,20.2,69,1016.1,18.4,30.6,0.0,100
2024-01-02 18:00:00,19.8,73,1015.8,16.9,30.6,0.0,100
2024-01-02 19:00:00,19.4,79,1015.3,16.0,28.4,0.0,94
2024-01-02 20:00:00,18.6,85,1014.8,15.2,26.6,0.0,100
2024-01-02 21:00:00,18.1,88,1014.2,13.8,25.9,0.0,100
2024-01-02 22:00:00,17.8,89,1013.9,13.8,23.8,0.0,12
2024-01-02 23:00:00,16.9,93,1013.9,13.1,23.4,0.0,2
2024-01-03 00:00:00,16.4,96,1014.5,14.2,23.4,0.0,25
2024-01-03 01:00:00,17.3,90,1015.2,13.3,23.0,0.0,100
2024-01-03 02:00:00,17.8,87,1016.1,14.7,25.9,0.0,97
2024-01-03 03:00:00,18.8,81,1016.9,15.0,28.1,0.0,33
2024-01-03 04:00:00,21.1,69,1017.0,13.2,29.2,0.0,38
2024-01-03 05:00:00,22.9,61,1016.6,11.7,27.7,0.0,28
2024-01-03 06:00:00,24.7,54,1015.5,10.3,27.0,0.0,9
2024-01-03 07:00:00,25.9,48,1014.0,8.4,25.2,0.0,8
2024-01-03 08:00:00,26.8,43,1012.5,8.9,23.8,0.0,60
2024-01-03 09:00:00,27.2,41,1011.5,9.7,23.8,0.0,100
2024-01-03 10:00:00,27.4,40,1011.1,8.6,23.8,0.0,100
2024-01-03 11:00:00,26.7,42,1010.9,10.2,21.2,0.0,100
2024-01-03 12:00:00,25.5,45,1011.5,13.4,24.1,0.0,100
2024-01-03 13:00:00,23.0,52,1012.6,7.9,18.7,0.0,88
2024-01-03 14:00:00,22.7,53,1013.3,9.5,14.8,0.0,100
2024-01-03 15:00:00,21.7,64,1014.4,15.9,26.6,0.0,100
2024-01-03 16:00:00,21.1,72,1014.8,14.5,26.6,0.0,98
2024-01-03 17:00:00,20.4,80,1014.9,16.9,28.1,0.0,58
2024-01-03 18:00:00,19.5,87,1015.0,15.3,28.4,0.0,37
2024-01-03 19:00:00,19.0,91,1014.4,15.3,25.9,0.0,37
2024-01-03 20:00:00,18.6,94,1013.9,15.7,25.9,0.0,39
2024-01-03 21:00:00,18.2,95,1013.3,14.7,26.3,0.0,71
2024-01-03 22:00:00,18.2,96,1013.6,12.7,24.1,0.0,100
2024-01-03 23:00:00,18.5,93,1013.7,14.8,24.8,0.0,100
2024-01-04 00:00:00,18.6,91,1014.1,14.8,25.9,0.0,100
2024-01-04 01:00:00,19.4,84,1015.3,14.8,25.9,0.1,99
2024-01-04 02:00:00,19.2,88,1016.1,14.2,25.6,1.8,71
2024-01-04 03:00:00,19.9,85,1016.8,17.7,30.6,0.5,91
2024-01-04 04:00:00,20.9,78,1016.9,16.5,32.0,0.1,99
2024-01-04 05:00:00,21.7,73,1016.6,14.7,30.6,0.2,77
2024-01-04 06:00:00,24.4,60,1015.4,13.7,29.2,0.0,100
2024-01-04 07:00:00,24.8,58,1013.9,13.4,29.5,0.0,100
2024-01-04 08:00:00,25.4,54,1012.5,11.2,27.7,0.0,100
2024-01-04 09:00:00,25.5,54,1011.6,11.5,24.8,0.0,100
2024-01-04 10:00:00,25.2,55,1010.9,13.0,24.8,0.0,100
2024-01-04 11:00:00,25.0,55,1011.1,12.6,24.5,0.0,100
2024-01-04 12:00:00,23.9,61,1011.8,15.5,25.9,0.0,100
2024-01-04 13:00:00,22.0,61,1013.5,13.2,24.1,0.0,100
2024-01-04 14:00:00,21.7,63,1014.4,10.6,22.0,0.0,100
2024-01-04 15:00:00,21.5,64,1014.8,12.7,20.2,0.0,100
2024-01-04 16:00:00,21.0,68,1015.3,10.9,21.6,0.0,100
2024-01-04 17:00:00,20.4,72,1015.2,12.6,20.5,0.0,100
2024-01-04 18:00:00,20.0,77,1015.0,14.6,23.8,0.0,100
2024-01-04 19:00:00,19.7,84,1014.6,14.9,24.8,0.0,100
2024-01-04 20:00:00,19.4,88,1014.3,13.0,24.8,0.0,98
2024-01-04 21:00:00,19.1,89,1013.6,12.1,21.6,0.0,100
2024-01-04 22:00:00,19.1,88,1013.7,10.8,20.2,0.0,100
2024-01-04 23:00:00,19.1,87,1013.7,12.9,21.6,0.0,100
2024-01-05 00:00:00,19.1,87,1014.2,13.1,22.7,0.0,100
2024-01-05 01:00:00,18.6,95,1015.2,11.4,20.2,0.0,65
2024-01-05 02:00:00,18.9,93,1015.9,13.0,21.2,0.0,52
2024-01-05 03:00:00,20.9,81,1016.4,13.1,25.2,0.0,55
2024-01-05 04:00:00,23.2,69,1016.2,12.1,25.9,0.0,34
2024-01-05 05:00:00,25.5,58,1015.3,9.5,25.6,0.0,92
2024-01-05 06:00:00,26.6,54,1014.0,8.9,23.4,0.0,100
2024-01-05 07:00:00,26.3,56,1013.0,11.6,25.6,0.0,87
2024-01-05 08:00:00,27.0,53,1011.9,9.9,26.6,0.0,32
2024-01-05 09:00:00,26.8,53,1011.2,8.7,24.1,0.2,34
2024-01-05 10:00:00,26.7,53,1011.0,9.3,22.0,0.0,69
2024-01-05 11:00:00,26.3,54,1011.1,8.9,21.2,0.0,38
2024-01-05 12:00:00,25.6,56,1011.7,9.3,19.1,0.0,32
2024-01-05 13:00:00,22.3,74,1013.6,10.2,20.9,0.0,71
2024-01-05 14:00:00,22.2,75,1014.4,11.2,18.0,0.0,100
2024-01-05 15:00:00,22.3,73,1015.0,14.9,24.5,0.0,100
2024-01-05 16:00:00,21.9,73,1015.2,16.1,26.6,0.0,100
2024-01-05 17:00:00,21.2,75,1015.0,16.2,27.7,0.0,100
2024-01-05 18:00:00,20.7,78,1015.2,15.7,27.4,0.0,100
2024-01-05 19:00:00,20.2,82,1015.1,15.3,26.3,0.0,100
2024-01-05 20:00:00,19.8,85,1014.8,15.0,25.9,0.1,100
2024-01-05 21:00:00,19.7,87,1014.1,13.1,25.6,0.1,100
2024-01-05 22:00:00,19.6,88,1013.8,13.3,23.4,0.3,100
2024-01-05 23:00:00,19.4,90,1013.6,14.9,24.5,0.3,100
2024-01-06 00:00:00,19.3,91,1014.1,16.3,27.0,0.1,100
2024-01-06 01:00:00,19.7,95,1014.5,14.4,25.2,0.0,48
2024-01-06 02:00:00,19.7,95,1015.2,15.1,24.8,0.0,19
2024-01-06 03:00:00,21.1,85,1016.1,17.3,31.7,0.0,49
2024-01-06 04:00:00,23.1,72,1016.3,15.1,31.7,0.0,41
2024-01-06 05:00:00,25.0,62,1015.5,14.8,30.2,0.0,5
2024-01-06 06:00:00,26.7,53,1014.3,13.7,31.0,0.0,9
2024-01-06 07:00:00,27.9,47,1012.7,11.3,29.5,0.0,22
2024-01-06 08:00:00,28.4,45,1011.5,9.4,25.9,0.2,33
2024-01-06 09:00:00,28.5,45,1010.3,10.7,24.5,0.1,9
2024-01-06 10:00:00,28.7,44,1009.9,10.9,24.8,0.0,17
2024-01-06 11:00:00,28.1,44,1010.1,12.2,23.8,0.0,25
2024-01-06 12:00:00,26.1,53,1011.3,16.5,28.8,0.0,73
2024-01-06 13:00:00,23.3,68,1013.4,14.3,24.1,0.0,41
2024-01-06 14:00:00,22.4,73,1014.7,14.8,23.8,0.0,31
2024-01-06 15:00:00,21.5,78,1015.6,16.3,28.4,0.0,27
2024-01-06 16:00:00,20.4,86,1016.1,17.0,28.1,0.0,75
2024-01-06 17:00:00,19.5,92,1016.5,16.2,28.8,0.0,100
2024-01-06 18:00:00,19.3,94,1016.0,15.0,27.0,0.0,100
2024-01-06 19:00:00,19.2,93,1015.6,14.9,25.6,0.0,100
2024-01-06 20:00:00,18.9,93,1015.3,14.4,25.2,0.0,100
2024-01-06 21:00:00,18.7,92,1014.5,13.5,24.5,0.0,100
2024-01-06 22:00:00,18.4,93,1014.2,10.8,23.0,0.0,91
2024-01-06 23:00:00,17.7,95,1014.4,10.2,18.7,0.0,65
2024-01-07 00:00:00,17.0,97,1015.2,10.1,17.3,0.0,98
2024-01-07 01:00:00,17.8,94,1015.8,9.0,15.5,0.0,97
2024-01-07 02:00:00,18.6,87,1016.7,12.6,22.7,0.0,62
2024-01-07 03:00:00,19.9,78,1017.4,14.1,27.0,0.0,36
2024-01-07 04:00:00,21.9,67,1017.5,14.4,29.2,0.0,91
2024-01-07 05:00:00,24.1,57,1016.8,14.2,30.2,0.0,82
2024-01-07 06:00:00,25.9,48,1015.5,15.5,32.0,0.0,92
2024-01-07 07:00:00,26.8,48,1014.3,17.7,36.0,0.0,97
2024-01-07 08:00:00,27.4,46,1012.8,16.9,36.0,0.0,94
2024-01-07 09:00:00,27.6,45,1011.7,17.6,35.3,0.0,100
2024-01-07 10:00:00,27.8,43,1010.9,16.6,34.9,0.0,72
2024-01-07 11:00:00,27.0,45,1011.0,16.4,32.4,0.0,33
2024-01-07 12:00:00,26.5,45,1011.4,13.2,30.2,0.0,70
2024-01-07 13:00:00,23.8,55,1012.5,8.0,14.8,0.0,14
2024-01-07 14:00:00,22.9,59,1013.7,12.6,18.7,0.0,27
2024-01-07 15:00:00,21.7,72,1015.1,16.6,28.1,0.0,33
2024-01-07 16:00:00,20.7,79,1015.8,16.4,28.1,0.0,78
2024-01-07 17:00:00,20.1,84,1016.1,16.6,27.7,0.0,100
2024-01-07 18:00:00,19.5,90,1016.2,18.1,30.6,0.0,100
2024-01-07 19:00:00,19.1,93,1015.7,19.5,33.1,0.0,100
2024-01-07 20:00:00,18.9,92,1015.1,18.8,33.8,0.0,100
2024-01-07 21:00:00,18.4,94,1014.6,17.3,32.0,0.0,100
2024-01-07 22:00:00,18.6,94,1014.3,17.3,29.9,0.0,100
2024-01-07 23:00:00,18.9,93,1014.2,18.0,29.9,0.0,100
2024-01-08 00:00:00,19.2,93,1014.4,18.4,31.7,0.0,100
2024-01-08 01:00:00,19.2,89,1015.3,17.7,32.0,0.1,100
2024-01-08 02:00:00,19.3,90,1016.2,17.7,29.9,0.1,100
2024-01-08 03:00:00,20.2,87,1017.0,21.1,36.7,0.2,100
2024-01-08 04:00:00,20.1,92,1017.4,19.2,37.4,0.8,100
2024-01-08 05:00:00,21.6,83,1017.2,20.4,37.8,0.3,100
2024-01-08 06:00:00,22.8,76,1016.3,18.5,36.4,0.1,100
2024-01-08 07:00:00,23.2,74,1015.3,18.4,32.8,0.1,100
2024-01-08 08:00:00,23.3,74,1014.2,18.8,33.8,0.0,100
2024-01-08 09:00:00,23.5,73,1013.4,20.3,36.0,0.1,100
2024-01-08 10:00:00,21.8,82,1013.6,19.1,36.4,0.2,100
2024-01-08 11:00:00,22.0,80,1013.8,21.2,37.8,0.1,100
2024-01-08 12:00:00,20.6,89,1014.5,15.6,37.4,0.2,100
2024-01-08 13:00:00,20.2,95,1015.1,14.4,26.6,0.0,100
2024-01-08 14:00:00,19.8,95,1016.2,15.9,26.3,0.0,98
2024-01-08 15:00:00,19.4,96,1016.7,16.9,28.4,0.0,100
2024-01-08 16:00:00,19.3,96,1017.3,15.8,28.4,0.0,100
2024-01-08 17:00:00,19.5,95,1017.3,13.3,26.6,0.0,100
2024-01-08 18:00:00,19.6,94,1016.7,13.7,22.7,0.1,100
2024-01-08 19:00:00,19.4,94,1016.3,15.5,26.3,0.0,100
2024-01-08 20:00:00,19.1,94,1015.6,12.7,25.6,0.1,100
2024-01-08 21:00:00,19.0,95,1015.0,11.7,21.6,0.1,100
2024-01-08 22:00:00,19.0,95,1014.7,12.6,21.6,0.1,100
2024-01-08 23:00:00,18.9,95,1014.9,11.6,21.2,0.2,100
2024-01-09 00:00:00,18.8,94,1015.5,12.8,20.9,0.0,100
2024-01-09 01:00:00,19.1,96,1015.6,16.4,27.7,0.0,78
2024-01-09 02:00:00,19.0,95,1016.6,16.1,27.7,0.0,20
2024-01-09 03:00:00,20.4,86,1017.2,21.3,37.4,0.0,34
2024-01-09 04:00:00,22.8,72,1017.3,22.3,39.2,0.0,47
2024-01-09 05:00:00,24.4,64,1016.9,22.5,41.8,0.0,76
2024-01-09 06:00:00,25.5,60,1016.1,22.5,42.5,0.0,83
2024-01-09 07:00:00,25.4,60,1014.9,22.2,42.1,0.3,97
2024-01-09 08:00:00,25.4,62,1013.7,23.4,43.6,0.2,60
2024-01-09 09:00:00,26.1,56,1012.4,22.7,43.2,0.0,65
2024-01-09 10:00:00,26.6,53,1012.2,22.7,42.1,0.0,75
2024-01-09 11:00:00,24.9,59,1013.1,25.3,44.3,0.0,100
2024-01-09 12:00:00,23.5,63,1013.8,21.5,45.0,0.0,100
2024-01-09 13:00:00,21.9,67,1015.2,16.7,31.3,0.0,100
2024-01-09 14:00:00,21.0,68,1016.0,16.3,28.1,0.0,100
2024-01-09 15:00:00,20.5,72,1016.6,15.9,27.7,0.0,100
2024-01-09 16:00:00,20.2,75,1017.0,16.2,27.0,0.0,100
2024-01-09 17:00:00,19.5,81,1017.0,16.2,27.4,0.0,98
2024-01-09 18:00:00,18.9,85,1016.8,17.1,29.2,0.0,96
2024-01-09 19:00:00,18.3,87,1016.4,15.1,28.8,0.0,100
2024-01-09 20:00:00,18.1,90,1016.1,14.4,25.2,0.0,100
2024-01-09 21:00:00,17.7,93,1015.5,13.0,24.5,0.0,100
2024-01-09 22:00:00,17.5,93,1014.8,14.0,23.0,0.0,100
2024-01-09 23:00:00,17.2,92,1014.5,14.4,23.8,0.0,100
2024-01-10 00:00:00,17.2,90,1014.5,16.2,27.0,0.0,81
2024-01-10 01:00:00,17.4,93,1015.7,17.3,29.5,0.0,28
2024-01-10 02:00:00,17.8,89,1016.3,18.4,30.2,0.0,21
2024-01-10 03:00:00,19.9,73,1016.8,18.0,33.8,0.0,26
2024-01-10 04:00:00,22.1,58,1016.8,16.6,33.1,0.0,98
2024-01-10 05:00:00,23.0,57,1016.5,16.5,31.7,0.0,81
2024-01-10 06:00:00,24.2,58,1016.1,17.6,34.6,0.0,93
2024-01-10 07:00:00,25.0,57,1014.7,19.1,36.7,0.0,100
2024-01-10 08:00:00,24.7,55,1013.6,17.2,36.7,0.0,100
2024-01-10 09:00:00,24.7,54,1012.7,16.7,32.4,0.0,100
2024-01-10 10:00:00,24.2,52,1012.7,17.9,32.0,0.0,100
2024-01-10 11:00:00,23.3,54,1013.1,16.5,32.0,0.0,100
2024-01-10 12:00:00,22.5,58,1014.0,13.6,28.1,0.0,100
2024-01-10 13:00:00,22.5,57,1015.1,13.4,22.3,0.0,99
2024-01-10 14:00:00,21.7,62,1016.0,11.7,22.0,0.0,100
2024-01-10 15:00:00,21.4,66,1016.9,13.0,20.9,0.0,100
2024-01-10 16:00:00,21.2,69,1017.5,15.1,24.8,0.0,100
2024-01-10 17:00:00,20.7,74,1017.5,15.5,26.3,0.0,100
2024-01-10 18:00:00,19.7,79,1017.5,14.8,26.3,0.0,89
2024-01-10 19:00:00,19.0,82,1017.1,13.3,24.5,0.0,83
2024-01-10 20:00:00,18.3,88,1016.6,11.6,22.3,0.0,79
2024-01-10 21:00:00,17.6,94,1016.0,9.8,18.7,0.0,56
2024-01-10 22:00:00,17.3,97,1015.6,9.8,16.6,0.0,62
2024-01-10 23:00:00,17.1,97,1015.5,9.9,16.6,0.0,73
2024-01-11 00:00:00,17.1,96,1015.7,12.3,20.2,0.0,43
2024-01-11 01:00:00,17.0,97,1017.3,13.4,24.1,0.0,100
2024-01-11 02:00:00,17.7,90,1017.9,15.5,25.9,0.0,100
2024-01-11 03:00:00,19.1,81,1018.6,13.4,27.0,0.0,28
2024-01-11 04:00:00,22.0,61,1018.2,15.5,29.9,0.0,51
2024-01-11 05:00:00,24.3,47,1017.6,17.1,33.8,0.0,40
2024-01-11 06:00:00,26.0,40,1016.6,17.2,34.6,0.0,81
2024-01-11 07:00:00,27.0,40,1014.9,17.2,34.9,0.0,64
2024-01-11 08:00:00,27.6,40,1013.6,17.0,34.6,0.0,52
2024-01-11 09:00:00,27.8,40,1012.6,17.3,34.6,0.0,0
2024-01-11 10:00:00,27.6,40,1012.3,17.3,34.2,0.0,52
2024-01-11 11:00:00,26.7,42,1012.5,17.7,33.5,0.0,0
2024-01-11 12:00:00,25.2,49,1013.1,14.5,32.0,0.0,69
2024-01-11 13:00:00,22.7,52,1013.8,10.4,21.2,0.0,0
2024-01-11 14:00:00,21.3,58,1015.2,11.6,19.1,0.0,1
2024-01-11 15:00:00,20.2,65,1016.2,11.9,19.4,0.0,0
2024-01-11 16:00:00,19.3,73,1017.0,12.6,20.5,0.0,1
2024-01-11 17:00:00,18.6,78,1017.3,13.7,22.3,0.0,0
2024-01-11 18:00:00,18.0,81,1017.2,13.7,22.7,0.0,3
2024-01-11 19:00:00,17.3,84,1016.5,13.0,22.3,0.0,78
2024-01-11 20:00:00,16.6,89,1015.8,13.3,22.0,0.0,90
2024-01-11 21:00:00,16.1,91,1015.0,12.8,22.0,0.0,92
2024-01-11 22:00:00,15.7,93,1015.1,13.0,21.2,0.0,94
2024-01-11 23:00:00,15.6,93,1015.2,14.5,23.8,0.0,96
2024-01-12 00:00:00,15.6,91,1015.4,15.3,25.2,0.0,85
2024-01-12 01:00:00,16.1,87,1016.6,16.9,28.8,0.0,90
2024-01-12 02:00:00,16.8,82,1017.5,18.7,30.2,0.0,91
2024-01-12 03:00:00,19.6,63,1017.9,19.1,35.6,0.0,88
2024-01-12 04:00:00,21.8,58,1017.7,19.5,36.4,0.0,100
2024-01-12 05:00:00,24.0,49,1017.2,21.0,40.0,0.0,65
2024-01-12 06:00:00,25.7,43,1016.2,22.6,42.5,0.0,80
2024-01-12 07:00:00,26.8,40,1015.0,23.4,44.3,0.0,42
2024-01-12 08:00:00,27.3,38,1013.9,22.9,44.3,0.0,12
2024-01-12 09:00:00,27.2,41,1013.2,21.9,43.2,0.0,13
2024-01-12 10:00:00,26.7,45,1012.9,20.6,41.8,0.0,37
2024-01-12 11:00:00,25.9,48,1013.0,19.5,38.5,0.0,65
2024-01-12 12:00:00,24.5,52,1013.8,16.5,35.3,0.0,74
2024-01-12 13:00:00,22.6,58,1014.6,14.4,29.2,0.0,14
2024-01-12 14:00:00,21.4,63,1015.9,15.6,25.9,0.0,8
2024-01-12 15:00:00,20.5,68,1017.0,15.5,26.6,0.0,30
2024-01-12 16:00:00,19.7,74,1017.5,13.0,25.9,0.0,99
2024-01-12 17:00:00,18.9,81,1017.6,10.6,21.2,0.0,79
2024-01-12 18:00:00,17.9,88,1017.8,8.3,17.3,0.0,82
2024-01-12 19:00:00,17.2,93,1017.4,7.9,13.3,0.0,47
2024-01-12 20:00:00,16.8,95,1016.9,7.9,13.3,0.0,0
2024-01-12 21:00:00,16.4,97,1016.0,7.9,13.3,0.0,0
2024-01-12 22:00:00,16.2,97,1015.6,7.9,13.3,0.0,30
2024-01-12 23:00:00,16.0,97,1015.4,7.9,13.0,0.0,84
2024-01-13 00:00:00,15.8,97,1015.7,7.6,13.0,0.0,92
2024-01-13 01:00:00,16.2,99,1017.2,6.5,12.2,0.0,98
2024-01-13 02:00:00,16.9,97,1018.2,9.7,14.4,0.0,100
2024-01-13 03:00:00,18.9,88,1019.0,9.1,19.4,0.0,100
2024-01-13 04:00:00,21.6,73,1019.0,11.5,24.8,0.0,100
2024-01-13 05:00:00,24.0,57,1018.2,13.7,29.2,0.0,100
2024-01-13 06:00:00,25.8,47,1017.1,14.4,30.6,0.0,100
2024-01-13 07:00:00,27.1,43,1015.8,15.2,32.0,0.0,100
2024-01-13 08:00:00,27.8,42,1014.6,15.2,32.4,0.0,100
2024-01-13 09:00:00,28.5,40,1013.6,15.1,32.0,0.0,100
2024-01-13 10:00:00,27.9,40,1013.2,14.3,31.3,0.0,99
2024-01-13 11:00:00,27.0,42,1013.1,13.6,28.1,0.0,44
2024-01-13 12:00:00,26.1,46,1013.5,10.8,25.2,0.0,25
2024-01-13 13:00:00,22.8,60,1014.9,10.6,19.8,0.0,36
2024-01-13 14:00:00,21.5,67,1015.9,11.5,18.7,0.0,47
2024-01-13 15:00:00,20.8,70,1016.9,11.4,19.1,0.0,10
2024-01-13 16:00:00,20.1,73,1017.5,10.4,18.4,0.0,12
2024-01-13 17:00:00,19.5,76,1017.6,10.8,17.6,0.0,0
2024-01-13 18:00:00,18.8,82,1017.8,11.5,19.4,0.0,0
2024-01-13 19:00:00,18.1,90,1017.3,11.1,19.1,0.0,14
2024-01-13 20:00:00,17.6,94,1016.9,11.3,18.7,0.0,0
2024-01-13 21:00:00,17.4,96,1015.9,10.5,18.7,0.0,0
2024-01-13 22:00:00,17.2,97,1015.2,9.7,17.3,0.0,0
2024-01-13 23:00:00,16.9,98,1014.9,9.4,15.8,0.0,0
2024-01-14 00:00:00,16.9,98,1015.3,9.4,16.2,0.0,9
2024-01-14 01:00:00,17.9,100,1016.8,11.6,21.6,0.0,100
2024-01-14 02:00:00,17.9,98,1017.8,11.5,21.2,0.0,100
2024-01-14 03:00:00,19.1,90,1018.5,10.2,23.4,0.0,28
2024-01-14 04:00:00,22.5,71,1018.4,8.8,21.2,0.0,6
2024-01-14 05:00:00,25.1,52,1017.8,14.3,29.2,0.0,8
2024-01-14 06:00:00,26.4,44,1016.7,16.5,34.2,0.0,49
2024-01-14 07:00:00,27.2,45,1015.3,15.3,34.2,0.0,68
2024-01-14 08:00:00,28.0,42,1013.6,15.3,32.8,0.0,72
2024-01-14 09:00:00,28.4,39,1012.4,15.4,32.4,0.0,0
2024-01-14 10:00:00,28.3,39,1011.8,14.8,32.0,0.0,0
2024-01-14 11:00:00,27.6,40,1011.8,13.5,29.9,0.0,0
2024-01-14 12:00:00,26.3,45,1012.5,11.1,26.3,0.0,0
2024-01-14 13:00:00,23.4,54,1013.4,9.5,19.1,0.0,35
2024-01-14 14:00:00,22.0,59,1014.5,10.3,16.6,0.0,18
2024-01-14 15:00:00,20.8,63,1015.5,9.7,16.6,0.0,8
2024-01-14 16:00:00,19.8,66,1016.3,10.2,16.2,0.0,0
2024-01-14 17:00:00,18.9,70,1016.7,11.5,18.4,0.0,0
2024-01-14 18:00:00,18.3,78,1016.8,12.3,20.2,0.0,0
2024-01-14 19:00:00,17.9,82,1016.6,13.4,22.0,0.0,0
2024-01-14 20:00:00,17.3,86,1016.0,12.8,22.0,0.0,0
2024-01-14 21:00:00,16.7,89,1015.2,12.2,21.2,0.0,0
2024-01-14 22:00:00,16.2,92,1014.5,11.7,19.8,0.0,0
2024-01-14 23:00:00,15.9,93,1014.4,10.5,19.1,0.0,5
2024-01-15 00:00:00,15.6,94,1015.0,9.0,17.3,0.0,29
2024-01-15 01:00:00,16.1,94,1016.2,9.0,15.8,0.0,87
2024-01-15 02:00:00,17.0,91,1017.1,10.8,15.8,0.0,81
2024-01-15 03:00:00,20.3,76,1017.8,8.3,18.0,0.0,83
2024-01-15 04:00:00,23.2,60,1017.9,9.7,22.0,0.0,93
2024-01-15 05:00:00,24.8,52,1017.4,11.8,26.3,0.0,73
2024-01-15 06:00:00,26.2,45,1016.4,12.1,27.7,0.0,85
2024-01-15 07:00:00,27.1,41,1014.8,12.1,28.1,0.0,55
2024-01-15 08:00:00,27.8,39,1013.1,11.4,28.1,0.0,6
2024-01-15 09:00:00,28.2,38,1011.7,10.2,27.0,0.0,0
2024-01-15 10:00:00,28.1,39,1011.3,9.6,24.8,0.0,0
2024-01-15 11:00:00,27.6,39,1011.1,9.4,22.3,0.0,0
2024-01-15 12:00:00,26.5,43,1011.7,8.6,19.8,0.0,5
2024-01-15 13:00:00,23.0,52,1012.7,6.9,13.0,0.0,2
2024-01-15 14:00:00,21.7,56,1013.6,7.8,12.6,0.0,14
2024-01-15 15:00:00,20.6,62,1014.9,9.7,15.1,0.0,38
2024-01-15 16:00:00,20.0,68,1015.6,11.6,19.1,0.0,0
2024-01-15 17:00:00,19.3,73,1015.7,13.5,22.0,0.0,0
2024-01-15 18:00:00,18.5,78,1015.6,14.0,23.0,0.0,0
2024-01-15 19:00:00,18.0,81,1014.9,14.6,23.8,0.0,0
2024-01-15 20:00:00,17.4,86,1014.5,15.5,25.9,0.0,0
2024-01-15 21:00:00,16.6,95,1013.8,14.5,25.9,0.0,0
2024-01-15 22:00:00,16.4,97,1013.6,12.1,24.1,0.0,12
2024-01-15 23:00:00,16.3,98,1013.8,7.8,19.8,0.0,6
2024-01-16 00:00:00,15.7,99,1014.5,5.4,12.6,0.0,100
2024-01-16 01:00:00,17.2,95,1015.8,10.3,19.4,0.0,100
2024-01-16 02:00:00,17.7,90,1016.5,10.5,19.4,0.0,92
2024-01-16 03:00:00,19.2,81,1017.2,9.7,22.3,0.0,4
2024-01-16 04:00:00,21.8,67,1017.0,8.5,21.2,0.0,0
2024-01-16 05:00:00,24.3,51,1016.1,9.0,22.7,0.0,0
2024-01-16 06:00:00,25.9,42,1015.0,7.1,22.7,0.0,0
2024-01-16 07:00:00,27.0,36,1013.5,6.3,21.2,0.0,6
2024-01-16 08:00:00,27.8,33,1011.9,6.1,20.5,0.0,81
2024-01-16 09:00:00,28.2,31,1010.6,5.9,19.8,0.0,100
2024-01-16 10:00:00,28.3,31,1009.8,5.8,18.7,0.0,96
2024-01-16 11:00:00,28.0,31,1009.8,6.2,17.3,0.0,100
2024-01-16 12:00:00,26.7,36,1010.2,5.2,15.5,0.0,85
2024-01-16 13:00:00,22.7,52,1011.1,6.7,9.4,0.0,100
2024-01-16 14:00:00,21.6,55,1012.4,7.0,10.8,0.0,100
2024-01-16 15:00:00,20.6,62,1013.5,8.6,13.7,0.0,100
2024-01-16 16:00:00,20.4,65,1013.9,9.7,15.5,0.0,100
2024-01-16 17:00:00,19.8,66,1014.1,13.5,21.6,0.0,98
2024-01-16 18:00:00,19.0,74,1014.1,12.6,23.0,0.0,7
2024-01-16 19:00:00,18.0,82,1014.1,8.5,20.5,0.0,29
2024-01-16 20:00:00,17.4,90,1013.9,9.8,16.2,0.0,75
2024-01-16 21:00:00,16.8,95,1013.3,11.5,19.1,0.0,97
2024-01-16 22:00:00,16.5,96,1013.0,11.4,19.4,0.0,100
2024-01-16 23:00:00,16.2,96,1013.0,10.4,19.4,0.0,100
2024-01-17 00:00:00,15.9,95,1013.4,9.4,17.3,0.0,91
2024-01-17 01:00:00,16.4,97,1014.5,8.7,19.1,0.0,93
2024-01-17 02:00:00,17.0,94,1015.6,9.2,15.5,0.0,79
2024-01-17 03:00:00,19.3,83,1016.0,8.0,18.4,0.0,84
2024-01-17 04:00:00,22.1,66,1015.8,8.7,21.2,0.0,87
2024-01-17 05:00:00,24.3,53,1015.1,6.7,22.0,0.0,36
2024-01-17 06:00:00,25.8,46,1014.0,5.1,20.2,0.0,0
2024-01-17 07:00:00,26.9,42,1012.6,4.6,18.7,0.0,0
2024-01-17 08:00:00,27.7,38,1011.2,4.9,18.7,0.0,0
2024-01-17 09:00:00,28.2,36,1010.2,4.6,18.4,0.0,0
2024-01-17 10:00:00,28.4,34,1009.7,5.4,17.6,0.0,0
2024-01-17 11:00:00,28.1,34,1009.8,6.9,16.9,0.0,3
2024-01-17 12:00:00,26.9,37,1010.4,8.6,16.6,0.0,11
2024-01-17 13:00:00,24.4,44,1011.3,12.6,20.5,0.0,25
2024-01-17 14:00:00,23.1,46,1012.5,14.8,24.1,0.0,3
2024-01-17 15:00:00,22.2,49,1013.4,14.1,24.1,0.0,2
2024-01-17 16:00:00,21.2,50,1013.8,11.5,23.4,0.0,0
2024-01-17 17:00:00,20.0,59,1014.4,16.5,27.4,0.0,0
2024-01-17 18:00:00,19.1,70,1014.3,15.3,27.0,0.0,0
2024-01-17 19:00:00,18.5,77,1013.9,14.4,25.2,0.0,0
2024-01-17 20:00:00,17.9,84,1013.5,14.0,23.8,0.0,0
2024-01-17 21:00:00,17.3,91,1013.2,12.2,22.7,0.0,0
2024-01-17 22:00:00,16.9,94,1012.9,10.7,19.8,0.0,0
2024-01-17 23:00:00,16.7,95,1013.3,11.2,18.0,0.0,0
2024-01-18 00:00:00,16.6,94,1013.6,11.8,20.2,0.0,1
2024-01-18 01:00:00,17.0,98,1014.6,9.4,20.2,0.0,90
2024-01-18 02:00:00,17.3,97,1015.7,10.7,18.0,0.0,90
2024-01-18 03:00:00,19.2,86,1016.6,9.9,21.2,0.0,52
2024-01-18 04:00:00,22.1,70,1016.7,10.4,23.4,0.0,59
2024-01-18 05:00:00,24.3,58,1016.1,9.7,24.5,0.0,99
2024-01-18 06:00:00,26.1,46,1014.9,7.2,23.8,0.0,92
2024-01-18 07:00:00,27.2,41,1013.4,6.1,21.6,0.0,85
2024-01-18 08:00:00,27.9,39,1012.0,6.0,20.5,0.0,66
2024-01-18 09:00:00,28.4,37,1010.8,5.2,20.2,0.0,69
2024-01-18 10:00:00,28.9,33,1010.2,4.6,18.0,0.0,43
2024-01-18 11:00:00,28.5,33,1010.2,8.3,18.4,0.0,39
2024-01-18 12:00:00,27.5,35,1010.7,10.5,20.2,0.0,16
2024-01-18 13:00:00,24.9,50,1011.9,5.0,18.7,0.0,83
2024-01-18 14:00:00,23.7,49,1013.0,10.6,15.5,0.0,49
2024-01-18 15:00:00,23.3,47,1013.9,11.3,20.2,0.0,1
2024-01-18 16:00:00,21.8,51,1014.1,11.3,18.7,0.0,9
2024-01-18 17:00:00,21.2,52,1014.2,12.2,19.8,0.0,11
2024-01-18 18:00:00,20.4,56,1014.4,14.4,24.1,0.0,0
2024-01-18 19:00:00,19.2,66,1014.3,14.7,24.5,0.0,0
2024-01-18 20:00:00,18.4,76,1013.6,14.2,24.8,0.0,0
2024-01-18 21:00:00,17.5,86,1013.5,9.4,23.0,0.0,15
2024-01-18 22:00:00,17.5,90,1013.6,8.6,16.2,0.0,54
2024-01-18 23:00:00,17.8,93,1014.1,8.6,15.8,0.0,100
2024-01-19 00:00:00,17.9,95,1014.8,9.7,17.6,0.0,100
2024-01-19 01:00:00,18.0,98,1015.7,10.2,18.7,0.0,100
2024-01-19 02:00:00,18.7,93,1016.6,11.0,19.8,0.0,100
2024-01-19 03:00:00,20.4,82,1017.2,11.1,22.7,0.0,38
2024-01-19 04:00:00,22.7,70,1017.1,9.0,22.3,0.0,24
2024-01-19 05:00:00,24.9,60,1016.3,8.9,22.7,0.0,9
2024-01-19 06:00:00,27.1,44,1015.0,9.2,23.8,0.0,0
2024-01-19 07:00:00,28.2,38,1013.4,8.1,23.8,0.0,0
2024-01-19 08:00:00,28.9,35,1012.1,7.0,22.7,0.0,0
2024-01-19 09:00:00,29.3,33,1010.9,6.9,21.2,0.0,1
2024-01-19 10:00:00,29.4,32,1010.3,7.3,20.5,0.0,14
2024-01-19 11:00:00,29.1,32,1010.2,6.1,19.4,0.0,25
2024-01-19 12:00:00,28.4,33,1010.5,6.6,15.5,0.0,57
2024-01-19 13:00:00,25.2,48,1012.0,14.4,22.7,0.0,33
2024-01-19 14:00:00,24.0,52,1013.2,15.3,25.9,0.0,4
2024-01-19 15:00:00,22.7,58,1014.1,13.4,25.2,0.0,5
2024-01-19 16:00:00,21.4,63,1014.8,15.5,24.5,0.0,10
2024-01-19 17:00:00,21.0,66,1014.8,18.7,31.0,0.0,0
2024-01-19 18:00:00,19.9,75,1014.8,18.1,32.0,0.0,0
2024-01-19 19:00:00,18.9,85,1014.9,17.7,30.6,0.0,7
2024-01-19 20:00:00,18.2,94,1014.4,16.4,29.5,0.0,9
2024-01-19 21:00:00,17.8,97,1014.2,15.9,27.4,0.0,2
2024-01-19 22:00:00,17.4,95,1014.0,15.7,26.3,0.0,2
2024-01-19 23:00:00,17.0,92,1014.4,15.6,26.6,0.0,1
2024-01-20 00:00:00,16.6,91,1015.1,13.8,25.6,0.0,12
2024-01-20 01:00:00,17.2,86,1016.3,16.4,27.4,0.0,2
2024-01-20 02:00:00,17.7,82,1017.4,18.1,29.5,0.0,5
2024-01-20 03:00:00,20.1,72,1018.5,15.2,30.6,0.0,3
2024-01-20 04:00:00,22.7,58,1018.5,15.7,31.3,0.0,6
2024-01-20 05:00:00,24.9,49,1017.8,15.9,33.1,0.0,0
2024-01-20 06:00:00,26.5,44,1016.7,14.0,33.1,0.0,0
2024-01-20 07:00:00,27.6,41,1015.2,11.9,31.0,0.0,0
2024-01-20 08:00:00,28.6,38,1013.8,7.8,28.1,0.0,28
2024-01-20 09:00:00,29.1,35,1012.6,5.4,22.3,0.0,52
2024-01-20 10:00:00,29.2,33,1011.8,4.9,18.4,0.0,95
2024-01-20 11:00:00,28.8,33,1011.6,7.2,16.6,0.0,97
2024-01-20 12:00:00,27.4,39,1012.3,11.9,21.2,0.0,57
2024-01-20 13:00:00,25.2,48,1013.4,11.7,19.4,0.0,70
2024-01-20 14:00:00,24.0,52,1014.4,12.1,19.4,0.0,16
2024-01-20 15:00:00,22.5,59,1015.6,13.0,21.2,0.0,18
2024-01-20 16:00:00,21.7,65,1016.0,11.4,21.2,0.0,0
2024-01-20 17:00:00,20.6,71,1016.4,15.2,24.5,0.0,0
2024-01-20 18:00:00,19.9,76,1016.4,13.9,24.8,0.0,0
2024-01-20 19:00:00,19.0,80,1016.3,14.1,23.4,0.0,0
2024-01-20 20:00:00,18.2,82,1015.9,13.3,24.1,0.0,1
2024-01-20 21:00:00,17.7,83,1015.3,13.4,22.3,0.0,71
2024-01-20 22:00:00,17.2,86,1015.3,12.1,22.0,0.0,22
2024-01-20 23:00:00,17.0,86,1015.0,12.6,20.9,0.0,0
2024-01-21 00:00:00,17.0,85,1015.4,11.1,20.9,0.0,0
2024-01-21 01:00:00,18.0,88,1016.5,11.2,19.8,0.0,43
2024-01-21 02:00:00,18.6,84,1017.4,12.8,20.2,0.0,46
2024-01-21 03:00:00,21.2,71,1018.1,12.0,23.8,0.0,53
2024-01-21 04:00:00,24.1,49,1017.8,14.0,28.4,0.0,68
2024-01-21 05:00:00,26.1,42,1017.1,13.1,29.2,0.0,73
2024-01-21 06:00:00,27.5,39,1016.1,10.8,28.8,0.0,61
2024-01-21 07:00:00,28.4,35,1014.7,8.9,26.3,0.0,89
2024-01-21 08:00:00,28.9,34,1013.4,7.4,23.8,0.0,100
2024-01-21 09:00:00,29.2,33,1012.3,6.6,21.6,0.0,85
2024-01-21 10:00:00,29.2,32,1011.8,5.5,19.8,0.0,85
2024-01-21 11:00:00,28.8,32,1011.8,5.0,16.9,0.0,88
2024-01-21 12:00:00,27.9,34,1012.3,6.3,14.4,0.0,88
2024-01-21 13:00:00,24.8,42,1013.1,10.0,15.1,0.0,68
2024-01-21 14:00:00,23.6,47,1014.0,11.0,18.7,0.0,80
2024-01-21 15:00:00,22.6,52,1015.2,14.6,22.3,0.0,92
2024-01-21 16:00:00,21.7,59,1016.1,14.4,26.3,0.0,70
2024-01-21 17:00:00,20.8,67,1016.6,15.3,25.2,0.0,64
2024-01-21 18:00:00,20.1,73,1016.5,13.4,25.2,0.0,0
2024-01-21 19:00:00,19.5,78,1016.3,14.1,23.0,0.0,0
2024-01-21 20:00:00,18.9,83,1015.8,13.7,23.4,0.0,0
2024-01-21 21:00:00,18.6,87,1015.5,12.9,22.3,0.0,3
2024-01-21 22:00:00,18.2,90,1015.3,11.3,21.6,0.0,4
2024-01-21 23:00:00,17.4,95,1015.5,7.1,18.4,0.0,0
2024-01-22 00:00:00,17.0,96,1016.1,6.3,11.2,0.0,0
2024-01-22 01:00:00,17.7,98,1017.3,6.5,10.4,0.0,3
2024-01-22 02:00:00,18.5,95,1018.0,10.4,16.9,0.0,9
2024-01-22 03:00:00,21.1,80,1018.6,9.7,20.2,0.0,0
2024-01-22 04:00:00,23.9,57,1018.4,12.0,25.2,0.0,0
2024-01-22 05:00:00,26.2,45,1017.9,12.6,28.1,0.0,0
2024-01-22 06:00:00,27.6,41,1016.9,11.4,28.4,0.0,0
2024-01-22 07:00:00,28.5,38,1015.8,10.2,27.0,0.0,0
2024-01-22 08:00:00,29.0,37,1014.5,9.4,25.9,0.0,2
2024-01-22 09:00:00,29.2,36,1013.6,8.1,24.5,0.0,2
2024-01-22 10:00:00,29.2,37,1013.3,7.9,22.3,0.0,6
2024-01-22 11:00:00,28.7,38,1013.1,6.9,20.5,0.0,5
2024-01-22 12:00:00,27.7,40,1013.6,7.4,16.9,0.0,6
2024-01-22 13:00:00,24.6,50,1014.0,6.2,8.6,0.0,32
2024-01-22 14:00:00,23.9,50,1015.4,9.0,14.0,0.0,98
2024-01-22 15:00:00,23.5,52,1016.4,9.8,15.8,0.0,18
2024-01-22 16:00:00,22.3,56,1017.0,16.3,25.9,0.0,0
2024-01-22 17:00:00,21.2,64,1017.2,18.3,30.6,0.0,0
2024-01-22 18:00:00,20.4,71,1016.9,16.5,30.2,0.0,0
2024-01-22 19:00:00,19.7,77,1016.6,15.1,27.4,0.0,0
2024-01-22 20:00:00,19.1,82,1016.3,13.8,24.8,0.0,0
2024-01-22 21:00:00,18.6,86,1016.2,10.6,22.7,0.0,0
2024-01-22 22:00:00,17.7,90,1016.4,5.2,17.3,0.0,0
2024-01-22 23:00:00,17.3,92,1016.3,6.4,10.1,0.0,0
2024-01-23 00:00:00,17.0,94,1016.4,6.3,10.8,0.0,0
2024-01-23 01:00:00,17.2,94,1017.5,5.4,9.4,0.0,0
2024-01-23 02:00:00,18.3,89,1018.0,8.7,12.6,0.0,2
2024-01-23 03:00:00,21.2,70,1018.6,10.0,20.2,0.0,0
2024-01-23 04:00:00,24.0,47,1018.5,13.3,27.0,0.0,0
2024-01-23 05:00:00,26.0,39,1017.7,12.0,28.1,0.0,0
2024-01-23 06:00:00,27.2,38,1016.8,8.4,27.0,0.0,0
2024-01-23 07:00:00,28.1,37,1015.4,5.5,23.0,0.0,1
2024-01-23 08:00:00,28.6,36,1013.8,4.3,19.4,0.0,2
2024-01-23 09:00:00,29.0,35,1012.6,4.3,18.0,0.0,2
2024-01-23 10:00:00,29.1,34,1011.8,4.4,17.6,0.0,0
2024-01-23 11:00:00,28.8,35,1011.9,4.7,16.2,0.0,0
2024-01-23 12:00:00,28.0,36,1012.1,3.6,14.0,0.0,34
2024-01-23 13:00:00,23.7,52,1013.3,7.3,9.0,0.0,24
2024-01-23 14:00:00,23.2,52,1014.4,10.5,15.5,0.0,100
2024-01-23 15:00:00,22.5,54,1015.0,12.0,20.2,0.0,18
2024-01-23 16:00:00,21.8,55,1015.1,10.6,19.8,0.0,0
2024-01-23 17:00:00,20.6,67,1016.0,16.5,27.7,0.0,0
2024-01-23 18:00:00,19.5,84,1016.1,16.6,27.7,0.0,0
2024-01-23 19:00:00,18.8,92,1015.9,15.4,27.7,0.0,3
2024-01-23 20:00:00,18.3,96,1015.4,13.0,25.6,0.0,66
2024-01-23 21:00:00,17.9,98,1015.2,11.6,21.2,0.0,72
2024-01-23 22:00:00,17.8,98,1015.1,11.8,19.4,0.0,78
2024-01-23 23:00:00,17.7,97,1015.5,10.8,19.4,0.0,58
2024-01-24 00:00:00,17.3,97,1016.0,8.9,18.0,0.0,10
2024-01-24 01:00:00,18.0,99,1016.7,8.7,16.9,0.0,100
2024-01-24 02:00:00,18.2,98,1017.5,10.2,17.6,0.0,100
2024-01-24 03:00:00,20.6,82,1018.1,10.1,21.2,0.0,15
2024-01-24 04:00:00,23.5,66,1017.9,10.6,24.1,0.0,16
2024-01-24 05:00:00,25.7,56,1017.2,8.7,24.5,0.0,12
2024-01-24 06:00:00,27.4,47,1016.3,5.6,23.0,0.0,18
2024-01-24 07:00:00,28.4,42,1014.9,5.5,19.8,0.0,31
2024-01-24 08:00:00,29.2,38,1013.3,6.9,20.9,0.0,25
2024-01-24 09:00:00,29.7,35,1011.7,8.9,23.0,0.0,32
2024-01-24 10:00:00,29.6,34,1011.0,11.4,25.9,0.0,68
2024-01-24 11:00:00,29.1,32,1011.0,12.3,26.3,0.0,37
2024-01-24 12:00:00,28.0,32,1011.5,9.6,24.8,0.0,18
2024-01-24 13:00:00,26.0,43,1012.5,4.8,6.8,0.0,40
2024-01-24 14:00:00,23.5,52,1013.5,6.0,5.8,0.0,26
2024-01-24 15:00:00,23.0,55,1014.8,6.7,10.4,0.0,16
2024-01-24 16:00:00,22.3,60,1015.6,10.2,15.1,0.0,46
2024-01-24 17:00:00,21.2,67,1016.1,15.4,25.6,0.0,12
2024-01-24 18:00:00,20.2,78,1016.4,15.0,25.6,0.0,40
2024-01-24 19:00:00,19.6,83,1016.3,13.4,25.9,0.0,96
2024-01-24 20:00:00,19.3,86,1016.0,11.4,21.6,0.0,94
2024-01-24 21:00:00,18.7,88,1015.1,11.2,18.7,0.0,87
2024-01-24 22:00:00,18.2,92,1014.9,8.1,18.4,0.0,95
2024-01-24 23:00:00,17.9,94,1015.1,6.9,14.0,0.0,100
2024-01-25 00:00:00,17.6,95,1015.6,7.1,11.9,0.0,100
2024-01-25 01:00:00,18.7,95,1016.7,6.5,12.6,0.0,100
2024-01-25 02:00:00,19.6,88,1017.4,6.3,12.2,0.0,100
2024-01-25 03:00:00,21.8,77,1018.4,6.4,15.1,0.0,98
2024-01-25 04:00:00,24.3,60,1018.4,10.0,22.7,0.0,5
2024-01-25 05:00:00,26.2,51,1017.7,9.6,24.5,0.0,28
2024-01-25 06:00:00,27.4,45,1016.9,7.7,24.1,0.0,28
2024-01-25 07:00:00,28.3,41,1015.9,7.6,22.0,0.0,29
2024-01-25 08:00:00,28.6,39,1014.7,8.4,22.3,0.0,49
2024-01-25 09:00:00,28.6,38,1013.8,8.3,22.3,0.0,55
2024-01-25 10:00:00,28.2,37,1013.2,9.5,21.6,0.0,27
2024-01-25 11:00:00,28.1,37,1013.4,9.4,21.2,0.0,25
2024-01-25 12:00:00,27.5,38,1013.7,8.2,19.4,0.0,32
2024-01-25 13:00:00,26.0,41,1014.5,10.3,16.2,0.0,41
2024-01-25 14:00:00,24.3,46,1015.7,13.1,22.0,0.0,38
2024-01-25 15:00:00,23.2,48,1016.8,13.0,22.0,0.0,27
2024-01-25 16:00:00,21.9,54,1017.6,15.7,25.9,0.0,31
2024-01-25 17:00:00,21.2,58,1017.9,17.1,28.4,0.0,0
2024-01-25 18:00:00,20.3,66,1017.9,17.5,29.2,0.0,1
2024-01-25 19:00:00,19.6,74,1017.9,16.9,29.5,0.0,1
2024-01-25 20:00:00,18.9,80,1017.2,16.9,28.4,0.0,0
2024-01-25 21:00:00,18.1,88,1016.4,16.8,29.2,0.0,0
2024-01-25 22:00:00,17.3,95,1016.4,15.4,28.1,0.0,2
2024-01-25 23:00:00,16.9,99,1016.8,15.7,25.9,0.0,100
2024-01-26 00:00:00,17.0,97,1017.5,15.7,28.8,0.0,58
2024-01-26 01:00:00,18.0,93,1018.7,17.1,29.5,0.0,28
2024-01-26 02:00:00,17.8,90,1019.8,16.8,29.2,0.0,14
2024-01-26 03:00:00,19.7,77,1020.6,16.0,29.9,0.0,6
2024-01-26 04:00:00,22.7,52,1020.7,17.4,33.8,0.0,0
2024-01-26 05:00:00,24.9,37,1020.1,19.1,37.8,0.0,0
2024-01-26 06:00:00,26.5,30,1019.2,17.7,37.8,0.0,0
2024-01-26 07:00:00,27.5,27,1017.8,15.5,36.0,0.0,0
2024-01-26 08:00:00,28.2,27,1016.5,15.5,33.1,0.0,0
2024-01-26 09:00:00,28.3,28,1015.5,15.1,33.1,0.0,0
2024-01-26 10:00:00,28.1,29,1014.8,14.4,32.0,0.0,0
2024-01-26 11:00:00,27.4,30,1015.0,13.7,29.9,0.0,0
2024-01-26 12:00:00,26.3,33,1015.7,12.1,27.0,0.0,2
2024-01-26 13:00:00,22.5,46,1016.5,6.9,19.4,0.0,2
2024-01-26 14:00:00,21.6,50,1017.4,6.1,9.4,0.0,11
2024-01-26 15:00:00,21.3,53,1018.4,9.0,14.4,0.0,0
2024-01-26 16:00:00,20.8,58,1018.7,12.2,19.4,0.0,0
2024-01-26 17:00:00,19.7,67,1019.3,12.6,21.2,0.0,0
2024-01-26 18:00:00,18.8,77,1019.5,12.3,20.9,0.0,0
2024-01-26 19:00:00,18.1,85,1019.4,12.1,20.5,0.0,0
2024-01-26 20:00:00,17.4,91,1019.0,11.7,20.2,0.0,52
2024-01-26 21:00:00,16.8,95,1018.6,11.6,19.4,0.0,33
2024-01-26 22:00:00,16.5,96,1018.2,11.5,19.4,0.0,89
2024-01-26 23:00:00,16.3,98,1018.1,11.9,19.8,0.0,29
2024-01-27 00:00:00,16.2,98,1018.3,13.4,22.3,0.0,84
2024-01-27 01:00:00,16.4,98,1019.9,13.4,22.7,0.0,99
2024-01-27 02:00:00,16.8,95,1020.7,14.4,23.0,0.0,99
2024-01-27 03:00:00,19.0,82,1021.3,13.8,27.0,0.0,94
2024-01-27 04:00:00,21.7,64,1021.4,12.6,27.0,0.0,90
2024-01-27 05:00:00,24.4,44,1020.7,15.2,31.3,0.0,98
2024-01-27 06:00:00,26.3,32,1019.3,17.5,36.0,0.0,100
2024-01-27 07:00:00,27.4,30,1017.6,18.4,37.4,0.0,97
2024-01-27 08:00:00,28.1,29,1016.2,18.0,37.4,0.0,99
2024-01-27 09:00:00,28.4,30,1014.9,17.7,36.7,0.0,100
2024-01-27 10:00:00,28.2,31,1014.5,17.3,36.0,0.0,100
2024-01-27 11:00:00,27.5,32,1014.3,16.9,34.6,0.0,100
2024-01-27 12:00:00,26.2,35,1015.0,16.1,32.4,0.0,100
2024-01-27 13:00:00,23.6,43,1016.2,13.3,27.7,0.0,94
2024-01-27 14:00:00,22.6,46,1016.8,10.4,22.0,0.0,78
2024-01-27 15:00:00,21.5,51,1017.8,10.7,16.9,0.0,85
2024-01-27 16:00:00,20.9,61,1018.5,13.6,22.3,0.0,74
2024-01-27 17:00:00,19.7,71,1019.4,13.7,23.0,0.0,95
2024-01-27 18:00:00,19.0,78,1019.6,13.7,23.0,0.0,94
2024-01-27 19:00:00,18.3,85,1019.1,13.6,23.0,0.0,97
2024-01-27 20:00:00,17.5,91,1018.4,13.2,22.3,0.0,100
2024-01-27 21:00:00,16.9,96,1017.8,13.1,22.0,0.0,100
2024-01-27 22:00:00,16.5,97,1017.2,12.3,22.0,0.0,97
2024-01-27 23:00:00,16.2,97,1017.2,11.7,20.2,0.0,73
2024-01-28 00:00:00,16.0,97,1017.7,11.6,19.4,0.0,64
2024-01-28 01:00:00,16.5,99,1019.1,11.5,21.2,0.0,100
2024-01-28 02:00:00,16.7,96,1019.9,10.8,19.4,0.0,98
2024-01-28 03:00:00,18.5,85,1020.7,12.3,24.1,0.0,92
2024-01-28 04:00:00,21.4,68,1020.7,14.1,29.2,0.0,91
2024-01-28 05:00:00,23.7,56,1020.2,14.4,31.0,0.0,92
2024-01-28 06:00:00,25.8,46,1019.0,15.5,33.1,0.0,89
2024-01-28 07:00:00,27.2,40,1017.3,14.2,33.1,0.0,86
2024-01-28 08:00:00,28.0,38,1015.7,14.9,32.0,0.0,85
2024-01-28 09:00:00,28.4,36,1014.7,15.1,32.8,0.0,73
2024-01-28 10:00:00,28.2,36,1014.1,15.1,32.0,0.0,64
2024-01-28 11:00:00,27.5,37,1014.1,15.7,31.3,0.0,98
2024-01-28 12:00:00,26.2,39,1014.8,15.2,30.2,0.0,100
2024-01-28 13:00:00,24.1,44,1016.1,12.7,25.2,0.0,100
2024-01-28 14:00:00,22.9,45,1017.0,9.4,20.9,0.0,98
2024-01-28 15:00:00,22.2,49,1017.9,12.3,19.4,0.0,98
2024-01-28 16:00:00,20.9,63,1018.6,13.1,21.2,0.0,93
2024-01-28 17:00:00,19.9,70,1018.9,14.7,24.1,0.0,96
2024-01-28 18:00:00,19.1,75,1018.7,15.4,25.6,0.0,97
2024-01-28 19:00:00,18.3,80,1018.4,16.8,27.4,0.0,95
2024-01-28 20:00:00,17.3,91,1018.1,16.6,28.4,0.0,86
2024-01-28 21:00:00,16.7,99,1017.7,16.2,27.7,0.0,100
2024-01-28 22:00:00,16.8,98,1017.4,16.6,29.5,0.0,100
2024-01-28 23:00:00,17.2,93,1017.3,15.5,27.7,0.0,99
2024-01-29 00:00:00,16.8,94,1017.8,15.1,27.0,0.0,100
2024-01-29 01:00:00,17.2,94,1018.7,14.4,24.8,0.0,100
2024-01-29 02:00:00,17.7,91,1019.6,13.4,24.1,0.0,100
2024-01-29 03:00:00,19.4,79,1019.9,13.8,26.6,0.0,79
2024-01-29 04:00:00,21.7,63,1020.0,12.0,26.6,0.0,74
2024-01-29 05:00:00,24.0,44,1019.3,12.3,27.7,0.0,52
2024-01-29 06:00:00,25.6,36,1018.1,12.0,28.4,0.0,10
2024-01-29 07:00:00,27.0,31,1016.6,11.5,28.1,0.0,55
2024-01-29 08:00:00,27.8,28,1015.1,11.9,28.1,0.0,88
2024-01-29 09:00:00,28.2,27,1013.9,11.6,28.1,0.0,96
2024-01-29 10:00:00,28.2,27,1013.3,10.7,27.0,0.0,73
2024-01-29 11:00:00,27.7,27,1013.1,10.2,24.8,0.0,99
2024-01-29 12:00:00,26.7,30,1013.6,10.2,22.0,0.0,98
2024-01-29 13:00:00,23.2,46,1015.0,5.8,15.1,0.0,32
2024-01-29 14:00:00,22.3,50,1016.3,8.3,13.3,0.0,63
2024-01-29 15:00:00,21.1,53,1017.2,10.2,16.6,0.0,97
2024-01-29 16:00:00,19.9,56,1017.5,10.4,16.9,0.0,100
2024-01-29 17:00:00,19.2,60,1018.2,13.1,21.2,0.0,91
2024-01-29 18:00:00,18.6,66,1018.1,13.0,22.0,0.0,88
2024-01-29 19:00:00,17.8,70,1018.0,13.7,22.3,0.0,97
2024-01-29 20:00:00,17.0,76,1017.7,15.1,24.8,0.0,97
2024-01-29 21:00:00,16.2,83,1017.4,15.1,25.2,0.0,100
2024-01-29 22:00:00,15.7,86,1016.5,13.7,25.2,0.0,98
2024-01-29 23:00:00,15.5,88,1016.2,11.5,22.3,0.0,97
2024-01-30 00:00:00,15.1,89,1016.3,9.7,18.7,0.0,97
2024-01-30 01:00:00,15.2,93,1017.5,10.1,18.0,0.0,98
2024-01-30 02:00:00,16.0,88,1018.1,11.9,18.7,0.0,35
2024-01-30 03:00:00,19.3,72,1018.9,9.0,19.8,0.0,46
2024-01-30 04:00:00,22.5,58,1019.0,8.6,21.6,0.0,40
2024-01-30 05:00:00,24.7,47,1018.4,5.1,21.6,0.0,51
2024-01-30 06:00:00,26.2,41,1017.1,3.3,18.4,0.0,72
2024-01-30 07:00:00,27.5,36,1015.5,2.5,16.9,0.0,65
2024-01-30 08:00:00,28.5,32,1014.0,1.8,16.2,0.0,94
2024-01-30 09:00:00,29.0,31,1012.7,2.1,15.1,0.0,98
2024-01-30 10:00:00,29.2,29,1012.0,1.5,14.8,0.0,93
2024-01-30 11:00:00,29.1,29,1011.9,2.9,12.6,0.0,87
2024-01-30 12:00:00,28.3,30,1012.4,5.1,11.9,0.0,85
2024-01-30 13:00:00,24.3,41,1013.7,6.8,11.2,0.0,99
2024-01-30 14:00:00,22.4,48,1014.8,8.8,10.8,0.0,96
2024-01-30 15:00:00,22.3,49,1015.7,7.1,11.5,0.0,91
2024-01-30 16:00:00,20.0,58,1016.5,5.7,8.3,0.0,70
2024-01-30 17:00:00,20.1,56,1017.0,9.4,15.1,0.0,78
2024-01-30 18:00:00,19.9,58,1017.4,13.3,21.2,0.0,71
2024-01-30 19:00:00,18.7,69,1017.3,14.5,24.8,0.0,81
2024-01-30 20:00:00,18.4,75,1016.7,16.2,26.6,0.0,93
2024-01-30 21:00:00,17.6,87,1016.4,14.8,26.6,0.0,44
2024-01-30 22:00:00,16.8,98,1016.3,14.5,24.8,0.0,100
2024-01-30 23:00:00,17.3,97,1016.1,14.4,27.7,0.0,100
2024-01-31 00:00:00,17.4,96,1016.6,12.3,24.8,0.0,100
2024-01-31 01:00:00,17.7,94,1017.3,12.3,23.8,0.0,85
2024-01-31 02:00:00,18.0,92,1018.1,11.2,20.5,0.0,63
2024-01-31 03:00:00,20.3,79,1018.7,9.2,20.2,0.0,62
2024-01-31 04:00:00,23.1,66,1018.7,8.6,21.2,0.0,53
2024-01-31 05:00:00,25.4,54,1018.2,8.4,22.7,0.0,86
2024-01-31 06:00:00,27.2,44,1017.1,6.8,22.7,0.0,70
2024-01-31 07:00:00,28.4,38,1016.1,6.6,21.2,0.0,68
2024-01-31 08:00:00,29.2,35,1014.8,8.0,22.7,0.0,43
2024-01-31 09:00:00,29.6,33,1013.6,8.8,23.8,0.0,56
2024-01-31 10:00:00,29.6,32,1012.9,8.5,23.4,0.0,5
2024-01-31 11:00:00,29.4,30,1012.4,8.1,21.6,0.0,2
2024-01-31 12:00:00,28.7,29,1012.7,7.6,19.1,0.0,3
2024-01-31 13:00:00,25.0,40,1013.9,9.6,18.0,0.0,1
2024-01-31 14:00:00,23.8,46,1014.8,10.3,18.0,0.0,18
2024-01-31 15:00:00,22.9,49,1015.5,7.6,16.9,0.0,85
2024-01-31 16:00:00,21.8,53,1016.1,8.1,11.5,0.0,98
2024-01-31 17:00:00,21.3,53,1016.2,10.8,13.0,0.0,94
2024-01-31 18:00:00,22.3,48,1015.8,4.0,12.2,0.0,97
2024-01-31 19:00:00,20.4,66,1016.5,14.9,23.8,0.0,93
2024-01-31 20:00:00,19.8,81,1016.4,10.9,24.1,0.0,99
2024-01-31 21:00:00,18.7,94,1016.4,10.8,18.4,0.0,98
2024-01-31 22:00:00,18.5,97,1016.0,9.7,17.3,0.0,100
2024-01-31 23:00:00,18.4,97,1016.0,8.1,15.8,0.0,98
2024-02-01 00:00:00,18.4,98,1016.5,8.4,15.1,0.0,100
2024-02-01 01:00:00,18.4,98,1017.2,4.6,13.7,0.0,99
2024-02-01 02:00:00,19.3,96,1018.0,6.1,9.0,0.0,99
2024-02-01 03:00:00,22.0,77,1018.9,5.2,13.7,0.0,95
2024-02-01 04:00:00,24.4,60,1019.1,9.7,22.0,0.0,100
2024-02-01 05:00:00,26.3,47,1018.8,8.7,24.1,0.0,99
2024-02-01 06:00:00,27.6,40,1017.6,6.5,23.0,0.0,97
2024-02-01 07:00:00,28.7,36,1016.1,5.8,20.9,0.0,88
2024-02-01 08:00:00,29.5,33,1014.7,6.5,20.9,0.0,97
2024-02-01 09:00:00,30.0,30,1013.5,6.9,21.2,0.0,93
2024-02-01 10:00:00,30.0,30,1012.8,6.7,20.9,0.0,69
2024-02-01 11:00:00,29.6,30,1012.7,5.4,19.4,0.0,63
2024-02-01 12:00:00,28.7,32,1012.9,3.3,15.5,0.0,78
2024-02-01 13:00:00,24.7,45,1014.1,7.2,10.8,0.0,66
2024-02-01 14:00:00,23.8,46,1014.7,6.3,9.7,0.0,53
2024-02-01 15:00:00,22.0,49,1015.2,9.2,11.5,0.0,48
2024-02-01 16:00:00,21.4,48,1015.7,7.2,12.2,0.0,36
2024-02-01 17:00:00,20.9,49,1015.8,6.4,12.2,0.0,50
2024-02-01 18:00:00,20.4,57,1016.6,13.4,20.9,0.0,54
2024-02-01 19:00:00,20.5,88,1016.4,13.9,23.0,0.0,52
2024-02-01 20:00:00,19.5,95,1016.3,13.6,25.2,0.0,81
2024-02-01 21:00:00,19.4,97,1015.9,11.2,22.3,0.0,74
2024-02-01 22:00:00,19.2,98,1015.6,9.2,18.4,0.0,95
2024-02-01 23:00:00,19.2,99,1015.7,8.2,16.6,0.0,100
2024-02-02 00:00:00,18.9,100,1016.3,4.9,13.0,0.0,100
2024-02-02 01:00:00,19.5,99,1017.1,3.1,10.4,0.0,100
2024-02-02 02:00:00,19.6,98,1017.9,3.2,9.0,0.0,100
2024-02-02 03:00:00,21.2,88,1018.5,5.8,15.1,0.0,98
2024-02-02 04:00:00,23.7,71,1018.7,5.2,16.9,0.0,93
2024-02-02 05:00:00,25.9,56,1018.2,2.9,16.9,0.0,93
2024-02-02 06:00:00,27.8,44,1016.9,3.5,17.3,0.0,98
2024-02-02 07:00:00,29.1,38,1015.4,4.6,18.7,0.0,99
2024-02-02 08:00:00,30.0,35,1014.0,5.5,19.8,0.0,99
2024-02-02 09:00:00,30.6,33,1012.8,8.4,22.7,0.0,97
2024-02-02 10:00:00,30.6,31,1012.2,10.8,25.2,0.0,94
2024-02-02 11:00:00,30.2,28,1012.0,11.3,25.6,0.0,94
2024-02-02 12:00:00,29.4,23,1012.3,9.9,24.1,0.0,89
2024-02-02 13:00:00,25.0,39,1013.4,8.3,16.9,0.0,99
2024-02-02 14:00:00,24.1,43,1014.1,6.2,10.1,0.0,95
2024-02-02 15:00:00,22.8,51,1014.9,8.6,9.7,0.0,97
2024-02-02 16:00:00,23.3,48,1015.5,3.0,10.1,0.0,98
2024-02-02 17:00:00,21.8,52,1015.9,8.5,11.5,0.0,100
2024-02-02 18:00:00,22.3,66,1016.4,13.9,23.0,0.0,97
2024-02-02 19:00:00,20.8,79,1016.2,15.0,24.8,0.0,94
2024-02-02 20:00:00,20.4,87,1015.9,14.5,24.5,0.0,98
2024-02-02 21:00:00,19.7,95,1015.3,11.6,24.1,0.0,100
2024-02-02 22:00:00,19.4,98,1015.2,12.2,20.2,0.0,100
2024-02-02 23:00:00,19.4,99,1015.5,13.7,23.0,0.0,100
2024-02-03 00:00:00,19.6,97,1016.0,12.8,24.5,0.0,100
2024-02-03 01:00:00,20.2,93,1017.1,12.0,21.6,0.0,100
2024-02-03 02:00:00,20.4,90,1017.9,11.9,20.9,0.0,100
2024-02-03 03:00:00,22.2,75,1018.5,13.5,26.3,0.0,99
2024-02-03 04:00:00,24.7,61,1018.6,13.4,28.8,0.0,99
2024-02-03 05:00:00,26.7,53,1018.4,12.6,28.8,0.0,99
2024-02-03 06:00:00,28.4,45,1017.1,12.1,28.4,0.0,99
2024-02-03 07:00:00,29.2,42,1015.9,11.5,28.4,0.0,100
2024-02-03 08:00:00,29.9,39,1014.7,10.1,27.7,0.0,100
2024-02-03 09:00:00,30.4,36,1013.6,9.4,25.2,0.0,90
2024-02-03 10:00:00,30.4,35,1013.0,10.9,23.8,0.0,38
2024-02-03 11:00:00,29.4,37,1012.9,15.9,29.5,0.0,39
2024-02-03 12:00:00,28.2,38,1013.4,15.8,31.7,0.0,31
2024-02-03 13:00:00,27.1,42,1014.3,10.8,24.8,0.0,76
2024-02-03 14:00:00,26.3,43,1015.2,9.7,18.0,0.0,100
2024-02-03 15:00:00,25.2,46,1016.5,15.0,23.8,0.0,29
2024-02-03 16:00:00,23.2,57,1017.5,14.8,27.0,0.0,6
2024-02-03 17:00:00,22.1,63,1017.9,17.2,28.4,0.0,0
2024-02-03 18:00:00,21.4,69,1017.9,19.5,32.8,0.0,0
2024-02-03 19:00:00,20.6,75,1017.7,18.8,33.1,0.0,0
2024-02-03 20:00:00,19.8,79,1017.4,16.9,31.3,0.0,0
2024-02-03 21:00:00,19.2,83,1016.9,15.9,28.1,0.0,0
2024-02-03 22:00:00,18.6,86,1016.4,15.6,26.3,0.0,30
2024-02-03 23:00:00,18.3,86,1016.6,14.6,25.9,0.0,72
2024-02-04 00:00:00,18.0,83,1017.5,13.3,24.1,0.0,67
2024-02-04 01:00:00,17.9,92,1019.0,14.0,23.4,0.0,73
2024-02-04 02:00:00,18.4,88,1020.1,14.5,23.8,0.0,82
2024-02-04 03:00:00,20.8,75,1020.9,11.9,24.8,0.0,92
2024-02-04 04:00:00,24.0,52,1020.6,14.0,28.4,0.0,77
2024-02-04 05:00:00,26.5,38,1020.4,16.5,33.5,0.0,48
2024-02-04 06:00:00,27.8,35,1019.4,16.6,35.3,0.0,12
2024-02-04 07:00:00,28.7,34,1018.2,15.1,34.9,0.0,0
2024-02-04 08:00:00,29.3,33,1016.9,14.4,33.5,0.0,0
2024-02-04 09:00:00,29.7,32,1015.7,13.7,31.7,0.0,0
2024-02-04 10:00:00,29.6,32,1015.0,13.3,30.6,0.0,1
2024-02-04 11:00:00,28.8,33,1014.9,13.0,29.2,0.0,0
2024-02-04 12:00:00,27.6,35,1015.1,14.1,26.6,0.0,0
2024-02-04 13:00:00,25.1,40,1016.1,10.0,23.4,0.0,0
2024-02-04 14:00:00,23.9,45,1016.9,13.0,20.9,0.0,0
2024-02-04 15:00:00,22.9,51,1018.3,13.1,22.0,0.0,0
2024-02-04 16:00:00,21.9,56,1019.0,13.0,22.0,0.0,0
2024-02-04 17:00:00,21.3,59,1019.0,13.0,21.6,0.0,0
2024-02-04 18:00:00,20.6,63,1019.1,15.1,24.5,0.0,0
2024-02-04 19:00:00,19.6,72,1018.9,14.6,24.8,0.0,16
2024-02-04 20:00:00,18.8,78,1018.3,13.4,24.1,0.0,13
2024-02-04 21:00:00,18.1,82,1017.7,12.4,22.3,0.0,61
2024-02-04 22:00:00,17.6,85,1017.2,12.3,20.5,0.0,1
2024-02-04 23:00:00,17.1,87,1017.2,11.9,20.2,0.0,0
2024-02-05 00:00:00,16.7,87,1017.6,11.9,19.4,0.0,0
2024-02-05 01:00:00,16.8,89,1018.5,10.0,17.3,0.0,0
2024-02-05 02:00:00,17.7,82,1019.3,12.1,19.4,0.0,0
2024-02-05 03:00:00,21.0,64,1020.4,10.9,22.0,0.0,0
2024-02-05 04:00:00,24.1,46,1020.5,13.0,27.4,0.0,0
2024-02-05 05:00:00,26.3,37,1020.1,13.3,29.2,0.0,0
2024-02-05 06:00:00,28.1,31,1019.0,12.9,29.5,0.0,0
2024-02-05 07:00:00,29.4,28,1017.8,13.1,30.2,0.0,0
2024-02-05 08:00:00,30.2,26,1016.6,13.8,31.0,0.0,0
2024-02-05 09:00:00,30.6,25,1015.5,14.4,31.3,0.0,0
2024-02-05 10:00:00,30.5,25,1014.9,14.4,31.3,0.0,0
2024-02-05 11:00:00,29.8,26,1014.7,14.9,30.2,0.0,0
2024-02-05 12:00:00,28.5,29,1015.2,15.4,28.8,0.0,0
2024-02-05 13:00:00,25.5,37,1016.1,12.5,26.3,0.0,0
2024-02-05 14:00:00,24.0,40,1017.2,14.4,23.4,0.0,0
2024-02-05 15:00:00,22.8,46,1018.4,14.1,24.5,0.0,0
2024-02-05 16:00:00,21.6,55,1019.4,13.3,23.0,0.0,0
2024-02-05 17:00:00,20.8,61,1019.8,13.5,22.0,0.0,0
2024-02-05 18:00:00,20.0,68,1019.6,13.4,22.7,0.0,0
2024-02-05 19:00:00,19.2,74,1019.0,12.0,22.3,0.0,0
2024-02-05 20:00:00,18.6,80,1018.3,11.9,19.8,0.0,0
2024-02-05 21:00:00,17.8,85,1017.8,9.9,19.4,0.0,0
2024-02-05 22:00:00,16.8,92,1017.6,7.3,16.2,0.0,0
2024-02-05 23:00:00,16.1,95,1017.3,6.1,11.9,0.0,0
2024-02-06 00:00:00,15.8,97,1017.9,6.2,10.1,0.0,0
2024-02-06 01:00:00,16.5,98,1018.4,7.4,12.6,0.0,4
2024-02-06 02:00:00,17.5,94,1018.9,12.4,18.4,0.0,0
2024-02-06 03:00:00,21.3,76,1019.7,11.3,22.7,0.0,0
2024-02-06 04:00:00,25.2,46,1019.9,14.2,28.8,0.0,0
2024-02-06 05:00:00,28.0,31,1019.2,16.4,33.5,0.0,0
2024-02-06 06:00:00,29.9,25,1018.1,17.9,36.4,0.0,0
2024-02-06 07:00:00,31.2,22,1016.6,18.6,37.8,0.0,0
2024-02-06 08:00:00,31.8,21,1015.4,18.2,37.8,0.0,0
2024-02-06 09:00:00,32.2,20,1014.3,18.4,37.4,0.0,0
2024-02-06 10:00:00,31.8,20,1013.5,18.4,36.7,0.0,0
2024-02-06 11:00:00,30.9,22,1013.6,18.0,36.0,0.0,0
2024-02-06 12:00:00,29.5,24,1014.3,17.3,33.5,0.0,0
2024-02-06 13:00:00,26.3,34,1015.2,11.9,29.2,0.0,0
2024-02-06 14:00:00,24.5,42,1016.6,12.8,20.9,0.0,0
2024-02-06 15:00:00,23.2,50,1017.8,13.9,23.0,0.0,0
2024-02-06 16:00:00,22.1,59,1018.5,14.8,24.5,0.0,0
2024-02-06 17:00:00,21.1,67,1018.8,14.7,24.8,0.0,0
2024-02-06 18:00:00,20.2,74,1018.8,13.3,24.5,0.0,0
2024-02-06 19:00:00,19.4,81,1018.4,13.0,22.0,0.0,0
2024-02-06 20:00:00,18.6,87,1017.8,12.3,21.6,0.0,0
2024-02-06 21:00:00,17.9,93,1017.1,10.9,20.2,0.0,0
2024-02-06 22:00:00,17.5,94,1016.7,9.5,17.6,0.0,0
2024-02-06 23:00:00,17.1,93,1016.7,8.2,15.5,0.0,0
2024-02-07 00:00:00,16.8,91,1016.9,8.2,13.3,0.0,0
2024-02-07 01:00:00,17.8,83,1017.5,11.9,19.4,0.0,0
2024-02-07 02:00:00,19.1,71,1018.3,13.7,21.2,0.0,0
2024-02-07 03:00:00,22.8,53,1019.3,12.3,23.0,0.0,0
2024-02-07 04:00:00,26.5,33,1019.5,15.0,29.9,0.0,0
2024-02-07 05:00:00,29.2,24,1019.0,18.1,35.6,0.0,0
2024-02-07 06:00:00,30.9,19,1018.1,18.6,37.4,0.0,0
2024-02-07 07:00:00,31.9,18,1016.9,18.2,37.4,0.0,0
2024-02-07 08:00:00,32.5,17,1015.6,17.8,37.1,0.0,0
2024-02-07 09:00:00,32.6,16,1014.4,17.2,36.7,0.0,0
2024-02-07 10:00:00,32.3,16,1013.8,15.9,35.3,0.0,0
2024-02-07 11:00:00,31.5,17,1013.7,16.6,32.0,0.0,0
2024-02-07 12:00:00,30.1,19,1014.1,15.8,31.3,0.0,0
2024-02-07 13:00:00,26.8,24,1014.8,12.1,24.5,0.0,0
2024-02-07 14:00:00,25.2,29,1015.8,14.1,23.0,0.0,0
2024-02-07 15:00:00,23.8,35,1017.0,13.8,23.4,0.0,0
2024-02-07 16:00:00,22.6,39,1017.6,13.6,22.7,0.0,0
2024-02-07 17:00:00,21.7,43,1018.0,14.4,24.1,0.0,0
2024-02-07 18:00:00,20.8,51,1018.2,14.9,24.8,0.0,0
2024-02-07 19:00:00,20.1,58,1017.9,14.3,24.8,0.0,0
2024-02-07 20:00:00,19.5,64,1016.8,13.9,23.8,0.0,0
2024-02-07 21:00:00,18.9,69,1016.0,13.4,22.7,0.0,0
2024-02-07 22:00:00,18.3,71,1015.3,12.6,22.0,0.0,0
2024-02-07 23:00:00,17.7,74,1015.1,10.5,20.2,0.0,26
2024-02-08 00:00:00,17.0,75,1015.5,8.3,17.3,0.0,87
2024-02-08 01:00:00,17.4,83,1016.5,7.9,16.9,0.0,100
2024-02-08 02:00:00,18.8,75,1017.3,9.8,14.4,0.0,99
2024-02-08 03:00:00,23.1,54,1017.8,9.7,19.4,0.0,92
2024-02-08 04:00:00,27.3,28,1018.2,12.6,25.9,0.0,59
2024-02-08 05:00:00,29.8,21,1017.8,16.4,32.8,0.0,89
2024-02-08 06:00:00,31.2,20,1016.7,17.4,35.6,0.0,59
2024-02-08 07:00:00,32.1,19,1015.5,17.7,36.7,0.0,51
2024-02-08 08:00:00,32.7,18,1014.3,16.8,36.7,0.0,94
2024-02-08 09:00:00,32.9,17,1013.0,14.8,34.9,0.0,33
2024-02-08 10:00:00,32.6,17,1012.3,14.9,32.0,0.0,20
2024-02-08 11:00:00,31.9,17,1012.4,15.5,31.0,0.0,2
2024-02-08 12:00:00,30.5,18,1012.9,15.5,29.9,0.0,67
2024-02-08 13:00:00,27.1,23,1013.7,11.2,23.0,0.0,60
2024-02-08 14:00:00,25.6,27,1014.7,13.8,22.7,0.0,35
2024-02-08 15:00:00,24.4,34,1016.0,16.1,26.3,0.0,78
2024-02-08 16:00:00,23.2,39,1016.8,15.9,26.6,0.0,88
2024-02-08 17:00:00,22.4,43,1016.9,15.8,26.6,0.0,100
2024-02-08 18:00:00,21.6,48,1016.8,16.4,27.4,0.0,98
2024-02-08 19:00:00,20.9,53,1016.4,15.9,27.4,0.0,94
2024-02-08 20:00:00,20.2,59,1016.0,15.3,26.6,0.0,54
2024-02-08 21:00:00,19.4,67,1015.7,12.2,25.2,0.0,74
2024-02-08 22:00:00,18.2,77,1015.5,8.6,19.8,0.0,33
2024-02-08 23:00:00,17.6,85,1015.7,8.9,14.4,0.0,65
2024-02-09 00:00:00,17.1,88,1016.0,7.1,14.4,0.0,55
2024-02-09 01:00:00,17.4,94,1017.0,6.7,14.4,0.0,3
2024-02-09 02:00:00,18.8,88,1017.6,9.9,14.4,0.0,0
2024-02-09 03:00:00,22.2,71,1018.5,8.5,18.4,0.0,4
2024-02-09 04:00:00,26.0,45,1018.5,11.3,24.5,0.0,10
2024-02-09 05:00:00,28.7,32,1017.9,12.5,28.1,0.0,0
2024-02-09 06:00:00,30.2,28,1016.9,13.8,30.6,0.0,0
2024-02-09 07:00:00,31.4,24,1015.6,14.1,31.3,0.0,0
2024-02-09 08:00:00,32.0,22,1014.2,14.8,32.8,0.0,0
2024-02-09 09:00:00,32.3,21,1013.0,15.9,33.5,0.0,0
2024-02-09 10:00:00,32.1,20,1012.2,15.8,33.5,0.0,0
2024-02-09 11:00:00,31.4,21,1012.3,15.2,32.4,0.0,0
2024-02-09 12:00:00,30.0,23,1013.2,16.0,29.5,0.0,0
2024-02-09 13:00:00,26.9,28,1014.4,11.8,22.0,0.0,0
2024-02-09 14:00:00,25.4,34,1015.6,16.1,26.3,0.0,0
2024-02-09 15:00:00,24.1,46,1017.0,17.5,28.8,0.0,0
2024-02-09 16:00:00,23.1,56,1018.1,17.5,29.9,0.0,0
2024-02-09 17:00:00,22.3,62,1018.4,17.2,29.2,0.0,3
2024-02-09 18:00:00,21.6,68,1018.5,16.5,28.8,0.0,0
2024-02-09 19:00:00,20.7,74,1018.5,17.8,29.5,0.0,0
2024-02-09 20:00:00,19.7,80,1017.9,15.6,29.5,0.0,0
2024-02-09 21:00:00,18.8,85,1017.5,14.2,26.3,0.0,0
2024-02-09 22:00:00,18.1,88,1017.2,13.7,23.8,0.0,0
2024-02-09 23:00:00,17.6,90,1017.5,12.5,22.3,0.0,0
2024-02-10 00:00:00,17.1,92,1017.9,10.5,20.5,0.0,0
2024-02-10 01:00:00,17.4,96,1019.3,10.7,19.1,0.0,0
2024-02-10 02:00:00,18.1,92,1020.3,11.7,20.2,0.0,17
2024-02-10 03:00:00,20.7,77,1020.7,9.2,20.5,0.0,3
2024-02-10 04:00:00,23.8,59,1020.7,10.8,24.1,0.0,0
2024-02-10 05:00:00,26.4,46,1020.0,13.8,30.2,0.0,0
2024-02-10 06:00:00,28.3,38,1018.8,15.1,32.8,0.0,0
2024-02-10 07:00:00,29.8,32,1017.1,15.8,34.2,0.0,0
2024-02-10 08:00:00,30.8,30,1015.6,17.7,36.7,0.0,0
2024-02-10 09:00:00,30.8,31,1014.6,18.7,37.8,0.0,3
2024-02-10 10:00:00,30.4,32,1013.8,18.9,37.8,0.0,59
2024-02-10 11:00:00,29.3,34,1014.2,19.5,37.8,0.0,12
2024-02-10 12:00:00,28.1,36,1014.9,17.1,36.7,0.0,2
2024-02-10 13:00:00,25.3,44,1016.3,10.1,28.4,0.0,8
2024-02-10 14:00:00,23.9,49,1017.1,7.2,17.3,0.0,0
2024-02-10 15:00:00,23.0,52,1018.2,8.6,13.7,0.0,5
2024-02-10 16:00:00,22.3,59,1019.2,12.7,20.9,0.0,56
2024-02-10 17:00:00,21.5,67,1019.3,13.4,22.3,0.0,32
2024-02-10 18:00:00,20.8,71,1019.0,13.4,22.3,0.0,92
2024-02-10 19:00:00,20.2,74,1018.7,14.5,23.4,0.0,94
2024-02-10 20:00:00,19.1,82,1018.4,14.8,24.5,0.0,57
2024-02-10 21:00:00,18.2,91,1017.9,14.3,24.1,0.0,0
2024-02-10 22:00:00,17.6,96,1017.7,13.4,23.8,0.0,24
2024-02-10 23:00:00,17.4,98,1017.6,12.2,22.3,0.0,100
2024-02-11 00:00:00,17.8,98,1017.9,15.6,26.6,0.0,100
2024-02-11 01:00:00,18.6,95,1019.4,16.6,33.1,0.0,100
2024-02-11 02:00:00,18.8,92,1020.5,15.1,28.4,0.0,51
2024-02-11 03:00:00,20.9,77,1021.0,15.7,31.7,0.0,80
2024-02-11 04:00:00,23.5,61,1020.9,13.7,30.2,0.0,27
2024-02-11 05:00:00,25.8,46,1020.4,14.4,31.3,0.0,13
2024-02-11 06:00:00,27.8,35,1019.3,16.0,34.2,0.0,36
2024-02-11 07:00:00,29.2,31,1018.0,16.3,35.3,0.0,3
2024-02-11 08:00:00,30.3,27,1016.6,17.5,36.7,0.0,3
2024-02-11 09:00:00,30.5,26,1015.4,18.6,38.2,0.0,29
2024-02-11 10:00:00,30.0,28,1014.7,18.4,38.2,0.0,11
2024-02-11 11:00:00,29.0,31,1015.0,18.0,36.7,0.0,0
2024-02-11 12:00:00,27.7,34,1015.7,17.7,34.6,0.0,0
2024-02-11 13:00:00,25.3,41,1016.9,11.6,28.1,0.0,0
2024-02-11 14:00:00,23.9,46,1017.9,11.9,19.4,0.0,0
2024-02-11 15:00:00,22.8,51,1018.7,12.1,19.8,0.0,0
2024-02-11 16:00:00,21.6,59,1019.2,12.8,21.2,0.0,2
2024-02-11 17:00:00,20.7,67,1019.3,13.4,22.0,0.0,20
2024-02-11 18:00:00,19.8,75,1019.3,12.8,22.0,0.0,7
2024-02-11 19:00:00,19.0,80,1019.1,13.0,21.6,0.0,0
2024-02-11 20:00:00,18.0,86,1018.5,11.9,21.6,0.0,0
2024-02-11 21:00:00,17.1,94,1017.9,10.8,19.8,0.0,0
2024-02-11 22:00:00,16.5,97,1017.4,9.8,17.6,0.0,0
2024-02-11 23:00:00,16.1,98,1017.3,9.3,15.8,0.0,48
2024-02-12 00:00:00,15.8,98,1017.3,10.4,18.0,0.0,75
2024-02-12 01:00:00,16.9,85,1019.1,14.5,25.6,0.0,86
2024-02-12 02:00:00,17.4,70,1019.6,16.2,26.6,0.0,75
2024-02-12 03:00:00,20.3,55,1020.0,14.2,28.1,0.0,84
2024-02-12 04:00:00,23.7,37,1019.9,14.8,30.2,0.0,85
2024-02-12 05:00:00,26.7,24,1019.3,16.4,33.8,0.0,100
2024-02-12 06:00:00,28.7,18,1018.2,18.1,36.7,0.0,100
2024-02-12 07:00:00,29.9,18,1016.9,18.4,37.8,0.0,100
2024-02-12 08:00:00,30.6,18,1015.3,18.3,37.8,0.0,100
2024-02-12 09:00:00,30.8,18,1014.2,18.4,37.8,0.0,100
2024-02-12 10:00:00,30.6,19,1013.5,18.1,37.1,0.0,100
2024-02-12 11:00:00,29.5,22,1013.7,17.5,36.0,0.0,85
2024-02-12 12:00:00,28.0,26,1014.1,17.7,33.5,0.0,39
2024-02-12 13:00:00,25.0,34,1015.6,12.7,29.2,0.0,11
2024-02-12 14:00:00,23.4,44,1016.8,14.1,23.4,0.0,4
2024-02-12 15:00:00,22.1,52,1018.0,13.7,23.8,0.0,36
2024-02-12 16:00:00,20.9,59,1019.0,10.9,22.3,0.0,91
2024-02-12 17:00:00,20.1,65,1019.5,10.9,18.4,0.0,31
2024-02-12 18:00:00,19.3,72,1019.3,10.5,18.4,0.0,53
2024-02-12 19:00:00,18.5,79,1018.6,10.6,17.3,0.0,73
2024-02-12 20:00:00,17.9,84,1018.1,12.1,20.2,0.0,92
2024-02-12 21:00:00,16.9,93,1017.7,11.8,20.5,0.0,10
2024-02-12 22:00:00,16.4,98,1017.2,11.6,19.8,0.0,100
2024-02-12 23:00:00,17.4,95,1017.0,16.4,28.8,0.0,100
2024-02-13 00:00:00,17.3,93,1017.3,13.3,27.7,0.0,77
2024-02-13 01:00:00,18.2,91,1018.7,12.8,24.8,0.0,27
2024-02-13 02:00:00,17.9,91,1019.6,11.4,22.0,0.0,14
2024-02-13 03:00:00,20.0,77,1020.3,12.0,24.1,0.0,89
2024-02-13 04:00:00,23.1,57,1020.1,11.1,25.6,0.0,96
2024-02-13 05:00:00,26.3,39,1019.3,12.4,27.7,0.0,99
2024-02-13 06:00:00,28.4,30,1017.9,14.1,31.3,0.0,96
2024-02-13 07:00:00,29.7,26,1016.5,14.8,33.1,0.0,97
2024-02-13 08:00:00,30.4,25,1014.8,14.7,33.1,0.0,100
2024-02-13 09:00:00,30.7,27,1013.8,14.5,32.8,0.0,100
2024-02-13 10:00:00,30.3,32,1013.2,15.4,32.0,0.0,51
2024-02-13 11:00:00,29.5,33,1013.5,15.7,32.0,0.0,35
2024-02-13 12:00:00,28.2,34,1014.0,16.3,31.3,0.0,8
2024-02-13 13:00:00,25.9,39,1015.1,7.3,29.2,0.0,6
2024-02-13 14:00:00,24.4,44,1015.8,7.5,11.9,0.0,8
2024-02-13 15:00:00,23.6,52,1017.3,15.0,24.1,0.0,1
2024-02-13 16:00:00,22.6,63,1017.9,16.6,28.1,0.0,0
2024-02-13 17:00:00,21.9,67,1018.1,16.5,27.7,0.0,0
2024-02-13 18:00:00,21.2,71,1018.1,17.3,28.8,0.0,0
2024-02-13 19:00:00,20.5,75,1017.6,17.4,29.2,0.0,0
2024-02-13 20:00:00,19.7,81,1017.2,17.0,28.8,0.0,0
2024-02-13 21:00:00,18.6,91,1016.7,16.3,28.1,0.0,15
2024-02-13 22:00:00,18.0,98,1016.5,15.9,27.0,0.0,100
2024-02-13 23:00:00,18.5,94,1016.4,14.8,28.8,0.0,69
2024-02-14 00:00:00,17.9,97,1016.8,13.7,24.8,0.0,100
2024-02-14 01:00:00,18.6,94,1017.7,14.2,26.6,0.0,65
2024-02-14 02:00:00,18.6,93,1018.7,12.6,24.1,0.0,62
2024-02-14 03:00:00,20.8,80,1019.0,11.2,23.4,0.0,53
2024-02-14 04:00:00,24.1,62,1018.9,13.5,28.1,0.0,65
2024-02-14 05:00:00,26.4,48,1018.4,15.5,32.8,0.0,87
2024-02-14 06:00:00,28.2,39,1017.2,15.5,33.8,0.0,92
2024-02-14 07:00:00,29.5,35,1015.7,14.7,33.5,0.0,91
2024-02-14 08:00:00,30.1,34,1014.2,15.5,33.8,0.0,94
2024-02-14 09:00:00,30.7,32,1013.2,15.3,34.2,0.0,100
2024-02-14 10:00:00,30.7,31,1012.5,14.1,33.1,0.0,92
2024-02-14 11:00:00,30.2,30,1012.3,14.6,30.2,0.0,51
2024-02-14 12:00:00,28.9,33,1012.5,18.2,32.0,0.0,67
2024-02-14 13:00:00,26.7,38,1014.0,15.8,27.7,0.0,53
2024-02-14 14:00:00,25.4,45,1015.3,16.7,29.2,0.0,32
2024-02-14 15:00:00,24.0,51,1016.3,14.6,28.1,0.0,100
2024-02-14 16:00:00,23.0,56,1016.8,16.3,27.4,0.0,6
2024-02-14 17:00:00,22.2,61,1017.1,16.8,28.4,0.0,14
2024-02-14 18:00:00,21.5,63,1017.2,16.5,28.1,0.0,3
2024-02-14 19:00:00,20.6,62,1016.8,16.5,27.4,0.0,6
2024-02-14 20:00:00,19.8,61,1016.3,16.8,27.7,0.0,0
2024-02-14 21:00:00,19.1,63,1015.8,15.6,27.7,0.0,0
2024-02-14 22:00:00,18.3,66,1015.4,15.2,25.9,0.0,32
2024-02-14 23:00:00,17.6,70,1015.2,15.5,25.9,0.0,100
2024-02-15 00:00:00,17.2,71,1015.5,16.2,26.6,0.0,79
2024-02-15 01:00:00,17.0,85,1016.8,14.1,23.4,0.0,100
2024-02-15 02:00:00,17.9,81,1017.8,15.8,24.8,0.0,100
2024-02-15 03:00:00,21.2,65,1018.5,13.7,25.9,0.0,96
2024-02-15 04:00:00,24.8,36,1018.4,17.3,33.8,0.0,93
2024-02-15 05:00:00,27.0,25,1018.2,18.4,36.7,0.0,12
2024-02-15 06:00:00,28.6,20,1017.0,18.1,37.4,0.0,58
2024-02-15 07:00:00,29.7,20,1015.7,17.2,37.4,0.0,1
2024-02-15 08:00:00,30.4,20,1014.5,16.3,36.4,0.0,62
2024-02-15 09:00:00,30.8,20,1013.2,15.5,35.3,0.0,96
2024-02-15 10:00:00,30.5,21,1012.6,14.8,33.5,0.0,94
2024-02-15 11:00:00,29.7,24,1012.7,15.9,31.3,0.0,97
2024-02-15 12:00:00,28.3,29,1013.2,16.6,31.0,0.0,99
2024-02-15 13:00:00,25.4,41,1014.6,14.2,29.2,0.0,100
2024-02-15 14:00:00,24.2,46,1015.6,14.7,24.8,0.0,78
2024-02-15 15:00:00,23.3,46,1016.7,14.8,24.8,0.0,87
2024-02-15 16:00:00,22.3,50,1017.2,15.0,24.8,0.0,42
2024-02-15 17:00:00,21.4,56,1017.4,15.5,25.9,0.0,39
2024-02-15 18:00:00,20.4,60,1017.7,16.9,27.7,0.0,52
2024-02-15 19:00:00,19.3,68,1017.6,18.0,29.9,0.0,74
2024-02-15 20:00:00,18.1,81,1017.4,17.3,29.9,0.0,54
2024-02-15 21:00:00,17.3,93,1016.8,16.6,28.8,0.0,74
2024-02-15 22:00:00,16.9,94,1016.5,16.3,27.7,0.0,70
2024-02-15 23:00:00,16.8,88,1016.2,15.9,27.0,0.0,100
2024-02-16 00:00:00,16.7,82,1016.5,15.6,26.6,0.0,79
2024-02-16 01:00:00,17.2,77,1017.3,16.7,28.4,0.0,82
2024-02-16 02:00:00,18.2,69,1018.4,18.0,29.2,0.0,63
2024-02-16 03:00:00,20.9,57,1019.1,17.3,31.7,0.0,61
2024-02-16 04:00:00,23.5,48,1019.2,20.7,39.2,0.0,73
2024-02-16 05:00:00,25.7,43,1018.8,20.4,40.3,0.0,22
2024-02-16 06:00:00,27.4,38,1017.7,18.9,40.3,0.0,0
2024-02-16 07:00:00,28.7,35,1016.4,19.1,39.2,0.0,5
2024-02-16 08:00:00,29.3,34,1015.1,19.0,39.6,0.0,2
2024-02-16 09:00:00,29.8,34,1014.1,17.9,39.2,0.0,2
2024-02-16 10:00:00,29.8,34,1013.3,17.4,37.1,0.0,1
2024-02-16 11:00:00,29.1,36,1013.3,17.7,35.3,0.0,2
2024-02-16 12:00:00,27.7,40,1013.9,18.1,34.6,0.0,5
2024-02-16 13:00:00,25.5,43,1015.0,13.4,31.7,0.0,0
2024-02-16 14:00:00,24.2,47,1015.8,11.3,22.7,0.0,0
2024-02-16 15:00:00,23.3,52,1016.8,13.7,22.3,0.0,0
2024-02-16 16:00:00,22.4,58,1017.5,13.0,23.4,0.0,0
2024-02-16 17:00:00,21.5,62,1017.8,12.3,22.0,0.0,0
2024-02-16 18:00:00,20.9,66,1017.7,13.8,22.7,0.0,0
2024-02-16 19:00:00,20.1,70,1017.6,14.8,24.8,0.0,0
2024-02-16 20:00:00,19.1,73,1016.8,14.4,24.8,0.0,0
2024-02-16 21:00:00,18.4,76,1016.2,14.4,24.1,0.0,0
2024-02-16 22:00:00,18.0,74,1015.6,14.0,24.1,0.0,0
2024-02-16 23:00:00,17.5,71,1015.5,13.0,23.0,0.0,0
2024-02-17 00:00:00,17.1,68,1015.6,12.6,21.6,0.0,0
2024-02-17 01:00:00,17.5,72,1016.6,11.5,19.8,0.0,50
2024-02-17 02:00:00,18.5,64,1017.2,13.7,21.6,0.0,16
2024-02-17 03:00:00,22.0,45,1017.6,12.2,24.1,0.0,6
2024-02-17 04:00:00,25.4,29,1017.8,15.2,30.2,0.0,2
2024-02-17 05:00:00,27.5,27,1017.2,15.6,32.8,0.0,0
2024-02-17 06:00:00,29.1,24,1016.0,15.1,33.1,0.0,15
2024-02-17 07:00:00,30.2,22,1014.6,14.3,32.8,0.0,0
2024-02-17 08:00:00,31.0,21,1013.0,13.9,32.0,0.0,0
2024-02-17 09:00:00,31.3,20,1011.8,12.8,31.3,0.0,3
2024-02-17 10:00:00,31.2,20,1011.2,12.5,29.5,0.0,0
2024-02-17 11:00:00,30.7,21,1011.3,13.5,28.1,0.0,0
2024-02-17 12:00:00,29.4,24,1011.8,14.9,27.7,0.0,0
2024-02-17 13:00:00,26.5,31,1012.8,11.7,26.6,0.0,0
2024-02-17 14:00:00,25.1,38,1014.0,14.5,23.8,0.0,0
2024-02-17 15:00:00,24.2,44,1015.0,18.1,29.9,0.0,0
2024-02-17 16:00:00,23.2,49,1015.6,17.6,30.6,0.0,0
2024-02-17 17:00:00,22.4,52,1016.1,17.2,29.2,0.0,0
2024-02-17 18:00:00,21.8,55,1016.1,19.3,32.8,0.0,0
2024-02-17 19:00:00,21.0,54,1015.8,19.5,32.8,0.0,0
2024-02-17 20:00:00,20.0,56,1015.1,16.8,32.8,0.0,0
2024-02-17 21:00:00,19.2,58,1014.6,13.7,27.7,0.0,0
2024-02-17 22:00:00,18.5,60,1014.1,11.5,22.7,0.0,0
2024-02-17 23:00:00,17.9,63,1014.0,10.1,19.1,0.0,0
2024-02-18 00:00:00,17.6,64,1014.1,9.9,16.9,0.0,0
2024-02-18 01:00:00,17.7,69,1015.2,7.6,13.7,0.0,0
2024-02-18 02:00:00,19.1,63,1016.2,9.7,16.2,0.0,0
2024-02-18 03:00:00,22.9,48,1016.9,7.0,16.6,0.0,0
2024-02-18 04:00:00,26.1,36,1016.9,8.0,20.5,0.0,0
2024-02-18 05:00:00,28.3,30,1016.3,7.2,21.2,0.0,0
2024-02-18 06:00:00,30.0,25,1015.3,6.9,22.0,0.0,0
2024-02-18 07:00:00,31.0,22,1013.8,7.8,23.4,0.0,0
2024-02-18 08:00:00,31.7,20,1012.2,8.4,24.1,0.0,0
2024-02-18 09:00:00,32.0,19,1010.7,7.3,24.1,0.0,0
2024-02-18 10:00:00,32.1,19,1009.9,7.0,22.0,0.0,57
2024-02-18 11:00:00,31.9,19,1009.7,7.5,20.5,0.0,78
2024-02-18 12:00:00,30.9,19,1010.2,8.1,19.1,0.0,89
2024-02-18 13:00:00,27.6,29,1011.5,5.8,9.4,0.0,72
2024-02-18 14:00:00,25.7,30,1012.5,7.1,10.4,0.0,59
2024-02-18 15:00:00,25.1,32,1013.7,12.8,19.8,0.0,59
2024-02-18 16:00:00,23.9,39,1014.7,19.2,32.0,0.0,93
2024-02-18 17:00:00,22.9,49,1014.9,17.9,32.8,0.0,90
2024-02-18 18:00:00,22.1,56,1015.3,20.0,33.5,0.0,100
2024-02-18 19:00:00,21.3,63,1015.0,18.5,34.9,0.0,81
2024-02-18 20:00:00,20.4,68,1014.9,16.5,31.3,0.0,87
2024-02-18 21:00:00,19.4,74,1014.7,15.1,27.7,0.0,95
2024-02-18 22:00:00,18.7,78,1014.5,13.6,25.2,0.0,60
2024-02-18 23:00:00,17.9,86,1014.7,9.5,22.7,0.0,78
2024-02-19 00:00:00,17.3,92,1015.1,7.7,15.8,0.0,75
2024-02-19 01:00:00,17.3,95,1016.0,11.1,18.0,0.0,72
2024-02-19 02:00:00,18.5,85,1016.7,12.6,22.7,0.0,6
2024-02-19 03:00:00,21.9,61,1017.3,10.7,22.3,0.0,16
2024-02-19 04:00:00,25.6,40,1017.3,12.5,26.6,0.0,90
2024-02-19 05:00:00,28.0,29,1017.0,13.5,29.9,0.0,97
2024-02-19 06:00:00,29.5,26,1015.9,13.1,30.6,0.0,81
2024-02-19 07:00:00,30.4,25,1014.4,11.9,30.2,0.0,88
2024-02-19 08:00:00,30.9,24,1013.0,12.0,29.5,0.0,95
2024-02-19 09:00:00,31.0,24,1011.8,12.2,29.5,0.0,98
2024-02-19 10:00:00,30.9,24,1011.1,10.1,28.8,0.0,97
2024-02-19 11:00:00,30.4,24,1011.0,10.3,25.2,0.0,45
2024-02-19 12:00:00,29.6,25,1011.2,13.0,24.1,0.0,59
2024-02-19 13:00:00,27.2,28,1012.3,12.8,21.2,0.0,8
2024-02-19 14:00:00,25.5,31,1013.3,8.4,21.2,0.0,8
2024-02-19 15:00:00,24.0,37,1014.2,10.0,16.6,0.0,0
2024-02-19 16:00:00,23.2,40,1015.5,11.8,18.4,0.0,17
2024-02-19 17:00:00,22.7,58,1016.2,18.0,29.9,0.0,32
2024-02-19 18:00:00,21.9,69,1016.0,19.0,31.7,0.0,33
2024-02-19 19:00:00,21.3,72,1015.5,18.6,32.4,0.0,26
2024-02-19 20:00:00,20.6,74,1014.9,15.9,31.0,0.0,2
2024-02-19 21:00:00,20.0,74,1014.8,11.9,26.6,0.0,0
2024-02-19 22:00:00,19.3,74,1014.8,7.7,19.8,0.0,9
2024-02-19 23:00:00,18.9,74,1014.8,7.9,12.6,0.0,0
2024-02-20 00:00:00,18.8,72,1015.0,8.8,13.7,0.0,0
2024-02-20 01:00:00,19.4,74,1015.8,8.4,13.3,0.0,59
2024-02-20 02:00:00,20.5,68,1016.6,12.2,19.1,0.0,71
2024-02-20 03:00:00,23.5,56,1017.1,10.2,21.6,0.0,52
2024-02-20 04:00:00,26.7,36,1017.0,10.2,23.8,0.0,35
2024-02-20 05:00:00,28.7,29,1016.6,9.9,25.2,0.0,0
2024-02-20 06:00:00,30.0,24,1015.3,9.5,25.6,0.0,0
2024-02-20 07:00:00,30.9,23,1013.8,9.0,25.6,0.0,0
2024-02-20 08:00:00,31.5,22,1012.6,8.2,25.6,0.0,0
2024-02-20 09:00:00,31.6,22,1011.2,7.2,24.1,0.0,0
2024-02-20 10:00:00,31.6,21,1010.5,6.2,22.0,0.0,0
2024-02-20 11:00:00,31.4,21,1010.5,6.0,19.4,0.0,0
2024-02-20 12:00:00,30.7,22,1010.7,6.9,17.3,0.0,8
2024-02-20 13:00:00,27.9,27,1011.7,6.8,12.2,0.0,32
2024-02-20 14:00:00,26.2,31,1012.7,6.6,11.9,0.0,31
2024-02-20 15:00:00,25.2,35,1013.8,6.6,8.6,0.0,100
2024-02-20 16:00:00,25.5,33,1014.5,3.6,7.9,0.0,59
2024-02-20 17:00:00,24.6,36,1015.0,13.4,20.9,0.0,21
2024-02-20 18:00:00,23.1,53,1015.2,15.3,24.8,0.0,1
2024-02-20 19:00:00,22.3,66,1014.6,13.1,25.6,0.0,39
2024-02-20 20:00:00,21.9,72,1014.4,11.5,22.0,0.0,35
2024-02-20 21:00:00,21.2,77,1014.1,12.7,21.2,0.0,73
2024-02-20 22:00:00,20.7,81,1013.8,12.2,21.2,0.0,2
2024-02-20 23:00:00,20.1,84,1013.9,9.0,19.8,0.0,3
2024-02-21 00:00:00,19.7,86,1014.1,8.0,15.1,0.0,19
2024-02-21 01:00:00,20.3,86,1014.7,8.2,16.9,0.0,9
2024-02-21 02:00:00,21.1,81,1015.6,9.4,16.6,0.0,24
2024-02-21 03:00:00,24.0,65,1016.0,10.4,22.0,0.0,23
2024-02-21 04:00:00,26.2,55,1015.9,10.9,25.2,0.0,0
2024-02-21 05:00:00,27.9,51,1015.8,11.2,27.7,0.0,19
2024-02-21 06:00:00,29.4,44,1014.6,7.7,27.7,0.0,19
2024-02-21 07:00:00,30.6,38,1012.9,7.0,23.4,0.0,14
2024-02-21 08:00:00,31.5,35,1011.5,7.3,22.7,0.0,8
2024-02-21 09:00:00,31.9,32,1010.0,8.4,23.4,0.0,6
2024-02-21 10:00:00,32.1,29,1009.3,9.7,24.5,0.0,8
2024-02-21 11:00:00,31.7,27,1009.2,10.5,24.5,0.0,13
2024-02-21 12:00:00,30.8,28,1009.7,9.4,23.4,0.0,2
2024-02-21 13:00:00,28.5,37,1010.5,7.6,16.9,0.0,6
2024-02-21 14:00:00,27.2,39,1011.6,9.0,14.8,0.0,1
2024-02-21 15:00:00,26.1,41,1012.4,7.7,14.4,0.0,0
2024-02-21 16:00:00,25.0,45,1012.9,6.1,12.2,0.0,0
2024-02-21 17:00:00,24.0,49,1013.4,7.5,9.7,0.0,1
2024-02-21 18:00:00,22.8,51,1013.0,4.5,8.3,0.0,0
2024-02-21 19:00:00,21.8,56,1012.8,6.9,8.6,0.0,0
2024-02-21 20:00:00,21.4,61,1012.9,6.8,10.4,0.0,0
2024-02-21 21:00:00,21.2,64,1012.6,6.8,11.2,0.0,0
2024-02-21 22:00:00,20.7,67,1012.8,6.8,10.8,0.0,0
2024-02-21 23:00:00,20.1,77,1013.2,5.5,10.4,0.0,3
2024-02-22 00:00:00,19.4,85,1014.1,6.5,8.3,0.0,25
2024-02-22 01:00:00,20.3,81,1014.7,5.2,7.2,0.0,99
2024-02-22 02:00:00,21.9,74,1015.6,6.9,12.6,0.0,93
2024-02-22 03:00:00,24.1,66,1016.5,5.7,15.5,0.0,64
2024-02-22 04:00:00,26.4,55,1016.4,5.8,18.4,0.0,41
2024-02-22 05:00:00,28.6,40,1015.8,6.5,20.9,0.0,55
2024-02-22 06:00:00,30.3,32,1014.4,5.7,21.2,0.0,91
2024-02-22 07:00:00,31.4,28,1012.7,5.8,21.2,0.0,94
2024-02-22 08:00:00,32.1,27,1011.3,7.6,23.4,0.0,88
2024-02-22 09:00:00,32.4,26,1010.1,9.1,24.5,0.0,96
2024-02-22 10:00:00,32.4,25,1009.3,9.5,24.8,0.0,100
2024-02-22 11:00:00,32.3,23,1009.3,9.5,24.5,0.0,100
2024-02-22 12:00:00,31.8,20,1009.8,9.9,22.3,0.0,88
2024-02-22 13:00:00,28.0,30,1011.0,5.8,16.9,0.0,5
2024-02-22 14:00:00,26.9,32,1012.0,7.5,11.9,0.0,10
2024-02-22 15:00:00,25.7,33,1013.3,8.9,14.8,0.0,2
2024-02-22 16:00:00,23.9,37,1013.6,7.2,14.0,0.0,2
2024-02-22 17:00:00,23.1,39,1013.7,7.7,10.4,0.0,0
2024-02-22 18:00:00,23.1,38,1013.3,5.4,9.7,0.0,1
2024-02-22 19:00:00,22.4,40,1013.5,8.3,13.7,0.0,2
2024-02-22 20:00:00,20.9,50,1013.6,7.2,13.3,0.0,0
2024-02-22 21:00:00,20.8,61,1013.4,8.2,12.6,0.0,0
2024-02-22 22:00:00,20.7,62,1013.1,11.9,19.8,0.0,0
2024-02-22 23:00:00,20.0,69,1013.2,8.9,19.4,0.0,0
2024-02-23 00:00:00,19.2,76,1013.8,5.9,14.8,0.0,0
2024-02-23 01:00:00,18.5,83,1014.9,7.7,9.0,0.0,0
2024-02-23 02:00:00,20.5,73,1015.6,4.2,9.0,0.0,0
2024-02-23 03:00:00,23.9,47,1016.3,6.2,15.5,0.0,0
2024-02-23 04:00:00,26.8,33,1016.1,7.7,20.5,0.0,0
2024-02-23 05:00:00,28.9,28,1015.3,6.9,21.6,0.0,0
2024-02-23 06:00:00,30.3,25,1013.8,6.0,21.2,0.0,0
2024-02-23 07:00:00,31.3,23,1012.3,5.4,21.2,0.0,0
2024-02-23 08:00:00,32.1,22,1011.0,5.8,20.9,0.0,94
2024-02-23 09:00:00,32.6,21,1009.8,7.6,22.7,0.0,94
2024-02-23 10:00:00,32.7,21,1009.0,8.6,23.0,0.0,81
2024-02-23 11:00:00,32.5,21,1008.9,9.8,23.0,0.0,65
2024-02-23 12:00:00,31.3,21,1009.6,12.6,23.8,0.0,63
2024-02-23 13:00:00,28.6,24,1010.5,11.4,22.7,0.0,35
2024-02-23 14:00:00,25.9,31,1011.2,8.3,18.7,0.0,21
2024-02-23 15:00:00,25.5,32,1012.0,8.2,13.0,0.0,3
2024-02-23 16:00:00,23.5,36,1012.5,8.3,13.0,0.0,0
2024-02-23 17:00:00,23.2,35,1013.0,5.8,10.1,0.0,83
2024-02-23 18:00:00,21.9,40,1012.6,8.4,11.2,0.0,98
2024-02-23 19:00:00,23.4,38,1012.6,13.2,19.4,0.0,75
2024-02-23 20:00:00,22.7,78,1012.4,16.0,26.6,0.0,66
2024-02-23 21:00:00,21.8,90,1012.3,11.6,26.3,0.0,56
2024-02-23 22:00:00,21.9,90,1012.0,11.4,19.4,0.0,68
2024-02-23 23:00:00,21.0,77,1012.3,8.6,19.1,0.0,79
2024-02-24 00:00:00,19.5,72,1013.0,5.9,13.7,0.0,52
2024-02-24 01:00:00,20.7,80,1014.0,4.8,11.5,0.0,83
2024-02-24 02:00:00,21.8,78,1015.0,5.4,10.8,0.0,86
2024-02-24 03:00:00,24.0,72,1015.5,8.4,19.4,0.0,50
2024-02-24 04:00:00,26.3,58,1015.4,9.6,23.8,0.0,45
2024-02-24 05:00:00,28.4,47,1014.9,10.0,25.6,0.0,58
2024-02-24 06:00:00,30.2,40,1013.6,10.0,26.6,0.0,92
2024-02-24 07:00:00,30.1,40,1012.4,10.8,27.0,0.0,53
2024-02-24 08:00:00,31.6,36,1011.0,9.0,26.6,0.0,35
2024-02-24 09:00:00,31.6,35,1009.9,8.3,24.5,0.0,48
2024-02-24 10:00:00,31.8,34,1009.0,9.3,22.7,0.0,80
2024-02-24 11:00:00,31.5,35,1009.0,12.6,26.6,0.0,23
2024-02-24 12:00:00,30.5,37,1009.5,12.9,27.0,0.0,29
2024-02-24 13:00:00,27.9,49,1011.1,10.5,20.5,0.0,17
2024-02-24 14:00:00,26.7,54,1012.1,11.8,19.8,0.0,3
2024-02-24 15:00:00,25.9,57,1013.0,16.1,25.6,0.0,1
2024-02-24 16:00:00,24.6,64,1013.7,14.4,27.4,0.0,1
2024-02-24 17:00:00,23.7,67,1013.8,14.3,24.8,0.0,1
2024-02-24 18:00:00,22.9,73,1014.1,14.7,24.1,0.0,7
2024-02-24 19:00:00,22.0,85,1013.8,14.5,25.2,0.0,2
2024-02-24 20:00:00,21.2,91,1013.1,12.6,24.1,0.0,3
2024-02-24 21:00:00,20.6,94,1012.7,11.4,21.2,0.0,22
2024-02-24 22:00:00,20.2,96,1012.5,8.8,18.7,0.0,80
2024-02-24 23:00:00,20.5,94,1012.5,8.7,17.3,0.0,100
2024-02-25 00:00:00,20.9,92,1013.0,8.2,16.2,0.0,100
2024-02-25 01:00:00,20.2,77,1013.9,12.4,21.2,0.0,6
2024-02-25 02:00:00,21.1,68,1014.7,12.5,22.7,0.0,0
2024-02-25 03:00:00,23.5,56,1015.1,12.0,24.8,0.0,0
2024-02-25 04:00:00,25.8,49,1015.2,12.5,27.7,0.0,0
2024-02-25 05:00:00,27.8,43,1014.6,13.5,30.6,0.0,2
2024-02-25 06:00:00,29.7,37,1013.7,14.8,33.5,0.0,0
2024-02-25 07:00:00,30.9,33,1012.2,15.0,33.8,0.0,1
2024-02-25 08:00:00,31.9,31,1010.8,15.3,33.8,0.0,3
2024-02-25 09:00:00,32.1,30,1009.5,16.1,34.9,0.0,10
2024-02-25 10:00:00,32.0,30,1009.0,16.4,34.9,0.0,25
2024-02-25 11:00:00,31.3,30,1009.0,16.3,33.8,0.0,8
2024-02-25 12:00:00,30.6,31,1009.3,13.6,32.0,0.0,6
2024-02-25 13:00:00,28.3,37,1010.0,12.5,23.4,0.0,29
2024-02-25 14:00:00,27.1,41,1011.3,14.2,23.4,0.0,18
2024-02-25 15:00:00,25.6,49,1012.4,20.0,33.1,0.0,10
2024-02-25 16:00:00,24.3,56,1013.3,21.2,35.3,0.0,0
2024-02-25 17:00:00,23.3,64,1013.6,21.4,36.4,0.0,0
2024-02-25 18:00:00,22.2,72,1014.1,21.2,36.0,0.0,0
2024-02-25 19:00:00,21.2,79,1013.9,21.3,35.6,0.0,0
2024-02-25 20:00:00,20.1,86,1013.5,21.8,36.7,0.0,4
2024-02-25 21:00:00,19.3,91,1013.0,21.0,36.4,0.0,8
2024-02-25 22:00:00,18.6,95,1012.9,19.8,35.3,0.0,11
2024-02-25 23:00:00,18.2,95,1013.1,19.4,33.1,0.0,2
2024-02-26 00:00:00,17.8,96,1013.3,18.6,32.0,0.0,12
2024-02-26 01:00:00,18.3,96,1014.4,16.8,31.7,0.0,7
2024-02-26 02:00:00,19.2,90,1015.4,21.2,33.8,0.0,42
2024-02-26 03:00:00,21.4,75,1016.2,19.6,37.4,0.0,9
2024-02-26 04:00:00,24.4,53,1016.1,19.8,38.5,0.0,0
2024-02-26 05:00:00,26.9,44,1015.1,20.7,40.7,0.0,2
2024-02-26 06:00:00,28.6,44,1014.3,20.2,41.8,0.0,6
2024-02-26 07:00:00,30.2,36,1013.1,21.1,42.8,0.0,10
2024-02-26 08:00:00,30.7,34,1011.9,20.9,42.8,0.0,10
2024-02-26 09:00:00,31.0,33,1010.8,19.7,42.1,0.0,14
2024-02-26 10:00:00,31.2,31,1009.8,17.1,39.6,0.0,7
2024-02-26 11:00:00,29.6,40,1010.2,22.1,40.7,0.0,22
2024-02-26 12:00:00,28.1,45,1011.1,19.7,42.5,0.0,8
2024-02-26 13:00:00,26.2,42,1012.3,14.0,29.2,0.0,12
2024-02-26 14:00:00,24.8,50,1013.3,15.8,26.6,0.0,3
2024-02-26 15:00:00,23.8,58,1014.4,16.3,27.0,0.0,7
2024-02-26 16:00:00,22.9,62,1015.1,16.7,27.7,0.0,50
2024-02-26 17:00:00,22.2,65,1015.4,17.0,28.8,0.0,95
2024-02-26 18:00:00,21.3,68,1015.5,18.3,30.2,0.0,99
2024-02-26 19:00:00,20.2,77,1015.4,19.3,32.4,0.0,100
2024-02-26 20:00:00,19.1,89,1015.0,18.7,32.4,0.0,100
2024-02-26 21:00:00,18.4,97,1014.7,17.8,31.3,0.0,100
2024-02-26 22:00:00,18.7,95,1014.6,18.5,33.1,0.0,100
2024-02-26 23:00:00,18.9,91,1014.5,17.0,31.7,0.0,100
2024-02-27 00:00:00,18.0,96,1014.9,14.4,29.2,0.0,96
2024-02-27 01:00:00,19.0,94,1016.1,13.3,23.8,0.0,100
2024-02-27 02:00:00,19.6,89,1017.0,12.7,23.0,0.0,100
2024-02-27 03:00:00,21.8,73,1017.5,13.7,27.4,0.0,100
2024-02-27 04:00:00,24.3,59,1017.2,14.1,29.9,0.0,97
2024-02-27 05:00:00,26.7,47,1016.4,15.5,33.1,0.0,78
2024-02-27 06:00:00,28.6,40,1015.1,16.1,34.9,0.0,51
2024-02-27 07:00:00,29.9,38,1014.0,16.2,35.3,0.0,60
2024-02-27 08:00:00,30.6,37,1013.1,15.7,35.3,0.0,71
2024-02-27 09:00:00,31.1,35,1011.8,15.4,34.9,0.0,35
2024-02-27 10:00:00,31.1,33,1011.0,14.9,33.8,0.0,53
2024-02-27 11:00:00,30.9,33,1010.8,15.0,32.0,0.0,26
2024-02-27 12:00:00,29.8,35,1011.0,16.2,30.6,0.0,34
2024-02-27 13:00:00,26.8,44,1012.0,12.9,31.0,0.0,32
2024-02-27 14:00:00,25.6,46,1012.9,11.4,21.6,0.0,5
2024-02-27 15:00:00,24.5,50,1014.0,17.8,29.2,0.0,46
2024-02-27 16:00:00,23.2,62,1015.2,19.0,32.8,0.0,59
2024-02-27 17:00:00,22.2,70,1015.7,18.4,32.0,0.0,49
2024-02-27 18:00:00,21.6,75,1015.8,15.9,31.0,0.0,83
2024-02-27 19:00:00,20.8,79,1015.8,14.5,26.6,0.0,91
2024-02-27 20:00:00,20.0,83,1015.3,12.6,24.1,0.0,77
2024-02-27 21:00:00,19.2,87,1014.7,8.9,20.9,0.0,52
2024-02-27 22:00:00,18.4,91,1014.3,7.9,14.8,0.0,7
2024-02-27 23:00:00,17.7,95,1014.2,7.9,13.0,0.0,0
2024-02-28 00:00:00,17.2,96,1014.0,8.6,14.0,0.0,0
2024-02-28 01:00:00,17.4,95,1015.2,6.5,16.2,0.0,55
2024-02-28 02:00:00,18.6,86,1015.9,9.7,16.6,0.0,21
2024-02-28 03:00:00,22.2,62,1016.5,10.8,22.3,0.0,57
2024-02-28 04:00:00,26.1,35,1015.8,13.3,28.1,0.0,85
2024-02-28 05:00:00,28.9,22,1015.3,15.2,32.8,0.0,75
2024-02-28 06:00:00,30.6,16,1014.2,15.7,34.6,0.0,86
2024-02-28 07:00:00,31.8,13,1012.6,15.5,34.6,0.0,80
2024-02-28 08:00:00,32.4,13,1011.1,15.8,34.6,0.0,61
2024-02-28 09:00:00,32.6,14,1010.2,16.6,35.3,0.0,14
2024-02-28 10:00:00,32.2,15,1009.6,15.9,34.9,0.0,39
2024-02-28 11:00:00,31.4,16,1009.8,16.0,32.8,0.0,48
2024-02-28 12:00:00,30.0,18,1010.2,15.8,31.7,0.0,21
2024-02-28 13:00:00,27.7,26,1010.7,14.0,27.4,0.0,39
2024-02-28 14:00:00,26.1,36,1011.9,16.3,27.4,0.0,14
2024-02-28 15:00:00,24.8,45,1013.0,18.0,30.2,0.0,0
2024-02-28 16:00:00,23.8,48,1013.9,18.1,31.0,0.0,0
2024-02-28 17:00:00,23.1,48,1014.6,17.9,30.6,0.0,16
2024-02-28 18:00:00,22.0,48,1015.0,17.9,30.6,0.0,52
2024-02-28 19:00:00,20.8,49,1014.7,17.2,30.2,0.0,13
2024-02-28 20:00:00,19.8,53,1014.4,16.3,28.4,0.0,28
2024-02-28 21:00:00,19.0,57,1013.9,14.8,27.0,0.0,0
2024-02-28 22:00:00,18.1,62,1013.6,13.4,24.5,0.0,0
2024-02-28 23:00:00,17.3,67,1013.4,11.9,22.0,0.0,0
2024-02-29 00:00:00,16.4,72,1013.7,9.1,19.4,0.0,0
2024-02-29 01:00:00,16.8,75,1014.5,9.4,17.3,0.0,8
2024-02-29 02:00:00,18.6,65,1015.4,12.6,20.5,0.0,5
2024-02-29 03:00:00,22.6,46,1016.2,11.3,22.3,0.0,71
2024-02-29 04:00:00,25.8,32,1016.2,14.8,30.2,0.0,72
2024-02-29 05:00:00,28.2,23,1015.9,15.3,32.8,0.0,89
2024-02-29 06:00:00,30.0,18,1014.7,17.3,36.4,0.0,98
2024-02-29 07:00:00,31.1,19,1013.5,18.8,39.2,0.0,97
2024-02-29 08:00:00,31.9,19,1012.2,19.5,39.6,0.0,98
2024-02-29 09:00:00,32.2,17,1010.8,19.5,40.0,0.0,99
2024-02-29 10:00:00,31.8,16,1010.2,19.9,39.6,0.0,100
2024-02-29 11:00:00,31.0,17,1010.5,19.6,39.2,0.0,100
2024-02-29 12:00:00,29.6,20,1011.6,18.9,37.1,0.0,90
2024-02-29 13:00:00,27.4,22,1012.6,14.0,31.3,0.0,100
2024-02-29 14:00:00,25.8,27,1014.0,16.2,26.6,0.0,97
2024-02-29 15:00:00,24.8,34,1015.0,16.6,27.7,0.0,45
2024-02-29 16:00:00,23.7,42,1016.2,16.2,28.1,0.0,98
2024-02-29 17:00:00,22.9,47,1016.5,14.5,26.6,0.0,93
2024-02-29 18:00:00,21.9,52,1016.6,13.5,23.8,0.0,100
2024-02-29 19:00:00,21.1,58,1016.2,13.5,23.4,0.0,100
2024-02-29 20:00:00,20.0,65,1015.6,11.5,22.3,0.0,100
2024-02-29 21:00:00,18.9,70,1014.7,8.7,18.7,0.0,98
2024-02-29 22:00:00,17.8,74,1014.6,7.9,14.8,0.0,96
2024-02-29 23:00:00,17.3,76,1014.7,8.7,14.0,0.0,90
2024-03-01 00:00:00,17.0,79,1015.4,9.5,15.8,0.0,100
2024-03-01 01:00:00,16.7,84,1016.7,8.2,14.0,0.0,100
2024-03-01 02:00:00,18.8,73,1017.3,12.3,20.2,0.0,100
2024-03-01 03:00:00,22.6,55,1017.9,9.9,20.9,0.0,92
2024-03-01 04:00:00,25.8,39,1017.6,12.2,26.6,0.0,13
2024-03-01 05:00:00,28.4,29,1017.2,13.5,30.2,0.0,0
2024-03-01 06:00:00,30.3,22,1015.8,16.6,35.3,0.0,39
2024-03-01 07:00:00,31.2,22,1014.6,18.6,38.5,0.0,79
2024-03-01 08:00:00,31.9,21,1013.1,18.3,38.9,0.0,89
2024-03-01 09:00:00,32.4,19,1012.0,18.4,38.2,0.0,88
2024-03-01 10:00:00,31.9,20,1011.3,18.9,38.2,0.0,8
2024-03-01 11:00:00,31.2,21,1011.5,18.7,37.4,0.0,81
2024-03-01 12:00:00,30.0,22,1011.7,18.4,35.6,0.0,95
2024-03-01 13:00:00,27.0,26,1013.2,14.8,32.0,0.0,16
2024-03-01 14:00:00,25.7,33,1014.3,16.2,27.4,0.0,0
2024-03-01 15:00:00,24.8,38,1015.4,14.9,27.0,0.0,0
2024-03-01 16:00:00,23.9,43,1016.4,13.4,24.5,0.0,0
2024-03-01 17:00:00,23.0,47,1016.7,13.7,22.7,0.0,0
2024-03-01 18:00:00,22.3,50,1017.0,15.1,25.2,0.0,0
2024-03-01 19:00:00,21.4,52,1016.8,14.9,24.8,0.0,0
2024-03-01 20:00:00,20.5,57,1016.0,13.5,24.8,0.0,0
2024-03-01 21:00:00,19.6,62,1015.2,10.8,22.0,0.0,48
2024-03-01 22:00:00,18.7,67,1014.6,9.4,17.6,0.0,14
2024-03-01 23:00:00,18.1,71,1014.4,9.0,15.1,0.0,32
2024-03-02 00:00:00,17.6,74,1014.7,7.8,14.8,0.0,75
2024-03-02 01:00:00,18.0,77,1015.7,8.2,14.4,0.0,100
2024-03-02 02:00:00,19.8,69,1016.6,11.3,18.4,0.0,100
2024-03-02 03:00:00,23.4,51,1017.5,9.4,19.8,0.0,100
2024-03-02 04:00:00,26.7,32,1017.2,14.5,29.5,0.0,100
2024-03-02 05:00:00,29.2,24,1016.7,18.3,36.7,0.0,100
2024-03-02 06:00:00,30.7,21,1015.6,18.9,38.9,0.0,100
2024-03-02 07:00:00,31.7,18,1014.3,16.4,38.5,0.0,100
2024-03-02 08:00:00,32.4,17,1013.2,14.6,35.3,0.0,100
2024-03-02 09:00:00,32.5,17,1011.9,13.7,32.8,0.0,100
2024-03-02 10:00:00,32.4,17,1010.8,12.6,31.0,0.0,100
2024-03-02 11:00:00,31.9,18,1010.6,11.8,28.4,0.0,99
2024-03-02 12:00:00,30.7,19,1010.8,12.6,24.8,0.0,100
2024-03-02 13:00:00,27.4,25,1012.0,9.2,20.5,0.0,100
2024-03-02 14:00:00,25.9,29,1013.1,11.6,18.4,0.0,100
2024-03-02 15:00:00,24.9,32,1013.8,11.6,20.5,0.0,92
2024-03-02 16:00:00,23.7,34,1014.9,11.5,19.4,0.0,88
2024-03-02 17:00:00,22.9,39,1015.3,13.2,21.6,0.0,39
2024-03-02 18:00:00,22.1,47,1015.2,14.6,24.1,0.0,100
2024-03-02 19:00:00,21.5,54,1014.9,14.3,24.8,0.0,100
2024-03-02 20:00:00,21.0,59,1014.1,14.1,24.1,0.0,95
2024-03-02 21:00:00,20.5,65,1013.8,13.2,23.4,0.0,73
2024-03-02 22:00:00,20.0,71,1013.5,11.7,21.2,0.0,94
2024-03-02 23:00:00,19.0,78,1013.5,6.7,19.1,0.0,44
2024-03-03 00:00:00,18.8,81,1014.4,5.9,10.8,0.0,11
2024-03-03 01:00:00,18.4,86,1015.5,5.8,13.7,0.0,15
2024-03-03 02:00:00,20.3,77,1016.4,5.9,11.5,0.0,13
2024-03-03 03:00:00,23.3,63,1016.7,4.5,14.8,0.0,0
2024-03-03 04:00:00,25.9,48,1016.6,4.0,16.6,0.0,52
2024-03-03 05:00:00,28.0,40,1016.1,4.6,18.4,0.0,0
2024-03-03 06:00:00,29.8,32,1014.8,3.8,18.7,0.0,13
2024-03-03 07:00:00,31.4,26,1013.1,5.7,20.5,0.0,24
2024-03-03 08:00:00,32.4,22,1011.7,9.2,25.2,0.0,64
2024-03-03 09:00:00,32.7,20,1010.3,11.7,28.1,0.0,81
2024-03-03 10:00:00,32.6,19,1009.5,12.9,29.2,0.0,29
2024-03-03 11:00:00,32.0,19,1009.5,11.8,28.8,0.0,0
2024-03-03 12:00:00,30.9,21,1010.0,11.3,25.2,0.0,2
2024-03-03 13:00:00,28.1,28,1010.9,7.7,19.1,0.0,8
2024-03-03 14:00:00,26.9,32,1012.0,13.7,21.2,0.0,1
2024-03-03 15:00:00,26.2,32,1012.8,13.9,24.5,0.0,0
2024-03-03 16:00:00,24.9,36,1013.8,16.6,27.0,0.0,0
2024-03-03 17:00:00,23.7,47,1014.3,17.1,29.9,0.0,0
2024-03-03 18:00:00,23.0,56,1014.4,15.4,28.1,0.0,0
2024-03-03 19:00:00,22.2,62,1014.0,11.8,25.6,0.0,0
2024-03-03 20:00:00,21.4,66,1013.4,10.1,19.1,0.0,0
2024-03-03 21:00:00,20.8,68,1012.8,9.2,16.6,0.0,2
2024-03-03 22:00:00,20.1,71,1012.9,8.7,14.8,0.0,84
2024-03-03 23:00:00,19.6,74,1012.9,6.9,14.0,0.0,67
2024-03-04 00:00:00,18.9,77,1013.4,6.1,11.2,0.0,79
2024-03-04 01:00:00,19.2,84,1014.2,5.1,11.9,0.0,87
2024-03-04 02:00:00,21.0,75,1015.2,5.9,12.2,0.0,77
2024-03-04 03:00:00,24.6,57,1015.7,7.0,16.6,0.0,33
2024-03-04 04:00:00,27.2,43,1015.4,8.1,21.6,0.0,14
2024-03-04 05:00:00,29.4,33,1014.7,6.9,22.0,0.0,0
2024-03-04 06:00:00,31.3,27,1013.7,4.5,21.6,0.0,1
2024-03-04 07:00:00,32.8,23,1012.4,2.7,19.4,0.0,0
2024-03-04 08:00:00,33.9,20,1010.8,4.5,19.1,0.0,81
2024-03-04 09:00:00,34.4,18,1009.5,6.8,21.6,0.0,99
2024-03-04 10:00:00,34.4,18,1008.6,8.5,22.7,0.0,100
2024-03-04 11:00:00,34.2,18,1008.3,9.6,22.7,0.0,91
2024-03-04 12:00:00,33.5,18,1008.7,10.3,22.3,0.0,97
2024-03-04 13:00:00,29.8,27,1010.2,5.9,13.7,0.0,40
2024-03-04 14:00:00,28.9,29,1011.9,8.7,13.3,0.0,73
2024-03-04 15:00:00,28.0,28,1013.2,12.7,21.2,0.0,13
2024-03-04 16:00:00,25.7,37,1014.8,16.2,26.6,0.0,1
2024-03-04 17:00:00,24.4,54,1015.1,17.4,28.8,0.0,13
2024-03-04 18:00:00,23.6,64,1015.1,15.9,28.8,0.0,37
2024-03-04 19:00:00,22.6,74,1014.9,13.6,26.6,0.0,0
2024-03-04 20:00:00,21.8,79,1014.5,13.1,22.3,0.0,0
2024-03-04 21:00:00,21.0,81,1013.9,12.2,22.3,0.0,8
2024-03-04 22:00:00,20.2,83,1013.9,8.2,20.2,0.0,72
2024-03-04 23:00:00,19.6,85,1013.8,7.5,13.3,0.0,60
2024-03-05 00:00:00,19.2,85,1013.5,8.7,14.0,0.0,76
2024-03-05 01:00:00,18.9,92,1014.3,5.2,9.4,0.0,74
2024-03-05 02:00:00,21.2,76,1014.8,8.0,14.8,0.0,78
2024-03-05 03:00:00,24.6,57,1015.5,7.1,17.3,0.0,83
2024-03-05 04:00:00,27.8,37,1015.2,6.4,19.4,0.0,90
2024-03-05 05:00:00,30.5,26,1014.5,7.2,20.9,0.0,97
2024-03-05 06:00:00,32.7,19,1013.3,9.5,25.2,0.0,95
2024-03-05 07:00:00,33.7,17,1012.0,11.6,28.4,0.0,89
2024-03-05 08:00:00,34.2,17,1010.8,12.1,29.9,0.0,98
2024-03-05 09:00:00,34.3,17,1009.7,11.4,29.5,0.0,100
2024-03-05 10:00:00,34.1,17,1009.0,9.8,27.7,0.0,99
2024-03-05 11:00:00,33.5,18,1008.9,10.8,24.5,0.0,97
2024-03-05 12:00:00,32.4,20,1009.4,13.7,25.2,0.0,87
2024-03-05 13:00:00,29.9,25,1010.4,13.2,25.2,0.0,67
2024-03-05 14:00:00,28.5,30,1011.5,17.7,28.8,0.0,100
2024-03-05 15:00:00,27.3,30,1012.7,20.8,36.0,0.0,76
2024-03-05 16:00:00,25.8,39,1014.0,17.4,35.3,0.0,99
2024-03-05 17:00:00,24.6,47,1014.7,15.9,29.2,0.0,95
2024-03-05 18:00:00,23.8,56,1014.8,17.3,28.4,0.0,73
2024-03-05 19:00:00,23.0,63,1014.7,13.8,28.8,0.0,96
2024-03-05 20:00:00,22.0,68,1014.6,9.8,23.0,0.0,100
2024-03-05 21:00:00,22.2,66,1014.2,8.5,16.9,0.0,99
2024-03-05 22:00:00,21.4,68,1013.8,6.6,13.7,0.0,94
2024-03-05 23:00:00,20.2,72,1013.6,6.8,10.8,0.0,100
2024-03-06 00:00:00,20.0,74,1013.9,7.3,11.2,0.0,90
2024-03-06 01:00:00,20.6,77,1014.7,5.7,14.0,0.0,100
2024-03-06 02:00:00,22.2,71,1015.6,8.2,14.8,0.0,95
2024-03-06 03:00:00,24.9,58,1016.4,9.0,19.8,0.0,5
2024-03-06 04:00:00,27.6,46,1016.3,9.8,24.1,0.0,10
2024-03-06 05:00:00,30.0,32,1015.7,7.4,24.5,0.0,44
2024-03-06 06:00:00,31.6,26,1014.5,2.8,22.3,0.0,49
2024-03-06 07:00:00,32.8,23,1012.8,0.7,17.3,0.0,49
2024-03-06 08:00:00,33.6,21,1011.3,2.3,16.6,0.0,71
2024-03-06 09:00:00,34.5,20,1009.9,6.7,20.9,0.0,48
2024-03-06 10:00:00,33.9,19,1008.9,13.0,27.7,0.0,17
2024-03-06 11:00:00,33.2,17,1008.6,15.3,31.3,0.0,55
2024-03-06 12:00:00,33.0,15,1008.8,8.6,29.9,0.0,61
2024-03-06 13:00:00,30.7,27,1010.6,4.5,9.7,0.0,100
2024-03-06 14:00:00,30.2,23,1011.8,11.1,15.1,0.0,100
2024-03-06 15:00:00,28.1,25,1013.4,12.0,22.7,0.0,75
2024-03-06 16:00:00,26.7,36,1014.5,20.0,33.1,0.0,8
2024-03-06 17:00:00,24.9,45,1014.6,16.3,33.5,0.0,50
2024-03-06 18:00:00,24.0,51,1014.6,14.8,28.1,0.0,58
2024-03-06 19:00:00,23.3,53,1013.9,10.5,24.8,0.0,81
2024-03-06 20:00:00,22.5,56,1013.1,9.4,16.9,0.0,33
2024-03-06 21:00:00,21.8,61,1012.5,6.9,15.5,0.0,0
2024-03-06 22:00:00,20.8,66,1011.7,6.0,11.5,0.0,0
2024-03-06 23:00:00,20.7,65,1011.8,6.9,11.2,0.0,0
2024-03-07 00:00:00,19.9,68,1012.5,7.4,11.2,0.0,0
2024-03-07 01:00:00,20.2,77,1013.5,6.4,12.6,0.0,0
2024-03-07 02:00:00,22.2,68,1014.6,6.3,12.2,0.0,0
2024-03-07 03:00:00,25.5,51,1015.6,4.8,14.4,0.0,0
2024-03-07 04:00:00,28.0,38,1015.6,6.0,18.7,0.0,0
2024-03-07 05:00:00,30.0,29,1015.2,6.0,20.2,0.0,0
2024-03-07 06:00:00,31.6,24,1013.9,5.1,20.2,0.0,2
2024-03-07 07:00:00,32.8,22,1012.1,4.3,19.8,0.0,18
2024-03-07 08:00:00,33.7,20,1010.5,4.4,19.4,0.0,3
2024-03-07 09:00:00,34.3,19,1008.9,4.8,19.1,0.0,1
2024-03-07 10:00:00,34.5,18,1008.1,6.0,19.4,0.0,4
2024-03-07 11:00:00,34.2,18,1007.8,8.9,21.6,0.0,85
2024-03-07 12:00:00,32.9,20,1008.3,9.5,21.6,0.0,45
2024-03-07 13:00:00,31.1,22,1010.1,8.7,16.2,0.0,100
2024-03-07 14:00:00,29.7,25,1011.5,11.5,19.1,0.0,100
2024-03-07 15:00:00,28.7,27,1012.3,9.4,19.1,0.0,61
2024-03-07 16:00:00,27.6,30,1013.7,12.4,19.4,0.0,39
2024-03-07 17:00:00,25.2,45,1014.4,15.5,26.3,0.0,0
2024-03-07 18:00:00,23.9,58,1014.3,12.4,25.6,0.0,5
2024-03-07 19:00:00,23.1,65,1013.9,9.2,20.5,0.0,0
2024-03-07 20:00:00,22.2,70,1013.3,6.4,15.1,0.0,0
2024-03-07 21:00:00,21.7,72,1012.7,7.4,11.5,0.0,0
2024-03-07 22:00:00,21.4,72,1012.4,8.3,13.7,0.0,0
2024-03-07 23:00:00,21.1,71,1012.4,9.3,15.1,0.0,0
2024-03-08 00:00:00,20.8,72,1012.7,7.2,15.1,0.0,0
2024-03-08 01:00:00,21.4,76,1013.9,6.3,10.4,0.0,1
2024-03-08 02:00:00,23.1,70,1014.9,9.0,15.5,0.0,0
2024-03-08 03:00:00,25.8,59,1015.6,11.3,23.4,0.0,6
2024-03-08 04:00:00,28.1,49,1015.7,12.6,28.1,0.0,75
2024-03-08 05:00:00,30.0,40,1015.1,11.2,28.8,0.0,78
2024-03-08 06:00:00,31.2,34,1014.1,8.9,27.7,0.0,79
2024-03-08 07:00:00,32.2,30,1012.5,6.4,24.8,0.0,45
2024-03-08 08:00:00,33.2,27,1011.2,6.6,22.0,0.0,52
2024-03-08 09:00:00,33.6,25,1009.7,5.6,21.6,0.0,83
2024-03-08 10:00:00,33.2,25,1009.1,5.4,19.8,0.0,91
2024-03-08 11:00:00,32.9,25,1009.0,4.0,17.3,0.0,97
2024-03-08 12:00:00,32.0,26,1009.3,3.1,14.0,0.0,43
2024-03-08 13:00:00,28.6,35,1010.5,6.5,6.8,0.0,22
2024-03-08 14:00:00,28.0,34,1011.4,5.2,7.9,0.0,26
2024-03-08 15:00:00,27.1,37,1012.3,6.8,9.0,0.0,9
2024-03-08 16:00:00,26.2,37,1013.2,5.5,9.0,0.0,8
2024-03-08 17:00:00,25.5,40,1014.5,14.8,25.6,0.0,6
2024-03-08 18:00:00,24.5,48,1014.5,13.2,24.8,0.0,34
2024-03-08 19:00:00,24.3,48,1014.1,13.7,22.3,0.0,36
2024-03-08 20:00:00,23.7,51,1013.5,12.9,23.4,0.0,21
2024-03-08 21:00:00,22.3,57,1013.4,6.2,21.2,0.0,16
2024-03-08 22:00:00,21.5,63,1013.2,6.7,10.8,0.0,15
2024-03-08 23:00:00,21.1,69,1012.9,7.5,13.0,0.0,0
2024-03-09 00:00:00,20.5,71,1013.3,5.9,11.9,0.0,0
2024-03-09 01:00:00,21.2,79,1014.0,5.2,7.6,0.0,0
2024-03-09 02:00:00,23.6,65,1014.9,6.5,12.6,0.0,1
2024-03-09 03:00:00,26.4,50,1015.5,8.2,18.7,0.0,0
2024-03-09 04:00:00,28.4,41,1015.4,8.5,22.3,0.0,0
2024-03-09 05:00:00,30.4,33,1014.7,8.4,23.4,0.0,0
2024-03-09 06:00:00,31.9,28,1013.7,6.4,23.4,0.0,10
2024-03-09 07:00:00,33.3,24,1012.0,3.9,21.6,0.0,99
2024-03-09 08:00:00,33.4,23,1010.6,5.6,19.1,0.0,100
2024-03-09 09:00:00,33.1,23,1009.6,8.5,20.5,0.0,100
2024-03-09 10:00:00,32.9,23,1009.3,12.0,25.2,0.0,100
2024-03-09 11:00:00,32.8,23,1009.2,8.7,25.9,0.0,98
2024-03-09 12:00:00,32.6,22,1009.4,1.8,19.4,0.0,66
2024-03-09 13:00:00,30.9,26,1010.4,12.4,23.4,0.0,97
2024-03-09 14:00:00,29.7,28,1011.6,12.5,22.3,0.0,41
2024-03-09 15:00:00,28.9,30,1012.7,12.0,20.9,0.0,57
2024-03-09 16:00:00,27.7,33,1013.7,15.8,23.8,0.0,100
2024-03-09 17:00:00,26.6,49,1014.5,17.8,35.3,0.0,72
2024-03-09 18:00:00,25.7,53,1014.7,15.8,29.2,0.0,91
2024-03-09 19:00:00,25.1,57,1014.3,17.9,29.9,0.0,8
2024-03-09 20:00:00,24.0,65,1014.6,14.0,29.9,0.0,91
2024-03-09 21:00:00,23.7,74,1014.4,12.2,23.4,0.0,100
2024-03-09 22:00:00,23.3,77,1014.3,12.2,22.0,0.0,36
2024-03-09 23:00:00,22.8,76,1014.4,10.7,20.9,0.0,62
2024-03-10 00:00:00,22.3,77,1014.9,9.9,17.6,0.0,98
2024-03-10 01:00:00,23.0,79,1015.6,11.5,19.8,0.0,90
2024-03-10 02:00:00,23.5,75,1016.5,11.8,22.0,0.0,28
2024-03-10 03:00:00,25.9,62,1016.9,12.3,25.6,0.0,66
2024-03-10 04:00:00,28.2,48,1017.1,13.3,29.2,0.0,70
2024-03-10 05:00:00,30.0,39,1016.7,13.7,30.6,0.0,69
2024-03-10 06:00:00,31.4,34,1015.5,13.0,31.0,0.0,91
2024-03-10 07:00:00,33.1,29,1013.7,9.3,30.6,0.0,99
2024-03-10 08:00:00,33.3,27,1012.4,9.1,25.9,0.0,99
2024-03-10 09:00:00,32.4,28,1011.6,8.6,24.1,0.0,100
2024-03-10 10:00:00,32.0,29,1011.5,9.4,20.9,0.0,100
2024-03-10 11:00:00,31.8,30,1011.5,7.2,20.5,0.0,100
2024-03-10 12:00:00,31.3,31,1012.1,7.1,16.6,0.0,99
2024-03-10 13:00:00,30.1,33,1012.5,5.8,15.5,0.0,12
2024-03-10 14:00:00,28.4,37,1013.5,13.2,21.2,0.0,43
2024-03-10 15:00:00,28.0,39,1014.3,11.4,22.3,0.0,41
2024-03-10 16:00:00,27.4,42,1015.3,22.5,36.4,0.0,13
2024-03-10 17:00:00,25.8,51,1016.0,18.0,38.5,0.0,5
2024-03-10 18:00:00,24.9,54,1016.5,17.2,30.2,0.0,100
2024-03-10 19:00:00,24.6,57,1016.4,18.3,30.6,0.0,24
2024-03-10 20:00:00,23.6,58,1016.1,14.2,30.6,0.0,94
2024-03-10 21:00:00,23.0,57,1016.2,5.1,23.8,0.0,95
2024-03-10 22:00:00,23.0,57,1016.5,4.4,8.6,0.0,41
2024-03-10 23:00:00,21.9,61,1016.2,6.6,10.1,0.0,1
2024-03-11 00:00:00,20.8,65,1016.5,6.2,11.5,0.0,6
2024-03-11 01:00:00,20.9,74,1017.8,11.5,20.5,0.0,0
2024-03-11 02:00:00,22.2,72,1018.9,10.6,21.2,0.0,2
2024-03-11 03:00:00,25.2,57,1019.1,9.2,21.2,0.0,0
2024-03-11 04:00:00,28.6,35,1018.9,11.3,25.6,0.0,1
2024-03-11 05:00:00,30.8,27,1018.0,12.1,28.4,0.0,0
2024-03-11 06:00:00,32.3,25,1016.8,12.5,29.5,0.0,0
2024-03-11 07:00:00,33.8,23,1015.2,14.0,31.7,0.0,60
2024-03-11 08:00:00,33.4,24,1014.1,14.7,33.8,0.0,53
2024-03-11 09:00:00,33.6,23,1012.6,10.1,32.0,0.0,62
2024-03-11 10:00:00,33.9,23,1011.7,13.0,27.7,0.0,100
2024-03-11 11:00:00,31.6,29,1012.3,19.2,35.3,0.0,100
2024-03-11 12:00:00,30.9,30,1012.6,17.7,35.6,0.0,15
2024-03-11 13:00:00,30.2,29,1013.3,10.7,24.8,0.0,99
2024-03-11 14:00:00,29.2,31,1014.3,14.2,23.0,0.0,1
2024-03-11 15:00:00,27.2,38,1015.4,16.0,26.6,0.0,1
2024-03-11 16:00:00,26.1,45,1016.5,19.6,33.1,0.0,0
2024-03-11 17:00:00,25.1,52,1017.1,18.0,32.8,0.0,0
2024-03-11 18:00:00,24.4,55,1017.1,17.6,30.2,0.0,0
2024-03-11 19:00:00,23.4,60,1016.6,12.1,29.5,0.0,0
2024-03-11 20:00:00,22.4,66,1016.2,9.5,20.2,0.0,0
2024-03-11 21:00:00,21.7,71,1015.7,9.4,15.8,0.0,0
2024-03-11 22:00:00,21.3,74,1015.5,12.3,20.2,0.0,0
2024-03-11 23:00:00,20.9,77,1015.7,11.1,20.5,0.0,0
2024-03-12 00:00:00,20.4,80,1016.0,9.0,18.4,0.0,0
2024-03-12 01:00:00,20.3,89,1017.2,7.2,15.5,0.0,51
2024-03-12 02:00:00,21.8,82,1018.1,7.9,15.8,0.0,67
2024-03-12 03:00:00,24.9,61,1018.7,11.8,24.5,0.0,21
2024-03-12 04:00:00,27.5,46,1018.5,12.4,27.7,0.0,18
2024-03-12 05:00:00,29.7,36,1017.7,10.9,27.7,0.0,48
2024-03-12 06:00:00,31.7,28,1016.5,9.3,27.0,0.0,96
2024-03-12 07:00:00,33.4,22,1014.9,8.0,25.6,0.0,88
2024-03-12 08:00:00,34.0,22,1013.5,10.9,27.4,0.0,100
2024-03-12 09:00:00,33.9,22,1012.3,11.2,28.4,0.0,57
2024-03-12 10:00:00,34.2,21,1011.4,10.6,27.4,0.0,48
2024-03-12 11:00:00,34.0,21,1010.9,12.1,25.6,0.0,45
2024-03-12 12:00:00,33.0,21,1011.3,14.6,27.0,0.0,16
2024-03-12 13:00:00,30.1,26,1012.6,10.4,18.0,0.0,90
2024-03-12 14:00:00,29.8,26,1013.3,9.3,20.9,0.0,38
2024-03-12 15:00:00,28.0,30,1014.4,12.4,18.7,0.0,32
2024-03-12 16:00:00,27.7,32,1014.8,16.8,29.2,0.0,3
2024-03-12 17:00:00,26.1,39,1015.8,15.3,28.1,0.0,0
2024-03-12 18:00:00,25.1,48,1015.7,14.0,25.2,0.0,0
2024-03-12 19:00:00,24.4,53,1015.2,13.0,23.4,0.0,0
2024-03-12 20:00:00,23.4,57,1014.7,10.1,21.2,0.0,0
2024-03-12 21:00:00,22.7,59,1014.2,8.2,16.9,0.0,0
2024-03-12 22:00:00,22.3,60,1013.8,8.6,13.7,0.0,6
2024-03-12 23:00:00,22.1,60,1013.9,9.9,15.8,0.0,0
2024-03-13 00:00:00,21.7,63,1014.3,10.1,16.6,0.0,0
2024-03-13 01:00:00,21.7,70,1015.1,8.4,15.5,0.0,0
2024-03-13 02:00:00,23.4,65,1016.0,10.5,18.4,0.0,0
2024-03-13 03:00:00,25.9,55,1016.9,13.9,27.4,0.0,0
2024-03-13 04:00:00,28.2,44,1017.0,14.9,31.3,0.0,0
2024-03-13 05:00:00,30.2,35,1016.5,13.0,31.7,0.0,0
2024-03-13 06:00:00,31.8,31,1015.3,10.2,30.2,0.0,0
2024-03-13 07:00:00,33.3,27,1013.6,0.4,26.6,0.0,41
2024-03-13 08:00:00,34.2,24,1012.0,3.1,16.9,0.0,59
2024-03-13 09:00:00,34.6,22,1010.4,5.7,18.7,0.0,100
2024-03-13 10:00:00,34.0,23,1009.6,7.0,19.1,0.0,93
2024-03-13 11:00:00,33.9,22,1009.4,6.5,19.1,0.0,92
2024-03-13 12:00:00,33.1,23,1009.8,4.0,16.6,0.0,94
2024-03-13 13:00:00,29.9,31,1011.2,6.3,7.6,0.0,28
2024-03-13 14:00:00,28.8,33,1011.9,6.2,8.3,0.0,98
2024-03-13 15:00:00,28.9,34,1013.1,5.3,6.8,0.0,89
2024-03-13 16:00:00,29.5,31,1013.9,4.3,7.2,0.0,49
2024-03-13 17:00:00,27.4,34,1014.8,7.2,9.4,0.0,88
2024-03-13 18:00:00,26.1,42,1015.3,16.8,27.7,0.0,20
2024-03-13 19:00:00,24.8,47,1015.1,13.0,27.7,0.0,11
2024-03-13 20:00:00,23.9,52,1014.6,10.3,21.6,0.0,3
2024-03-13 21:00:00,23.2,51,1014.2,8.7,16.9,0.0,0
2024-03-13 22:00:00,22.1,54,1014.4,6.2,14.4,0.0,3
2024-03-13 23:00:00,22.3,54,1014.5,10.2,15.8,0.0,10
2024-03-14 00:00:00,21.7,63,1014.8,9.7,17.6,0.0,0
2024-03-14 01:00:00,22.1,83,1015.8,8.9,18.7,0.0,6
2024-03-14 02:00:00,23.0,85,1016.8,8.0,16.6,0.0,0
2024-03-14 03:00:00,25.4,70,1017.1,7.6,19.1,0.0,0
2024-03-14 04:00:00,28.2,50,1016.9,8.9,23.0,0.0,0
2024-03-14 05:00:00,30.1,41,1016.1,9.3,25.2,0.0,0
2024-03-14 06:00:00,31.6,36,1014.9,7.0,25.2,0.0,24
2024-03-14 07:00:00,32.6,33,1013.5,3.7,23.0,0.0,19
2024-03-14 08:00:00,33.5,31,1012.0,3.6,18.7,0.0,6
2024-03-14 09:00:00,34.1,28,1010.8,3.1,18.4,0.0,48
2024-03-14 10:00:00,33.6,29,1010.1,3.4,17.3,0.0,30
2024-03-14 11:00:00,33.2,29,1009.9,2.3,16.2,0.0,5
2024-03-14 12:00:00,32.6,30,1010.2,4.4,13.0,0.0,20
2024-03-14 13:00:00,30.7,34,1011.1,8.7,15.8,0.0,13
2024-03-14 14:00:00,29.7,37,1011.6,9.0,16.9,0.0,12
2024-03-14 15:00:00,28.2,42,1012.0,7.0,14.4,0.0,36
2024-03-14 16:00:00,28.8,40,1012.3,3.7,9.4,0.0,71
2024-03-14 17:00:00,28.0,40,1013.0,15.8,20.9,0.0,85
2024-03-14 18:00:00,26.5,39,1013.3,15.8,31.0,0.0,19
2024-03-14 19:00:00,25.6,42,1012.9,12.7,26.3,0.0,56
2024-03-14 20:00:00,25.5,42,1012.5,12.8,22.3,0.0,2
2024-03-14 21:00:00,24.2,47,1012.3,8.0,20.9,0.0,5
2024-03-14 22:00:00,23.4,55,1012.2,9.7,15.8,0.0,0
2024-03-14 23:00:00,22.5,70,1012.3,7.8,15.8,0.0,2
2024-03-15 00:00:00,21.8,79,1012.9,6.4,12.6,0.0,7
2024-03-15 01:00:00,24.0,75,1013.7,7.9,16.2,0.0,99
2024-03-15 02:00:00,24.6,75,1014.7,8.1,16.6,0.0,100
2024-03-15 03:00:00,25.9,68,1015.3,9.6,20.5,0.0,85
2024-03-15 04:00:00,28.2,52,1015.2,10.9,24.5,0.0,30
2024-03-15 05:00:00,30.9,39,1014.3,10.2,26.3,0.0,4
2024-03-15 06:00:00,32.5,33,1013.3,8.5,25.9,0.0,34
2024-03-15 07:00:00,33.7,29,1011.6,8.9,24.8,0.0,26
2024-03-15 08:00:00,34.2,27,1010.5,9.6,25.2,0.0,31
2024-03-15 09:00:00,34.8,25,1009.4,9.2,25.2,0.0,43
2024-03-15 10:00:00,34.7,24,1008.4,9.8,24.1,0.0,100
2024-03-15 11:00:00,33.8,25,1008.4,16.3,30.2,0.0,54
2024-03-15 12:00:00,32.7,26,1009.1,15.8,33.1,0.0,100
2024-03-15 13:00:00,31.3,30,1010.4,10.5,21.6,0.0,99
2024-03-15 14:00:00,30.9,31,1011.1,14.5,22.7,0.0,94
2024-03-15 15:00:00,29.8,33,1012.0,15.0,25.6,0.0,28
2024-03-15 16:00:00,28.7,35,1013.3,19.6,32.8,0.0,79
2024-03-15 17:00:00,27.4,38,1013.8,16.8,33.1,0.0,6
2024-03-15 18:00:00,26.0,44,1013.9,16.9,28.1,0.0,82
2024-03-15 19:00:00,26.2,47,1013.4,17.1,28.8,0.0,10
2024-03-15 20:00:00,24.9,56,1013.4,13.3,28.1,0.0,63
2024-03-15 21:00:00,24.0,64,1012.9,10.8,22.3,0.0,17
2024-03-15 22:00:00,22.8,73,1012.9,10.5,18.0,0.0,78
2024-03-15 23:00:00,22.6,77,1013.2,10.8,19.1,0.0,64
2024-03-16 00:00:00,22.6,77,1013.8,7.9,18.0,0.0,3
2024-03-16 01:00:00,23.0,79,1014.9,9.7,15.5,0.0,92
2024-03-16 02:00:00,24.3,62,1015.7,9.4,18.0,0.0,7
2024-03-16 03:00:00,26.2,54,1016.1,7.9,20.2,0.0,0
2024-03-16 04:00:00,28.3,47,1015.9,7.4,20.9,0.0,0
2024-03-16 05:00:00,30.3,37,1015.3,7.9,23.4,0.0,0
2024-03-16 06:00:00,32.0,31,1014.0,8.3,24.5,0.0,0
2024-03-16 07:00:00,33.7,26,1012.4,7.4,24.5,0.0,1
2024-03-16 08:00:00,34.9,23,1010.8,8.2,24.1,0.0,12
2024-03-16 09:00:00,35.5,21,1009.5,13.3,29.9,0.0,16
2024-03-16 10:00:00,35.2,21,1008.7,16.8,34.6,0.0,38
2024-03-16 11:00:00,34.7,19,1008.3,15.0,34.6,0.0,51
2024-03-16 12:00:00,33.7,20,1008.8,17.8,31.7,0.0,41
2024-03-16 13:00:00,30.4,31,1011.0,15.6,30.6,0.0,53
2024-03-16 14:00:00,29.0,36,1012.1,15.1,27.4,0.0,31
2024-03-16 15:00:00,28.1,39,1012.8,15.9,25.9,0.0,14
2024-03-16 16:00:00,27.0,44,1013.7,15.0,27.4,0.0,4
2024-03-16 17:00:00,26.1,49,1014.2,15.3,25.6,0.0,2
2024-03-16 18:00:00,25.3,55,1014.2,15.1,25.9,0.0,9
2024-03-16 19:00:00,24.6,59,1013.6,12.9,25.2,0.0,8
2024-03-16 20:00:00,23.9,64,1013.2,11.8,21.6,0.0,4
2024-03-16 21:00:00,22.8,73,1012.8,12.5,20.5,0.0,16
2024-03-16 22:00:00,22.0,83,1012.7,12.9,21.6,0.0,0
2024-03-16 23:00:00,21.2,90,1013.2,12.8,21.6,0.0,1
2024-03-17 00:00:00,20.6,95,1013.7,12.3,21.6,0.0,8
2024-03-17 01:00:00,21.6,92,1014.4,12.1,20.5,0.0,38
2024-03-17 02:00:00,22.7,85,1015.7,11.2,22.7,0.0,21
2024-03-17 03:00:00,25.3,68,1015.9,9.2,22.0,0.0,5
2024-03-17 04:00:00,28.0,53,1015.7,8.1,22.0,0.0,0
2024-03-17 05:00:00,30.4,38,1014.9,8.7,24.1,0.0,2
2024-03-17 06:00:00,32.2,30,1014.1,11.3,27.7,0.0,14
2024-03-17 07:00:00,33.4,24,1012.6,14.6,32.8,0.0,12
2024-03-17 08:00:00,34.1,23,1011.4,15.3,33.8,0.0,14
2024-03-17 09:00:00,34.6,22,1010.4,15.6,34.2,0.0,10
2024-03-17 10:00:00,34.4,21,1009.7,14.9,34.2,0.0,61
2024-03-17 11:00:00,33.4,22,1009.9,17.2,33.5,0.0,51
2024-03-17 12:00:00,32.0,24,1010.4,16.6,33.8,0.0,59
2024-03-17 13:00:00,29.3,30,1012.0,12.5,28.4,0.0,9
2024-03-17 14:00:00,28.0,33,1012.7,13.9,22.7,0.0,3
2024-03-17 15:00:00,27.1,36,1013.6,14.9,24.8,0.0,3
2024-03-17 16:00:00,26.2,38,1014.4,15.9,25.9,0.0,3
2024-03-17 17:00:00,25.3,44,1014.6,19.4,31.7,0.0,5
2024-03-17 18:00:00,24.6,50,1014.5,18.8,33.8,0.0,0
2024-03-17 19:00:00,23.7,55,1014.4,13.3,31.3,0.0,11
2024-03-17 20:00:00,22.8,60,1014.1,12.5,21.6,0.0,15
2024-03-17 21:00:00,22.2,66,1013.5,14.2,23.0,0.0,2
2024-03-17 22:00:00,21.5,72,1013.3,10.8,23.0,0.0,0
2024-03-17 23:00:00,20.9,77,1013.4,7.0,17.6,0.0,0
2024-03-18 00:00:00,20.0,81,1013.7,6.1,11.2,0.0,0
2024-03-18 01:00:00,20.7,83,1014.6,4.4,6.5,0.0,0
2024-03-18 02:00:00,23.1,68,1015.7,0.7,6.8,0.0,0
2024-03-18 03:00:00,25.8,54,1016.4,3.3,12.6,0.0,0
2024-03-18 04:00:00,28.2,43,1016.3,6.7,20.2,0.0,0
2024-03-18 05:00:00,30.1,33,1015.5,6.4,21.2,0.0,0
2024-03-18 06:00:00,31.6,28,1014.3,5.8,21.6,0.0,0
2024-03-18 07:00:00,32.9,25,1012.6,5.1,21.2,0.0,2
2024-03-18 08:00:00,34.4,21,1010.8,6.8,22.0,0.0,33
2024-03-18 09:00:00,34.8,20,1009.3,12.0,28.1,0.0,50
2024-03-18 10:00:00,34.5,19,1008.5,15.0,31.7,0.0,64
2024-03-18 11:00:00,33.8,19,1008.3,14.2,31.7,0.0,93
2024-03-18 12:00:00,33.0,19,1008.5,14.6,28.1,0.0,100
2024-03-18 13:00:00,29.9,24,1010.6,12.6,22.3,0.0,2
2024-03-18 14:00:00,28.4,28,1011.5,14.6,23.8,0.0,1
2024-03-18 15:00:00,27.2,31,1012.4,14.6,24.1,0.0,0
2024-03-18 16:00:00,25.9,31,1013.6,15.6,26.3,0.0,1
2024-03-18 17:00:00,24.8,36,1014.5,13.5,25.9,0.0,1
2024-03-18 18:00:00,24.0,44,1014.6,12.5,22.7,0.0,0
2024-03-18 19:00:00,23.8,49,1013.9,15.6,25.9,0.0,0
2024-03-18 20:00:00,23.3,53,1013.1,14.3,26.3,0.0,0
2024-03-18 21:00:00,22.5,57,1012.5,12.5,23.8,0.0,0
2024-03-18 22:00:00,21.8,61,1012.6,8.8,20.9,0.0,0
2024-03-18 23:00:00,21.7,61,1012.9,4.3,14.4,0.0,0
2024-03-19 00:00:00,20.8,65,1013.0,6.1,6.8,0.0,0
2024-03-19 01:00:00,20.8,71,1013.8,4.6,7.6,0.0,2
2024-03-19 02:00:00,23.1,61,1014.6,6.4,13.3,0.0,9
2024-03-19 03:00:00,26.2,47,1015.3,8.6,19.8,0.0,34
2024-03-19 04:00:00,28.4,36,1015.4,9.0,23.0,0.0,16
2024-03-19 05:00:00,30.2,29,1014.8,7.9,23.4,0.0,3
2024-03-19 06:00:00,31.7,25,1013.4,5.4,23.0,0.0,2
2024-03-19 07:00:00,33.5,21,1011.7,4.9,20.9,0.0,37
2024-03-19 08:00:00,34.3,18,1010.3,9.3,25.2,0.0,57
2024-03-19 09:00:00,34.4,17,1009.0,13.3,29.9,0.0,80
2024-03-19 10:00:00,33.6,18,1008.6,17.0,34.6,0.0,38
2024-03-19 11:00:00,32.9,18,1008.7,18.7,36.4,0.0,7
2024-03-19 12:00:00,32.3,18,1009.0,13.3,35.3,0.0,10
2024-03-19 13:00:00,29.7,22,1010.4,8.1,22.7,0.0,3
2024-03-19 14:00:00,28.5,27,1011.3,13.2,21.2,0.0,3
2024-03-19 15:00:00,27.6,30,1012.0,12.2,24.1,0.0,1
2024-03-19 16:00:00,25.9,41,1013.3,20.3,33.8,0.0,0
2024-03-19 17:00:00,25.0,50,1013.7,17.8,33.8,0.0,0
2024-03-19 18:00:00,24.1,55,1013.8,14.3,29.9,0.0,0
2024-03-19 19:00:00,23.2,59,1013.3,13.0,23.4,0.0,0
2024-03-19 20:00:00,22.3,63,1012.6,13.5,22.3,0.0,0
2024-03-19 21:00:00,21.6,67,1012.4,9.9,22.3,0.0,0
2024-03-19 22:00:00,20.9,69,1012.4,8.7,16.6,0.0,0
2024-03-19 23:00:00,20.6,70,1012.5,8.5,14.8,0.0,0
2024-03-20 00:00:00,20.2,71,1012.8,6.9,14.4,0.0,0
2024-03-20 01:00:00,20.6,69,1013.7,6.9,13.3,0.0,0
2024-03-20 02:00:00,22.4,62,1014.6,7.4,15.5,0.0,0
2024-03-20 03:00:00,25.5,52,1015.0,10.5,22.7,0.0,0
2024-03-20 04:00:00,28.1,41,1014.9,10.9,25.9,0.0,0
2024-03-20 05:00:00,30.2,34,1014.1,8.9,25.9,0.0,0
2024-03-20 06:00:00,31.8,30,1013.0,5.4,24.8,0.0,0
2024-03-20 07:00:00,33.2,26,1011.3,1.8,20.9,0.0,9
2024-03-20 08:00:00,34.2,24,1010.0,3.5,18.0,0.0,6
2024-03-20 09:00:00,35.1,22,1008.8,5.8,20.5,0.0,16
2024-03-20 10:00:00,35.2,21,1008.1,9.0,23.8,0.0,34
2024-03-20 11:00:00,34.5,21,1008.0,10.2,23.8,0.0,43
2024-03-20 12:00:00,33.4,21,1008.5,12.6,23.4,0.0,86
2024-03-20 13:00:00,30.7,25,1009.8,15.4,28.8,0.0,5
2024-03-20 14:00:00,29.2,27,1010.6,13.1,26.3,0.0,19
2024-03-20 15:00:00,28.0,29,1011.4,17.2,27.4,0.0,12
2024-03-20 16:00:00,26.3,42,1012.5,18.4,33.1,0.0,2
2024-03-20 17:00:00,25.0,53,1013.4,16.1,31.3,0.0,0
2024-03-20 18:00:00,24.0,62,1013.6,18.8,31.3,0.0,0
2024-03-20 19:00:00,22.6,75,1013.5,18.8,31.7,0.0,0
2024-03-20 20:00:00,21.4,83,1013.4,17.7,31.7,0.0,3
2024-03-20 21:00:00,20.8,86,1013.2,18.1,31.0,0.0,54
2024-03-20 22:00:00,20.4,88,1013.1,16.3,30.6,0.0,92
2024-03-20 23:00:00,20.6,86,1013.4,15.2,28.1,0.0,74
2024-03-21 00:00:00,20.4,86,1013.9,14.8,26.3,0.0,53
2024-03-21 01:00:00,20.0,90,1015.0,15.9,28.4,0.0,1
2024-03-21 02:00:00,21.3,82,1015.8,16.5,29.9,0.0,12
2024-03-21 03:00:00,23.5,66,1016.2,16.3,32.0,0.0,6
2024-03-21 04:00:00,25.7,54,1016.0,15.3,33.1,0.0,2
2024-03-21 05:00:00,28.0,44,1014.9,15.0,33.1,0.0,0
2024-03-21 06:00:00,30.0,37,1013.7,14.1,33.1,0.0,0
2024-03-21 07:00:00,31.8,31,1012.3,11.2,32.8,0.0,29
2024-03-21 08:00:00,32.5,28,1010.9,10.5,28.4,0.0,57
2024-03-21 09:00:00,32.7,27,1009.4,10.8,27.0,0.0,99
2024-03-21 10:00:00,31.8,29,1008.6,12.6,27.0,0.0,99
2024-03-21 11:00:00,32.1,28,1008.3,11.2,27.0,0.0,52
2024-03-21 12:00:00,31.0,31,1008.7,14.1,26.3,0.0,55
2024-03-21 13:00:00,28.5,37,1010.3,11.9,24.8,0.0,9
2024-03-21 14:00:00,27.1,42,1011.1,14.1,23.4,0.0,4
2024-03-21 15:00:00,25.9,46,1011.7,12.3,23.0,0.0,2
2024-03-21 16:00:00,25.1,49,1012.8,14.7,23.8,0.0,1
2024-03-21 17:00:00,24.2,56,1013.6,19.0,31.7,0.0,1
2024-03-21 18:00:00,23.0,66,1013.8,19.6,33.1,0.0,0
2024-03-21 19:00:00,22.2,73,1013.3,18.8,33.1,0.0,0
2024-03-21 20:00:00,21.6,78,1012.9,15.3,31.7,0.0,0
2024-03-21 21:00:00,21.0,82,1012.4,11.5,25.6,0.0,0
2024-03-21 22:00:00,20.5,87,1012.4,7.8,19.4,0.0,5
2024-03-21 23:00:00,20.0,91,1012.4,6.6,12.6,0.0,31
2024-03-22 00:00:00,20.0,93,1012.8,8.4,14.0,0.0,74
2024-03-22 01:00:00,21.0,88,1013.1,10.2,19.1,0.0,24
2024-03-22 02:00:00,21.6,83,1013.9,9.0,18.7,0.0,11
2024-03-22 03:00:00,23.9,67,1014.5,10.0,23.0,0.0,1
2024-03-22 04:00:00,27.0,47,1014.4,11.4,26.3,0.0,0
2024-03-22 05:00:00,29.3,36,1013.7,11.6,28.4,0.0,1
2024-03-22 06:00:00,30.9,31,1012.3,11.7,29.2,0.0,0
2024-03-22 07:00:00,32.3,27,1010.6,10.9,28.8,0.0,0
2024-03-22 08:00:00,33.6,25,1009.1,10.0,28.4,0.0,2
2024-03-22 09:00:00,34.1,22,1007.5,9.5,27.4,0.0,30
2024-03-22 10:00:00,33.8,22,1006.9,9.7,25.6,0.0,14
2024-03-22 11:00:00,33.6,22,1006.4,8.4,23.4,0.0,17
2024-03-22 12:00:00,32.9,22,1006.6,9.4,20.5,0.0,35
2024-03-22 13:00:00,29.9,29,1008.5,12.4,24.1,0.0,77
2024-03-22 14:00:00,29.0,30,1009.6,11.6,21.2,0.0,8
2024-03-22 15:00:00,27.6,34,1010.4,13.3,22.0,0.0,15
2024-03-22 16:00:00,26.5,37,1011.3,11.9,22.3,0.0,3
2024-03-22 17:00:00,25.6,41,1012.0,12.0,19.8,0.0,0
2024-03-22 18:00:00,24.8,45,1012.0,14.1,23.0,0.0,0
2024-03-22 19:00:00,23.0,65,1011.9,15.0,27.0,0.0,0
2024-03-22 20:00:00,22.1,74,1011.3,11.2,24.8,0.0,0
2024-03-22 21:00:00,21.3,79,1011.0,10.2,18.4,0.0,0
2024-03-22 22:00:00,20.5,87,1011.1,9.0,16.6,0.0,0
2024-03-22 23:00:00,19.9,91,1011.0,7.4,14.8,0.0,0
2024-03-23 00:00:00,19.4,94,1011.5,7.0,12.6,0.0,0
2024-03-23 01:00:00,19.8,96,1012.6,5.9,11.5,0.0,2
2024-03-23 02:00:00,21.5,84,1013.8,7.2,16.2,0.0,5
2024-03-23 03:00:00,24.3,65,1014.3,7.4,19.1,0.0,2
2024-03-23 04:00:00,27.8,43,1014.2,9.8,23.8,0.0,0
2024-03-23 05:00:00,30.7,28,1013.2,13.4,30.2,0.0,9
2024-03-23 06:00:00,32.3,24,1012.3,14.6,32.8,0.0,10
2024-03-23 07:00:00,33.6,20,1010.6,14.0,33.1,0.0,2
2024-03-23 08:00:00,34.4,18,1009.2,13.5,32.4,0.0,3
2024-03-23 09:00:00,34.6,18,1008.0,14.3,32.0,0.0,1
2024-03-23 10:00:00,34.4,19,1007.3,14.6,32.0,0.0,0
2024-03-23 11:00:00,34.1,19,1007.1,12.6,31.3,0.0,4
2024-03-23 12:00:00,32.9,20,1007.3,14.6,26.6,0.0,54
2024-03-23 13:00:00,30.6,24,1008.8,18.4,31.0,0.0,24
2024-03-23 14:00:00,29.3,26,1009.9,18.8,34.2,0.0,16
2024-03-23 15:00:00,28.3,30,1011.0,15.7,31.0,0.0,13
2024-03-23 16:00:00,27.0,36,1012.2,17.0,29.2,0.0,0
2024-03-23 17:00:00,26.2,40,1012.8,15.5,28.4,0.0,0
2024-03-23 18:00:00,25.3,42,1013.0,15.3,25.9,0.0,0
2024-03-23 19:00:00,24.1,49,1012.9,14.7,26.6,0.0,0
2024-03-23 20:00:00,22.9,55,1012.4,13.7,24.5,0.0,0
2024-03-23 21:00:00,21.9,61,1012.1,13.0,22.7,0.0,0
2024-03-23 22:00:00,21.2,64,1012.0,10.4,21.6,0.0,0
2024-03-23 23:00:00,20.2,68,1012.4,6.3,16.9,0.0,0
2024-03-24 00:00:00,19.7,68,1013.1,7.6,12.6,0.0,0
2024-03-24 01:00:00,20.3,63,1014.0,6.9,10.8,0.0,12
2024-03-24 02:00:00,22.4,55,1014.8,8.8,16.9,0.0,76
2024-03-24 03:00:00,26.0,38,1015.4,9.6,21.2,0.0,65
2024-03-24 04:00:00,29.0,28,1015.3,9.8,24.1,0.0,36
2024-03-24 05:00:00,31.6,21,1014.4,12.2,28.4,0.0,60
2024-03-24 06:00:00,33.5,17,1013.4,15.0,32.8,0.0,96
2024-03-24 07:00:00,34.3,16,1012.3,16.7,36.0,0.0,99
2024-03-24 08:00:00,34.8,16,1010.8,15.6,36.0,0.0,95
2024-03-24 09:00:00,35.0,15,1009.6,15.4,34.9,0.0,77
2024-03-24 10:00:00,35.0,13,1009.2,15.5,33.5,0.0,26
2024-03-24 11:00:00,34.4,14,1009.1,17.2,33.8,0.0,1
2024-03-24 12:00:00,33.1,15,1009.6,16.6,33.5,0.0,2
2024-03-24 13:00:00,29.9,18,1010.8,10.8,28.8,0.0,8
2024-03-24 14:00:00,28.4,20,1011.5,13.0,20.9,0.0,13
2024-03-24 15:00:00,27.2,24,1013.0,14.2,23.8,0.0,0
2024-03-24 16:00:00,26.1,32,1014.2,15.5,26.6,0.0,0
2024-03-24 17:00:00,25.2,44,1014.9,15.5,26.3,0.0,0
2024-03-24 18:00:00,24.4,52,1014.8,15.6,25.9,0.0,3
2024-03-24 19:00:00,23.5,59,1014.5,15.0,26.3,0.0,13
2024-03-24 20:00:00,22.6,65,1013.9,13.5,24.8,0.0,0
2024-03-24 21:00:00,21.8,70,1013.1,12.4,22.3,0.0,7
2024-03-24 22:00:00,20.9,74,1012.9,9.3,20.2,0.0,1
2024-03-24 23:00:00,20.1,79,1013.0,6.2,15.5,0.0,0
2024-03-25 00:00:00,19.3,83,1013.5,4.7,9.7,0.0,0
2024-03-25 01:00:00,19.3,88,1014.2,4.9,8.6,0.0,0
2024-03-25 02:00:00,21.9,74,1014.9,5.4,12.6,0.0,0
2024-03-25 03:00:00,25.6,52,1015.5,7.3,18.0,0.0,0
2024-03-25 04:00:00,29.0,30,1015.2,8.4,22.3,0.0,0
2024-03-25 05:00:00,31.6,21,1014.5,11.2,27.0,0.0,0
2024-03-25 06:00:00,33.4,18,1013.5,14.3,31.7,0.0,4
2024-03-25 07:00:00,34.2,18,1012.5,17.3,37.1,0.0,2
2024-03-25 08:00:00,34.7,18,1011.1,16.2,37.1,0.0,0
2024-03-25 09:00:00,35.2,16,1010.0,16.0,35.6,0.0,25
2024-03-25 10:00:00,35.5,15,1009.1,15.6,34.6,0.0,42
2024-03-25 11:00:00,34.8,16,1008.8,20.0,37.8,0.0,44
2024-03-25 12:00:00,33.1,18,1009.6,16.9,38.2,0.0,30
2024-03-25 13:00:00,31.0,24,1010.8,13.2,30.2,0.0,5
2024-03-25 14:00:00,29.2,28,1011.6,14.4,24.1,0.0,14
2024-03-25 15:00:00,27.9,35,1012.9,15.5,26.3,0.0,2
2024-03-25 16:00:00,26.7,44,1014.1,18.4,30.6,0.0,0
2024-03-25 17:00:00,25.9,47,1014.8,19.2,32.0,0.0,0
2024-03-25 18:00:00,25.2,50,1014.8,19.9,33.8,0.0,0
2024-03-25 19:00:00,24.1,55,1014.2,18.5,33.8,0.0,0
2024-03-25 20:00:00,23.2,60,1013.6,15.6,31.3,0.0,0
2024-03-25 21:00:00,22.3,63,1013.2,7.6,26.3,0.0,0
2024-03-25 22:00:00,21.3,67,1013.0,5.2,12.2,0.0,0
2024-03-25 23:00:00,20.6,71,1013.3,5.1,8.3,0.0,0
2024-03-26 00:00:00,20.1,75,1014.0,5.6,8.3,0.0,0
2024-03-26 01:00:00,19.9,77,1014.8,5.4,11.5,0.0,0
2024-03-26 02:00:00,21.8,72,1015.5,6.9,14.8,0.0,0
2024-03-26 03:00:00,25.3,51,1015.9,7.4,19.1,0.0,0
2024-03-26 04:00:00,28.4,34,1015.8,7.2,21.2,0.0,0
2024-03-26 05:00:00,30.9,25,1015.0,6.0,21.2,0.0,0
2024-03-26 06:00:00,33.4,16,1013.8,12.0,28.4,0.0,1
2024-03-26 07:00:00,34.4,16,1012.4,17.3,36.7,0.0,0
2024-03-26 08:00:00,35.1,16,1011.2,17.0,37.4,0.0,0
2024-03-26 09:00:00,35.5,15,1010.0,18.5,37.8,0.0,0
2024-03-26 10:00:00,35.0,16,1009.6,19.9,40.0,0.0,0
2024-03-26 11:00:00,34.3,18,1009.7,17.7,39.2,0.0,4
2024-03-26 12:00:00,33.2,19,1010.2,18.8,34.2,0.0,58
2024-03-26 13:00:00,30.3,23,1011.7,15.6,31.3,0.0,3
2024-03-26 14:00:00,28.6,27,1012.9,14.9,26.6,0.0,0
2024-03-26 15:00:00,27.1,35,1014.2,17.3,28.4,0.0,0
2024-03-26 16:00:00,26.5,40,1015.2,18.5,31.3,0.0,0
2024-03-26 17:00:00,25.6,44,1015.9,14.8,30.6,0.0,0
2024-03-26 18:00:00,24.4,49,1016.2,13.9,24.5,0.0,0
2024-03-26 19:00:00,23.2,54,1015.9,14.0,23.4,0.0,0
2024-03-26 20:00:00,22.1,56,1015.4,13.4,23.4,0.0,0
2024-03-26 21:00:00,21.2,60,1015.0,11.7,22.3,0.0,0
2024-03-26 22:00:00,20.3,65,1014.8,10.2,19.4,0.0,0
2024-03-26 23:00:00,19.5,72,1014.8,9.2,16.9,0.0,0
2024-03-27 00:00:00,18.9,78,1015.5,6.6,15.1,0.0,0
2024-03-27 01:00:00,19.4,81,1016.8,8.2,12.6,0.0,0
2024-03-27 02:00:00,21.5,73,1017.7,9.4,18.4,0.0,0
2024-03-27 03:00:00,24.9,55,1018.0,8.7,20.9,0.0,0
2024-03-27 04:00:00,28.3,32,1017.7,9.0,23.0,0.0,0
2024-03-27 05:00:00,31.0,22,1017.1,12.2,28.4,0.0,0
2024-03-27 06:00:00,32.9,17,1016.0,15.9,34.6,0.0,0
2024-03-27 07:00:00,34.0,15,1014.7,18.7,39.2,0.0,0
2024-03-27 08:00:00,34.7,15,1013.3,19.5,40.3,0.0,0
2024-03-27 09:00:00,35.0,14,1012.0,19.1,40.3,0.0,0
2024-03-27 10:00:00,34.7,14,1011.0,18.4,38.9,0.0,2
2024-03-27 11:00:00,33.9,15,1010.9,17.1,36.7,0.0,0
2024-03-27 12:00:00,32.6,19,1011.3,16.1,33.5,0.0,23
2024-03-27 13:00:00,29.6,27,1013.0,10.5,28.1,0.0,0
2024-03-27 14:00:00,27.8,32,1013.7,8.4,17.3,0.0,0
2024-03-27 15:00:00,26.7,36,1014.7,9.7,15.8,0.0,0
2024-03-27 16:00:00,25.7,38,1015.6,10.6,17.3,0.0,0
2024-03-27 17:00:00,24.6,44,1016.2,11.9,19.4,0.0,0
2024-03-27 18:00:00,23.7,56,1016.5,11.9,20.2,0.0,0
2024-03-27 19:00:00,22.9,65,1016.1,11.6,19.8,0.0,0
2024-03-27 20:00:00,22.0,74,1015.4,11.0,19.1,0.0,0
2024-03-27 21:00:00,21.2,81,1014.6,9.5,18.0,0.0,0
2024-03-27 22:00:00,20.7,85,1013.9,8.0,15.5,0.0,0
2024-03-27 23:00:00,20.1,89,1013.7,6.8,13.0,0.0,0
2024-03-28 00:00:00,19.8,90,1014.2,7.6,12.2,0.0,1
2024-03-28 01:00:00,20.5,95,1014.9,8.8,14.8,0.0,17
2024-03-28 02:00:00,22.9,82,1015.8,7.5,17.6,0.0,0
2024-03-28 03:00:00,25.8,67,1016.4,8.0,19.4,0.0,15
2024-03-28 04:00:00,28.5,51,1016.1,8.1,22.3,0.0,10
2024-03-28 05:00:00,31.1,37,1015.1,7.7,23.0,0.0,0
2024-03-28 06:00:00,33.7,22,1013.7,11.3,27.7,0.0,0
2024-03-28 07:00:00,34.7,19,1012.4,15.6,34.6,0.0,0
2024-03-28 08:00:00,35.1,19,1011.1,15.2,34.9,0.0,0
2024-03-28 09:00:00,35.3,20,1009.9,13.7,33.8,0.0,1
2024-03-28 10:00:00,35.2,20,1009.3,14.6,31.7,0.0,37
2024-03-28 11:00:00,35.0,20,1008.7,14.8,31.7,0.0,15
2024-03-28 12:00:00,33.8,20,1009.0,15.9,30.2,0.0,96
2024-03-28 13:00:00,30.7,23,1010.5,12.6,27.7,0.0,21
2024-03-28 14:00:00,29.4,25,1011.1,16.3,26.6,0.0,0
2024-03-28 15:00:00,28.3,26,1011.9,16.3,27.4,0.0,29
2024-03-28 16:00:00,26.9,30,1013.0,14.8,27.0,0.0,98
2024-03-28 17:00:00,26.1,36,1013.8,13.7,24.8,0.0,91
2024-03-28 18:00:00,25.2,42,1014.0,11.4,22.7,0.0,36
2024-03-28 19:00:00,24.3,51,1013.6,10.5,19.1,0.0,23
2024-03-28 20:00:00,23.4,58,1013.2,9.2,17.3,0.0,52
2024-03-28 21:00:00,22.4,64,1012.9,8.0,14.8,0.0,33
2024-03-28 22:00:00,21.8,67,1012.5,7.2,13.0,0.0,0
2024-03-28 23:00:00,21.6,67,1012.4,7.9,12.2,0.0,0
2024-03-29 00:00:00,21.3,69,1012.8,7.2,12.6,0.0,0
2024-03-29 01:00:00,21.5,77,1013.4,4.8,8.3,0.0,99
2024-03-29 02:00:00,24.3,65,1014.3,5.9,13.3,0.0,6
2024-03-29 03:00:00,27.4,52,1015.0,8.8,20.2,0.0,26
2024-03-29 04:00:00,30.2,37,1014.7,9.6,24.1,0.0,94
2024-03-29 05:00:00,32.7,24,1013.7,12.0,28.1,0.0,51
2024-03-29 06:00:00,34.4,20,1012.7,16.9,35.6,0.0,23
2024-03-29 07:00:00,35.2,19,1011.9,17.9,38.5,0.0,46
2024-03-29 08:00:00,35.6,19,1010.5,18.8,38.9,0.0,77
2024-03-29 09:00:00,36.0,19,1009.4,18.6,39.6,0.0,71
2024-03-29 10:00:00,35.6,18,1008.6,16.6,38.5,0.0,12
2024-03-29 11:00:00,35.0,18,1008.3,18.6,35.6,0.0,39
2024-03-29 12:00:00,33.6,21,1008.7,18.7,36.0,0.0,1
2024-03-29 13:00:00,31.2,25,1009.9,12.9,28.1,0.0,4
2024-03-29 14:00:00,29.5,29,1011.3,12.9,21.6,0.0,2
2024-03-29 15:00:00,28.3,33,1012.6,16.9,27.4,0.0,0
2024-03-29 16:00:00,27.1,40,1013.7,18.5,31.3,0.0,0
2024-03-29 17:00:00,26.1,45,1014.2,15.5,31.0,0.0,0
2024-03-29 18:00:00,25.1,50,1014.2,14.6,25.9,0.0,0
2024-03-29 19:00:00,24.5,53,1013.8,13.3,24.1,0.0,0
2024-03-29 20:00:00,23.7,56,1013.4,8.6,21.6,0.0,0
2024-03-29 21:00:00,21.8,63,1013.3,7.6,13.7,0.0,0
2024-03-29 22:00:00,21.2,65,1013.3,7.1,9.7,0.0,0
2024-03-29 23:00:00,20.7,65,1013.5,9.2,10.8,0.0,0
2024-03-30 00:00:00,22.6,56,1013.9,5.4,10.8,0.0,0
2024-03-30 01:00:00,22.6,60,1014.7,2.6,7.2,0.0,0
2024-03-30 02:00:00,24.4,54,1015.5,2.5,8.6,0.0,0
2024-03-30 03:00:00,26.9,47,1015.8,6.7,17.6,0.0,0
2024-03-30 04:00:00,29.2,37,1015.8,6.9,20.5,0.0,0
2024-03-30 05:00:00,31.4,29,1014.9,6.2,21.2,0.0,0
2024-03-30 06:00:00,33.7,20,1013.8,9.3,24.8,0.0,0
2024-03-30 07:00:00,35.1,16,1012.6,16.4,35.3,0.0,0
2024-03-30 08:00:00,35.6,15,1011.5,17.0,37.4,0.0,0
2024-03-30 09:00:00,35.7,16,1010.3,18.1,37.4,0.0,45
2024-03-30 10:00:00,35.5,15,1009.6,17.8,38.2,0.0,87
2024-03-30 11:00:00,35.3,12,1009.2,19.8,37.4,0.0,32
2024-03-30 12:00:00,33.8,13,1009.8,20.2,39.2,0.0,5
2024-03-30 13:00:00,31.0,20,1011.2,9.8,33.5,0.0,0
2024-03-30 14:00:00,29.3,21,1012.2,13.0,20.5,0.0,0
2024-03-30 15:00:00,28.0,25,1013.7,12.9,23.8,0.0,0
2024-03-30 16:00:00,26.4,35,1014.6,12.4,21.2,0.0,0
2024-03-30 17:00:00,25.1,43,1015.1,11.8,20.5,0.0,0
2024-03-30 18:00:00,24.0,49,1015.3,10.3,19.4,0.0,0
2024-03-30 19:00:00,23.0,54,1015.3,9.0,16.6,0.0,0
2024-03-30 20:00:00,22.7,56,1014.7,9.4,15.1,0.0,0
2024-03-30 21:00:00,22.2,58,1014.3,8.2,15.1,0.0,0
2024-03-30 22:00:00,21.6,61,1014.0,8.3,13.7,0.0,0
2024-03-30 23:00:00,20.6,66,1014.5,6.4,13.7,0.0,0
2024-03-31 00:00:00,20.2,68,1015.1,6.5,10.1,0.0,0
2024-03-31 01:00:00,21.0,70,1016.2,7.2,11.2,0.0,6
2024-03-31 02:00:00,23.7,59,1017.1,9.4,18.0,0.0,20
2024-03-31 03:00:00,26.6,47,1017.4,11.2,24.5,0.0,43
2024-03-31 04:00:00,28.4,41,1017.3,9.9,25.2,0.0,78
2024-03-31 05:00:00,30.0,36,1016.5,8.2,24.8,0.0,95
2024-03-31 06:00:00,31.6,31,1015.4,5.8,23.8,0.0,100
2024-03-31 07:00:00,33.2,25,1013.9,3.3,21.6,0.0,100
2024-03-31 08:00:00,34.9,18,1012.1,7.0,22.0,0.0,93
2024-03-31 09:00:00,35.5,15,1010.9,13.0,29.9,0.0,95
2024-03-31 10:00:00,35.2,14,1010.0,15.2,32.4,0.0,100
2024-03-31 11:00:00,34.6,14,1009.5,12.9,32.4,0.0,100
2024-03-31 12:00:00,33.5,14,1009.9,12.6,27.0,0.0,100
2024-03-31 13:00:00,30.1,20,1011.6,11.8,23.8,0.0,99
2024-03-31 14:00:00,28.7,21,1012.3,12.5,22.0,0.0,68
2024-03-31 15:00:00,27.8,20,1012.7,11.1,20.2,0.0,0
2024-03-31 16:00:00,26.6,24,1013.2,12.4,20.5,0.0,0
2024-03-31 17:00:00,25.4,28,1013.5,11.6,20.2,0.0,0
2024-03-31 18:00:00,24.0,52,1014.0,13.9,23.0,0.0,5
2024-03-31 19:00:00,23.2,66,1013.5,12.7,22.7,0.0,22
2024-03-31 20:00:00,22.6,71,1012.9,11.9,21.2,0.0,0
2024-03-31 21:00:00,21.6,78,1012.7,9.7,19.8,0.0,0
2024-03-31 22:00:00,21.0,85,1012.6,7.9,15.8,0.0,0
2024-03-31 23:00:00,20.5,90,1012.9,6.5,12.6,0.0,0
2024-04-01 00:00:00,20.4,91,1013.3,7.2,11.9,0.0,0
2024-04-01 01:00:00,21.6,92,1014.2,8.7,16.2,0.0,56
2024-04-01 02:00:00,23.6,80,1015.1,8.0,16.9,0.0,26
2024-04-01 03:00:00,25.9,65,1015.3,8.5,21.6,0.0,54
2024-04-01 04:00:00,28.3,53,1015.2,6.9,21.6,0.0,34
2024-04-01 05:00:00,30.5,41,1014.2,5.1,21.2,0.0,0
2024-04-01 06:00:00,32.3,33,1012.9,2.6,20.5,0.0,0
2024-04-01 07:00:00,34.0,27,1011.4,0.4,17.6,0.0,0
2024-04-01 08:00:00,35.2,22,1009.7,2.7,17.6,0.0,1
2024-04-01 09:00:00,35.9,18,1007.8,5.8,20.2,0.0,5
2024-04-01 10:00:00,36.1,17,1006.8,9.2,23.4,0.0,2
2024-04-01 11:00:00,35.7,16,1006.5,11.1,24.8,0.0,1
2024-04-01 12:00:00,34.7,16,1006.7,13.5,24.8,0.0,2
2024-04-01 13:00:00,31.6,24,1008.6,5.9,14.0,0.0,71
2024-04-01 14:00:00,29.3,29,1009.8,6.1,9.7,0.0,19
2024-04-01 15:00:00,28.9,31,1010.8,4.4,7.6,0.0,37
2024-04-01 16:00:00,29.1,31,1011.5,4.0,6.1,0.0,18
2024-04-01 17:00:00,26.5,35,1011.8,6.0,9.4,0.0,1
2024-04-01 18:00:00,26.1,45,1012.0,9.5,19.1,0.0,0
2024-04-01 19:00:00,25.0,54,1011.6,10.8,17.3,0.0,0
2024-04-01 20:00:00,24.3,60,1011.1,10.5,18.7,0.0,0
2024-04-01 21:00:00,23.5,67,1010.8,8.1,17.6,0.0,0
2024-04-01 22:00:00,22.8,75,1010.6,8.5,14.0,0.0,0
2024-04-01 23:00:00,22.7,76,1010.8,10.8,16.9,0.0,0
2024-04-02 00:00:00,22.8,76,1011.6,12.3,21.2,0.0,0
2024-04-02 01:00:00,23.0,87,1012.1,9.5,16.9,0.0,0
2024-04-02 02:00:00,24.9,77,1012.8,11.3,21.2,0.0,0
2024-04-02 03:00:00,27.1,65,1013.1,12.1,26.6,0.0,0
2024-04-02 04:00:00,29.3,54,1012.9,10.0,26.3,0.0,0
2024-04-02 05:00:00,31.6,40,1011.9,4.6,25.2,0.0,0
2024-04-02 06:00:00,33.8,28,1010.6,4.4,21.2,0.0,1
2024-04-02 07:00:00,35.6,20,1009.3,9.7,25.9,0.0,14
2024-04-02 08:00:00,36.3,18,1007.8,12.2,29.9,0.0,87
2024-04-02 09:00:00,36.7,17,1006.7,12.1,30.2,0.0,85
2024-04-02 10:00:00,36.8,16,1005.8,11.6,28.8,0.0,90
2024-04-02 11:00:00,36.3,16,1005.5,13.2,27.4,0.0,97
2024-04-02 12:00:00,35.0,17,1005.8,17.2,31.0,0.0,95
2024-04-02 13:00:00,32.2,18,1007.3,15.0,27.0,0.0,100
2024-04-02 14:00:00,30.8,20,1008.1,13.2,25.2,0.0,72
2024-04-02 15:00:00,29.5,20,1009.1,13.1,21.6,0.0,0
2024-04-02 16:00:00,28.4,23,1010.4,16.9,27.4,0.0,16
2024-04-02 17:00:00,27.7,28,1011.0,17.9,30.6,0.0,98
2024-04-02 18:00:00,26.9,32,1011.2,17.0,30.2,0.0,96
2024-04-02 19:00:00,25.6,38,1011.3,13.5,27.7,0.0,15
2024-04-02 20:00:00,24.2,52,1011.2,10.7,22.0,0.0,9
2024-04-02 21:00:00,23.0,69,1010.8,12.1,19.4,0.0,22
2024-04-02 22:00:00,22.1,79,1011.2,10.0,19.4,0.0,0
2024-04-02 23:00:00,21.9,79,1011.3,10.2,17.6,0.0,38
2024-04-03 00:00:00,21.7,71,1011.8,9.1,16.9,0.0,7
2024-04-03 01:00:00,21.8,70,1012.4,8.7,16.2,0.0,0
2024-04-03 02:00:00,24.1,62,1013.5,11.2,19.8,0.0,0
2024-04-03 03:00:00,26.6,56,1013.8,15.0,29.9,0.0,0
2024-04-03 04:00:00,29.1,46,1013.7,13.4,30.6,0.0,0
2024-04-03 05:00:00,31.5,37,1012.9,11.4,29.9,0.0,5
2024-04-03 06:00:00,33.7,29,1011.7,10.2,28.4,0.0,0
2024-04-03 07:00:00,35.7,19,1010.1,10.0,27.0,0.0,0
2024-04-03 08:00:00,36.6,16,1008.5,14.5,32.8,0.0,2
2024-04-03 09:00:00,36.7,15,1007.5,16.2,34.9,0.0,0
2024-04-03 10:00:00,36.4,15,1006.7,14.0,34.6,0.0,0
2024-04-03 11:00:00,35.8,17,1006.7,12.0,30.2,0.0,0
2024-04-03 12:00:00,34.8,18,1006.8,13.7,25.6,0.0,4
2024-04-03 13:00:00,32.0,23,1008.5,10.5,23.4,0.0,0
2024-04-03 14:00:00,30.4,25,1009.7,13.3,21.6,0.0,0
2024-04-03 15:00:00,29.4,29,1010.3,13.7,23.8,0.0,1
2024-04-03 16:00:00,28.5,31,1010.9,18.1,28.4,0.0,0
2024-04-03 17:00:00,27.9,32,1011.5,17.7,33.8,0.0,0
2024-04-03 18:00:00,26.8,35,1011.4,13.4,29.5,0.0,28
2024-04-03 19:00:00,25.6,39,1011.2,10.5,22.3,0.0,38
2024-04-03 20:00:00,24.4,44,1011.1,6.8,17.6,0.0,46
2024-04-03 21:00:00,23.0,49,1011.4,6.6,10.4,0.0,4
2024-04-03 22:00:00,22.4,56,1011.4,6.4,9.7,0.0,3
2024-04-03 23:00:00,22.3,69,1011.2,10.7,17.3,0.0,24
2024-04-04 00:00:00,22.0,74,1011.7,11.0,18.0,0.0,47
2024-04-04 01:00:00,22.4,78,1012.5,8.2,14.8,0.0,56
2024-04-04 02:00:00,24.7,65,1013.6,9.8,19.1,0.0,2
2024-04-04 03:00:00,27.4,52,1014.0,11.0,24.5,0.0,15
2024-04-04 04:00:00,29.8,40,1014.0,9.3,24.8,0.0,35
2024-04-04 05:00:00,32.3,28,1013.2,9.3,24.8,0.0,18
2024-04-04 06:00:00,34.4,18,1012.0,11.6,28.4,0.0,1
2024-04-04 07:00:00,35.6,15,1010.8,14.2,32.8,0.0,0
2024-04-04 08:00:00,36.3,13,1009.5,14.7,33.8,0.0,2
2024-04-04 09:00:00,36.5,12,1008.3,13.6,33.1,0.0,0
2024-04-04 10:00:00,36.2,14,1007.6,14.1,31.0,0.0,0
2024-04-04 11:00:00,35.7,14,1007.4,13.7,30.6,0.0,0
2024-04-04 12:00:00,34.4,16,1007.7,13.6,28.1,0.0,39
2024-04-04 13:00:00,31.5,21,1009.0,10.8,23.4,0.0,91
2024-04-04 14:00:00,29.7,24,1010.2,9.8,18.0,0.0,99
2024-04-04 15:00:00,28.8,27,1011.1,12.9,20.5,0.0,97
2024-04-04 16:00:00,27.9,29,1011.6,12.4,21.6,0.0,94
2024-04-04 17:00:00,27.2,31,1012.6,14.5,23.8,0.0,98
2024-04-04 18:00:00,26.2,35,1012.5,14.1,23.8,0.0,100
2024-04-04 19:00:00,25.4,40,1012.1,13.4,24.1,0.0,99
2024-04-04 20:00:00,24.2,44,1011.6,8.4,21.6,0.0,94
2024-04-04 21:00:00,22.7,51,1011.4,8.2,13.0,0.0,100
2024-04-04 22:00:00,22.6,53,1011.0,7.4,10.8,0.0,98
2024-04-04 23:00:00,22.6,60,1010.9,9.4,15.1,0.0,95
2024-04-05 00:00:00,22.3,65,1011.6,8.3,15.5,0.0,93
2024-04-05 01:00:00,23.0,68,1012.5,8.3,13.7,0.0,89
2024-04-05 02:00:00,25.4,55,1013.4,8.3,16.6,0.0,99
2024-04-05 03:00:00,27.8,50,1014.0,10.1,22.7,0.0,100
2024-04-05 04:00:00,30.3,39,1013.7,8.4,23.8,0.0,100
2024-04-05 05:00:00,32.8,26,1012.5,5.6,22.7,0.0,100
2024-04-05 06:00:00,35.4,15,1011.2,10.6,26.3,0.0,100
2024-04-05 07:00:00,36.6,13,1009.9,17.3,36.7,0.0,100
2024-04-05 08:00:00,37.3,12,1008.4,16.6,37.4,0.0,100
2024-04-05 09:00:00,37.5,12,1007.0,17.8,36.7,0.0,100
2024-04-05 10:00:00,36.9,12,1006.6,20.0,39.2,0.0,99
2024-04-05 11:00:00,36.2,12,1006.5,19.0,38.9,0.0,100
2024-04-05 12:00:00,34.9,13,1006.8,17.1,36.0,0.0,99
2024-04-05 13:00:00,31.8,19,1008.5,12.7,28.1,0.0,100
2024-04-05 14:00:00,30.3,21,1009.2,10.2,21.2,0.0,96
2024-04-05 15:00:00,29.0,24,1010.2,11.0,17.3,0.0,98
2024-04-05 16:00:00,28.0,26,1011.2,12.0,20.5,0.0,100
2024-04-05 17:00:00,27.1,28,1011.6,11.3,19.8,0.0,100
2024-04-05 18:00:00,26.2,31,1011.3,11.3,19.4,0.0,99
2024-04-05 19:00:00,25.3,34,1010.6,10.1,18.7,0.0,99
2024-04-05 20:00:00,24.4,37,1009.9,8.9,16.6,0.0,98
2024-04-05 21:00:00,23.3,41,1009.6,7.2,14.0,0.0,96
2024-04-05 22:00:00,22.9,44,1009.1,7.8,11.9,0.0,11
2024-04-05 23:00:00,22.3,48,1009.4,7.1,11.9,0.0,0
2024-04-06 00:00:00,21.4,53,1010.1,8.4,11.2,0.0,0
2024-04-06 01:00:00,22.7,69,1010.6,8.9,14.8,0.0,1
2024-04-06 02:00:00,25.7,58,1011.8,7.1,15.8,0.0,2
2024-04-06 03:00:00,28.9,41,1012.6,9.1,21.2,0.0,7
2024-04-06 04:00:00,31.2,33,1012.3,8.0,22.3,0.0,19
2024-04-06 05:00:00,33.6,26,1011.5,6.2,22.0,0.0,28
2024-04-06 06:00:00,36.3,16,1010.1,12.4,28.1,0.0,35
2024-04-06 07:00:00,37.1,14,1009.0,20.5,41.0,0.0,63
2024-04-06 08:00:00,37.3,14,1007.7,18.3,42.1,0.0,83
2024-04-06 09:00:00,37.4,15,1006.3,17.1,38.5,0.0,92
2024-04-06 10:00:00,37.0,15,1005.5,19.3,38.5,0.0,92
2024-04-06 11:00:00,36.4,16,1005.4,19.0,38.2,0.0,25
2024-04-06 12:00:00,35.0,19,1005.9,17.1,36.0,0.0,77
2024-04-06 13:00:00,32.4,20,1007.3,10.8,30.6,0.0,100
2024-04-06 14:00:00,30.8,22,1008.4,12.5,19.8,0.0,99
2024-04-06 15:00:00,29.9,23,1009.4,14.8,24.5,0.0,99
2024-04-06 16:00:00,29.0,27,1010.3,16.5,28.1,0.0,75
2024-04-06 17:00:00,27.7,31,1010.5,14.8,27.7,0.0,93
2024-04-06 18:00:00,26.8,35,1010.3,14.8,24.8,0.0,100
2024-04-06 19:00:00,26.5,36,1009.8,15.0,25.2,0.0,96
2024-04-06 20:00:00,25.7,40,1009.7,13.2,24.5,0.0,74
2024-04-06 21:00:00,24.4,47,1009.3,9.7,22.0,0.0,97
2024-04-06 22:00:00,23.5,52,1009.1,9.2,15.8,0.0,91
2024-04-06 23:00:00,22.9,55,1009.4,7.8,14.8,0.0,2
2024-04-07 00:00:00,22.4,53,1010.3,7.6,12.2,0.0,12
2024-04-07 01:00:00,22.9,55,1011.0,5.5,10.4,0.0,0
2024-04-07 02:00:00,25.2,51,1012.2,7.4,15.5,0.0,5
2024-04-07 03:00:00,27.5,53,1012.7,10.2,23.0,0.0,10
2024-04-07 04:00:00,30.1,40,1012.6,11.0,25.9,0.0,33
2024-04-07 05:00:00,32.6,28,1011.4,10.2,26.6,0.0,0
2024-04-07 06:00:00,34.6,21,1010.2,11.3,28.4,0.0,0
2024-04-07 07:00:00,36.4,14,1008.7,12.3,29.9,0.0,86
2024-04-07 08:00:00,37.0,12,1007.3,15.4,34.2,0.0,100
2024-04-07 09:00:00,37.1,12,1006.2,17.0,36.0,0.0,98
2024-04-07 10:00:00,36.8,12,1005.6,15.1,36.0,0.0,100
2024-04-07 11:00:00,36.0,13,1005.6,12.8,32.4,0.0,100
2024-04-07 12:00:00,35.0,14,1005.8,14.3,26.6,0.0,100
2024-04-07 13:00:00,31.9,17,1006.9,9.5,22.7,0.0,100
2024-04-07 14:00:00,30.1,19,1007.9,11.8,19.1,0.0,99
2024-04-07 15:00:00,29.3,20,1008.8,13.8,22.3,0.0,82
2024-04-07 16:00:00,28.2,23,1009.9,17.5,28.8,0.0,63
2024-04-07 17:00:00,27.4,27,1010.7,17.9,29.9,0.0,0
2024-04-07 18:00:00,26.9,30,1010.6,16.3,29.9,0.0,0
2024-04-07 19:00:00,26.2,33,1010.4,12.3,27.0,0.0,80
2024-04-07 20:00:00,25.3,36,1010.1,9.7,20.2,0.0,85
2024-04-07 21:00:00,24.1,38,1009.8,8.2,15.8,0.0,84
2024-04-07 22:00:00,23.0,42,1009.7,5.9,13.3,0.0,92
2024-04-07 23:00:00,21.8,50,1009.8,8.4,10.4,0.0,96
2024-04-08 00:00:00,21.6,53,1010.4,5.6,10.4,0.0,23
2024-04-08 01:00:00,22.6,58,1010.9,5.0,9.0,0.0,0
2024-04-08 02:00:00,25.1,52,1012.0,4.5,12.2,0.0,2
2024-04-08 03:00:00,28.3,46,1012.4,5.0,15.8,0.0,10
2024-04-08 04:00:00,30.7,34,1012.5,4.6,18.7,0.0,22
2024-04-08 05:00:00,32.7,26,1011.8,2.2,18.0,0.0,35
2024-04-08 06:00:00,34.4,20,1010.9,4.0,18.7,0.0,41
2024-04-08 07:00:00,36.1,15,1009.7,8.1,24.1,0.0,61
2024-04-08 08:00:00,36.9,13,1008.3,14.2,32.0,0.0,69
2024-04-08 09:00:00,37.0,11,1007.5,17.1,36.4,0.0,63
2024-04-08 10:00:00,36.6,11,1006.7,17.3,36.7,0.0,29
2024-04-08 11:00:00,36.1,11,1006.6,15.2,35.3,0.0,0
2024-04-08 12:00:00,34.7,13,1006.9,15.8,30.6,0.0,0
2024-04-08 13:00:00,31.8,17,1008.8,11.9,26.3,0.0,0
2024-04-08 14:00:00,30.2,19,1010.0,15.5,25.6,0.0,5
2024-04-08 15:00:00,28.8,25,1011.0,18.2,30.6,0.0,0
2024-04-08 16:00:00,27.8,33,1011.6,20.3,34.6,0.0,0
2024-04-08 17:00:00,26.9,40,1012.0,19.5,34.6,0.0,0
2024-04-08 18:00:00,26.1,45,1011.9,19.8,34.2,0.0,0
2024-04-08 19:00:00,25.2,48,1011.7,18.2,33.5,0.0,0
2024-04-08 20:00:00,24.2,54,1011.5,17.4,30.6,0.0,0
2024-04-08 21:00:00,23.2,58,1011.1,15.7,29.2,0.0,0
2024-04-08 22:00:00,22.5,52,1010.9,14.3,26.3,0.0,0
2024-04-08 23:00:00,21.9,48,1011.1,12.8,23.8,0.0,0
2024-04-09 00:00:00,21.5,51,1011.5,12.3,21.2,0.0,0
2024-04-09 01:00:00,21.5,63,1012.9,12.2,20.5,0.0,68
2024-04-09 02:00:00,23.4,58,1013.7,13.0,24.1,0.0,4
2024-04-09 03:00:00,26.7,42,1013.9,15.5,30.6,0.0,2
2024-04-09 04:00:00,29.4,29,1013.6,16.5,34.6,0.0,1
2024-04-09 05:00:00,31.5,25,1013.1,15.8,34.6,0.0,42
2024-04-09 06:00:00,33.1,23,1012.2,15.6,34.6,0.0,92
2024-04-09 07:00:00,34.2,22,1011.0,14.9,34.6,0.0,92
2024-04-09 08:00:00,35.0,20,1009.8,14.9,34.2,0.0,95
2024-04-09 09:00:00,35.4,19,1008.6,14.8,33.8,0.0,99
2024-04-09 10:00:00,35.3,19,1007.7,15.9,33.5,0.0,99
2024-04-09 11:00:00,34.7,20,1007.3,16.5,33.8,0.0,100
2024-04-09 12:00:00,33.6,23,1007.6,15.6,32.8,0.0,99
2024-04-09 13:00:00,30.7,31,1009.0,11.2,25.2,0.0,97
2024-04-09 14:00:00,29.4,35,1010.0,12.7,20.9,0.0,77
2024-04-09 15:00:00,28.4,39,1011.4,16.3,27.0,0.0,41
2024-04-09 16:00:00,27.7,44,1012.5,17.8,29.5,0.0,39
2024-04-09 17:00:00,26.8,48,1013.2,14.6,29.5,0.0,28
2024-04-09 18:00:00,25.9,52,1013.1,15.9,25.6,0.0,38
2024-04-09 19:00:00,24.8,57,1012.8,17.9,29.9,0.0,20
2024-04-09 20:00:00,23.7,62,1012.2,17.6,29.9,0.0,8
2024-04-09 21:00:00,22.8,68,1011.6,15.2,29.2,0.0,11
2024-04-09 22:00:00,21.9,73,1011.4,14.3,25.6,0.0,34
2024-04-09 23:00:00,21.2,77,1011.5,13.6,23.8,0.0,62
2024-04-10 00:00:00,20.7,80,1012.0,14.4,23.4,0.0,81
2024-04-10 01:00:00,20.9,86,1013.3,14.3,24.5,0.0,98
2024-04-10 02:00:00,22.8,76,1014.0,12.9,24.1,0.0,96
2024-04-10 03:00:00,26.5,52,1014.4,12.8,26.6,0.0,84
2024-04-10 04:00:00,29.6,33,1014.1,13.7,30.2,0.0,37
2024-04-10 05:00:00,31.7,26,1013.1,14.6,32.4,0.0,42
2024-04-10 06:00:00,33.5,20,1012.1,15.2,34.2,0.0,27
2024-04-10 07:00:00,34.6,18,1011.0,15.5,34.9,0.0,4
2024-04-10 08:00:00,35.4,18,1009.6,15.5,34.9,0.0,41
2024-04-10 09:00:00,35.6,17,1008.4,16.1,34.9,0.0,50
2024-04-10 10:00:00,35.4,17,1007.4,16.7,34.6,0.0,76
2024-04-10 11:00:00,34.8,18,1007.0,17.0,34.6,0.0,86
2024-04-10 12:00:00,33.4,22,1007.4,16.5,33.5,0.0,89
2024-04-10 13:00:00,30.8,30,1009.1,13.6,29.9,0.0,40
2024-04-10 14:00:00,29.6,34,1009.9,14.1,23.4,0.0,92
2024-04-10 15:00:00,28.7,39,1011.0,16.4,28.1,0.0,77
2024-04-10 16:00:00,27.8,44,1011.7,16.0,28.1,0.0,11
2024-04-10 17:00:00,27.0,48,1012.6,15.8,26.6,0.0,25
2024-04-10 18:00:00,25.9,55,1012.7,18.1,30.2,0.0,85
2024-04-10 19:00:00,24.5,68,1012.5,18.8,31.3,0.0,94
2024-04-10 20:00:00,23.6,75,1012.3,16.9,31.3,0.0,97
2024-04-10 21:00:00,22.8,80,1011.9,14.3,27.7,0.0,96
2024-04-10 22:00:00,22.2,83,1011.7,12.7,23.4,0.0,99
2024-04-10 23:00:00,21.4,88,1011.9,10.5,21.2,0.0,99
2024-04-11 00:00:00,20.6,92,1012.5,9.3,17.3,0.0,19
2024-04-11 01:00:00,21.0,90,1013.0,11.3,17.6,0.0,16
2024-04-11 02:00:00,23.2,79,1014.0,10.0,19.8,0.0,94
2024-04-11 03:00:00,26.6,60,1014.4,9.2,22.0,0.0,94
2024-04-11 04:00:00,29.8,38,1013.9,11.1,25.9,0.0,81
2024-04-11 05:00:00,32.2,26,1013.2,12.5,29.5,0.0,7
2024-04-11 06:00:00,33.7,22,1012.2,14.3,32.8,0.0,8
2024-04-11 07:00:00,34.7,21,1011.1,15.2,34.6,0.0,0
2024-04-11 08:00:00,35.4,19,1009.9,14.7,34.6,0.0,0
2024-04-11 09:00:00,35.7,19,1008.4,13.8,33.5,0.0,0
2024-04-11 10:00:00,35.7,18,1007.4,12.1,31.3,0.0,3
2024-04-11 11:00:00,35.0,18,1007.0,11.2,27.7,0.0,11
2024-04-11 12:00:00,34.2,20,1007.4,11.9,24.5,0.0,13
2024-04-11 13:00:00,31.4,26,1008.9,8.6,22.7,0.0,0
2024-04-11 14:00:00,30.0,31,1009.9,11.8,19.1,0.0,0
2024-04-11 15:00:00,29.1,33,1010.7,12.1,19.4,0.0,1
2024-04-11 16:00:00,28.4,39,1011.6,20.6,34.6,0.0,1
2024-04-11 17:00:00,27.5,46,1012.2,21.5,36.4,0.0,0
2024-04-11 18:00:00,25.4,68,1012.5,22.3,38.9,0.0,1
2024-04-11 19:00:00,24.2,79,1012.4,20.1,37.8,0.0,97
2024-04-11 20:00:00,23.2,84,1012.2,18.4,34.2,0.0,99
2024-04-11 21:00:00,22.5,87,1011.8,15.3,31.0,0.0,86
2024-04-11 22:00:00,22.0,90,1011.4,13.5,25.6,0.0,100
2024-04-11 23:00:00,22.0,90,1011.7,14.5,24.1,0.0,61
2024-04-12 00:00:00,21.9,90,1012.3,13.5,25.2,0.0,99
2024-04-12 01:00:00,22.3,90,1013.3,10.1,16.2,0.0,58
2024-04-12 02:00:00,23.9,80,1013.9,12.8,24.5,0.0,95
2024-04-12 03:00:00,26.1,68,1014.2,11.7,25.2,0.0,94
2024-04-12 04:00:00,28.4,56,1013.9,11.8,27.4,0.0,40
2024-04-12 05:00:00,30.5,45,1012.7,11.3,28.1,0.0,19
2024-04-12 06:00:00,32.4,37,1012.0,13.0,30.6,0.0,80
2024-04-12 07:00:00,33.7,32,1010.8,14.5,32.4,0.0,83
2024-04-12 08:00:00,34.7,30,1009.7,16.5,36.4,0.0,99
2024-04-12 09:00:00,33.9,31,1008.5,15.4,36.4,0.0,94
2024-04-12 10:00:00,34.1,30,1007.5,15.0,32.0,0.0,97
2024-04-12 11:00:00,33.1,32,1007.4,17.0,32.8,0.0,98
2024-04-12 12:00:00,30.2,43,1008.5,19.5,37.1,0.1,100
2024-04-12 13:00:00,30.5,32,1009.4,13.8,28.4,0.0,84
2024-04-12 14:00:00,29.3,36,1010.6,15.5,25.9,0.0,82
2024-04-12 15:00:00,28.6,40,1011.9,16.7,28.4,0.0,93
2024-04-12 16:00:00,26.6,57,1012.9,21.4,36.0,0.0,24
2024-04-12 17:00:00,24.8,72,1013.4,20.8,37.1,0.0,53
2024-04-12 18:00:00,24.2,76,1013.3,18.8,34.2,0.0,57
2024-04-12 19:00:00,23.6,80,1012.8,17.1,31.7,0.0,20
2024-04-12 20:00:00,23.1,83,1012.4,16.5,28.8,0.0,76
2024-04-12 21:00:00,22.6,87,1012.0,14.8,27.4,0.0,96
2024-04-12 22:00:00,22.1,90,1011.6,14.0,24.8,0.0,98
2024-04-12 23:00:00,21.9,90,1012.0,12.2,23.8,0.0,96
2024-04-13 00:00:00,21.4,92,1012.8,9.9,20.5,0.0,79
2024-04-13 01:00:00,22.0,88,1013.8,10.9,19.4,0.0,38
2024-04-13 02:00:00,23.7,79,1014.5,10.2,20.9,0.0,81
2024-04-13 03:00:00,26.3,62,1014.7,12.2,25.9,0.0,97
2024-04-13 04:00:00,28.8,48,1014.2,14.1,30.6,0.0,94
2024-04-13 05:00:00,31.1,37,1013.6,14.8,32.8,0.0,94
2024-04-13 06:00:00,32.9,29,1012.5,13.8,32.8,0.0,85
2024-04-13 07:00:00,34.2,24,1011.1,13.6,32.4,0.0,99
2024-04-13 08:00:00,34.8,21,1009.6,14.9,33.5,0.0,99
2024-04-13 09:00:00,35.0,21,1008.1,15.2,33.8,0.0,100
2024-04-13 10:00:00,34.8,21,1007.3,15.5,33.8,0.0,100
2024-04-13 11:00:00,34.9,20,1006.6,13.0,32.4,0.0,83
2024-04-13 12:00:00,31.3,33,1007.7,27.1,46.4,0.0,100
2024-04-13 13:00:00,30.8,30,1009.3,17.5,30.2,0.0,89
2024-04-13 14:00:00,28.8,37,1011.0,18.3,31.0,0.0,45
2024-04-13 15:00:00,27.1,50,1012.4,19.6,32.8,0.0,5
2024-04-13 16:00:00,26.4,55,1013.0,18.8,33.1,0.0,6
2024-04-13 17:00:00,25.8,58,1013.4,18.9,32.0,0.0,8
2024-04-13 18:00:00,25.3,61,1013.4,18.4,32.0,0.0,43
2024-04-13 19:00:00,24.5,64,1013.0,16.1,31.0,0.0,50
2024-04-13 20:00:00,23.7,69,1012.8,12.9,27.0,0.0,69
2024-04-13 21:00:00,22.9,74,1012.2,10.1,21.6,0.0,97
2024-04-13 22:00:00,22.2,78,1012.2,5.6,16.9,0.0,65
2024-04-13 23:00:00,21.9,79,1012.5,1.5,9.0,0.0,54
2024-04-14 00:00:00,20.7,86,1013.0,4.7,5.8,0.0,75
2024-04-14 01:00:00,21.5,79,1013.8,4.3,5.8,0.0,82
2024-04-14 02:00:00,23.5,69,1014.9,5.4,14.0,0.0,75
2024-04-14 03:00:00,26.2,51,1015.5,6.1,17.6,0.0,89
2024-04-14 04:00:00,29.1,34,1015.1,8.0,22.0,0.0,79
2024-04-14 05:00:00,31.3,27,1014.2,11.2,27.4,0.0,88
2024-04-14 06:00:00,32.9,24,1013.3,13.3,31.7,0.0,99
2024-04-14 07:00:00,34.2,22,1011.8,14.4,33.1,0.0,100
2024-04-14 08:00:00,35.1,20,1010.2,16.3,35.3,0.0,99
2024-04-14 09:00:00,35.3,19,1009.3,18.0,37.4,0.0,100
2024-04-14 10:00:00,34.6,19,1008.8,19.1,38.5,0.0,87
2024-04-14 11:00:00,33.8,19,1008.5,19.1,38.5,0.0,23
2024-04-14 12:00:00,32.9,21,1008.8,16.6,36.7,0.0,2
2024-04-14 13:00:00,30.0,27,1010.0,12.5,30.2,0.0,78
2024-04-14 14:00:00,28.7,29,1010.9,14.5,23.8,0.0,38
2024-04-14 15:00:00,28.4,33,1011.7,16.5,27.4,0.0,3
2024-04-14 16:00:00,27.5,39,1012.7,16.9,29.5,0.0,24
2024-04-14 17:00:00,26.6,43,1013.5,18.8,31.3,0.0,85
2024-04-14 18:00:00,25.4,48,1013.7,18.1,32.4,0.0,96
2024-04-14 19:00:00,24.4,51,1013.5,16.2,30.6,0.0,86
2024-04-14 20:00:00,23.6,54,1013.0,14.5,27.0,0.0,58
2024-04-14 21:00:00,22.8,56,1012.4,13.7,24.5,0.0,63
2024-04-14 22:00:00,22.0,58,1012.1,13.0,23.0,0.0,56
2024-04-14 23:00:00,21.3,60,1012.4,11.8,21.6,0.0,59
2024-04-15 00:00:00,20.7,62,1013.1,11.0,19.4,0.0,91
2024-04-15 01:00:00,21.2,70,1014.1,11.4,20.5,0.0,99
2024-04-15 02:00:00,23.8,61,1014.9,10.1,19.8,0.0,96
2024-04-15 03:00:00,27.3,45,1015.3,12.5,25.9,0.0,96
2024-04-15 04:00:00,30.0,31,1015.2,14.8,31.0,0.0,96
2024-04-15 05:00:00,32.1,24,1014.4,16.9,35.6,0.0,96
2024-04-15 06:00:00,33.6,20,1013.6,17.5,37.1,0.0,98
2024-04-15 07:00:00,34.7,20,1012.3,17.5,37.4,0.0,99
2024-04-15 08:00:00,35.5,18,1011.0,17.8,37.4,0.0,98
2024-04-15 09:00:00,36.0,17,1009.4,18.7,38.5,0.0,90
2024-04-15 10:00:00,35.5,19,1008.6,19.3,39.2,0.0,95
2024-04-15 11:00:00,35.0,21,1008.2,18.3,38.5,0.0,99
2024-04-15 12:00:00,33.8,22,1008.5,20.6,36.4,0.0,99
2024-04-15 13:00:00,30.9,31,1010.4,16.6,33.8,0.0,96
2024-04-15 14:00:00,29.5,36,1011.5,15.9,28.1,0.0,89
2024-04-15 15:00:00,28.5,41,1012.4,14.8,27.0,0.0,86
2024-04-15 16:00:00,27.6,44,1013.5,13.1,24.8,0.0,18
2024-04-15 17:00:00,26.5,48,1014.7,13.8,23.0,0.0,1
2024-04-15 18:00:00,25.2,55,1014.6,13.6,23.0,0.0,0
2024-04-15 19:00:00,24.0,62,1014.1,12.1,22.7,0.0,0
2024-04-15 20:00:00,23.1,68,1013.3,10.6,20.2,0.0,0
2024-04-15 21:00:00,22.3,73,1012.4,9.8,17.6,0.0,0
2024-04-15 22:00:00,21.4,78,1012.1,9.4,16.2,0.0,100
2024-04-15 23:00:00,20.6,83,1012.4,7.6,15.1,0.0,93
2024-04-16 00:00:00,19.9,88,1012.8,6.4,12.2,0.0,96
2024-04-16 01:00:00,20.4,87,1013.0,5.9,8.3,0.0,98
2024-04-16 02:00:00,23.4,67,1013.6,6.0,14.4,0.0,100
2024-04-16 03:00:00,26.9,43,1014.2,5.4,16.9,0.0,98
2024-04-16 04:00:00,30.0,27,1013.6,3.8,16.9,0.0,98
2024-04-16 05:00:00,32.6,20,1012.7,6.9,21.2,0.0,100
2024-04-16 06:00:00,34.5,17,1011.9,12.3,29.2,0.0,99
2024-04-16 07:00:00,35.6,16,1010.7,15.1,34.2,0.0,88
2024-04-16 08:00:00,36.3,16,1009.1,16.2,35.3,0.0,73
2024-04-16 09:00:00,36.2,17,1008.0,17.2,36.4,0.0,70
2024-04-16 10:00:00,35.7,18,1007.5,17.4,36.4,0.0,42
2024-04-16 11:00:00,35.1,18,1007.3,16.9,36.0,0.0,0
2024-04-16 12:00:00,34.2,19,1007.6,15.5,32.8,0.0,0
2024-04-16 13:00:00,31.9,23,1009.3,11.2,25.2,0.0,70
2024-04-16 14:00:00,30.1,25,1010.2,12.0,19.8,0.0,78
2024-04-16 15:00:00,29.1,26,1011.1,15.7,25.2,0.0,60
2024-04-16 16:00:00,28.5,30,1011.9,18.6,31.3,0.0,51
2024-04-16 17:00:00,27.5,35,1012.3,14.7,31.3,0.0,49
2024-04-16 18:00:00,26.7,40,1012.2,14.4,24.8,0.0,25
2024-04-16 19:00:00,25.7,44,1012.0,13.1,24.1,0.0,40
2024-04-16 20:00:00,24.5,52,1012.0,11.3,21.6,0.0,27
2024-04-16 21:00:00,23.8,58,1011.5,9.1,18.4,0.0,95
2024-04-16 22:00:00,23.3,59,1011.2,7.2,15.1,0.0,98
2024-04-16 23:00:00,23.1,58,1011.4,8.4,13.3,0.0,99
2024-04-17 00:00:00,22.7,63,1011.9,8.0,14.4,0.0,93
2024-04-17 01:00:00,23.2,59,1012.3,8.6,13.0,0.0,85
2024-04-17 02:00:00,25.3,51,1013.2,10.8,20.5,0.0,92
2024-04-17 03:00:00,27.5,47,1013.7,11.7,25.6,0.0,96
2024-04-17 04:00:00,29.7,42,1013.6,10.7,26.6,0.0,100
2024-04-17 05:00:00,31.9,35,1012.7,6.6,26.3,0.0,100
2024-04-17 06:00:00,33.7,29,1011.6,1.8,22.0,0.0,100
2024-04-17 07:00:00,35.6,25,1010.1,5.8,22.3,0.0,100
2024-04-17 08:00:00,36.9,21,1008.5,9.9,25.9,0.0,100
2024-04-17 09:00:00,37.6,20,1007.2,13.0,30.2,0.0,100
2024-04-17 10:00:00,37.1,20,1006.4,14.5,31.3,0.0,99
2024-04-17 11:00:00,36.6,20,1006.0,14.5,31.0,0.0,96
2024-04-17 12:00:00,35.9,20,1006.1,15.3,29.2,0.0,92
2024-04-17 13:00:00,32.9,24,1008.2,13.7,27.4,0.0,100
2024-04-17 14:00:00,31.5,24,1009.0,13.1,23.0,0.0,100
2024-04-17 15:00:00,29.8,27,1009.6,7.2,21.2,0.0,100
2024-04-17 16:00:00,29.2,30,1010.9,16.0,26.6,0.0,100
2024-04-17 17:00:00,28.2,33,1011.6,15.1,26.6,0.0,100
2024-04-17 18:00:00,27.4,36,1011.7,12.0,25.2,0.0,100
2024-04-17 19:00:00,26.4,38,1011.6,9.0,19.4,0.0,99
2024-04-17 20:00:00,25.5,39,1011.2,7.3,14.8,0.0,80
2024-04-17 21:00:00,24.6,42,1010.5,6.3,11.5,0.0,56
2024-04-17 22:00:00,24.1,51,1010.0,8.0,13.3,0.0,82
2024-04-17 23:00:00,23.3,63,1010.3,5.5,13.0,0.0,92
2024-04-18 00:00:00,22.9,69,1011.1,5.9,9.4,0.0,23
2024-04-18 01:00:00,23.4,72,1011.9,7.9,12.6,0.0,100
2024-04-18 02:00:00,25.3,67,1012.5,8.0,16.9,0.0,90
2024-04-18 03:00:00,28.1,57,1012.8,8.0,20.5,0.0,77
2024-04-18 04:00:00,30.8,43,1012.4,6.9,21.6,0.0,76
2024-04-18 05:00:00,33.1,33,1011.5,1.1,21.2,0.0,29
2024-04-18 06:00:00,34.6,28,1010.5,6.0,22.0,0.0,29
2024-04-18 07:00:00,36.7,23,1008.9,10.9,27.4,0.0,22
2024-04-18 08:00:00,37.5,21,1007.3,13.1,30.6,0.0,16
2024-04-18 09:00:00,37.8,20,1006.0,14.3,31.7,0.0,32
2024-04-18 10:00:00,37.4,20,1004.9,15.5,32.4,0.0,30
2024-04-18 11:00:00,37.1,19,1004.6,14.1,32.0,0.0,30
2024-04-18 12:00:00,35.7,21,1005.1,17.1,30.6,0.0,31
2024-04-18 13:00:00,34.1,23,1005.9,13.9,27.0,0.0,35
2024-04-18 14:00:00,32.3,26,1007.0,10.5,23.8,0.0,84
2024-04-18 15:00:00,31.4,28,1008.3,10.7,18.0,0.0,100
2024-04-18 16:00:00,30.6,30,1009.2,12.8,21.2,0.0,100
2024-04-18 17:00:00,29.7,33,1009.8,11.5,22.0,0.0,100
2024-04-18 18:00:00,28.8,36,1010.0,13.2,22.3,0.0,100
2024-04-18 19:00:00,27.7,41,1010.3,14.9,27.4,0.0,100
2024-04-18 20:00:00,26.8,46,1009.8,3.6,24.5,0.0,99
2024-04-18 21:00:00,26.4,50,1009.0,7.6,13.0,0.0,100
2024-04-18 22:00:00,25.3,58,1008.5,6.7,12.2,0.0,100
2024-04-18 23:00:00,24.8,67,1008.9,8.6,14.8,0.0,99
2024-04-19 00:00:00,24.2,77,1009.5,8.9,14.4,0.0,93
2024-04-19 01:00:00,24.1,76,1010.3,8.1,13.0,0.0,69
2024-04-19 02:00:00,25.9,68,1010.7,7.6,17.3,0.0,38
2024-04-19 03:00:00,28.5,56,1010.9,7.0,19.4,0.0,81
2024-04-19 04:00:00,31.2,43,1010.6,6.5,20.5,0.0,97
2024-04-19 05:00:00,33.3,34,1009.7,3.0,20.5,0.0,95
2024-04-19 06:00:00,35.0,26,1008.4,4.7,20.9,0.0,100
2024-04-19 07:00:00,37.1,21,1006.9,10.0,27.0,0.0,100
2024-04-19 08:00:00,38.1,19,1005.3,14.6,32.8,0.0,74
2024-04-19 09:00:00,38.0,19,1004.1,16.1,34.6,0.0,45
2024-04-19 10:00:00,37.7,19,1003.4,16.3,34.6,0.0,100
2024-04-19 11:00:00,36.7,21,1003.4,16.0,34.2,0.0,100
2024-04-19 12:00:00,35.5,22,1004.0,15.8,31.7,0.0,66
2024-04-19 13:00:00,33.7,27,1005.6,13.4,29.9,0.0,29
2024-04-19 14:00:00,32.5,28,1006.6,9.2,22.3,0.0,42
2024-04-19 15:00:00,31.5,31,1007.7,11.3,18.7,0.0,100
2024-04-19 16:00:00,30.8,32,1008.5,15.5,25.2,0.0,62
2024-04-19 17:00:00,30.1,34,1009.0,14.8,27.0,0.0,100
2024-04-19 18:00:00,29.0,37,1008.7,13.5,25.2,0.0,99
2024-04-19 19:00:00,28.8,40,1008.3,12.6,22.7,0.0,38
2024-04-19 20:00:00,27.9,41,1008.0,6.9,21.2,0.0,25
2024-04-19 21:00:00,26.3,46,1007.8,4.7,11.2,0.0,1
2024-04-19 22:00:00,25.2,52,1008.0,6.1,9.7,0.0,68
2024-04-19 23:00:00,24.4,60,1008.5,4.9,10.1,0.0,100
2024-04-20 00:00:00,23.8,66,1009.0,3.9,7.9,0.0,100
2024-04-20 01:00:00,24.6,66,1009.7,3.1,5.8,0.0,59
2024-04-20 02:00:00,26.8,60,1010.4,2.3,9.7,0.0,100
2024-04-20 03:00:00,28.9,52,1011.0,4.0,14.4,0.0,100
2024-04-20 04:00:00,31.1,42,1010.6,6.1,19.1,0.0,100
2024-04-20 05:00:00,33.0,34,1010.1,3.3,20.2,0.0,98
2024-04-20 06:00:00,34.7,27,1008.9,4.7,19.8,0.0,100
2024-04-20 07:00:00,35.8,24,1007.6,8.4,24.1,0.0,100
2024-04-20 08:00:00,37.1,21,1006.0,12.7,29.5,0.0,100
2024-04-20 09:00:00,37.2,20,1004.7,15.1,32.8,0.0,100
2024-04-20 10:00:00,37.1,20,1004.0,16.6,34.2,0.0,100
2024-04-20 11:00:00,36.1,21,1003.9,14.4,34.2,0.0,100
2024-04-20 12:00:00,35.6,21,1004.6,13.6,29.5,0.0,100
2024-04-20 13:00:00,31.7,34,1007.5,7.6,20.9,0.0,100
2024-04-20 14:00:00,30.3,39,1008.4,4.2,12.2,0.0,100
2024-04-20 15:00:00,29.2,43,1009.1,4.1,5.4,0.0,100
2024-04-20 16:00:00,28.5,47,1010.1,7.7,11.9,0.0,99
2024-04-20 17:00:00,27.1,54,1010.7,11.0,17.3,0.0,29
2024-04-20 18:00:00,26.6,54,1010.4,9.8,18.7,0.0,28
2024-04-20 19:00:00,26.2,56,1009.9,9.2,15.8,0.0,71
2024-04-20 20:00:00,25.4,59,1009.6,7.7,14.8,0.0,25
2024-04-20 21:00:00,25.0,61,1008.9,8.9,14.0,0.0,21
2024-04-20 22:00:00,24.5,64,1008.5,8.7,15.1,0.0,31
2024-04-20 23:00:00,23.8,67,1008.9,5.5,14.0,0.0,87
2024-04-21 00:00:00,22.9,73,1009.6,6.7,8.6,0.0,96
2024-04-21 01:00:00,23.9,73,1009.8,6.7,9.7,0.0,13
2024-04-21 02:00:00,26.5,63,1010.7,7.3,15.8,0.0,13
2024-04-21 03:00:00,29.1,53,1011.1,7.9,20.2,0.0,99
2024-04-21 04:00:00,31.3,43,1011.1,10.7,25.6,0.0,100
2024-04-21 05:00:00,33.4,34,1010.4,11.4,29.5,0.0,99
2024-04-21 06:00:00,35.1,27,1009.3,12.0,30.2,0.0,97
2024-04-21 07:00:00,36.5,23,1008.0,14.1,32.4,0.0,49
2024-04-21 08:00:00,37.1,21,1006.6,16.2,35.3,0.0,23
2024-04-21 09:00:00,36.8,21,1005.6,15.6,35.3,0.0,33
2024-04-21 10:00:00,37.1,20,1004.8,14.1,33.1,0.0,35
2024-04-21 11:00:00,36.6,19,1004.7,13.2,29.5,0.0,37
2024-04-21 12:00:00,35.1,21,1005.0,14.6,27.0,0.0,54
2024-04-21 13:00:00,32.9,25,1006.7,13.5,27.0,0.0,18
2024-04-21 14:00:00,31.4,28,1007.8,13.8,23.4,0.0,24
2024-04-21 15:00:00,30.6,30,1008.4,14.3,22.7,0.0,9
2024-04-21 16:00:00,29.7,34,1009.5,16.8,28.1,0.0,13
2024-04-21 17:00:00,28.7,38,1009.9,15.3,28.1,0.0,87
2024-04-21 18:00:00,27.7,41,1009.9,13.2,25.2,0.0,10
2024-04-21 19:00:00,26.7,47,1009.8,11.7,22.0,0.0,2
2024-04-21 20:00:00,25.8,59,1009.2,12.7,21.2,0.0,1
2024-04-21 21:00:00,24.7,67,1009.5,9.4,20.9,0.0,25
2024-04-21 22:00:00,24.2,67,1009.5,6.3,15.5,0.0,57
2024-04-21 23:00:00,23.7,64,1010.1,7.2,11.5,0.0,88
2024-04-22 00:00:00,23.1,69,1010.7,7.1,12.2,0.0,89
2024-04-22 01:00:00,24.5,63,1011.1,7.8,11.5,0.0,0
2024-04-22 02:00:00,26.6,59,1011.9,5.2,13.3,0.0,0
2024-04-22 03:00:00,28.9,51,1012.2,8.3,20.5,0.0,0
2024-04-22 04:00:00,30.8,44,1012.0,8.2,23.0,0.0,33
2024-04-22 05:00:00,32.8,36,1011.3,4.5,23.0,0.0,23
2024-04-22 06:00:00,34.8,26,1010.3,0.8,19.4,0.0,84
2024-04-22 07:00:00,36.2,20,1008.8,3.0,17.6,0.0,77
2024-04-22 08:00:00,37.3,17,1007.3,6.5,21.6,0.0,82
2024-04-22 09:00:00,37.7,15,1006.2,11.4,27.7,0.0,100
2024-04-22 10:00:00,37.2,14,1005.7,16.6,33.5,0.0,87
2024-04-22 11:00:00,36.3,13,1005.5,20.2,37.8,0.0,99
2024-04-22 12:00:00,35.7,15,1005.6,16.5,37.4,0.0,90
2024-04-22 13:00:00,32.8,19,1007.3,12.9,31.0,0.0,74
2024-04-22 14:00:00,31.0,22,1008.3,11.5,21.6,0.0,86
2024-04-22 15:00:00,30.0,23,1009.2,10.3,18.7,0.0,58
2024-04-22 16:00:00,29.4,24,1010.3,16.3,27.7,0.0,5
2024-04-22 17:00:00,28.3,27,1010.8,15.1,27.4,0.0,3
2024-04-22 18:00:00,27.0,31,1011.1,10.4,24.8,0.0,3
2024-04-22 19:00:00,25.7,35,1010.7,7.5,16.6,0.0,0
2024-04-22 20:00:00,24.6,40,1009.9,6.4,11.9,0.0,1
2024-04-22 21:00:00,23.5,43,1009.2,8.2,10.4,0.0,0
2024-04-22 22:00:00,23.5,44,1008.6,6.9,10.4,0.0,0
2024-04-22 23:00:00,22.9,46,1009.0,7.6,11.9,0.0,0
2024-04-23 00:00:00,22.2,56,1009.7,6.5,12.2,0.0,0
2024-04-23 01:00:00,23.6,70,1010.0,7.3,13.0,0.0,0
2024-04-23 02:00:00,26.0,58,1010.8,5.4,13.7,0.0,0
2024-04-23 03:00:00,28.3,53,1011.2,6.3,18.4,0.0,0
2024-04-23 04:00:00,30.8,41,1011.0,5.5,19.1,0.0,0
2024-04-23 05:00:00,33.2,29,1010.2,6.0,20.9,0.0,61
2024-04-23 06:00:00,35.5,18,1009.2,9.3,25.6,0.0,70
2024-04-23 07:00:00,36.9,12,1007.9,16.3,34.9,0.0,93
2024-04-23 08:00:00,37.2,12,1006.9,18.2,38.9,0.0,98
2024-04-23 09:00:00,37.3,12,1005.5,16.2,38.5,0.0,99
2024-04-23 10:00:00,37.2,12,1004.6,17.6,35.6,0.0,90
2024-04-23 11:00:00,36.1,14,1004.5,17.2,35.6,0.0,73
2024-04-23 12:00:00,34.9,14,1004.7,17.1,33.5,0.0,91
2024-04-23 13:00:00,32.4,15,1006.1,9.9,25.9,0.0,90
2024-04-23 14:00:00,30.5,16,1007.5,12.8,20.2,0.0,79
2024-04-23 15:00:00,29.9,18,1008.4,17.7,28.8,0.0,61
2024-04-23 16:00:00,28.9,23,1009.2,18.9,32.4,0.0,67
2024-04-23 17:00:00,28.2,28,1009.6,17.7,31.7,0.0,98
2024-04-23 18:00:00,27.7,30,1009.4,16.1,29.5,0.0,86
2024-04-23 19:00:00,26.4,40,1009.0,18.4,31.0,0.0,5
2024-04-23 20:00:00,24.8,58,1008.6,16.1,31.0,0.0,7
2024-04-23 21:00:00,24.0,68,1008.2,14.3,26.3,0.0,4
2024-04-23 22:00:00,23.2,72,1008.2,9.4,23.8,0.0,0
2024-04-23 23:00:00,22.3,74,1008.7,6.2,15.5,0.0,0
2024-04-24 00:00:00,22.0,67,1009.1,6.5,10.1,0.0,23
2024-04-24 01:00:00,23.1,74,1009.9,8.3,12.2,0.0,95
2024-04-24 02:00:00,26.0,57,1010.7,8.4,17.3,0.0,100
2024-04-24 03:00:00,29.0,42,1011.1,9.5,22.7,0.0,97
2024-04-24 04:00:00,31.8,29,1010.8,9.4,23.4,0.0,99
2024-04-24 05:00:00,34.3,19,1009.9,15.0,32.0,0.0,98
2024-04-24 06:00:00,35.6,16,1008.9,18.9,38.9,0.0,73
2024-04-24 07:00:00,36.4,15,1008.1,19.0,40.0,0.0,92
2024-04-24 08:00:00,36.9,14,1006.9,18.5,39.6,0.0,43
2024-04-24 09:00:00,36.8,14,1005.9,18.1,39.2,0.0,0
2024-04-24 10:00:00,36.6,15,1005.1,16.8,37.8,0.0,0
2024-04-24 11:00:00,35.8,15,1004.8,17.6,34.9,0.0,0
2024-04-24 12:00:00,34.9,15,1005.1,16.5,33.8,0.0,39
2024-04-24 13:00:00,32.1,20,1006.6,10.3,27.4,0.0,87
2024-04-24 14:00:00,30.1,23,1007.4,8.1,16.9,0.0,69
2024-04-24 15:00:00,29.4,26,1008.7,13.2,20.9,0.0,1
2024-04-24 16:00:00,28.5,32,1010.0,12.5,22.7,0.0,1
2024-04-24 17:00:00,27.8,36,1010.6,12.2,21.2,0.0,15
2024-04-24 18:00:00,27.6,38,1010.4,11.7,20.9,0.0,12
2024-04-24 19:00:00,27.0,40,1009.6,10.7,19.1,0.0,3
2024-04-24 20:00:00,26.1,42,1009.0,8.2,17.6,0.0,0
2024-04-24 21:00:00,25.2,44,1008.5,8.5,13.3,0.0,2
2024-04-24 22:00:00,24.6,46,1008.3,8.4,14.8,0.0,1
2024-04-24 23:00:00,23.7,49,1008.5,6.6,13.7,0.0,0
2024-04-25 00:00:00,22.6,53,1009.2,9.2,11.5,0.0,0
2024-04-25 01:00:00,23.4,54,1009.8,4.8,7.2,0.0,0
2024-04-25 02:00:00,26.6,44,1010.6,4.8,12.2,0.0,0
2024-04-25 03:00:00,29.2,38,1011.0,3.1,14.4,0.0,0
2024-04-25 04:00:00,31.6,31,1010.8,1.4,14.4,0.0,24
2024-04-25 05:00:00,34.3,22,1009.9,12.4,27.4,0.0,63
2024-04-25 06:00:00,35.7,19,1008.7,18.4,38.2,0.0,98
2024-04-25 07:00:00,36.8,17,1007.7,16.4,38.5,0.0,100
2024-04-25 08:00:00,37.3,17,1006.6,16.6,36.0,0.0,100
2024-04-25 09:00:00,37.4,17,1005.6,17.6,37.1,0.0,100
2024-04-25 10:00:00,37.5,15,1004.6,11.7,36.7,0.0,100
2024-04-25 11:00:00,37.2,15,1003.8,15.5,28.8,0.0,100
2024-04-25 12:00:00,34.3,22,1005.2,25.3,43.9,0.0,100
2024-04-25 13:00:00,32.8,24,1006.5,18.7,35.3,0.0,100
2024-04-25 14:00:00,31.0,28,1008.2,16.2,32.0,0.0,100
2024-04-25 15:00:00,30.0,31,1009.2,15.5,27.0,0.0,88
2024-04-25 16:00:00,29.1,35,1010.0,16.4,28.1,0.0,76
2024-04-25 17:00:00,28.1,38,1010.3,13.7,27.4,0.0,2
2024-04-25 18:00:00,27.2,40,1010.0,11.4,22.7,0.0,25
2024-04-25 19:00:00,26.2,44,1009.6,11.3,18.7,0.0,1
2024-04-25 20:00:00,25.2,52,1009.0,11.0,19.1,0.0,0
2024-04-25 21:00:00,24.1,61,1008.7,8.9,18.0,0.0,2
2024-04-25 22:00:00,23.2,67,1008.6,6.6,14.8,0.0,0
2024-04-25 23:00:00,22.9,68,1008.5,5.9,10.4,0.0,0
2024-04-26 00:00:00,22.6,68,1009.2,5.9,9.0,0.0,9
2024-04-26 01:00:00,23.7,72,1009.9,4.9,9.4,0.0,48
2024-04-26 02:00:00,26.7,59,1010.5,4.7,12.6,0.0,95
2024-04-26 03:00:00,29.4,46,1010.7,5.5,17.3,0.0,82
2024-04-26 04:00:00,32.4,29,1010.4,8.0,20.9,0.0,84
2024-04-26 05:00:00,34.6,20,1009.5,16.6,34.9,0.0,100
2024-04-26 06:00:00,35.7,18,1008.9,19.1,39.6,0.0,100
2024-04-26 07:00:00,36.6,17,1008.0,18.4,39.6,0.0,100
2024-04-26 08:00:00,37.1,17,1006.7,18.5,39.2,0.0,100
2024-04-26 09:00:00,37.2,17,1005.7,17.8,38.9,0.0,76
2024-04-26 10:00:00,37.1,18,1004.8,17.6,37.1,0.0,5
2024-04-26 11:00:00,36.6,18,1004.5,19.6,37.1,0.0,74
2024-04-26 12:00:00,34.5,21,1005.3,22.4,39.6,0.0,74
2024-04-26 13:00:00,32.6,23,1006.5,14.5,33.1,0.0,13
2024-04-26 14:00:00,31.1,25,1007.7,14.3,24.1,0.0,18
2024-04-26 15:00:00,30.1,28,1008.6,14.4,24.1,0.0,7
2024-04-26 16:00:00,29.2,31,1009.4,14.0,24.8,0.0,62
2024-04-26 17:00:00,28.0,34,1009.9,10.6,23.4,0.0,100
2024-04-26 18:00:00,27.1,37,1009.6,10.5,17.3,0.0,60
2024-04-26 19:00:00,26.4,39,1009.2,11.6,18.7,0.0,0
2024-04-26 20:00:00,25.7,42,1008.5,12.9,20.9,0.0,0
2024-04-26 21:00:00,24.6,47,1008.2,12.0,21.2,0.0,0
2024-04-26 22:00:00,23.4,56,1008.1,8.1,19.8,0.0,2
2024-04-26 23:00:00,21.9,65,1008.8,7.6,13.0,0.0,0
2024-04-27 00:00:00,21.4,69,1009.3,8.7,10.8,0.0,3
2024-04-27 01:00:00,22.8,73,1009.8,4.7,7.9,0.0,8
2024-04-27 02:00:00,26.0,58,1010.6,4.3,11.9,0.0,2
2024-04-27 03:00:00,29.1,42,1011.1,5.7,16.9,0.0,25
2024-04-27 04:00:00,31.6,32,1010.8,6.4,19.8,0.0,28
2024-04-27 05:00:00,34.1,22,1010.0,11.2,27.0,0.0,9
2024-04-27 06:00:00,35.8,17,1009.1,16.0,34.9,0.0,24
2024-04-27 07:00:00,36.9,14,1008.3,17.7,37.4,0.0,46
2024-04-27 08:00:00,37.5,14,1006.9,18.2,38.2,0.0,7
2024-04-27 09:00:00,37.7,13,1005.8,17.7,38.2,0.0,1
2024-04-27 10:00:00,37.7,12,1005.1,18.2,37.1,0.0,0
2024-04-27 11:00:00,36.9,14,1004.7,18.9,36.7,0.0,0
2024-04-27 12:00:00,35.6,15,1005.0,17.9,36.0,0.0,0
2024-04-27 13:00:00,32.5,19,1006.6,9.4,27.0,0.0,0
2024-04-27 14:00:00,30.4,22,1007.9,9.4,15.8,0.0,0
2024-04-27 15:00:00,29.0,25,1009.0,8.7,15.5,0.0,0
2024-04-27 16:00:00,27.8,28,1009.8,7.9,14.4,0.0,6
2024-04-27 17:00:00,26.8,31,1010.5,8.8,13.7,0.0,30
2024-04-27 18:00:00,26.3,35,1010.3,9.8,16.2,0.0,9
2024-04-27 19:00:00,25.8,40,1010.0,11.6,18.7,0.0,0
2024-04-27 20:00:00,24.8,51,1009.7,10.2,19.1,0.0,0
2024-04-27 21:00:00,23.8,60,1009.3,9.5,16.9,0.0,0
2024-04-27 22:00:00,23.3,66,1009.1,8.7,15.5,0.0,0
2024-04-27 23:00:00,22.8,70,1009.2,7.7,14.4,0.0,0
2024-04-28 00:00:00,22.3,72,1009.8,6.9,12.6,0.0,0
2024-04-28 01:00:00,23.0,74,1010.0,6.9,11.9,0.0,14
2024-04-28 02:00:00,25.9,60,1011.0,5.8,13.7,0.0,98
2024-04-28 03:00:00,28.9,47,1011.1,8.3,20.9,0.0,98
2024-04-28 04:00:00,31.7,34,1010.7,6.3,21.2,0.0,95
2024-04-28 05:00:00,34.2,25,1009.9,5.4,20.2,0.0,100
2024-04-28 06:00:00,36.5,16,1009.1,7.9,23.4,0.0,99
2024-04-28 07:00:00,37.9,14,1007.9,14.1,32.0,0.0,97
2024-04-28 08:00:00,38.2,14,1006.7,15.5,35.3,0.0,97
2024-04-28 09:00:00,38.6,14,1005.6,14.7,34.2,0.0,92
2024-04-28 10:00:00,38.0,15,1004.9,18.4,36.7,0.0,83
2024-04-28 11:00:00,37.5,15,1004.7,18.0,37.4,0.0,100
2024-04-28 12:00:00,36.4,15,1005.0,16.8,34.6,0.0,84
2024-04-28 13:00:00,33.6,19,1006.7,14.2,32.4,0.0,23
2024-04-28 14:00:00,31.8,24,1008.3,13.3,24.1,0.0,11
2024-04-28 15:00:00,30.5,28,1009.5,17.7,28.8,0.0,1
2024-04-28 16:00:00,29.3,38,1010.9,17.6,30.6,0.0,0
2024-04-28 17:00:00,28.2,44,1011.7,15.9,29.2,0.0,0
2024-04-28 18:00:00,27.3,48,1011.5,12.7,26.6,0.0,0
2024-04-28 19:00:00,26.5,52,1011.1,11.2,21.2,0.0,0
2024-04-28 20:00:00,25.5,58,1010.8,11.3,18.7,0.0,0
2024-04-28 21:00:00,24.9,62,1010.2,11.4,18.7,0.0,0
2024-04-28 22:00:00,24.5,64,1010.1,11.0,18.7,0.0,0
2024-04-28 23:00:00,24.4,62,1010.5,10.6,18.0,0.0,26
2024-04-29 00:00:00,24.0,64,1011.3,9.3,17.3,0.0,39
2024-04-29 01:00:00,24.6,69,1011.9,10.5,16.6,0.0,0
2024-04-29 02:00:00,26.7,62,1013.1,11.6,22.0,0.0,0
2024-04-29 03:00:00,28.5,54,1013.4,13.3,28.4,0.0,22
2024-04-29 04:00:00,30.7,44,1013.4,12.2,28.8,0.0,49
2024-04-29 05:00:00,32.6,35,1012.6,8.5,28.4,0.0,60
2024-04-29 06:00:00,34.6,28,1011.3,4.9,24.8,0.0,74
2024-04-29 07:00:00,36.4,21,1009.8,3.6,22.0,0.0,58
2024-04-29 08:00:00,38.0,16,1008.1,12.6,29.2,0.0,84
2024-04-29 09:00:00,37.8,15,1007.1,16.9,36.4,0.0,97
2024-04-29 10:00:00,37.4,16,1006.4,13.2,36.4,0.0,100
2024-04-29 11:00:00,37.0,17,1006.0,12.1,29.2,0.0,100
2024-04-29 12:00:00,35.9,19,1006.2,15.8,28.4,0.0,100
2024-04-29 13:00:00,33.0,22,1007.7,8.6,23.8,0.0,100
2024-04-29 14:00:00,31.5,24,1008.8,10.8,18.0,0.0,100
2024-04-29 15:00:00,30.5,25,1009.6,10.7,18.0,0.0,100
2024-04-29 16:00:00,29.6,26,1010.3,9.1,18.0,0.0,96
2024-04-29 17:00:00,28.9,29,1010.9,13.8,21.2,0.0,75
2024-04-29 18:00:00,27.7,38,1010.7,11.9,23.8,0.0,72
2024-04-29 19:00:00,26.7,42,1009.8,10.1,19.4,0.0,9
2024-04-29 20:00:00,26.0,49,1009.3,11.8,19.4,0.0,3
2024-04-29 21:00:00,25.1,64,1009.0,10.8,19.4,0.0,0
2024-04-29 22:00:00,24.3,75,1009.4,9.2,17.6,0.0,0
2024-04-29 23:00:00,23.7,79,1010.2,9.0,15.1,0.0,0
2024-04-30 00:00:00,23.9,70,1010.8,9.7,16.6,0.0,0
2024-04-30 01:00:00,23.8,76,1010.8,9.3,14.0,0.0,0
2024-04-30 02:00:00,26.1,66,1011.5,10.1,19.8,0.0,0
2024-04-30 03:00:00,28.8,55,1011.9,11.5,25.6,0.0,0
2024-04-30 04:00:00,31.3,44,1011.4,10.8,26.6,0.0,0
2024-04-30 05:00:00,33.3,36,1011.0,10.2,27.4,0.0,76
2024-04-30 06:00:00,35.3,27,1009.9,5.4,26.6,0.0,69
2024-04-30 07:00:00,37.0,22,1008.6,4.2,22.0,0.0,79
2024-04-30 08:00:00,38.3,17,1006.6,8.7,23.8,0.0,100
2024-04-30 09:00:00,38.6,15,1005.3,15.3,32.8,0.0,72
2024-04-30 10:00:00,38.0,15,1004.6,15.9,34.6,0.0,68
2024-04-30 11:00:00,37.5,16,1004.2,13.1,33.1,0.0,46
2024-04-30 12:00:00,36.8,18,1004.0,15.5,28.1,0.0,100
2024-04-30 13:00:00,33.4,24,1006.2,11.2,23.4,0.0,100
2024-04-30 14:00:00,31.8,26,1007.2,12.8,20.5,0.0,96
2024-04-30 15:00:00,31.2,27,1007.9,12.0,23.0,0.0,100
2024-04-30 16:00:00,30.5,28,1008.4,14.5,23.4,0.0,98
2024-04-30 17:00:00,29.7,31,1009.1,15.9,26.6,0.0,100
2024-04-30 18:00:00,28.5,37,1009.1,10.6,26.6,0.0,100
2024-04-30 19:00:00,27.2,40,1008.9,7.9,17.3,0.0,100
2024-04-30 20:00:00,26.4,44,1008.8,10.6,17.6,0.0,100
2024-04-30 21:00:00,25.1,64,1008.5,10.9,18.0,0.0,100
2024-04-30 22:00:00,24.3,78,1008.4,11.8,19.8,0.0,100
2024-04-30 23:00:00,23.7,84,1008.7,10.8,19.8,0.0,100
2024-05-01 00:00:00,23.2,87,1009.1,10.5,18.0,0.0,82
2024-05-01 01:00:00,24.2,88,1009.4,13.1,21.6,0.0,100
2024-05-01 02:00:00,25.8,80,1010.2,12.9,25.2,0.0,100
2024-05-01 03:00:00,28.2,67,1010.1,12.3,26.6,0.0,100
2024-05-01 04:00:00,31.0,53,1009.3,12.7,29.2,0.0,100
2024-05-01 05:00:00,33.6,41,1008.3,11.2,29.2,0.0,100
2024-05-01 06:00:00,35.8,31,1007.3,5.8,28.1,0.0,100
2024-05-01 07:00:00,37.7,22,1005.8,2.3,21.6,0.0,100
2024-05-01 08:00:00,38.7,20,1004.3,2.9,18.7,0.0,100
2024-05-01 09:00:00,39.5,18,1003.1,4.7,19.4,0.0,99
2024-05-01 10:00:00,39.0,18,1002.2,3.8,19.1,0.0,99
2024-05-01 11:00:00,38.7,18,1001.9,5.7,16.9,0.0,100
2024-05-01 12:00:00,37.9,18,1002.1,6.6,16.9,0.0,100
2024-05-01 13:00:00,35.6,22,1004.0,2.0,6.1,0.0,100
2024-05-01 14:00:00,33.7,25,1005.3,3.3,3.6,0.0,100
2024-05-01 15:00:00,32.2,29,1006.2,5.9,6.5,0.0,100
2024-05-01 16:00:00,32.7,28,1006.7,3.3,7.2,0.0,100
2024-05-01 17:00:00,32.7,29,1006.7,5.0,5.8,0.0,100
2024-05-01 18:00:00,30.1,35,1007.1,14.3,19.4,0.0,83
2024-05-01 19:00:00,28.4,52,1007.1,16.3,31.3,0.0,1
2024-05-01 20:00:00,27.2,61,1007.2,13.8,27.0,0.0,96
2024-05-01 21:00:00,26.4,70,1007.1,11.6,22.7,0.0,21
2024-05-01 22:00:00,25.8,74,1006.9,10.9,19.1,0.0,3
2024-05-01 23:00:00,25.2,77,1007.6,11.0,18.4,0.0,0
2024-05-02 00:00:00,24.7,81,1008.3,11.0,18.4,0.0,17
2024-05-02 01:00:00,25.4,83,1009.0,10.4,18.0,0.0,100
2024-05-02 02:00:00,26.9,77,1009.7,9.1,20.2,0.0,100
2024-05-02 03:00:00,29.4,64,1010.1,10.2,23.8,0.0,59
2024-05-02 04:00:00,32.0,49,1009.7,11.0,26.6,0.0,7
2024-05-02 05:00:00,34.0,38,1009.1,8.6,26.6,0.0,52
2024-05-02 06:00:00,35.4,32,1008.0,6.4,24.8,0.0,100
2024-05-02 07:00:00,36.6,28,1006.7,4.9,22.3,0.0,93
2024-05-02 08:00:00,37.7,25,1005.3,1.8,19.8,0.0,99
2024-05-02 09:00:00,37.9,24,1004.3,0.8,16.9,0.0,99
2024-05-02 10:00:00,37.8,24,1003.4,2.2,15.1,0.0,100
2024-05-02 11:00:00,37.6,24,1002.9,4.0,14.8,0.0,100
2024-05-02 12:00:00,36.7,24,1003.3,5.4,14.8,0.0,71
2024-05-02 13:00:00,31.3,43,1007.5,18.1,26.6,0.5,58
2024-05-02 14:00:00,30.2,42,1007.9,17.4,35.3,0.1,62
2024-05-02 15:00:00,29.6,44,1008.7,11.5,33.8,0.0,100
2024-05-02 16:00:00,29.7,43,1009.1,11.2,20.2,0.0,99
2024-05-02 17:00:00,29.6,43,1009.0,12.3,20.9,0.0,97
2024-05-02 18:00:00,29.2,43,1008.4,9.0,19.4,0.0,100
2024-05-02 19:00:00,28.8,43,1007.7,8.3,14.8,0.0,99
2024-05-02 20:00:00,28.6,42,1007.3,10.8,17.6,0.0,100
2024-05-02 21:00:00,28.1,44,1007.2,13.6,22.7,0.0,100
2024-05-02 22:00:00,27.1,50,1007.4,13.1,23.0,0.0,100
2024-05-02 23:00:00,26.2,62,1008.0,10.2,22.0,0.0,100
2024-05-03 00:00:00,25.5,73,1008.8,9.7,16.6,0.0,100
2024-05-03 01:00:00,26.7,68,1009.2,8.9,14.8,0.0,100
2024-05-03 02:00:00,28.4,68,1010.0,9.7,20.2,0.0,100
2024-05-03 03:00:00,30.8,58,1010.3,12.6,27.0,0.0,100
2024-05-03 04:00:00,33.0,48,1010.2,11.7,27.7,0.0,100
2024-05-03 05:00:00,34.8,38,1009.5,8.0,27.4,0.0,100
2024-05-03 06:00:00,36.1,33,1008.5,3.3,23.4,0.0,100
2024-05-03 07:00:00,37.5,29,1007.3,1.5,18.0,0.0,100
2024-05-03 08:00:00,36.3,30,1006.1,14.4,29.9,0.1,100
2024-05-03 09:00:00,35.8,29,1005.6,7.9,37.1,0.1,100
2024-05-03 10:00:00,32.5,45,1006.0,17.0,36.4,0.0,100
2024-05-03 11:00:00,32.6,40,1006.6,9.9,34.2,0.0,100
2024-05-03 12:00:00,27.6,63,1009.0,19.4,38.2,0.0,100
2024-05-03 13:00:00,26.9,69,1009.9,19.4,37.1,0.0,100
2024-05-03 14:00:00,26.4,70,1009.6,7.9,33.1,0.0,100
2024-05-03 15:00:00,26.6,70,1010.4,6.5,14.4,0.0,100
2024-05-03 16:00:00,25.7,77,1011.0,9.7,18.7,0.0,100
2024-05-03 17:00:00,25.6,80,1010.9,6.9,16.6,0.0,100
2024-05-03 18:00:00,24.7,85,1011.3,10.3,18.4,0.0,96
2024-05-03 19:00:00,24.5,84,1010.5,10.5,16.9,0.0,94
2024-05-03 20:00:00,24.1,90,1009.8,12.0,20.9,0.0,77
2024-05-03 21:00:00,23.9,91,1009.0,10.9,20.9,0.0,81
2024-05-03 22:00:00,23.7,94,1008.7,9.4,18.4,0.0,97
2024-05-03 23:00:00,23.4,93,1008.9,8.9,15.5,0.0,95
2024-05-04 00:00:00,23.2,93,1009.6,8.4,14.8,0.0,44
2024-05-04 01:00:00,24.0,96,1010.8,7.7,13.7,0.0,28
2024-05-04 02:00:00,26.2,83,1012.0,7.8,17.3,0.0,60
2024-05-04 03:00:00,29.0,67,1012.3,12.0,25.6,0.0,92
2024-05-04 04:00:00,31.7,53,1011.9,13.7,30.6,0.0,98
2024-05-04 05:00:00,34.5,38,1010.9,13.6,31.3,0.0,99
2024-05-04 06:00:00,36.4,29,1009.5,11.2,31.3,0.0,97
2024-05-04 07:00:00,36.2,29,1008.4,10.6,28.4,0.0,100
2024-05-04 08:00:00,37.4,27,1007.0,9.8,27.0,0.0,96
2024-05-04 09:00:00,37.9,25,1005.5,8.8,26.3,0.0,88
2024-05-04 10:00:00,37.5,24,1004.2,8.3,24.1,0.0,96
2024-05-04 11:00:00,31.9,40,1005.9,15.2,32.0,0.1,88
2024-05-04 12:00:00,27.2,60,1007.9,17.6,42.5,0.0,70
2024-05-04 13:00:00,32.8,33,1007.0,18.2,28.8,0.0,100
2024-05-04 14:00:00,29.8,45,1008.1,15.5,33.1,0.0,100
2024-05-04 15:00:00,28.9,48,1009.6,4.6,25.9,0.0,100
2024-05-04 16:00:00,28.1,51,1010.3,9.7,15.5,0.0,96
2024-05-04 17:00:00,27.1,57,1010.7,13.3,21.6,0.0,75
2024-05-04 18:00:00,26.6,63,1010.0,13.4,22.3,0.0,0
2024-05-04 19:00:00,25.9,68,1009.3,13.0,22.0,0.0,27
2024-05-04 20:00:00,25.2,72,1008.5,11.3,21.6,0.0,15
2024-05-04 21:00:00,24.9,73,1007.7,11.8,19.4,0.0,0
2024-05-04 22:00:00,24.2,77,1007.8,12.2,20.5,0.0,0
2024-05-04 23:00:00,23.7,80,1008.3,10.6,20.2,0.0,0
2024-05-05 00:00:00,23.2,81,1008.9,11.4,19.1,0.0,0
2024-05-05 01:00:00,24.3,89,1009.2,9.7,16.9,0.0,0
2024-05-05 02:00:00,26.2,77,1010.3,11.3,22.7,0.0,0
2024-05-05 03:00:00,28.6,64,1010.8,13.3,28.1,0.0,0
2024-05-05 04:00:00,31.0,52,1010.2,14.8,32.4,0.0,0
2024-05-05 05:00:00,33.3,41,1009.3,14.7,33.5,0.0,8
2024-05-05 06:00:00,34.9,32,1008.2,11.9,33.1,0.0,17
2024-05-05 07:00:00,36.0,27,1006.9,9.4,29.2,0.0,13
2024-05-05 08:00:00,37.0,25,1005.6,10.4,27.4,0.0,12
2024-05-05 09:00:00,37.7,23,1004.6,11.5,28.1,0.0,90
2024-05-05 10:00:00,36.7,23,1003.8,12.5,27.7,0.0,100
2024-05-05 11:00:00,36.0,23,1003.9,11.4,27.7,0.0,90
2024-05-05 12:00:00,34.0,29,1004.9,13.1,23.0,0.0,49
2024-05-05 13:00:00,32.7,28,1005.3,16.5,27.4,0.0,11
2024-05-05 14:00:00,31.3,30,1006.2,8.5,27.7,0.0,8
2024-05-05 15:00:00,29.9,33,1007.2,6.9,13.3,0.0,5
2024-05-05 16:00:00,29.4,36,1008.3,10.0,14.4,0.0,22
2024-05-05 17:00:00,28.6,40,1009.4,13.3,23.8,0.0,12
2024-05-05 18:00:00,27.4,49,1009.6,17.4,29.9,0.0,2
2024-05-05 19:00:00,26.6,58,1008.9,15.9,29.2,0.0,0
2024-05-05 20:00:00,25.6,67,1008.7,15.2,26.6,0.0,0
2024-05-05 21:00:00,24.9,72,1008.6,15.1,25.6,0.0,0
2024-05-05 22:00:00,24.2,75,1008.7,14.4,25.2,0.0,0
2024-05-05 23:00:00,23.7,78,1009.0,15.3,25.6,0.0,0
2024-05-06 00:00:00,23.3,80,1009.6,12.3,25.2,0.0,41
2024-05-06 01:00:00,24.0,85,1010.2,9.8,17.3,0.0,31
2024-05-06 02:00:00,26.0,74,1010.7,10.4,22.0,0.0,16
2024-05-06 03:00:00,28.9,59,1011.0,11.5,25.6,0.0,16
2024-05-06 04:00:00,31.9,45,1010.5,11.4,27.0,0.0,1
2024-05-06 05:00:00,34.4,36,1009.4,11.1,28.1,0.0,16
2024-05-06 06:00:00,36.1,28,1008.2,6.3,27.7,0.0,28
2024-05-06 07:00:00,37.4,25,1007.3,3.7,22.7,0.0,10
2024-05-06 08:00:00,38.9,21,1005.7,2.0,19.4,0.0,24
2024-05-06 09:00:00,39.3,20,1004.5,1.5,17.6,0.0,80
2024-05-06 10:00:00,37.4,22,1004.0,5.8,15.8,0.0,94
2024-05-06 11:00:00,34.3,31,1005.1,8.6,32.8,0.0,63
2024-05-06 12:00:00,33.9,31,1005.6,4.3,21.2,0.0,35
2024-05-06 13:00:00,32.1,38,1007.1,6.6,14.4,0.0,24
2024-05-06 14:00:00,30.5,43,1007.9,9.0,17.6,0.0,9
2024-05-06 15:00:00,29.6,47,1008.3,9.7,15.1,0.0,11
2024-05-06 16:00:00,28.7,50,1009.0,7.6,17.3,0.0,44
2024-05-06 17:00:00,29.0,49,1009.8,12.7,19.8,0.0,33
2024-05-06 18:00:00,28.8,47,1009.5,12.9,23.4,0.0,22
2024-05-06 19:00:00,27.2,54,1009.8,12.2,20.9,0.0,12
2024-05-06 20:00:00,26.1,63,1009.8,10.7,20.2,0.0,0
2024-05-06 21:00:00,25.4,68,1009.7,11.5,19.1,0.0,11
2024-05-06 22:00:00,24.7,74,1009.7,10.7,18.7,0.0,4
2024-05-06 23:00:00,24.1,79,1010.0,12.0,19.8,0.0,1
2024-05-07 00:00:00,23.7,84,1010.9,9.8,19.8,0.0,19
2024-05-07 01:00:00,23.6,83,1011.5,10.0,17.3,0.0,14
2024-05-07 02:00:00,25.3,76,1011.9,11.0,22.7,0.0,0
2024-05-07 03:00:00,27.8,62,1012.1,13.0,27.4,0.0,0
2024-05-07 04:00:00,30.3,51,1011.7,13.6,30.6,0.0,0
2024-05-07 05:00:00,32.2,44,1011.2,10.3,30.2,0.0,7
2024-05-07 06:00:00,33.7,38,1010.5,6.9,27.0,0.0,16
2024-05-07 07:00:00,35.0,35,1009.6,7.1,23.4,0.0,58
2024-05-07 08:00:00,35.4,33,1008.5,7.1,23.4,0.0,46
2024-05-07 09:00:00,35.9,32,1007.3,7.7,23.4,0.0,100
2024-05-07 10:00:00,35.0,33,1006.1,10.7,23.8,0.0,100
2024-05-07 11:00:00,33.0,36,1006.9,8.7,24.1,0.0,50
2024-05-07 12:00:00,32.8,36,1007.5,6.9,19.4,0.1,78
2024-05-07 13:00:00,30.4,45,1008.7,7.0,15.5,0.0,37
2024-05-07 14:00:00,29.3,50,1009.6,3.7,11.9,0.0,80
2024-05-07 15:00:00,28.6,54,1010.6,5.2,6.8,0.0,95
2024-05-07 16:00:00,27.9,57,1011.5,10.3,16.6,0.0,95
2024-05-07 17:00:00,26.8,62,1012.2,7.9,16.9,0.0,96
2024-05-07 18:00:00,26.1,64,1011.6,8.8,14.4,0.0,87
2024-05-07 19:00:00,25.5,66,1010.8,8.6,14.4,0.0,100
2024-05-07 20:00:00,25.1,70,1010.2,6.1,14.4,0.0,97
2024-05-07 21:00:00,21.7,88,1012.2,18.2,37.8,4.1,100
2024-05-07 22:00:00,22.1,87,1011.1,4.0,29.9,1.7,96
2024-05-07 23:00:00,21.8,92,1011.9,12.2,19.8,0.3,100
2024-05-08 00:00:00,21.5,91,1011.2,1.1,21.2,0.1,100
2024-05-08 01:00:00,22.4,83,1013.3,11.2,17.6,0.0,100
2024-05-08 02:00:00,23.9,71,1013.6,10.9,25.6,0.0,100
2024-05-08 03:00:00,27.0,56,1013.1,8.0,21.6,0.0,100
2024-05-08 04:00:00,28.8,50,1012.6,5.2,20.5,0.0,100
2024-05-08 05:00:00,30.2,47,1012.1,4.9,18.0,0.0,100
2024-05-08 06:00:00,31.5,43,1011.0,5.7,19.8,0.0,100
2024-05-08 07:00:00,32.6,39,1009.8,5.1,19.8,0.0,100
2024-05-08 08:00:00,33.5,36,1008.2,5.4,19.4,0.0,100
2024-05-08 09:00:00,34.0,33,1006.8,6.9,20.9,0.0,100
2024-05-08 10:00:00,33.8,33,1006.2,6.5,21.2,0.0,100
2024-05-08 11:00:00,32.2,36,1006.4,12.1,25.2,0.0,100
2024-05-08 12:00:00,30.8,41,1007.0,10.4,25.6,0.0,100
2024-05-08 13:00:00,29.5,46,1008.1,10.6,19.1,0.0,38
2024-05-08 14:00:00,28.3,50,1008.5,8.2,16.6,0.0,73
2024-05-08 15:00:00,28.0,48,1009.1,10.7,16.9,0.0,98
2024-05-08 16:00:00,27.5,49,1009.5,11.1,17.6,0.0,96
2024-05-08 17:00:00,26.9,52,1009.8,6.2,17.6,0.0,100
2024-05-08 18:00:00,25.3,61,1010.6,14.0,25.2,0.0,100
2024-05-08 19:00:00,24.8,62,1009.3,7.3,23.0,0.0,100
2024-05-08 20:00:00,25.0,62,1009.2,8.0,13.0,0.0,100
2024-05-08 21:00:00,24.2,66,1008.7,7.6,13.0,0.0,75
2024-05-08 22:00:00,23.7,68,1008.5,9.2,14.8,0.0,2
2024-05-08 23:00:00,23.1,70,1009.0,9.9,16.2,0.0,0
2024-05-09 00:00:00,22.6,73,1009.5,8.6,15.8,0.0,3
2024-05-09 01:00:00,23.7,76,1010.9,7.6,12.2,0.0,93
2024-05-09 02:00:00,25.6,73,1011.2,3.4,11.9,0.0,88
2024-05-09 03:00:00,27.9,64,1011.6,3.5,14.4,0.0,98
2024-05-09 04:00:00,29.7,54,1011.0,3.6,18.0,0.0,95
2024-05-09 05:00:00,30.5,50,1010.2,1.8,16.9,0.1,63
2024-05-09 06:00:00,31.6,46,1009.4,2.8,15.8,0.0,80
2024-05-09 07:00:00,32.4,43,1008.6,3.3,19.1,0.0,99
2024-05-09 08:00:00,32.8,41,1007.4,3.1,17.6,0.0,96
2024-05-09 09:00:00,32.7,39,1006.4,2.5,17.3,0.0,100
2024-05-09 10:00:00,32.7,37,1005.4,4.6,15.5,0.0,100
2024-05-09 11:00:00,28.8,51,1006.6,8.5,22.3,1.8,98
2024-05-09 12:00:00,27.1,64,1007.4,9.7,31.0,1.7,100
2024-05-09 13:00:00,30.6,42,1007.7,8.4,19.1,0.0,42
2024-05-09 14:00:00,29.1,47,1008.9,2.9,13.7,0.0,69
2024-05-09 15:00:00,25.0,71,1011.7,16.3,28.8,0.8,71
2024-05-09 16:00:00,24.2,76,1011.8,11.5,27.7,0.1,33
2024-05-09 17:00:00,23.9,76,1011.8,4.9,19.8,0.0,59
2024-05-09 18:00:00,23.6,77,1011.7,10.2,16.2,0.0,70
2024-05-09 19:00:00,23.3,79,1010.6,8.2,16.6,0.0,97
2024-05-09 20:00:00,23.2,79,1010.2,10.6,17.3,0.0,100
2024-05-09 21:00:00,23.1,82,1010.0,10.0,17.6,0.0,98
2024-05-09 22:00:00,22.8,84,1009.6,10.7,17.3,0.0,99
2024-05-09 23:00:00,22.5,84,1010.5,5.4,17.6,0.0,80
2024-05-10 00:00:00,22.4,84,1011.5,4.6,8.6,0.0,60
2024-05-10 01:00:00,22.8,83,1011.3,8.2,15.8,0.0,8
2024-05-10 02:00:00,24.9,74,1011.9,4.0,13.0,0.0,3
2024-05-10 03:00:00,27.4,60,1012.7,7.6,19.1,0.0,34
2024-05-10 04:00:00,29.1,50,1012.6,9.8,24.1,0.0,60
2024-05-10 05:00:00,30.0,47,1012.4,4.3,24.8,0.0,31
2024-05-10 06:00:00,30.7,46,1011.3,3.7,18.0,0.0,8
2024-05-10 07:00:00,32.0,43,1010.3,2.2,17.6,0.1,60
2024-05-10 08:00:00,32.1,42,1008.7,2.5,16.9,0.0,16
2024-05-10 09:00:00,33.0,39,1007.1,1.1,16.9,0.0,13
2024-05-10 10:00:00,32.9,39,1006.5,7.4,21.2,0.0,39
2024-05-10 11:00:00,31.7,42,1006.6,17.0,31.3,0.4,98
2024-05-10 12:00:00,25.2,75,1009.7,11.1,34.6,5.3,100
2024-05-10 13:00:00,29.0,48,1008.6,9.1,18.4,0.0,75
2024-05-10 14:00:00,25.9,67,1009.7,13.5,32.4,0.0,66
2024-05-10 15:00:00,24.5,70,1011.7,15.2,25.6,0.0,68
2024-05-10 16:00:00,24.1,74,1012.4,9.3,25.6,0.0,44
2024-05-10 17:00:00,23.9,75,1014.3,5.0,14.8,0.1,52
2024-05-10 18:00:00,23.3,78,1013.0,10.5,17.6,0.1,27
2024-05-10 19:00:00,23.0,79,1011.9,6.8,16.9,0.0,17
2024-05-10 20:00:00,22.7,81,1011.2,4.7,10.8,0.0,65
2024-05-10 21:00:00,22.3,83,1011.2,7.4,12.2,0.0,59
2024-05-10 22:00:00,22.0,85,1010.9,3.6,11.5,0.0,79
2024-05-10 23:00:00,22.0,85,1011.1,4.6,6.5,0.0,85
2024-05-11 00:00:00,21.7,87,1011.5,4.6,5.4,0.0,41
2024-05-11 01:00:00,22.2,90,1012.5,6.7,9.0,0.0,100
2024-05-11 02:00:00,24.7,71,1013.3,4.6,11.5,0.0,100
2024-05-11 03:00:00,26.8,55,1013.2,5.7,14.8,0.0,100
2024-05-11 04:00:00,29.2,44,1012.6,6.9,19.1,0.0,33
2024-05-11 05:00:00,30.9,39,1011.7,5.8,20.2,0.0,74
2024-05-11 06:00:00,32.1,36,1011.2,4.1,19.1,0.0,45
2024-05-11 07:00:00,32.9,35,1010.0,5.4,19.8,0.0,1
2024-05-11 08:00:00,33.8,35,1008.7,5.1,19.8,0.0,46
2024-05-11 09:00:00,33.9,34,1007.6,5.6,19.1,0.0,99
2024-05-11 10:00:00,34.0,32,1006.3,9.8,22.3,0.0,96
2024-05-11 11:00:00,32.0,37,1006.8,14.3,26.3,0.0,93
2024-05-11 12:00:00,29.0,55,1008.2,16.7,33.1,0.0,98
2024-05-11 13:00:00,29.7,48,1009.3,12.4,20.9,0.0,98
2024-05-11 14:00:00,28.4,53,1010.1,8.0,20.9,0.0,100
2024-05-11 15:00:00,27.8,55,1011.4,12.5,20.5,0.0,91
2024-05-11 16:00:00,26.8,61,1012.4,14.5,23.0,0.0,86
2024-05-11 17:00:00,26.1,68,1013.0,12.8,24.1,0.0,99
2024-05-11 18:00:00,25.5,73,1012.7,10.1,20.9,0.0,97
2024-05-11 19:00:00,23.8,79,1013.1,14.4,22.3,0.5,89
2024-05-11 20:00:00,22.0,87,1011.9,9.2,27.4,0.1,23
2024-05-11 21:00:00,22.0,87,1011.2,5.6,16.2,0.0,89
2024-05-11 22:00:00,22.3,85,1010.5,3.3,9.7,0.0,100
2024-05-11 23:00:00,22.3,86,1011.1,2.2,5.4,0.0,100
2024-05-12 00:00:00,22.1,88,1011.3,5.1,8.3,0.0,100
2024-05-12 01:00:00,24.3,75,1011.8,5.9,8.3,0.0,9
2024-05-12 02:00:00,26.5,66,1013.0,5.4,13.0,0.0,74
2024-05-12 03:00:00,28.0,60,1013.8,6.5,18.7,0.0,80
2024-05-12 04:00:00,29.0,57,1013.1,5.4,21.2,0.0,77
2024-05-12 05:00:00,29.9,55,1012.3,1.5,20.5,0.2,94
2024-05-12 06:00:00,30.9,52,1011.5,3.1,18.7,0.0,87
2024-05-12 07:00:00,31.8,47,1010.5,4.8,19.1,0.0,100
2024-05-12 08:00:00,30.6,48,1009.1,11.5,25.2,0.0,95
2024-05-12 09:00:00,29.2,56,1009.1,18.1,36.4,0.1,67
2024-05-12 10:00:00,30.2,51,1007.9,12.2,36.4,0.1,78
2024-05-12 11:00:00,29.9,53,1007.5,3.7,26.6,0.5,93
2024-05-12 12:00:00,28.8,56,1008.3,6.8,15.5,0.2,100
2024-05-12 13:00:00,27.5,66,1009.7,3.7,8.3,0.0,97
2024-05-12 14:00:00,26.2,70,1010.9,10.9,16.9,0.1,100
2024-05-12 15:00:00,23.7,83,1012.7,8.1,21.6,3.9,100
2024-05-12 16:00:00,23.5,89,1012.6,9.4,14.4,0.0,98
2024-05-12 17:00:00,23.3,86,1012.5,4.2,17.6,0.1,100
2024-05-12 18:00:00,22.9,88,1012.4,3.5,6.8,0.0,100
2024-05-12 19:00:00,22.6,90,1012.0,7.9,12.2,0.8,98
2024-05-12 20:00:00,21.2,95,1012.5,10.4,26.6,2.8,100
2024-05-12 21:00:00,21.6,88,1011.8,8.2,16.9,0.1,82
2024-05-12 22:00:00,21.5,89,1010.7,4.3,14.4,0.2,52
2024-05-12 23:00:00,21.0,94,1010.3,3.0,7.9,0.1,85
2024-05-13 00:00:00,20.8,95,1010.8,2.2,4.7,0.0,99
2024-05-13 01:00:00,21.3,91,1013.4,11.1,22.3,0.6,30
2024-05-13 02:00:00,22.4,87,1013.9,6.4,18.0,0.1,37
2024-05-13 03:00:00,24.9,77,1013.6,4.3,14.8,0.0,100
2024-05-13 04:00:00,27.5,66,1012.7,4.0,16.9,0.0,99
2024-05-13 05:00:00,29.2,57,1011.7,3.0,21.6,0.0,98
2024-05-13 06:00:00,30.7,50,1010.8,7.4,23.4,0.0,99
2024-05-13 07:00:00,31.5,47,1009.5,10.1,25.6,0.0,97
2024-05-13 08:00:00,32.4,44,1008.2,10.2,26.3,0.0,100
2024-05-13 09:00:00,32.7,42,1006.8,10.9,25.6,0.0,28
2024-05-13 10:00:00,32.3,43,1006.1,10.1,25.2,0.0,81
2024-05-13 11:00:00,30.0,50,1006.7,15.5,29.2,0.2,63
2024-05-13 12:00:00,29.0,51,1007.2,9.7,29.9,0.0,60
2024-05-13 13:00:00,28.9,51,1008.7,8.2,12.2,0.0,97
2024-05-13 14:00:00,26.7,63,1010.2,10.7,16.2,0.0,99
2024-05-13 15:00:00,25.6,68,1010.6,9.2,20.2,0.0,91
2024-05-13 16:00:00,24.7,71,1011.3,6.2,14.4,0.0,68
2024-05-13 17:00:00,24.0,77,1011.5,1.8,9.4,0.0,80
2024-05-13 18:00:00,23.8,76,1011.3,8.0,13.3,0.0,55
2024-05-13 19:00:00,23.4,79,1011.1,6.1,12.6,0.0,46
2024-05-13 20:00:00,22.8,82,1010.7,8.4,13.3,0.0,95
2024-05-13 21:00:00,22.5,85,1009.7,9.7,16.2,0.0,100
2024-05-13 22:00:00,22.1,87,1009.6,3.6,15.5,0.0,100
2024-05-13 23:00:00,22.0,88,1010.2,2.5,5.8,0.0,98
2024-05-14 00:00:00,21.6,91,1010.7,5.4,8.6,0.0,100
2024-05-14 01:00:00,22.9,86,1011.5,8.4,14.0,0.0,99
2024-05-14 02:00:00,24.6,78,1011.8,5.7,13.0,0.0,96
2024-05-14 03:00:00,26.3,69,1012.0,7.0,16.9,0.0,100
2024-05-14 04:00:00,27.7,64,1012.1,5.2,17.6,0.0,100
2024-05-14 05:00:00,27.6,65,1011.8,5.1,23.8,0.0,23
2024-05-14 06:00:00,29.2,62,1011.4,1.8,25.9,0.1,95
2024-05-14 07:00:00,29.0,60,1010.4,2.3,20.2,0.4,100
2024-05-14 08:00:00,24.4,85,1010.5,2.9,18.0,10.6,99
2024-05-14 09:00:00,24.8,77,1009.5,6.5,16.2,3.9,99
2024-05-14 10:00:00,24.2,80,1009.2,8.0,20.9,0.3,83
2024-05-14 11:00:00,25.1,75,1009.3,7.5,18.7,0.1,91
2024-05-14 12:00:00,25.5,73,1009.9,6.9,18.4,0.0,100
2024-05-14 13:00:00,26.4,65,1010.3,9.7,16.6,0.1,97
2024-05-14 14:00:00,25.4,74,1010.6,8.4,15.1,0.0,93
2024-05-14 15:00:00,25.3,74,1011.7,6.2,13.0,0.0,100
2024-05-14 16:00:00,25.8,74,1012.0,8.1,13.3,0.0,100
2024-05-14 17:00:00,25.1,81,1012.0,7.8,13.7,0.6,99
2024-05-14 18:00:00,24.9,83,1011.7,10.0,15.1,0.1,43
2024-05-14 19:00:00,24.0,87,1011.2,10.0,16.9,0.1,57
2024-05-14 20:00:00,23.4,90,1010.5,9.0,16.6,0.0,100
2024-05-14 21:00:00,22.8,91,1010.8,10.2,16.9,0.0,100
2024-05-14 22:00:00,22.3,90,1010.6,5.8,16.9,0.0,88
2024-05-14 23:00:00,21.6,90,1011.7,8.1,23.4,0.0,24
2024-05-15 00:00:00,21.2,92,1011.8,5.9,11.9,0.0,94
2024-05-15 01:00:00,22.5,83,1012.0,4.5,13.3,0.0,67
2024-05-15 02:00:00,24.1,77,1012.7,6.0,13.0,0.0,81
2024-05-15 03:00:00,25.9,68,1013.4,8.7,20.5,0.0,62
2024-05-15 04:00:00,27.7,62,1013.1,7.3,20.2,0.0,70
2024-05-15 05:00:00,29.2,56,1012.1,7.2,23.4,0.0,26
2024-05-15 06:00:00,30.3,52,1011.1,9.3,24.1,0.0,37
2024-05-15 07:00:00,31.0,50,1009.8,11.9,26.6,0.0,8
2024-05-15 08:00:00,31.8,46,1008.5,12.5,28.4,0.0,11
2024-05-15 09:00:00,32.2,45,1007.8,12.0,28.1,0.0,19
2024-05-15 10:00:00,32.0,44,1006.9,12.6,26.6,0.0,47
2024-05-15 11:00:00,28.0,60,1008.3,14.0,30.2,0.9,100
2024-05-15 12:00:00,28.5,56,1008.5,6.2,26.6,0.0,100
2024-05-15 13:00:00,26.3,64,1010.2,18.7,31.0,0.0,83
2024-05-15 14:00:00,24.6,71,1010.9,14.1,32.8,0.0,100
2024-05-15 15:00:00,24.9,69,1011.5,11.5,22.7,0.0,100
2024-05-15 16:00:00,25.2,69,1012.0,13.7,21.6,0.0,100
2024-05-15 17:00:00,24.8,69,1012.7,15.7,25.9,0.0,100
2024-05-15 18:00:00,24.2,74,1013.4,12.1,26.3,0.0,100
2024-05-15 19:00:00,23.3,79,1012.6,11.1,19.4,0.0,100
2024-05-15 20:00:00,22.5,86,1011.9,8.9,18.7,0.0,100
2024-05-15 21:00:00,22.4,89,1011.4,7.3,14.0,0.0,98
2024-05-15 22:00:00,22.0,92,1011.1,6.0,11.2,0.0,89
2024-05-15 23:00:00,21.6,96,1011.0,4.4,9.4,0.0,100
2024-05-16 00:00:00,21.3,97,1011.5,4.3,6.8,0.0,100
2024-05-16 01:00:00,22.4,94,1012.7,6.5,11.2,0.0,98
2024-05-16 02:00:00,23.5,88,1013.1,8.6,17.3,0.0,100
2024-05-16 03:00:00,24.7,79,1013.1,6.1,17.6,0.0,100
2024-05-16 04:00:00,25.0,77,1013.6,5.0,16.2,0.0,100
2024-05-16 05:00:00,25.8,72,1013.6,3.8,14.0,0.0,100
2024-05-16 06:00:00,26.9,63,1012.5,2.7,14.4,0.1,100
2024-05-16 07:00:00,27.2,60,1012.0,5.5,15.8,0.0,100
2024-05-16 08:00:00,25.7,68,1011.2,7.9,15.8,0.1,100
2024-05-16 09:00:00,25.9,71,1009.8,9.0,20.9,0.3,100
2024-05-16 10:00:00,26.3,69,1009.3,6.2,20.2,0.0,100
2024-05-16 11:00:00,25.8,67,1009.1,5.1,15.5,0.0,100
2024-05-16 12:00:00,25.8,65,1009.2,5.8,14.0,0.0,100
2024-05-16 13:00:00,26.8,60,1008.8,7.3,13.3,0.0,100
2024-05-16 14:00:00,26.2,63,1009.6,10.0,14.8,0.0,100
2024-05-16 15:00:00,25.9,68,1010.7,12.8,22.0,0.0,100
2024-05-16 16:00:00,25.0,75,1011.9,7.9,20.9,0.0,100
2024-05-16 17:00:00,23.9,80,1012.2,7.1,13.0,0.0,100
2024-05-16 18:00:00,22.3,89,1012.7,9.5,15.1,2.3,100
2024-05-16 19:00:00,22.2,93,1011.6,4.3,16.2,0.2,99
2024-05-16 20:00:00,20.9,96,1011.6,13.4,24.5,1.9,100
2024-05-16 21:00:00,21.2,93,1010.1,6.1,22.3,2.6,100
2024-05-16 22:00:00,21.5,93,1009.8,4.7,10.4,0.4,100
2024-05-16 23:00:00,21.6,94,1010.3,3.4,9.7,0.0,100
2024-05-17 00:00:00,21.6,95,1010.8,3.6,6.1,0.0,97
2024-05-17 01:00:00,23.0,90,1011.1,10.5,16.2,0.0,100
2024-05-17 02:00:00,24.1,86,1011.4,12.0,24.5,0.0,100
2024-05-17 03:00:00,25.3,70,1012.0,14.1,27.7,0.4,100
2024-05-17 04:00:00,24.7,79,1012.5,9.9,27.7,0.6,100
2024-05-17 05:00:00,25.1,78,1011.7,9.4,21.6,0.2,100
2024-05-17 06:00:00,27.1,68,1010.7,6.2,22.3,0.1,100
2024-05-17 07:00:00,28.4,62,1009.6,2.9,20.2,0.0,100
2024-05-17 08:00:00,29.1,60,1008.3,3.6,18.0,0.0,100
2024-05-17 09:00:00,29.3,57,1007.0,2.9,18.0,0.0,100
2024-05-17 10:00:00,28.9,57,1006.1,0.8,14.4,0.0,100
2024-05-17 11:00:00,23.2,87,1008.7,14.3,33.1,7.9,100
2024-05-17 12:00:00,23.6,88,1008.7,6.9,26.6,0.5,100
2024-05-17 13:00:00,23.8,83,1009.6,6.2,12.2,0.2,99
2024-05-17 14:00:00,23.4,88,1010.3,5.2,11.5,0.0,100
2024-05-17 15:00:00,23.5,90,1010.6,3.3,8.6,0.0,100
2024-05-17 16:00:00,22.9,94,1011.3,4.8,7.2,0.0,100
2024-05-17 17:00:00,22.9,94,1011.5,5.4,10.8,0.0,100
2024-05-17 18:00:00,22.8,95,1011.2,5.4,9.0,0.0,100
2024-05-17 19:00:00,22.5,96,1010.5,4.0,8.6,0.0,100
2024-05-17 20:00:00,22.0,98,1010.0,5.1,8.6,0.0,100
2024-05-17 21:00:00,21.7,99,1009.3,4.5,9.7,0.0,100
2024-05-17 22:00:00,21.3,99,1008.8,4.0,8.3,0.0,100
2024-05-17 23:00:00,21.6,97,1009.0,1.8,5.4,0.0,100
2024-05-18 00:00:00,21.1,98,1009.5,3.3,4.7,0.0,100
2024-05-18 01:00:00,22.6,98,1009.3,2.5,4.0,0.0,100
2024-05-18 02:00:00,23.7,92,1010.3,1.8,10.4,0.1,100
2024-05-18 03:00:00,25.1,85,1010.4,2.2,14.8,0.1,100
2024-05-18 04:00:00,26.5,76,1010.3,1.5,16.6,0.1,100
2024-05-18 05:00:00,27.8,69,1009.6,1.5,16.6,0.1,100
2024-05-18 06:00:00,28.6,64,1008.7,1.8,16.9,0.2,100
2024-05-18 07:00:00,29.3,59,1007.0,1.5,15.1,0.1,100
2024-05-18 08:00:00,25.9,75,1006.4,10.5,20.2,3.0,100
2024-05-18 09:00:00,24.7,79,1006.5,7.2,26.6,2.6,100
2024-05-18 10:00:00,24.4,84,1006.1,17.8,33.5,1.7,100
2024-05-18 11:00:00,24.4,82,1006.1,9.8,32.8,0.4,100
2024-05-18 12:00:00,22.4,94,1007.4,8.0,23.4,9.3,100
2024-05-18 13:00:00,25.4,73,1007.0,6.5,17.3,0.0,100
2024-05-18 14:00:00,24.8,78,1007.9,3.5,10.1,0.0,100
2024-05-18 15:00:00,24.2,83,1008.9,4.7,5.8,0.1,100
2024-05-18 16:00:00,23.2,88,1009.1,3.7,14.0,0.2,100
2024-05-18 17:00:00,22.6,93,1009.6,3.3,7.2,0.1,100
2024-05-18 18:00:00,22.1,92,1009.9,8.2,13.3,1.4,100
2024-05-18 19:00:00,21.8,95,1009.1,6.5,16.2,0.9,100
2024-05-18 20:00:00,21.7,97,1008.5,4.0,15.5,0.5,100
2024-05-18 21:00:00,21.7,96,1007.2,2.3,7.6,0.2,100
2024-05-18 22:00:00,21.6,96,1006.7,0.4,6.1,0.0,100
2024-05-18 23:00:00,21.7,96,1007.1,1.6,4.7,0.1,100
2024-05-19 00:00:00,21.5,95,1008.2,5.1,8.3,0.9,100
2024-05-19 01:00:00,22.4,97,1007.9,3.9,6.1,0.0,100
2024-05-19 02:00:00,23.7,88,1009.0,4.5,12.2,0.0,100
2024-05-19 03:00:00,25.0,82,1009.7,5.1,15.1,0.1,100
2024-05-19 04:00:00,26.1,75,1009.3,5.2,16.2,0.1,100
2024-05-19 05:00:00,27.2,70,1008.7,4.6,16.9,0.1,100
2024-05-19 06:00:00,28.3,66,1007.9,2.4,16.6,0.1,99
2024-05-19 07:00:00,29.3,60,1006.4,2.5,15.1,0.1,100
2024-05-19 08:00:00,28.9,58,1004.7,3.7,14.8,0.0,100
2024-05-19 09:00:00,25.6,77,1005.1,6.1,21.6,5.0,100
2024-05-19 10:00:00,25.5,78,1004.7,4.9,16.2,0.3,100
2024-05-19 11:00:00,25.4,77,1004.1,5.0,14.4,0.1,100
2024-05-19 12:00:00,25.3,78,1004.4,5.0,13.0,0.0,100
2024-05-19 13:00:00,24.7,80,1006.2,4.0,13.0,0.1,100
2024-05-19 14:00:00,23.8,85,1006.9,1.1,10.1,0.3,100
2024-05-19 15:00:00,23.8,85,1007.1,1.8,3.2,0.1,100
2024-05-19 16:00:00,23.5,89,1007.6,2.3,4.0,0.0,100
2024-05-19 17:00:00,22.8,94,1008.3,3.8,6.5,0.0,100
2024-05-19 18:00:00,23.2,93,1007.8,5.1,8.6,0.1,100
2024-05-19 19:00:00,23.0,93,1006.9,4.7,9.0,0.0,100
2024-05-19 20:00:00,22.8,94,1006.3,2.1,7.6,0.0,100
2024-05-19 21:00:00,22.8,94,1005.9,1.5,4.0,0.0,100
2024-05-19 22:00:00,22.6,97,1005.9,0.8,5.0,0.0,99
2024-05-19 23:00:00,22.4,97,1006.4,1.3,1.8,0.0,100
2024-05-20 00:00:00,21.9,99,1007.1,6.9,11.2,0.0,100
2024-05-20 01:00:00,22.6,93,1007.6,0.4,5.8,0.0,100
2024-05-20 02:00:00,23.2,90,1007.8,2.2,7.2,0.0,100
2024-05-20 03:00:00,24.9,81,1008.2,0.8,13.0,0.0,100
2024-05-20 04:00:00,26.6,74,1008.8,2.5,20.2,0.0,100
2024-05-20 05:00:00,27.6,70,1008.6,6.8,23.4,0.2,100
2024-05-20 06:00:00,26.5,69,1008.0,17.9,31.0,2.9,100
2024-05-20 07:00:00,23.3,90,1007.8,9.3,35.6,1.9,100
2024-05-20 08:00:00,24.6,81,1006.6,6.6,18.0,0.3,100
2024-05-20 09:00:00,26.2,74,1005.0,7.4,18.0,0.0,100
2024-05-20 10:00:00,26.4,71,1004.4,7.6,19.1,0.0,100
2024-05-20 11:00:00,26.6,70,1004.0,8.3,18.4,0.0,100
2024-05-20 12:00:00,26.3,69,1004.6,7.9,17.6,0.0,100
2024-05-20 13:00:00,24.6,88,1005.7,2.5,7.9,0.2,100
2024-05-20 14:00:00,21.4,96,1008.1,9.9,18.7,8.2,100
2024-05-20 15:00:00,22.0,91,1008.4,8.8,17.6,2.5,100
2024-05-20 16:00:00,21.5,96,1009.6,9.8,17.6,2.4,100
2024-05-20 17:00:00,21.6,95,1009.6,6.2,15.1,2.6,100
2024-05-20 18:00:00,21.1,95,1009.7,6.9,15.1,4.0,100
2024-05-20 19:00:00,21.4,95,1008.4,3.0,11.9,1.7,100
2024-05-20 20:00:00,21.4,97,1007.4,5.5,10.4,1.3,100
2024-05-20 21:00:00,21.5,98,1006.9,2.9,9.0,0.6,100
2024-05-20 22:00:00,21.5,97,1006.9,4.8,9.0,0.2,100
2024-05-20 23:00:00,21.4,97,1007.2,4.3,8.6,0.0,100
2024-05-21 00:00:00,21.4,97,1007.3,6.3,10.8,0.0,83
2024-05-21 01:00:00,21.9,95,1007.1,8.4,14.8,0.0,100
2024-05-21 02:00:00,23.2,89,1007.2,7.9,16.6,0.0,100
2024-05-21 03:00:00,25.0,82,1007.7,10.5,21.2,0.0,100
2024-05-21 04:00:00,27.0,73,1007.5,10.1,30.2,0.0,100
2024-05-21 05:00:00,28.0,69,1007.3,10.7,30.2,0.3,100
2024-05-21 06:00:00,28.6,65,1006.7,10.1,30.6,0.1,100
2024-05-21 07:00:00,29.8,60,1005.5,13.4,29.2,0.0,100
2024-05-21 08:00:00,26.3,74,1005.6,17.7,36.0,1.6,100
2024-05-21 09:00:00,25.7,78,1004.9,15.2,33.8,0.2,100
2024-05-21 10:00:00,26.9,75,1003.9,15.2,29.9,0.0,100
2024-05-21 11:00:00,26.8,74,1004.1,13.7,33.1,0.1,100
2024-05-21 12:00:00,25.8,77,1004.7,8.1,29.2,0.4,100
2024-05-21 13:00:00,24.8,84,1005.4,3.9,23.0,3.2,100
2024-05-21 14:00:00,23.8,92,1006.9,2.1,6.5,0.0,100
2024-05-21 15:00:00,22.7,92,1008.6,10.9,24.1,0.0,100
2024-05-21 16:00:00,23.0,89,1008.8,3.4,18.0,0.0,100
2024-05-21 17:00:00,22.7,92,1008.6,4.2,14.0,0.8,100
2024-05-21 18:00:00,22.0,96,1007.3,2.2,6.1,0.0,100
2024-05-21 19:00:00,22.0,96,1006.5,5.2,9.7,0.0,100
2024-05-21 20:00:00,21.8,98,1006.0,4.1,9.7,0.0,100
2024-05-21 21:00:00,21.5,98,1005.3,4.7,7.6,0.0,100
2024-05-21 22:00:00,21.9,97,1004.8,3.4,6.5,0.0,100
2024-05-21 23:00:00,21.2,99,1004.9,4.8,7.9,0.0,100
2024-05-22 00:00:00,21.5,98,1005.6,5.2,8.6,0.0,100
2024-05-22 01:00:00,22.8,99,1006.1,10.8,16.9,0.0,100
2024-05-22 02:00:00,24.1,92,1006.7,8.6,19.4,0.0,100
2024-05-22 03:00:00,25.8,83,1007.2,10.5,21.6,0.0,100
2024-05-22 04:00:00,27.4,70,1007.4,11.2,28.8,0.0,100
2024-05-22 05:00:00,28.3,66,1006.9,11.1,28.8,0.1,100
2024-05-22 06:00:00,29.2,63,1006.6,16.9,34.6,0.2,100
2024-05-22 07:00:00,29.8,58,1005.1,19.2,36.7,0.1,100
2024-05-22 08:00:00,28.8,62,1003.7,19.3,40.7,0.3,100
2024-05-22 09:00:00,29.4,62,1001.9,17.6,38.5,0.0,100
2024-05-22 10:00:00,29.7,60,1001.1,15.0,37.4,0.0,100
2024-05-22 11:00:00,28.9,61,1001.4,15.9,28.8,0.0,100
2024-05-22 12:00:00,27.8,66,1002.6,12.6,28.4,0.0,100
2024-05-22 13:00:00,23.3,87,1004.2,5.9,27.0,5.5,100
2024-05-22 14:00:00,22.5,93,1005.5,2.0,23.0,6.1,100
2024-05-22 15:00:00,22.4,90,1006.9,18.6,32.4,0.5,100
2024-05-22 16:00:00,22.4,91,1006.9,10.7,30.6,0.1,100
2024-05-22 17:00:00,22.4,94,1007.2,3.3,17.3,0.0,100
2024-05-22 18:00:00,22.4,95,1006.8,3.4,6.8,0.0,100
2024-05-22 19:00:00,22.0,98,1006.2,2.7,7.2,0.0,100
2024-05-22 20:00:00,21.7,98,1005.1,3.5,6.8,0.0,100
2024-05-22 21:00:00,21.1,99,1004.3,4.5,7.6,0.0,99
2024-05-22 22:00:00,20.9,99,1003.7,5.4,7.9,0.0,100
2024-05-22 23:00:00,21.4,99,1004.2,2.2,7.6,0.0,100
2024-05-23 00:00:00,20.5,100,1004.6,3.1,5.0,0.0,100
2024-05-23 01:00:00,23.2,98,1005.7,5.6,11.5,0.0,100
2024-05-23 02:00:00,23.9,93,1006.1,6.4,14.0,0.0,100
2024-05-23 03:00:00,25.9,84,1006.9,7.7,20.5,0.0,100
2024-05-23 04:00:00,27.4,76,1007.0,4.8,21.6,0.1,100
2024-05-23 05:00:00,29.0,63,1005.5,11.1,28.8,0.0,100
2024-05-23 06:00:00,30.1,59,1004.8,9.1,29.2,0.0,100
2024-05-23 07:00:00,30.8,58,1003.7,9.8,27.7,0.0,100
2024-05-23 08:00:00,31.5,55,1002.3,8.8,27.4,0.0,100
2024-05-23 09:00:00,31.5,53,1001.3,11.2,23.8,0.0,100
2024-05-23 10:00:00,30.0,53,1000.8,15.7,28.8,0.0,100
2024-05-23 11:00:00,29.4,59,1001.0,9.2,29.2,0.0,100
2024-05-23 12:00:00,24.5,84,1003.3,4.8,23.8,0.6,100
2024-05-23 13:00:00,29.7,53,1002.2,2.0,7.9,0.0,100
2024-05-23 14:00:00,26.6,70,1003.2,4.7,7.6,0.0,100
2024-05-23 15:00:00,25.5,77,1004.2,5.4,8.3,0.0,100
2024-05-23 16:00:00,25.1,79,1005.2,4.8,10.8,0.0,100
2024-05-23 17:00:00,23.9,86,1005.3,5.1,7.9,0.0,100
2024-05-23 18:00:00,23.8,85,1005.0,4.7,8.3,0.0,100
2024-05-23 19:00:00,22.8,89,1004.8,5.8,7.6,0.0,100
2024-05-23 20:00:00,23.1,87,1004.7,7.4,14.4,0.0,100
2024-05-23 21:00:00,22.9,90,1004.2,7.7,11.9,0.0,100
2024-05-23 22:00:00,22.6,93,1004.0,9.3,14.8,0.0,100
2024-05-23 23:00:00,22.2,97,1004.6,11.0,18.4,0.0,100
2024-05-24 00:00:00,21.8,99,1005.1,9.6,18.4,0.0,100
2024-05-24 01:00:00,23.8,94,1004.7,5.7,10.1,0.2,100
2024-05-24 02:00:00,24.1,91,1005.0,2.8,10.4,0.0,100
2024-05-24 03:00:00,26.3,80,1005.6,4.5,13.3,0.0,100
2024-05-24 04:00:00,26.1,81,1006.2,8.7,18.0,0.0,100
2024-05-24 05:00:00,25.7,84,1006.2,9.8,19.4,0.0,100
2024-05-24 06:00:00,27.1,78,1005.1,8.7,20.5,0.0,100
2024-05-24 07:00:00,27.9,72,1004.6,7.6,19.4,0.0,95
2024-05-24 08:00:00,29.8,65,1003.6,6.6,24.5,0.0,74
2024-05-24 09:00:00,29.8,61,1001.7,7.7,22.7,0.0,79
2024-05-24 10:00:00,25.4,83,1002.2,11.9,34.9,0.8,100
2024-05-24 11:00:00,24.9,84,1002.6,8.6,24.1,0.4,100
2024-05-24 12:00:00,24.5,88,1003.7,11.5,20.2,0.0,100
2024-05-24 13:00:00,25.2,78,1003.4,6.9,28.1,0.0,100
2024-05-24 14:00:00,25.0,82,1004.9,7.1,11.2,0.0,100
2024-05-24 15:00:00,24.4,86,1006.1,16.0,26.6,0.7,100
2024-05-24 16:00:00,23.6,88,1006.7,14.5,27.4,1.0,100
2024-05-24 17:00:00,23.1,90,1007.0,15.9,26.3,0.2,100
2024-05-24 18:00:00,22.8,94,1007.2,12.4,25.9,0.2,100
2024-05-24 19:00:00,22.4,94,1006.9,11.1,20.2,0.2,100
2024-05-24 20:00:00,22.2,94,1006.1,10.5,20.9,0.3,100
2024-05-24 21:00:00,22.0,94,1005.4,8.6,17.3,0.0,99
2024-05-24 22:00:00,22.2,93,1005.2,11.6,19.1,0.0,100
2024-05-24 23:00:00,22.1,93,1005.5,12.0,19.8,0.0,100
2024-05-25 00:00:00,22.1,95,1005.7,13.5,22.3,0.0,99
2024-05-25 01:00:00,22.4,96,1005.7,15.8,26.6,0.0,100
2024-05-25 02:00:00,23.2,91,1006.3,18.8,32.4,0.0,99
2024-05-25 03:00:00,24.8,81,1006.4,20.9,39.2,0.0,99
2024-05-25 04:00:00,26.1,73,1006.9,19.0,37.8,0.0,100
2024-05-25 05:00:00,27.3,63,1006.3,18.4,35.6,0.0,100
2024-05-25 06:00:00,27.6,64,1006.0,18.0,34.6,0.0,100
2024-05-25 07:00:00,27.7,64,1005.2,16.6,33.8,0.0,100
2024-05-25 08:00:00,28.3,57,1004.7,16.6,31.7,0.0,100
2024-05-25 09:00:00,29.5,51,1003.4,18.5,33.8,0.0,100
2024-05-25 10:00:00,29.7,45,1002.4,21.6,37.8,0.0,100
2024-05-25 11:00:00,28.5,54,1002.6,21.9,41.0,0.0,100
2024-05-25 12:00:00,27.2,64,1003.2,15.1,38.2,0.0,100
2024-05-25 13:00:00,26.2,67,1005.3,14.8,29.5,0.0,100
2024-05-25 14:00:00,25.6,67,1005.7,16.0,27.0,0.0,100
2024-05-25 15:00:00,24.9,70,1006.7,17.3,29.2,0.0,100
2024-05-25 16:00:00,24.2,75,1007.4,15.9,29.2,0.0,100
2024-05-25 17:00:00,23.7,76,1008.1,18.0,29.9,0.0,100
2024-05-25 18:00:00,23.0,70,1008.0,18.9,32.0,0.0,100
2024-05-25 19:00:00,22.4,70,1007.8,17.7,32.0,0.0,100
2024-05-25 20:00:00,22.1,71,1007.1,18.8,32.0,0.0,100
2024-05-25 21:00:00,21.8,71,1006.6,17.3,31.7,0.0,100
2024-05-25 22:00:00,21.8,70,1006.3,14.8,29.2,0.0,100
2024-05-25 23:00:00,21.8,71,1006.6,13.5,25.2,0.0,100
2024-05-26 00:00:00,21.7,72,1006.6,13.9,23.4,0.0,100
2024-05-26 01:00:00,21.8,76,1007.6,13.9,25.6,0.0,100
2024-05-26 02:00:00,23.2,74,1008.4,18.4,32.0,0.0,100
2024-05-26 03:00:00,23.6,78,1008.5,9.7,32.4,2.3,100
2024-05-26 04:00:00,23.9,79,1008.1,16.8,28.1,0.1,100
2024-05-26 05:00:00,27.3,67,1007.8,22.5,41.8,0.0,100
2024-05-26 06:00:00,28.5,61,1006.9,26.1,47.5,0.0,74
2024-05-26 07:00:00,29.2,58,1006.2,25.5,48.2,0.0,99
2024-05-26 08:00:00,29.2,52,1005.4,27.2,49.7,0.0,100
2024-05-26 09:00:00,28.7,54,1004.9,25.5,49.7,0.0,100
2024-05-26 10:00:00,29.0,51,1003.9,24.1,46.1,0.0,100
2024-05-26 11:00:00,28.6,51,1003.4,24.1,43.9,0.0,100
2024-05-26 12:00:00,27.7,56,1003.7,19.8,42.5,0.0,100
2024-05-26 13:00:00,25.2,67,1004.7,15.3,37.1,0.0,100
2024-05-26 14:00:00,24.1,70,1005.6,14.4,25.6,0.0,100
2024-05-26 15:00:00,23.5,73,1006.9,15.9,26.3,0.0,100
2024-05-26 16:00:00,23.3,76,1007.9,15.1,27.0,0.0,100
2024-05-26 17:00:00,22.8,81,1008.4,13.7,25.2,0.0,100
2024-05-26 18:00:00,22.4,86,1008.3,13.9,23.0,0.0,100
2024-05-26 19:00:00,22.1,86,1007.7,15.4,25.9,0.0,100
2024-05-26 20:00:00,21.6,85,1007.5,15.7,26.3,0.0,100
2024-05-26 21:00:00,21.2,84,1006.7,15.7,27.4,0.0,100
2024-05-26 22:00:00,20.9,85,1006.6,15.3,26.6,0.0,100
2024-05-26 23:00:00,20.9,87,1006.6,16.4,27.4,0.0,100
2024-05-27 00:00:00,20.7,90,1006.9,15.7,28.1,0.0,100
2024-05-27 01:00:00,21.7,92,1007.4,16.9,29.5,0.0,100
2024-05-27 02:00:00,23.2,85,1007.9,19.4,33.8,0.0,100
2024-05-27 03:00:00,24.9,75,1008.1,22.1,40.3,0.0,100
2024-05-27 04:00:00,26.3,68,1007.8,23.8,43.9,0.0,99
2024-05-27 05:00:00,27.5,62,1007.5,22.1,44.3,0.0,91
2024-05-27 06:00:00,29.0,57,1007.6,20.2,41.8,0.0,100
2024-05-27 07:00:00,30.1,54,1006.9,22.3,42.5,0.0,100
2024-05-27 08:00:00,30.2,53,1005.8,20.4,42.5,0.0,65
2024-05-27 09:00:00,30.6,52,1005.0,20.5,38.9,0.0,40
2024-05-27 10:00:00,30.1,53,1004.5,18.8,38.9,0.0,54
2024-05-27 11:00:00,29.8,54,1004.0,18.3,34.9,0.0,100
2024-05-27 12:00:00,28.6,59,1004.2,19.2,34.6,0.0,100
2024-05-27 13:00:00,26.8,62,1005.9,13.4,27.0,0.0,100
2024-05-27 14:00:00,26.2,65,1006.7,10.0,22.0,0.0,100
2024-05-27 15:00:00,25.8,66,1007.3,12.7,20.9,0.0,100
2024-05-27 16:00:00,25.5,67,1007.9,15.9,26.6,0.0,100
2024-05-27 17:00:00,24.7,71,1008.4,18.4,31.0,0.0,100
2024-05-27 18:00:00,23.5,77,1008.2,18.8,31.7,0.0,100
2024-05-27 19:00:00,23.0,78,1008.0,20.0,33.5,0.0,100
2024-05-27 20:00:00,22.5,81,1007.5,19.3,33.8,0.0,100
2024-05-27 21:00:00,22.1,83,1007.3,16.7,32.8,0.0,100
2024-05-27 22:00:00,21.7,84,1007.4,16.9,28.8,0.0,100
2024-05-27 23:00:00,21.5,86,1007.4,16.0,28.8,0.0,100
2024-05-28 00:00:00,21.4,88,1007.8,15.3,27.4,0.0,100
2024-05-28 01:00:00,21.8,84,1007.8,15.9,26.3,0.0,100
2024-05-28 02:00:00,23.6,78,1008.5,16.3,31.7,0.0,100
2024-05-28 03:00:00,25.1,74,1009.0,17.9,32.4,0.0,100
2024-05-28 04:00:00,26.6,69,1009.1,19.5,37.1,0.0,100
2024-05-28 05:00:00,27.9,63,1008.3,20.2,38.9,0.0,100
2024-05-28 06:00:00,29.4,58,1007.4,20.9,40.7,0.0,100
2024-05-28 07:00:00,30.6,53,1006.4,19.5,40.3,0.0,100
2024-05-28 08:00:00,31.5,50,1005.5,18.8,38.5,0.0,82
2024-05-28 09:00:00,32.2,47,1004.8,18.1,37.1,0.0,65
2024-05-28 10:00:00,32.1,46,1004.0,18.6,36.0,0.0,29
2024-05-28 11:00:00,31.2,48,1004.5,18.4,35.3,0.0,38
2024-05-28 12:00:00,28.4,62,1005.3,21.7,37.4,0.0,81
2024-05-28 13:00:00,26.0,70,1006.8,14.4,41.4,0.0,15
2024-05-28 14:00:00,25.2,73,1007.5,11.6,24.1,0.0,23
2024-05-28 15:00:00,24.5,76,1008.1,11.1,19.1,0.0,72
2024-05-28 16:00:00,23.8,82,1008.1,11.0,18.4,0.0,89
2024-05-28 17:00:00,23.4,85,1008.3,13.6,22.3,0.0,100
2024-05-28 18:00:00,22.6,86,1008.2,14.2,23.8,0.0,100
2024-05-28 19:00:00,22.1,87,1008.0,13.8,23.8,0.0,100
2024-05-28 20:00:00,21.7,89,1007.7,14.1,23.4,0.0,100
2024-05-28 21:00:00,21.4,89,1007.4,15.5,25.9,0.0,100
2024-05-28 22:00:00,21.0,92,1007.1,14.8,25.9,0.0,100
2024-05-28 23:00:00,20.7,95,1007.1,16.2,27.0,0.0,90
2024-05-29 00:00:00,20.5,97,1007.4,14.8,27.0,0.0,100
2024-05-29 01:00:00,23.0,86,1007.8,22.3,39.2,0.0,100
2024-05-29 02:00:00,24.2,81,1008.3,20.2,38.2,0.1,89
2024-05-29 03:00:00,25.9,73,1008.6,20.9,38.5,0.0,89
2024-05-29 04:00:00,27.4,66,1008.4,20.2,38.9,0.0,99
2024-05-29 05:00:00,28.9,60,1007.7,18.9,38.2,0.0,100
2024-05-29 06:00:00,30.0,56,1006.8,20.0,39.2,0.0,100
2024-05-29 07:00:00,31.0,52,1006.2,18.9,39.2,0.0,83
2024-05-29 08:00:00,31.8,48,1005.4,17.7,37.4,0.0,99
2024-05-29 09:00:00,32.1,48,1004.6,16.9,35.6,0.0,100
2024-05-29 10:00:00,31.5,47,1004.1,18.0,35.6,0.1,100
2024-05-29 11:00:00,31.1,46,1003.8,13.8,34.2,0.0,100
2024-05-29 12:00:00,30.4,49,1004.1,11.9,25.9,0.0,99
2024-05-29 13:00:00,28.7,54,1005.3,10.0,23.4,0.0,100
2024-05-29 14:00:00,27.2,60,1006.1,7.7,16.2,0.0,100
2024-05-29 15:00:00,26.3,63,1007.1,8.4,14.0,0.0,100
2024-05-29 16:00:00,25.5,66,1007.8,10.1,16.2,0.0,100
2024-05-29 17:00:00,24.6,73,1008.0,9.0,16.6,0.0,100
2024-05-29 18:00:00,23.8,79,1008.3,9.6,15.8,0.0,99
2024-05-29 19:00:00,23.2,84,1007.9,9.0,15.8,0.0,99
2024-05-29 20:00:00,22.6,87,1007.3,10.5,17.3,0.0,100
2024-05-29 21:00:00,22.3,87,1007.0,11.5,19.1,0.0,100
2024-05-29 22:00:00,22.1,86,1007.1,12.4,20.9,0.0,99
2024-05-29 23:00:00,21.7,87,1007.5,12.0,20.9,0.0,97
2024-05-30 00:00:00,21.4,88,1008.3,11.9,20.2,0.0,93
2024-05-30 01:00:00,22.5,86,1008.0,12.9,20.9,0.0,0
2024-05-30 02:00:00,23.9,81,1008.8,13.8,25.6,0.0,25
2024-05-30 03:00:00,26.0,72,1009.2,14.0,28.1,0.0,90
2024-05-30 04:00:00,28.1,62,1009.0,15.2,30.6,0.0,77
2024-05-30 05:00:00,29.8,54,1008.7,16.8,33.8,0.0,23
2024-05-30 06:00:00,31.0,51,1007.7,15.5,33.8,0.0,52
2024-05-30 07:00:00,31.8,49,1006.9,14.4,33.1,0.0,45
2024-05-30 08:00:00,32.2,48,1005.8,13.0,31.0,0.0,94
2024-05-30 09:00:00,32.1,49,1005.0,10.6,28.4,0.1,87
2024-05-30 10:00:00,32.2,48,1004.6,10.0,24.5,0.1,100
2024-05-30 11:00:00,26.0,75,1006.3,13.9,26.6,2.1,95
2024-05-30 12:00:00,25.2,78,1006.8,8.9,27.4,0.1,100
2024-05-30 13:00:00,28.4,61,1006.5,12.1,23.4,0.0,78
2024-05-30 14:00:00,24.9,74,1008.2,17.1,37.1,0.0,86
2024-05-30 15:00:00,24.7,77,1009.0,15.9,27.7,0.0,69
2024-05-30 16:00:00,24.4,81,1010.0,12.5,26.6,0.0,100
2024-05-30 17:00:00,24.1,86,1010.3,13.3,22.0,0.0,87
2024-05-30 18:00:00,23.7,89,1009.9,12.3,22.7,0.0,58
2024-05-30 19:00:00,23.3,90,1009.2,12.9,22.0,0.0,24
2024-05-30 20:00:00,22.9,90,1008.5,12.6,22.0,0.0,27
2024-05-30 21:00:00,22.4,91,1008.0,12.4,21.6,0.0,64
2024-05-30 22:00:00,22.0,92,1007.7,9.8,20.9,0.0,38
2024-05-30 23:00:00,21.8,93,1007.8,8.7,15.8,0.0,15
2024-05-31 00:00:00,21.6,93,1008.4,9.0,15.1,0.0,8
2024-05-31 01:00:00,23.3,89,1009.3,13.2,20.5,0.0,98
2024-05-31 02:00:00,24.6,82,1010.3,17.7,31.3,0.0,100
2024-05-31 03:00:00,24.9,80,1010.2,14.4,31.7,0.0,100
2024-05-31 04:00:00,26.2,74,1010.3,14.3,27.7,0.0,100
2024-05-31 05:00:00,27.5,68,1009.4,15.0,29.5,0.0,100
2024-05-31 06:00:00,30.3,55,1008.2,16.8,33.8,0.0,100
2024-05-31 07:00:00,31.5,49,1007.8,17.1,34.6,0.0,99
2024-05-31 08:00:00,32.2,45,1006.9,15.9,34.2,0.0,69
2024-05-31 09:00:00,31.2,48,1006.2,15.1,33.1,0.1,40
2024-05-31 10:00:00,31.0,48,1005.5,11.8,31.3,0.0,82
2024-05-31 11:00:00,31.7,47,1005.3,7.6,24.8,0.0,88
2024-05-31 12:00:00,28.2,62,1007.1,14.3,24.5,0.7,73
2024-05-31 13:00:00,29.4,53,1005.9,6.4,18.0,0.0,96
2024-05-31 14:00:00,28.1,58,1006.4,7.2,11.9,0.0,97
2024-05-31 15:00:00,27.9,59,1007.2,9.0,14.0,0.0,93
2024-05-31 16:00:00,26.8,64,1008.4,11.2,17.6,0.0,43
2024-05-31 17:00:00,24.5,80,1009.8,16.6,28.8,0.3,99
2024-05-31 18:00:00,23.9,87,1008.5,3.3,27.0,0.1,79
2024-05-31 19:00:00,23.5,89,1009.0,16.0,25.6,0.4,55
2024-05-31 20:00:00,22.9,95,1008.3,12.6,27.4,0.4,48
2024-05-31 21:00:00,22.6,98,1007.8,12.1,20.9,0.0,28
2024-05-31 22:00:00,22.4,99,1007.9,13.8,23.0,0.0,100
2024-05-31 23:00:00,22.4,100,1007.8,11.6,23.0,0.0,99
2024-06-01 00:00:00,22.4,100,1008.3,9.5,19.1,0.0,97
2024-06-01 01:00:00,23.9,91,1008.4,11.8,18.0,0.0,63
2024-06-01 02:00:00,25.7,82,1009.4,12.8,24.5,0.0,1
2024-06-01 03:00:00,27.4,73,1009.8,11.2,25.6,0.0,71
2024-06-01 04:00:00,29.2,65,1009.3,11.2,25.6,0.0,80
2024-06-01 05:00:00,30.8,59,1008.6,11.7,27.0,0.0,86
2024-06-01 06:00:00,31.8,54,1007.7,9.4,28.8,0.1,53
2024-06-01 07:00:00,32.2,52,1007.1,6.5,24.1,0.1,94
2024-06-01 08:00:00,30.1,60,1006.9,10.0,24.1,0.8,97
2024-06-01 09:00:00,26.3,79,1006.7,13.4,30.2,8.6,98
2024-06-01 10:00:00,26.2,80,1007.4,8.0,30.2,5.2,88
2024-06-01 11:00:00,23.9,88,1008.0,14.8,33.1,9.0,79
2024-06-01 12:00:00,24.6,85,1008.2,6.6,27.7,0.1,82
2024-06-01 13:00:00,24.9,86,1009.0,2.3,16.2,0.1,100
2024-06-01 14:00:00,24.6,90,1009.2,7.0,10.8,1.0,100
2024-06-01 15:00:00,24.0,94,1009.4,13.0,22.7,0.7,16
2024-06-01 16:00:00,23.7,96,1010.2,9.3,21.6,0.2,88
2024-06-01 17:00:00,23.5,97,1010.7,6.0,15.5,0.0,100
2024-06-01 18:00:00,23.4,97,1011.3,4.7,10.4,1.3,100
2024-06-01 19:00:00,23.1,98,1010.7,8.4,14.8,2.2,100
2024-06-01 20:00:00,23.0,98,1010.2,5.8,14.8,0.6,100
2024-06-01 21:00:00,22.8,98,1008.1,5.9,10.1,0.3,100
2024-06-01 22:00:00,22.6,98,1008.2,6.8,11.9,0.0,100
2024-06-01 23:00:00,22.8,96,1008.2,9.5,15.5,0.4,100
2024-06-02 00:00:00,22.5,97,1009.0,9.8,18.0,0.6,100
2024-06-02 01:00:00,22.6,96,1008.3,7.7,11.5,0.0,97
2024-06-02 02:00:00,23.8,90,1009.6,5.3,14.4,0.0,99
2024-06-02 03:00:00,25.3,80,1011.0,5.2,15.5,0.0,62
2024-06-02 04:00:00,26.6,73,1012.2,0.0,15.1,0.1,100
2024-06-02 05:00:00,26.6,72,1011.2,7.3,18.0,0.4,100
2024-06-02 06:00:00,28.5,64,1009.8,8.8,22.7,0.1,81
2024-06-02 07:00:00,29.9,58,1008.6,8.7,23.8,0.0,100
2024-06-02 08:00:00,30.9,57,1007.6,11.8,27.0,0.1,100
2024-06-02 09:00:00,27.3,70,1007.7,10.7,32.0,2.9,100
2024-06-02 10:00:00,28.9,63,1006.4,7.5,25.2,0.0,72
2024-06-02 11:00:00,28.4,65,1006.9,8.4,23.0,0.0,61
2024-06-02 12:00:00,27.7,67,1007.5,5.0,22.0,0.7,98
2024-06-02 13:00:00,26.9,69,1007.8,3.1,16.2,0.0,99
2024-06-02 14:00:00,25.3,77,1009.6,5.3,10.1,0.4,95
2024-06-02 15:00:00,24.6,82,1010.8,3.1,8.6,0.0,99
2024-06-02 16:00:00,24.3,83,1011.5,8.7,14.8,0.0,100
2024-06-02 17:00:00,23.9,89,1011.0,3.8,14.8,1.0,100
2024-06-02 18:00:00,23.5,91,1011.0,4.6,8.3,0.5,100
2024-06-02 19:00:00,22.9,90,1010.2,7.3,11.9,0.0,100
2024-06-02 20:00:00,22.4,91,1009.5,7.4,13.7,0.0,100
2024-06-02 21:00:00,22.6,91,1009.3,5.8,14.0,0.0,100
2024-06-02 22:00:00,22.3,94,1009.1,5.2,9.7,0.0,100
2024-06-02 23:00:00,22.3,95,1009.5,7.3,11.5,0.0,100
2024-06-03 00:00:00,22.1,96,1009.8,10.0,16.9,0.0,100
2024-06-03 01:00:00,22.2,93,1009.6,10.1,15.8,0.0,100
2024-06-03 02:00:00,23.4,90,1010.4,9.5,18.4,0.0,99
2024-06-03 03:00:00,24.9,82,1011.2,13.0,24.8,0.0,100
2024-06-03 04:00:00,26.6,73,1011.1,11.7,26.6,0.0,100
2024-06-03 05:00:00,27.4,70,1011.1,12.0,25.6,0.1,100
2024-06-03 06:00:00,27.7,66,1010.6,10.8,25.6,0.1,100
2024-06-03 07:00:00,28.2,64,1009.8,11.6,24.8,0.0,100
2024-06-03 08:00:00,28.4,62,1009.0,9.4,27.4,0.0,100
2024-06-03 09:00:00,28.0,64,1007.7,8.7,22.3,0.0,100
2024-06-03 10:00:00,28.1,64,1007.4,5.0,19.8,0.1,100
2024-06-03 11:00:00,27.0,68,1007.4,1.9,13.3,0.1,100
2024-06-03 12:00:00,25.9,74,1008.7,8.4,15.1,0.0,100
2024-06-03 13:00:00,25.0,79,1008.9,5.8,13.7,0.0,100
2024-06-03 14:00:00,24.0,83,1009.9,7.9,12.6,0.0,100
2024-06-03 15:00:00,23.6,83,1010.8,10.0,15.8,0.0,100
2024-06-03 16:00:00,23.1,89,1011.3,10.3,17.6,0.2,100
2024-06-03 17:00:00,22.6,94,1011.5,8.8,16.9,0.0,100
2024-06-03 18:00:00,22.5,94,1011.1,7.7,15.1,0.0,100
2024-06-03 19:00:00,22.4,94,1010.4,6.4,12.6,0.0,100
2024-06-03 20:00:00,22.2,94,1009.9,6.6,11.2,0.0,100
2024-06-03 21:00:00,21.8,95,1009.8,8.2,13.3,0.0,100
2024-06-03 22:00:00,21.6,96,1009.8,8.2,14.4,0.0,100
2024-06-03 23:00:00,21.4,97,1009.8,7.0,13.3,0.0,100
2024-06-04 00:00:00,21.3,98,1010.3,6.5,11.5,0.0,100
2024-06-04 01:00:00,21.7,94,1010.9,8.8,15.1,2.0,100
2024-06-04 02:00:00,22.2,93,1011.5,9.8,17.6,0.0,100
2024-06-04 03:00:00,23.8,84,1011.9,7.3,18.0,0.0,100
2024-06-04 04:00:00,26.2,73,1011.9,9.5,20.5,0.0,100
2024-06-04 05:00:00,27.3,70,1011.7,9.7,23.8,0.0,100
2024-06-04 06:00:00,27.8,69,1011.3,9.4,22.3,0.1,100
2024-06-04 07:00:00,28.5,67,1010.4,9.8,23.0,0.2,100
2024-06-04 08:00:00,29.4,60,1008.8,9.4,23.4,0.0,100
2024-06-04 09:00:00,28.3,63,1008.2,13.4,27.0,1.5,100
2024-06-04 10:00:00,27.2,72,1007.3,2.5,27.4,2.1,100
2024-06-04 11:00:00,27.0,70,1007.7,6.6,14.0,1.1,100
2024-06-04 12:00:00,26.1,72,1008.4,13.2,22.0,0.1,100
2024-06-04 13:00:00,25.9,77,1009.1,6.6,14.0,0.0,100
2024-06-04 14:00:00,24.8,82,1009.8,10.2,16.2,0.0,100
2024-06-04 15:00:00,23.9,84,1010.6,5.6,17.3,0.0,100
2024-06-04 16:00:00,23.1,89,1011.2,3.5,9.0,0.0,100
2024-06-04 17:00:00,23.0,91,1012.0,4.3,5.4,0.0,100
2024-06-04 18:00:00,23.1,89,1011.9,6.1,10.1,0.0,100
2024-06-04 19:00:00,22.6,90,1011.3,4.3,10.1,0.0,100
2024-06-04 20:00:00,22.2,90,1010.7,4.0,8.6,0.0,94
2024-06-04 21:00:00,21.8,91,1010.3,5.4,8.6,0.0,99
2024-06-04 22:00:00,21.7,93,1010.4,7.5,12.6,0.0,100
2024-06-04 23:00:00,21.4,95,1010.1,6.2,12.6,0.0,99
2024-06-05 00:00:00,20.9,98,1010.3,4.3,9.7,0.0,70
2024-06-05 01:00:00,22.0,94,1011.4,5.1,10.8,0.0,99
2024-06-05 02:00:00,23.5,88,1011.6,3.1,10.1,0.0,70
2024-06-05 03:00:00,25.3,80,1011.8,4.7,14.4,0.0,97
2024-06-05 04:00:00,26.8,73,1012.1,8.1,19.8,0.2,96
2024-06-05 05:00:00,27.5,70,1012.2,11.0,24.1,0.2,100
2024-06-05 06:00:00,26.3,72,1011.4,10.6,24.8,0.8,100
2024-06-05 07:00:00,26.3,73,1010.9,7.6,27.4,6.8,100
2024-06-05 08:00:00,27.6,70,1009.4,9.7,22.7,0.1,100
2024-06-05 09:00:00,24.8,78,1009.1,9.5,25.6,2.2,100
2024-06-05 10:00:00,26.3,74,1008.6,8.4,20.5,0.9,100
2024-06-05 11:00:00,23.5,84,1010.0,5.9,21.6,8.8,100
2024-06-05 12:00:00,23.1,87,1010.3,7.1,14.4,0.2,100
2024-06-05 13:00:00,23.8,84,1010.0,6.9,18.7,0.6,100
2024-06-05 14:00:00,23.3,89,1010.6,4.8,11.5,0.0,100
2024-06-05 15:00:00,23.0,91,1011.6,8.3,13.3,0.0,100
2024-06-05 16:00:00,22.9,91,1011.6,7.6,14.4,0.0,100
2024-06-05 17:00:00,22.6,93,1012.3,6.3,12.6,0.0,100
2024-06-05 18:00:00,22.5,94,1012.3,6.3,11.9,0.0,100
2024-06-05 19:00:00,22.0,97,1011.8,5.7,10.4,0.0,100
2024-06-05 20:00:00,21.8,98,1011.0,5.2,6.8,0.0,100
2024-06-05 21:00:00,22.4,96,1011.1,8.2,13.7,0.0,100
2024-06-05 22:00:00,22.2,97,1010.4,8.4,14.0,0.0,100
2024-06-05 23:00:00,21.8,98,1010.4,5.6,14.4,0.0,100
2024-06-06 00:00:00,21.5,99,1011.0,4.7,9.4,0.0,100
2024-06-06 01:00:00,21.9,96,1011.2,5.9,9.4,0.5,100
2024-06-06 02:00:00,23.0,93,1011.8,7.6,14.8,1.3,100
2024-06-06 03:00:00,23.5,92,1012.6,6.7,16.2,1.2,100
2024-06-06 04:00:00,24.1,89,1012.7,4.3,15.1,0.3,100
2024-06-06 05:00:00,24.9,84,1012.6,5.0,12.6,0.1,100
2024-06-06 06:00:00,25.9,78,1012.2,6.5,18.0,0.1,100
2024-06-06 07:00:00,27.3,72,1011.2,6.9,20.5,0.2,100
2024-06-06 08:00:00,28.1,64,1009.7,7.5,20.9,0.1,100
2024-06-06 09:00:00,27.9,62,1008.5,9.7,22.0,0.0,100
2024-06-06 10:00:00,27.6,64,1008.1,11.5,21.6,0.2,100
2024-06-06 11:00:00,24.0,80,1009.9,20.7,36.4,1.2,100
2024-06-06 12:00:00,22.8,89,1010.3,12.9,36.7,1.4,100
2024-06-06 13:00:00,23.6,84,1010.1,9.0,15.5,0.1,100
2024-06-06 14:00:00,22.7,90,1011.0,8.8,15.5,0.1,100
2024-06-06 15:00:00,22.5,92,1011.8,7.4,14.8,0.3,100
2024-06-06 16:00:00,22.4,95,1012.2,6.7,13.0,0.5,100
2024-06-06 17:00:00,22.2,96,1012.4,6.1,10.4,0.4,100
2024-06-06 18:00:00,22.0,97,1012.0,8.2,13.3,0.4,100
2024-06-06 19:00:00,21.8,97,1011.3,8.9,14.8,0.2,100
2024-06-06 20:00:00,21.6,98,1010.4,8.8,15.5,0.6,100
2024-06-06 21:00:00,21.5,99,1009.7,9.3,15.1,0.6,100
2024-06-06 22:00:00,21.5,99,1009.1,10.2,17.3,0.4,100
2024-06-06 23:00:00,21.4,99,1009.5,8.1,17.3,0.1,100
2024-06-07 00:00:00,21.3,98,1009.8,8.1,14.0,0.0,100
2024-06-07 01:00:00,21.5,95,1009.9,6.9,12.2,0.0,100
2024-06-07 02:00:00,22.2,91,1010.3,8.0,15.1,0.0,100
2024-06-07 03:00:00,23.5,85,1010.9,11.2,22.3,0.1,100
2024-06-07 04:00:00,23.9,82,1011.8,13.0,25.6,0.8,100
2024-06-07 05:00:00,24.0,81,1011.6,14.6,27.4,0.3,100
2024-06-07 06:00:00,25.4,77,1011.3,16.4,32.8,0.3,100
2024-06-07 07:00:00,25.6,75,1009.9,15.3,32.8,0.1,51
2024-06-07 08:00:00,26.6,70,1008.5,19.5,37.4,0.2,45
2024-06-07 09:00:00,27.1,67,1007.4,19.7,39.2,0.0,50
2024-06-07 10:00:00,25.4,75,1007.4,21.9,42.5,2.5,84
2024-06-07 11:00:00,25.1,78,1007.1,16.3,42.5,0.8,99
2024-06-07 12:00:00,24.8,79,1007.2,16.1,33.1,0.0,100
2024-06-07 13:00:00,23.1,86,1008.1,11.4,31.0,0.2,79
2024-06-07 14:00:00,22.6,89,1008.8,8.4,18.7,0.0,99
2024-06-07 15:00:00,22.5,89,1009.6,8.5,14.4,0.0,100
2024-06-07 16:00:00,22.7,89,1010.3,9.8,15.5,0.0,100
2024-06-07 17:00:00,22.7,89,1010.7,12.6,20.5,0.0,100
2024-06-07 18:00:00,22.5,90,1010.9,12.5,21.6,0.0,99
2024-06-07 19:00:00,21.9,92,1010.4,12.8,21.2,0.0,100
2024-06-07 20:00:00,21.5,94,1009.6,13.1,22.3,0.0,100
2024-06-07 21:00:00,21.1,95,1009.1,14.8,24.8,0.0,100
2024-06-07 22:00:00,20.7,98,1008.9,15.2,25.6,0.0,100
2024-06-07 23:00:00,21.0,95,1008.9,15.7,28.4,0.0,100
2024-06-08 00:00:00,20.8,96,1009.5,16.2,27.4,0.0,100
2024-06-08 01:00:00,20.8,98,1009.5,13.8,23.8,0.0,100
2024-06-08 02:00:00,22.1,89,1010.3,18.4,31.7,0.0,100
2024-06-08 03:00:00,23.3,82,1010.6,18.8,33.5,0.0,100
2024-06-08 04:00:00,25.0,74,1010.7,18.8,34.6,0.1,100
2024-06-08 05:00:00,26.3,68,1010.6,20.4,37.8,0.2,100
2024-06-08 06:00:00,27.6,62,1009.8,21.3,40.0,0.1,100
2024-06-08 07:00:00,28.0,62,1008.7,20.6,42.8,0.0,59
2024-06-08 08:00:00,28.6,61,1007.3,19.5,39.6,0.2,79
2024-06-08 09:00:00,28.8,62,1006.6,19.6,40.0,0.0,98
2024-06-08 10:00:00,26.2,70,1006.3,22.1,40.7,0.4,100
2024-06-08 11:00:00,23.9,79,1007.3,22.7,46.8,0.8,100
2024-06-08 12:00:00,24.2,78,1006.9,15.1,39.2,0.1,100
2024-06-08 13:00:00,25.4,66,1007.8,15.4,32.4,0.0,100
2024-06-08 14:00:00,24.1,73,1009.0,14.8,27.0,0.0,97
2024-06-08 15:00:00,23.2,78,1009.7,12.3,25.2,0.0,100
2024-06-08 16:00:00,22.6,83,1010.0,12.2,20.5,0.0,84
2024-06-08 17:00:00,22.3,85,1010.1,13.8,22.7,0.0,99
2024-06-08 18:00:00,21.7,89,1010.1,15.5,25.2,0.0,100
2024-06-08 19:00:00,21.1,92,1009.7,18.0,30.6,0.0,100
2024-06-08 20:00:00,20.8,94,1009.1,18.3,31.0,0.0,100
2024-06-08 21:00:00,20.7,95,1008.6,17.9,31.3,0.0,100
2024-06-08 22:00:00,20.8,95,1008.1,18.8,32.4,0.0,100
2024-06-08 23:00:00,20.8,94,1008.2,19.2,32.4,0.0,100
2024-06-09 00:00:00,21.1,92,1008.4,19.3,34.6,0.0,100
2024-06-09 01:00:00,20.5,97,1008.9,14.4,23.8,0.0,100
2024-06-09 02:00:00,21.5,90,1009.6,19.3,32.4,0.0,100
2024-06-09 03:00:00,23.2,80,1009.9,23.8,41.8,0.0,100
2024-06-09 04:00:00,24.5,74,1010.5,26.8,48.2,0.0,100
2024-06-09 05:00:00,25.4,71,1010.7,26.3,47.2,0.1,94
2024-06-09 06:00:00,26.4,69,1009.8,27.3,52.2,0.2,98
2024-06-09 07:00:00,27.1,68,1009.1,26.2,54.0,2.2,100
2024-06-09 08:00:00,26.4,71,1008.1,20.9,52.6,0.2,100
2024-06-09 09:00:00,26.2,71,1007.2,20.4,52.6,0.1,100
2024-06-09 10:00:00,26.8,66,1006.4,27.3,52.6,0.1,100
2024-06-09 11:00:00,26.1,68,1006.5,28.3,49.3,0.3,100
2024-06-09 12:00:00,24.4,77,1007.5,22.0,49.0,0.1,100
2024-06-09 13:00:00,25.1,69,1007.9,18.9,40.3,0.0,99
2024-06-09 14:00:00,24.4,71,1008.9,18.0,32.0,0.0,99
2024-06-09 15:00:00,23.6,76,1009.8,15.5,30.6,0.0,100
2024-06-09 16:00:00,23.0,80,1010.4,14.5,25.9,0.0,100
2024-06-09 17:00:00,22.4,84,1010.9,17.2,28.8,0.0,100
2024-06-09 18:00:00,22.2,86,1010.7,17.2,31.0,0.0,100
2024-06-09 19:00:00,21.5,90,1010.0,15.5,29.2,0.0,99
2024-06-09 20:00:00,21.2,91,1009.3,16.1,27.0,0.0,98
2024-06-09 21:00:00,20.9,93,1009.0,15.8,27.4,0.0,100
2024-06-09 22:00:00,20.8,93,1008.9,17.7,30.2,0.0,100
2024-06-09 23:00:00,20.6,93,1009.0,17.8,31.0,0.0,100
2024-06-10 00:00:00,20.9,91,1009.4,18.9,32.0,0.0,100
2024-06-10 01:00:00,20.8,92,1009.8,17.2,28.8,0.0,100
2024-06-10 02:00:00,22.2,84,1010.3,23.3,40.0,0.0,100
2024-06-10 03:00:00,23.7,78,1010.6,22.5,41.0,0.0,100
2024-06-10 04:00:00,25.0,74,1010.8,21.1,46.4,0.1,100
2024-06-10 05:00:00,26.3,70,1010.3,22.5,48.6,0.0,100
2024-06-10 06:00:00,27.4,65,1009.3,23.4,49.3,0.1,99
2024-06-10 07:00:00,27.0,64,1009.2,23.9,52.6,0.5,100
2024-06-10 08:00:00,27.6,63,1008.3,28.4,53.6,0.4,100
2024-06-10 09:00:00,27.1,70,1007.6,20.2,53.6,0.7,97
2024-06-10 10:00:00,27.4,61,1006.8,24.0,44.6,0.1,90
2024-06-10 11:00:00,25.4,73,1007.0,19.9,47.2,0.3,75
2024-06-10 12:00:00,25.8,70,1007.6,20.2,35.6,0.0,99
2024-06-10 13:00:00,24.2,76,1009.0,15.8,27.7,0.0,100
2024-06-10 14:00:00,23.8,77,1010.2,18.6,31.3,0.0,93
2024-06-10 15:00:00,23.1,80,1011.2,17.7,31.0,0.0,63
2024-06-10 16:00:00,22.6,83,1011.4,16.9,30.2,0.0,90
2024-06-10 17:00:00,22.2,86,1011.7,15.6,28.4,0.0,90
2024-06-10 18:00:00,21.8,89,1011.4,16.7,28.1,0.0,99
2024-06-10 19:00:00,21.5,91,1011.0,17.7,30.2,0.0,100
2024-06-10 20:00:00,21.1,93,1010.5,18.4,31.3,0.0,100
2024-06-10 21:00:00,21.2,93,1009.9,17.7,31.0,0.0,100
2024-06-10 22:00:00,21.4,91,1009.7,17.5,31.3,0.0,100
2024-06-10 23:00:00,21.4,90,1009.5,17.9,30.2,0.0,100
2024-06-11 00:00:00,21.6,89,1009.5,18.2,31.0,0.0,100
2024-06-11 01:00:00,21.2,91,1010.5,16.4,28.4,0.0,100
2024-06-11 02:00:00,22.6,83,1010.8,24.1,40.7,0.0,100
2024-06-11 03:00:00,24.1,76,1010.8,25.6,45.0,0.0,100
2024-06-11 04:00:00,25.3,71,1011.1,25.9,48.2,0.1,100
2024-06-11 05:00:00,25.8,69,1010.9,22.3,49.3,0.0,100
2024-06-11 06:00:00,26.5,66,1010.2,26.8,50.8,0.1,100
2024-06-11 07:00:00,26.8,67,1009.4,23.1,51.1,0.1,100
2024-06-11 08:00:00,28.0,64,1008.1,21.6,47.9,0.0,100
2024-06-11 09:00:00,28.8,58,1007.1,23.1,45.7,0.0,100
2024-06-11 10:00:00,27.4,62,1006.8,22.7,45.4,0.0,100
2024-06-11 11:00:00,26.8,63,1006.8,22.8,42.8,0.0,100
2024-06-11 12:00:00,25.3,71,1008.0,21.2,41.0,0.0,100
2024-06-11 13:00:00,22.3,89,1009.7,11.4,26.6,0.2,100
2024-06-11 14:00:00,21.9,91,1010.2,12.6,21.2,0.0,100
2024-06-11 15:00:00,21.9,90,1010.9,14.3,23.8,0.0,100
2024-06-11 16:00:00,22.1,90,1011.3,18.1,29.9,0.1,100
2024-06-11 17:00:00,21.5,94,1011.7,16.1,30.6,0.0,100
2024-06-11 18:00:00,21.3,95,1011.3,15.6,27.4,0.0,100
2024-06-11 19:00:00,21.1,97,1010.9,16.6,28.4,0.0,100
2024-06-11 20:00:00,20.9,98,1010.5,16.7,28.8,0.0,100
2024-06-11 21:00:00,20.7,98,1010.3,18.1,30.6,0.0,100
2024-06-11 22:00:00,20.8,96,1010.2,18.7,32.4,0.0,100
2024-06-11 23:00:00,20.8,96,1010.4,17.1,31.7,0.0,100
2024-06-12 00:00:00,20.9,95,1010.5,17.2,30.2,0.0,100
2024-06-12 01:00:00,21.0,95,1011.8,14.5,25.6,0.1,100
2024-06-12 02:00:00,22.2,88,1012.4,20.6,35.3,0.1,100
2024-06-12 03:00:00,23.0,84,1013.0,21.6,40.0,0.1,100
2024-06-12 04:00:00,24.7,76,1012.8,21.2,45.0,0.1,100
2024-06-12 05:00:00,25.6,73,1012.9,21.3,46.1,0.1,100
2024-06-12 06:00:00,23.8,82,1012.9,18.7,45.7,1.0,100
2024-06-12 07:00:00,24.6,81,1011.8,18.5,37.4,0.3,100
2024-06-12 08:00:00,26.7,69,1010.2,18.4,42.8,0.0,100
2024-06-12 09:00:00,27.7,63,1009.1,24.2,45.0,0.1,100
2024-06-12 10:00:00,26.7,63,1008.9,22.3,46.1,0.3,84
2024-06-12 11:00:00,23.2,82,1010.1,18.8,44.6,3.7,100
2024-06-12 12:00:00,22.4,91,1010.0,11.1,32.8,0.9,100
2024-06-12 13:00:00,23.9,75,1010.4,13.8,29.2,0.0,92
2024-06-12 14:00:00,23.0,78,1011.0,15.9,27.7,0.0,100
2024-06-12 15:00:00,22.8,80,1011.6,13.0,26.6,0.0,100
2024-06-12 16:00:00,22.5,83,1012.4,13.4,22.3,0.1,100
2024-06-12 17:00:00,22.0,84,1012.7,16.3,27.0,0.0,100
2024-06-12 18:00:00,21.2,88,1012.2,15.7,27.4,0.0,100
2024-06-12 19:00:00,20.7,90,1011.6,14.3,26.6,0.0,100
2024-06-12 20:00:00,20.4,91,1011.1,14.2,24.1,0.0,100
2024-06-12 21:00:00,20.2,92,1011.2,13.4,24.1,0.0,100
2024-06-12 22:00:00,20.0,93,1011.2,13.6,22.7,0.0,100
2024-06-12 23:00:00,20.1,93,1011.5,13.8,23.4,0.0,100
2024-06-13 00:00:00,20.3,93,1011.5,15.4,25.6,0.0,100
2024-06-13 01:00:00,20.8,93,1012.0,16.2,27.4,0.0,100
2024-06-13 02:00:00,22.0,85,1012.6,20.3,34.2,0.0,100
2024-06-13 03:00:00,23.6,78,1012.3,21.2,37.8,0.0,100
2024-06-13 04:00:00,25.0,72,1012.4,20.7,38.9,0.0,100
2024-06-13 05:00:00,26.1,66,1012.3,21.6,38.9,0.0,99
2024-06-13 06:00:00,27.5,60,1011.5,23.5,42.8,0.1,100
2024-06-13 07:00:00,27.6,65,1010.6,20.5,45.4,0.4,100
2024-06-13 08:00:00,28.7,59,1009.5,20.5,42.5,0.0,100
2024-06-13 09:00:00,26.0,69,1009.3,19.2,41.4,1.5,99
2024-06-13 10:00:00,26.0,75,1008.9,14.8,38.9,0.3,100
2024-06-13 11:00:00,25.0,76,1008.7,15.2,38.2,0.2,88
2024-06-13 12:00:00,23.4,82,1009.9,17.1,34.6,0.4,91
2024-06-13 13:00:00,22.9,83,1010.1,15.5,31.7,0.2,81
2024-06-13 14:00:00,22.3,85,1010.9,13.0,25.9,0.0,100
2024-06-13 15:00:00,22.5,85,1011.4,13.3,22.7,0.0,100
2024-06-13 16:00:00,22.2,85,1011.5,13.0,22.3,0.0,96
2024-06-13 17:00:00,21.5,88,1011.7,13.8,23.0,0.0,100
2024-06-13 18:00:00,21.1,90,1011.4,14.1,23.8,0.0,100
2024-06-13 19:00:00,20.7,93,1010.8,13.9,23.8,0.0,100
2024-06-13 20:00:00,20.5,94,1010.4,14.0,24.1,0.0,100
2024-06-13 21:00:00,20.3,97,1010.2,14.3,23.8,0.0,97
2024-06-13 22:00:00,20.4,97,1010.0,16.0,26.3,0.0,100
2024-06-13 23:00:00,20.5,96,1009.9,17.4,29.5,0.0,100
2024-06-14 00:00:00,20.5,95,1010.4,15.8,29.5,0.0,100
2024-06-14 01:00:00,20.6,93,1010.7,12.8,24.5,0.0,100
2024-06-14 02:00:00,21.8,87,1011.2,16.4,28.1,0.0,100
2024-06-14 03:00:00,22.6,81,1011.5,19.2,33.5,0.0,100
2024-06-14 04:00:00,24.0,74,1011.6,19.3,34.6,0.0,100
2024-06-14 05:00:00,25.2,69,1010.8,20.5,36.7,0.0,100
2024-06-14 06:00:00,27.1,61,1010.0,21.1,40.3,0.0,100
2024-06-14 07:00:00,28.2,56,1009.4,20.5,39.6,0.0,100
2024-06-14 08:00:00,28.6,54,1008.4,19.7,38.9,0.0,100
2024-06-14 09:00:00,28.1,57,1007.7,19.6,37.4,0.0,100
2024-06-14 10:00:00,28.3,56,1006.9,19.2,37.4,0.0,91
2024-06-14 11:00:00,28.1,55,1006.3,18.7,36.0,0.0,100
2024-06-14 12:00:00,27.4,57,1006.6,16.2,33.8,0.0,100
2024-06-14 13:00:00,25.4,64,1007.6,10.3,24.8,0.0,43
2024-06-14 14:00:00,24.0,68,1009.1,8.6,17.3,0.0,59
2024-06-14 15:00:00,23.6,68,1009.9,9.6,15.5,0.0,37
2024-06-14 16:00:00,23.0,72,1010.8,9.4,15.5,0.0,94
2024-06-14 17:00:00,22.6,76,1011.2,9.8,16.6,0.0,96
2024-06-14 18:00:00,21.8,81,1011.0,8.6,16.2,0.0,11
2024-06-14 19:00:00,21.1,86,1010.3,9.5,15.8,0.0,4
2024-06-14 20:00:00,20.6,91,1010.0,9.7,16.2,0.0,22
2024-06-14 21:00:00,20.1,94,1009.7,10.1,16.9,0.0,23
2024-06-14 22:00:00,19.8,96,1009.6,10.2,16.9,0.0,96
2024-06-14 23:00:00,19.6,97,1009.6,11.0,18.4,0.0,100
2024-06-15 00:00:00,19.4,98,1009.8,11.5,19.1,0.0,98
2024-06-15 01:00:00,19.9,96,1010.3,12.2,20.2,0.0,99
2024-06-15 02:00:00,21.3,88,1010.7,12.6,24.1,0.0,100
2024-06-15 03:00:00,23.2,80,1010.6,13.8,27.4,0.0,100
2024-06-15 04:00:00,25.0,71,1010.3,16.3,32.0,0.0,99
2024-06-15 05:00:00,26.5,63,1009.7,17.1,34.2,0.0,99
2024-06-15 06:00:00,27.8,58,1009.1,16.6,33.8,0.0,99
2024-06-15 07:00:00,28.6,53,1008.3,17.0,34.2,0.0,100
2024-06-15 08:00:00,29.4,49,1007.3,17.3,34.2,0.0,100
2024-06-15 09:00:00,29.8,43,1006.5,17.6,33.8,0.0,100
2024-06-15 10:00:00,29.9,43,1006.0,17.7,33.8,0.0,100
2024-06-15 11:00:00,29.3,44,1005.5,17.4,32.8,0.0,100
2024-06-15 12:00:00,28.2,50,1005.9,13.4,31.0,0.0,100
2024-06-15 13:00:00,25.5,59,1007.8,11.5,31.0,0.0,100
2024-06-15 14:00:00,24.3,64,1008.5,10.4,19.4,0.0,100
2024-06-15 15:00:00,23.5,69,1009.6,12.8,20.9,0.0,100
2024-06-15 16:00:00,23.1,72,1010.1,12.8,22.3,0.0,100
2024-06-15 17:00:00,22.7,74,1010.5,12.0,21.6,0.0,100
2024-06-15 18:00:00,22.2,77,1010.5,10.5,19.8,0.0,100
2024-06-15 19:00:00,21.9,80,1009.7,12.1,20.2,0.0,100
2024-06-15 20:00:00,21.2,85,1009.7,9.0,20.2,0.0,98
2024-06-15 21:00:00,20.6,89,1009.3,10.3,17.3,0.0,62
2024-06-15 22:00:00,20.1,93,1009.2,11.2,18.7,0.0,96
2024-06-15 23:00:00,20.0,93,1009.7,11.2,19.1,0.0,94
2024-06-16 00:00:00,19.6,96,1010.2,11.3,18.7,0.0,82
2024-06-16 01:00:00,20.1,93,1010.8,14.5,23.4,0.0,70
2024-06-16 02:00:00,22.0,84,1010.8,17.7,31.7,0.0,52
2024-06-16 03:00:00,24.2,72,1010.6,19.9,36.4,0.0,81
2024-06-16 04:00:00,26.2,63,1010.4,20.5,38.5,0.0,81
2024-06-16 05:00:00,26.9,62,1010.1,20.6,39.6,0.1,93
2024-06-16 06:00:00,27.2,61,1009.6,18.9,39.2,0.1,100
2024-06-16 07:00:00,28.1,59,1008.8,16.7,36.7,0.2,95
2024-06-16 08:00:00,29.0,58,1007.9,15.7,33.8,0.0,44
2024-06-16 09:00:00,29.3,57,1007.1,15.2,32.0,0.0,23
2024-06-16 10:00:00,28.3,58,1006.5,17.1,31.7,0.4,97
2024-06-16 11:00:00,25.5,71,1006.9,15.6,37.1,0.2,87
2024-06-16 12:00:00,26.0,71,1007.1,14.7,27.7,0.0,100
2024-06-16 13:00:00,24.9,73,1008.1,11.8,24.8,0.0,97
2024-06-16 14:00:00,24.2,76,1009.1,16.1,26.6,0.0,25
2024-06-16 15:00:00,23.3,80,1009.6,8.9,27.4,0.0,16
2024-06-16 16:00:00,22.5,85,1010.3,8.2,14.4,0.0,32
2024-06-16 17:00:00,22.0,88,1011.0,9.4,15.5,0.0,41
2024-06-16 18:00:00,21.5,91,1011.0,9.2,15.8,0.0,21
2024-06-16 19:00:00,21.0,93,1010.3,9.8,16.6,0.0,4
2024-06-16 20:00:00,20.6,94,1010.0,10.7,17.6,0.0,51
2024-06-16 21:00:00,20.7,95,1009.5,12.4,20.5,0.0,100
2024-06-16 22:00:00,20.8,95,1009.5,15.3,26.6,0.0,100
2024-06-16 23:00:00,20.8,95,1009.5,14.5,26.6,0.0,100
2024-06-17 00:00:00,20.4,96,1009.6,12.5,24.8,0.0,100
2024-06-17 01:00:00,20.3,96,1010.2,7.6,17.6,0.0,94
2024-06-17 02:00:00,21.8,87,1011.0,13.1,24.1,0.0,60
2024-06-17 03:00:00,23.9,76,1011.1,17.0,32.0,0.0,88
2024-06-17 04:00:00,26.1,65,1010.8,17.2,33.5,0.0,98
2024-06-17 05:00:00,27.9,57,1010.3,16.8,33.5,0.0,98
2024-06-17 06:00:00,28.6,55,1009.4,16.3,33.5,0.0,91
2024-06-17 07:00:00,29.3,55,1008.7,16.1,33.5,0.0,83
2024-06-17 08:00:00,29.6,56,1007.9,15.5,33.8,0.0,75
2024-06-17 09:00:00,29.8,55,1007.1,13.8,33.1,0.0,74
2024-06-17 10:00:00,28.3,59,1007.0,15.3,29.5,0.0,99
2024-06-17 11:00:00,25.5,72,1007.9,16.9,31.0,0.5,100
2024-06-17 12:00:00,23.8,80,1008.4,15.1,33.5,0.1,100
2024-06-17 13:00:00,24.9,75,1008.2,12.2,28.4,0.0,98
2024-06-17 14:00:00,23.7,81,1009.2,8.8,20.9,0.0,100
2024-06-17 15:00:00,23.3,81,1009.9,7.6,14.4,0.0,100
2024-06-17 16:00:00,23.1,83,1010.5,6.7,12.6,0.0,99
2024-06-17 17:00:00,22.8,85,1010.9,8.3,13.0,0.0,98
2024-06-17 18:00:00,22.6,87,1010.9,10.4,16.9,0.0,100
2024-06-17 19:00:00,22.4,88,1010.5,11.4,18.4,0.0,98
2024-06-17 20:00:00,21.8,90,1010.2,10.8,19.1,0.0,96
2024-06-17 21:00:00,21.3,92,1009.8,10.1,18.0,0.0,15
2024-06-17 22:00:00,21.0,94,1009.6,9.4,16.9,0.0,26
2024-06-17 23:00:00,20.5,97,1009.7,9.1,15.8,0.0,12
2024-06-18 00:00:00,20.3,98,1010.2,9.6,15.5,0.0,79
2024-06-18 01:00:00,20.9,93,1010.3,13.6,21.6,0.0,92
2024-06-18 02:00:00,22.4,86,1010.8,15.0,28.4,0.0,100
2024-06-18 03:00:00,24.3,75,1011.4,14.5,28.1,0.0,100
2024-06-18 04:00:00,25.9,67,1011.1,15.6,30.6,0.0,100
2024-06-18 05:00:00,27.0,64,1010.5,15.7,32.8,0.0,96
2024-06-18 06:00:00,28.0,61,1009.6,16.3,34.2,0.0,61
2024-06-18 07:00:00,28.8,60,1008.6,17.3,36.7,0.0,44
2024-06-18 08:00:00,29.2,57,1007.6,16.5,36.7,0.0,100
2024-06-18 09:00:00,27.2,63,1007.2,22.2,38.2,0.8,89
2024-06-18 10:00:00,24.5,81,1007.9,17.4,43.6,2.4,98
2024-06-18 11:00:00,24.7,79,1007.2,17.8,32.8,0.1,92
2024-06-18 12:00:00,24.7,79,1007.3,14.0,32.4,0.0,88
2024-06-18 13:00:00,24.1,79,1007.8,10.8,23.4,0.0,93
2024-06-18 14:00:00,23.3,85,1008.7,9.1,18.4,0.0,93
2024-06-18 15:00:00,23.0,87,1009.6,8.3,15.1,0.0,98
2024-06-18 16:00:00,22.0,91,1011.0,10.4,20.9,1.0,99
2024-06-18 17:00:00,22.0,91,1011.2,9.8,17.3,0.1,100
2024-06-18 18:00:00,21.8,92,1010.7,10.7,17.6,0.0,99
2024-06-18 19:00:00,21.5,93,1010.1,12.9,21.2,0.0,98
2024-06-18 20:00:00,21.0,94,1009.5,13.5,22.7,0.0,99
2024-06-18 21:00:00,20.7,96,1009.4,13.4,23.0,0.0,96
2024-06-18 22:00:00,20.5,97,1009.2,13.2,22.7,0.0,91
2024-06-18 23:00:00,20.4,97,1009.0,14.0,23.4,0.0,92
2024-06-19 00:00:00,20.2,98,1008.8,12.5,23.4,0.0,100
2024-06-19 01:00:00,21.0,95,1009.0,12.8,22.7,0.1,89
2024-06-19 02:00:00,22.1,88,1009.3,14.9,26.6,0.0,87
2024-06-19 03:00:00,24.0,78,1009.7,17.3,32.0,0.0,100
2024-06-19 04:00:00,25.6,70,1009.9,19.4,38.5,0.0,100
2024-06-19 05:00:00,25.2,71,1009.5,17.3,36.4,0.0,100
2024-06-19 06:00:00,26.7,68,1008.7,17.3,37.1,0.1,99
2024-06-19 07:00:00,28.3,63,1007.4,17.3,39.6,0.0,98
2024-06-19 08:00:00,29.2,59,1006.3,17.3,39.6,0.0,100
2024-06-19 09:00:00,29.1,56,1005.4,17.3,36.7,0.0,100
2024-06-19 10:00:00,25.6,69,1005.2,16.6,34.2,0.2,100
2024-06-19 11:00:00,24.9,76,1005.8,14.8,31.0,0.2,100
2024-06-19 12:00:00,23.1,83,1006.8,14.3,32.4,3.0,100
2024-06-19 13:00:00,22.5,91,1006.5,9.5,19.8,0.5,100
2024-06-19 14:00:00,22.1,93,1007.9,7.3,15.5,0.0,100
2024-06-19 15:00:00,22.0,95,1008.7,7.2,12.6,1.2,100
2024-06-19 16:00:00,22.1,96,1009.5,9.4,14.8,0.0,100
2024-06-19 17:00:00,22.2,94,1010.0,12.2,20.2,0.1,100
2024-06-19 18:00:00,21.9,94,1009.5,13.2,22.0,0.0,100
2024-06-19 19:00:00,21.4,95,1008.9,12.9,22.3,0.0,100
2024-06-19 20:00:00,20.8,98,1008.2,14.0,23.8,0.0,100
2024-06-19 21:00:00,20.6,98,1008.2,14.2,24.8,0.0,100
2024-06-19 22:00:00,20.4,98,1008.0,16.1,27.4,0.0,100
2024-06-19 23:00:00,20.5,97,1008.3,15.7,27.7,0.0,100
2024-06-20 00:00:00,20.4,97,1008.6,15.1,26.6,0.0,100
2024-06-20 01:00:00,20.7,95,1008.6,14.2,23.0,0.0,100
2024-06-20 02:00:00,21.5,90,1009.4,18.9,31.7,0.0,100
2024-06-20 03:00:00,22.7,83,1009.9,20.2,36.4,0.0,100
2024-06-20 04:00:00,24.2,76,1009.9,19.7,36.0,0.0,100
2024-06-20 05:00:00,25.0,72,1009.8,20.8,38.2,0.0,100
2024-06-20 06:00:00,26.7,65,1009.1,22.4,43.9,0.1,100
2024-06-20 07:00:00,27.8,63,1008.3,20.0,44.6,0.1,100
2024-06-20 08:00:00,27.9,59,1007.6,19.1,41.4,0.0,100
2024-06-20 09:00:00,28.3,56,1006.4,19.3,36.7,0.0,100
2024-06-20 10:00:00,26.2,64,1006.3,21.9,42.1,0.3,91
2024-06-20 11:00:00,26.0,67,1006.3,18.7,38.5,0.1,97
2024-06-20 12:00:00,24.7,71,1006.7,19.6,37.1,0.0,100
2024-06-20 13:00:00,24.9,67,1006.8,17.2,31.3,0.0,70
2024-06-20 14:00:00,23.9,72,1007.6,16.7,29.2,0.0,66
2024-06-20 15:00:00,23.2,74,1008.4,15.4,28.1,0.0,85
2024-06-20 16:00:00,22.6,77,1008.9,16.0,27.4,0.0,100
2024-06-20 17:00:00,22.1,81,1009.8,14.3,27.4,0.0,100
2024-06-20 18:00:00,21.6,84,1009.9,13.9,24.1,0.0,100
2024-06-20 19:00:00,21.1,88,1009.7,14.3,23.8,0.0,100
2024-06-20 20:00:00,20.7,91,1009.0,13.8,24.1,0.0,100
2024-06-20 21:00:00,20.2,95,1008.7,14.0,23.4,0.0,100
2024-06-20 22:00:00,19.9,97,1008.4,13.7,23.4,0.0,100
2024-06-20 23:00:00,19.7,98,1008.6,14.4,24.5,0.0,100
2024-06-21 00:00:00,19.9,97,1008.8,15.8,27.0,0.0,100
2024-06-21 01:00:00,20.5,91,1009.4,16.3,27.0,0.0,100
2024-06-21 02:00:00,21.7,84,1009.8,18.9,31.7,0.0,100
2024-06-21 03:00:00,22.8,79,1009.7,18.7,34.6,0.0,100
2024-06-21 04:00:00,24.5,72,1009.7,18.7,34.9,0.0,100
2024-06-21 05:00:00,25.6,68,1009.4,19.5,34.9,0.1,100
2024-06-21 06:00:00,26.9,65,1008.7,20.2,41.4,0.1,100
2024-06-21 07:00:00,28.3,61,1007.8,21.3,43.9,0.0,100
2024-06-21 08:00:00,28.8,57,1007.0,20.2,43.6,0.0,100
2024-06-21 09:00:00,28.7,56,1005.9,19.8,40.0,0.0,100
2024-06-21 10:00:00,23.3,81,1007.3,23.0,45.4,2.6,100
2024-06-21 11:00:00,23.8,82,1006.4,12.3,40.3,0.3,100
2024-06-21 12:00:00,24.0,79,1006.8,17.2,30.2,0.1,100
2024-06-21 13:00:00,23.6,84,1007.0,11.8,26.6,0.0,100
2024-06-21 14:00:00,22.8,86,1007.6,11.0,20.9,0.1,100
2024-06-21 15:00:00,22.7,84,1008.4,11.6,18.7,0.0,100
2024-06-21 16:00:00,22.5,83,1009.0,15.0,24.8,0.0,100
2024-06-21 17:00:00,22.1,86,1009.5,16.2,27.0,0.0,100
2024-06-21 18:00:00,21.7,89,1009.4,16.5,27.4,0.0,100
2024-06-21 19:00:00,21.4,91,1008.7,15.9,27.7,0.0,100
2024-06-21 20:00:00,21.2,91,1007.9,17.2,28.8,0.0,100
2024-06-21 21:00:00,20.9,91,1006.9,17.3,29.2,0.0,100
2024-06-21 22:00:00,20.5,94,1006.2,15.1,29.2,0.0,100
2024-06-21 23:00:00,20.2,96,1005.8,13.7,25.6,0.0,100
2024-06-22 00:00:00,20.1,97,1006.5,14.4,24.5,0.0,100
2024-06-22 01:00:00,20.9,92,1007.3,13.5,24.1,0.0,100
2024-06-22 02:00:00,22.3,84,1008.0,19.2,33.5,0.0,100
2024-06-22 03:00:00,23.8,77,1008.2,19.6,35.3,0.0,100
2024-06-22 04:00:00,25.0,71,1008.1,20.2,36.4,0.1,100
2024-06-22 05:00:00,26.2,64,1007.6,19.8,38.2,0.0,100
2024-06-22 06:00:00,27.3,60,1006.5,19.5,37.8,0.2,100
2024-06-22 07:00:00,28.0,58,1006.1,19.9,38.2,0.4,100
2024-06-22 08:00:00,26.0,65,1005.7,20.2,38.2,0.8,100
2024-06-22 09:00:00,27.1,64,1004.5,14.2,36.7,0.1,100
2024-06-22 10:00:00,27.8,60,1003.6,20.7,38.2,0.1,100
2024-06-22 11:00:00,26.3,63,1003.7,20.2,38.5,0.1,100
2024-06-22 12:00:00,25.0,74,1004.5,13.8,36.7,0.1,100
2024-06-22 13:00:00,24.7,73,1004.8,11.1,22.0,0.0,100
2024-06-22 14:00:00,23.5,79,1005.9,11.0,19.1,0.0,100
2024-06-22 15:00:00,23.1,80,1007.1,9.2,18.0,0.0,100
2024-06-22 16:00:00,22.6,82,1007.7,9.1,14.8,0.0,100
2024-06-22 17:00:00,22.6,82,1007.7,10.6,18.0,0.0,100
2024-06-22 18:00:00,22.1,85,1007.7,11.4,18.7,0.0,99
2024-06-22 19:00:00,21.7,85,1007.4,13.5,22.0,0.0,88
2024-06-22 20:00:00,21.1,88,1007.0,12.8,22.7,0.0,76
2024-06-22 21:00:00,20.6,92,1006.5,12.2,21.2,0.0,52
2024-06-22 22:00:00,20.2,95,1006.3,13.3,22.3,0.0,85
2024-06-22 23:00:00,20.3,96,1006.2,12.8,23.4,0.0,100
2024-06-23 00:00:00,20.3,95,1006.3,14.2,24.1,0.0,100
2024-06-23 01:00:00,21.0,93,1007.1,14.9,27.7,0.1,100
2024-06-23 02:00:00,22.2,85,1007.0,20.0,34.2,0.1,96
2024-06-23 03:00:00,23.4,78,1007.1,19.8,35.6,0.1,99
2024-06-23 04:00:00,25.0,70,1007.1,21.7,40.0,0.1,100
2024-06-23 05:00:00,26.3,64,1006.5,22.3,41.0,0.0,98
2024-06-23 06:00:00,26.8,63,1006.2,22.5,42.1,0.2,79
2024-06-23 07:00:00,27.8,59,1005.5,20.7,42.1,0.2,97
2024-06-23 08:00:00,28.3,59,1004.1,20.5,41.0,0.2,89
2024-06-23 09:00:00,28.3,60,1003.1,22.3,44.3,0.1,93
2024-06-23 10:00:00,27.9,58,1002.4,22.9,43.2,0.0,70
2024-06-23 11:00:00,26.3,66,1002.7,20.1,41.4,0.3,65
2024-06-23 12:00:00,26.0,67,1002.9,19.6,36.4,0.1,61
2024-06-23 13:00:00,24.9,68,1004.1,16.8,30.2,0.0,100
2024-06-23 14:00:00,24.3,70,1005.2,13.9,28.4,0.0,100
2024-06-23 15:00:00,23.5,76,1006.4,17.3,28.4,0.0,99
2024-06-23 16:00:00,22.5,83,1007.0,18.8,32.0,0.1,99
2024-06-23 17:00:00,22.1,85,1007.3,18.5,32.0,0.0,99
2024-06-23 18:00:00,21.8,86,1007.3,19.0,32.4,0.0,75
2024-06-23 19:00:00,21.6,86,1007.0,18.1,32.4,0.0,100
2024-06-23 20:00:00,21.5,86,1006.5,17.7,31.7,0.0,85
2024-06-23 21:00:00,21.3,87,1005.9,18.8,31.7,0.0,90
2024-06-23 22:00:00,21.3,85,1005.3,18.3,32.0,0.0,95
2024-06-23 23:00:00,21.3,85,1005.2,19.3,32.8,0.0,66
2024-06-24 00:00:00,20.5,90,1005.5,18.5,33.1,0.0,58
2024-06-24 01:00:00,20.7,93,1006.0,16.5,30.2,0.9,100
2024-06-24 02:00:00,21.5,87,1006.8,18.7,33.1,0.1,100
2024-06-24 03:00:00,23.2,78,1006.6,22.6,40.0,0.1,61
2024-06-24 04:00:00,24.8,70,1006.5,23.8,43.6,0.0,100
2024-06-24 05:00:00,25.8,66,1006.3,23.7,43.2,0.1,100
2024-06-24 06:00:00,27.1,60,1005.5,23.3,43.6,0.1,49
2024-06-24 07:00:00,28.6,56,1004.6,23.1,47.9,0.2,56
2024-06-24 08:00:00,29.8,52,1003.5,24.7,46.4,0.0,99
2024-06-24 09:00:00,27.4,63,1003.5,24.8,48.6,0.4,100
2024-06-24 10:00:00,25.6,75,1003.5,21.1,45.7,1.0,100
2024-06-24 11:00:00,24.9,77,1003.7,23.3,46.1,1.1,100
2024-06-24 12:00:00,24.3,78,1003.9,21.6,41.0,0.1,100
2024-06-24 13:00:00,24.6,70,1004.5,16.8,32.4,0.0,94
2024-06-24 14:00:00,24.1,71,1005.3,18.0,30.6,0.0,100
2024-06-24 15:00:00,23.2,76,1006.1,14.5,30.2,0.0,98
2024-06-24 16:00:00,22.7,80,1006.5,14.7,24.8,0.0,64
2024-06-24 17:00:00,21.9,85,1006.9,13.8,24.8,0.0,100
2024-06-24 18:00:00,21.4,89,1007.0,17.6,29.5,0.0,96
2024-06-24 19:00:00,20.8,93,1006.5,16.8,29.9,0.0,86
2024-06-24 20:00:00,20.9,92,1005.8,15.6,29.2,0.0,100
2024-06-24 21:00:00,21.2,91,1005.2,18.2,30.2,0.0,100
2024-06-24 22:00:00,21.1,93,1005.0,19.4,32.8,0.0,100
2024-06-24 23:00:00,21.2,91,1005.2,20.0,34.6,0.0,99
2024-06-25 00:00:00,21.1,91,1005.5,17.1,33.5,0.0,100
2024-06-25 01:00:00,21.5,88,1006.1,21.1,35.3,0.0,100
2024-06-25 02:00:00,22.2,85,1006.6,21.5,41.4,0.0,100
2024-06-25 03:00:00,23.2,79,1006.2,25.9,45.4,0.0,100
2024-06-25 04:00:00,24.8,74,1006.0,25.9,46.8,0.0,100
2024-06-25 05:00:00,25.2,72,1005.9,26.4,47.5,0.1,100
2024-06-25 06:00:00,27.1,64,1005.4,26.9,50.8,0.1,100
2024-06-25 07:00:00,27.2,63,1005.0,27.3,48.6,0.3,100
2024-06-25 08:00:00,27.4,64,1004.3,26.8,49.0,0.3,100
2024-06-25 09:00:00,27.4,61,1003.8,30.0,51.1,0.1,100
2024-06-25 10:00:00,27.0,68,1003.0,22.9,52.9,0.1,100
2024-06-25 11:00:00,25.1,75,1003.7,22.1,53.3,0.1,100
2024-06-25 12:00:00,24.3,80,1003.8,19.8,46.8,0.4,100
2024-06-25 13:00:00,24.3,78,1004.4,15.9,39.6,0.1,93
2024-06-25 14:00:00,24.0,78,1005.3,16.7,28.4,0.0,100
2024-06-25 15:00:00,23.2,83,1006.3,16.1,28.4,0.0,100
2024-06-25 16:00:00,22.4,88,1006.4,19.3,32.4,0.0,99
2024-06-25 17:00:00,22.2,88,1007.0,20.1,34.2,0.0,99
2024-06-25 18:00:00,21.5,93,1007.4,19.3,34.9,0.0,100
2024-06-25 19:00:00,21.3,92,1007.2,17.7,32.8,0.0,100
2024-06-25 20:00:00,21.1,92,1006.3,18.9,31.7,0.0,100
2024-06-25 21:00:00,21.0,91,1005.4,20.7,36.0,0.0,100
2024-06-25 22:00:00,20.9,91,1005.4,19.2,35.3,0.0,100
2024-06-25 23:00:00,21.3,89,1005.3,20.9,36.4,0.0,100
2024-06-26 00:00:00,21.3,89,1005.4,22.6,40.0,0.0,100
2024-06-26 01:00:00,20.8,96,1005.5,19.9,34.6,0.5,100
2024-06-26 02:00:00,21.1,93,1006.3,20.6,34.2,0.1,100
2024-06-26 03:00:00,22.0,88,1006.5,22.6,39.2,0.1,100
2024-06-26 04:00:00,23.3,81,1006.5,28.7,49.3,0.1,100
2024-06-26 05:00:00,24.5,75,1006.1,31.7,55.1,0.2,100
2024-06-26 06:00:00,26.0,69,1005.5,30.6,57.6,0.2,100
2024-06-26 07:00:00,27.6,65,1005.0,25.4,57.2,0.0,100
2024-06-26 08:00:00,28.0,62,1004.5,28.7,55.1,0.0,100
2024-06-26 09:00:00,27.4,62,1004.1,30.3,54.4,0.0,99
2024-06-26 10:00:00,25.9,68,1004.3,28.8,56.9,0.5,100
2024-06-26 11:00:00,25.2,70,1004.1,23.7,52.2,0.5,99
2024-06-26 12:00:00,24.6,72,1004.7,28.4,49.3,0.0,100
2024-06-26 13:00:00,24.2,73,1005.8,22.2,45.0,0.0,100
2024-06-26 14:00:00,23.6,76,1006.2,20.5,37.8,0.0,99
2024-06-26 15:00:00,22.9,80,1007.2,19.5,34.9,0.0,100
2024-06-26 16:00:00,22.3,85,1008.0,20.0,34.9,0.0,100
2024-06-26 17:00:00,21.9,87,1008.2,22.5,38.5,0.0,100
2024-06-26 18:00:00,21.5,89,1008.1,20.6,38.5,0.0,100
2024-06-26 19:00:00,21.5,89,1007.4,21.6,37.1,0.0,100
2024-06-26 20:00:00,21.4,89,1006.8,22.1,38.2,0.0,100
2024-06-26 21:00:00,21.3,89,1006.4,20.7,37.8,0.0,100
2024-06-26 22:00:00,21.5,88,1006.4,21.6,37.8,0.0,100
2024-06-26 23:00:00,21.6,88,1006.4,22.1,38.5,0.0,100
2024-06-27 00:00:00,21.6,88,1006.6,21.2,37.8,0.1,100
2024-06-27 01:00:00,21.3,90,1007.2,22.7,38.9,0.2,100
2024-06-27 02:00:00,21.7,90,1008.0,22.2,40.7,1.1,100
2024-06-27 03:00:00,22.1,87,1008.4,22.7,38.5,0.9,100
2024-06-27 04:00:00,22.7,84,1008.2,24.7,43.6,0.1,100
2024-06-27 05:00:00,25.7,69,1007.6,32.9,58.0,0.1,100
2024-06-27 06:00:00,24.9,72,1007.8,28.8,58.0,0.1,100
2024-06-27 07:00:00,25.0,72,1007.7,26.2,50.4,0.0,100
2024-06-27 08:00:00,24.6,73,1007.5,22.5,45.4,0.2,100
2024-06-27 09:00:00,24.2,78,1007.3,22.1,38.9,0.5,100
2024-06-27 10:00:00,24.3,77,1006.8,23.8,37.8,0.2,100
2024-06-27 11:00:00,23.7,83,1006.4,18.7,42.8,0.1,100
2024-06-27 12:00:00,24.1,77,1006.6,21.9,39.2,0.0,100
2024-06-27 13:00:00,21.9,87,1007.5,17.2,32.8,0.3,100
2024-06-27 14:00:00,21.3,92,1008.0,12.7,28.1,0.2,100
2024-06-27 15:00:00,21.2,94,1009.0,14.5,24.1,0.0,100
2024-06-27 16:00:00,21.2,95,1009.8,17.7,29.2,0.8,100
2024-06-27 17:00:00,21.1,95,1010.3,18.4,31.7,1.2,100
2024-06-27 18:00:00,21.0,95,1010.2,18.2,31.7,0.0,100
2024-06-27 19:00:00,20.8,96,1009.7,16.5,31.0,0.0,100
2024-06-27 20:00:00,20.7,96,1009.5,16.2,28.1,0.1,100
2024-06-27 21:00:00,20.7,95,1008.8,17.6,29.2,0.0,100
2024-06-27 22:00:00,20.5,96,1008.6,18.5,31.0,0.0,100
2024-06-27 23:00:00,20.3,96,1008.7,17.6,32.4,0.0,100
2024-06-28 00:00:00,20.1,96,1008.8,16.3,29.9,0.0,100
2024-06-28 01:00:00,20.3,96,1009.6,16.1,26.3,0.0,100
2024-06-28 02:00:00,21.0,92,1009.9,20.0,34.6,0.0,100
2024-06-28 03:00:00,22.3,84,1010.3,21.9,37.8,0.1,100
2024-06-28 04:00:00,24.4,72,1010.0,25.0,43.9,0.1,100
2024-06-28 05:00:00,26.0,64,1009.3,25.5,46.1,0.0,100
2024-06-28 06:00:00,27.2,59,1008.7,25.8,47.5,0.0,100
2024-06-28 07:00:00,27.8,57,1007.9,24.0,47.2,0.0,100
2024-06-28 08:00:00,28.4,54,1007.0,22.5,44.3,0.2,100
2024-06-28 09:00:00,29.1,52,1006.0,23.5,43.2,0.2,98
2024-06-28 10:00:00,28.9,52,1005.6,22.7,43.2,0.1,99
2024-06-28 11:00:00,28.5,53,1005.3,21.4,41.0,0.0,100
2024-06-28 12:00:00,27.7,56,1005.2,20.5,37.8,0.0,99
2024-06-28 13:00:00,25.9,61,1006.3,11.0,29.5,0.0,100
2024-06-28 14:00:00,24.2,69,1007.6,11.7,18.7,0.0,93
2024-06-28 15:00:00,23.3,75,1008.6,12.3,20.5,0.0,97
2024-06-28 16:00:00,22.4,80,1009.3,10.7,20.2,0.0,55
2024-06-28 17:00:00,21.8,84,1009.7,10.9,18.0,0.0,19
2024-06-28 18:00:00,21.3,87,1009.6,12.3,20.2,0.0,84
2024-06-28 19:00:00,20.8,91,1009.2,14.5,24.1,0.0,81
2024-06-28 20:00:00,20.3,95,1008.9,15.1,25.2,0.0,100
2024-06-28 21:00:00,20.0,98,1008.8,14.8,25.6,0.0,100
2024-06-28 22:00:00,19.8,99,1008.7,15.0,24.8,0.0,100
2024-06-28 23:00:00,20.2,97,1009.1,17.2,29.2,0.0,100
2024-06-29 00:00:00,20.4,95,1009.7,16.3,29.5,0.0,100
2024-06-29 01:00:00,20.5,93,1009.8,15.5,26.3,0.0,100
2024-06-29 02:00:00,21.7,86,1010.2,20.4,35.6,0.0,100
2024-06-29 03:00:00,23.0,80,1010.5,21.4,38.5,0.1,100
2024-06-29 04:00:00,24.4,74,1010.4,20.3,37.4,0.1,100
2024-06-29 05:00:00,25.8,68,1010.2,21.1,38.5,0.1,100
2024-06-29 06:00:00,26.7,64,1009.6,20.9,38.9,0.0,100
2024-06-29 07:00:00,27.7,60,1009.1,17.8,38.9,0.0,100
2024-06-29 08:00:00,29.2,56,1008.1,17.4,37.8,0.1,100
2024-06-29 09:00:00,29.8,55,1007.1,15.6,35.6,0.0,100
2024-06-29 10:00:00,27.1,65,1007.3,19.9,36.0,0.4,100
2024-06-29 11:00:00,27.5,62,1006.8,17.1,37.4,0.1,100
2024-06-29 12:00:00,26.1,67,1007.5,19.0,33.5,0.1,100
2024-06-29 13:00:00,25.6,69,1007.7,11.9,25.6,0.0,100
2024-06-29 14:00:00,24.6,75,1008.5,8.5,20.2,0.0,100
2024-06-29 15:00:00,23.6,81,1009.6,8.6,14.0,0.0,100
2024-06-29 16:00:00,23.1,82,1010.5,11.5,18.7,0.0,100
2024-06-29 17:00:00,22.7,83,1010.9,12.5,20.2,0.0,95
2024-06-29 18:00:00,22.2,85,1011.1,12.4,21.2,0.0,100
2024-06-29 19:00:00,21.6,88,1010.9,10.8,20.5,0.0,100
2024-06-29 20:00:00,21.1,92,1010.2,10.6,18.0,0.0,100
2024-06-29 21:00:00,20.6,96,1009.7,10.6,17.6,0.0,100
2024-06-29 22:00:00,20.3,98,1009.5,11.5,18.7,0.0,100
2024-06-29 23:00:00,20.2,99,1009.8,13.3,22.3,0.0,100
2024-06-30 00:00:00,20.3,99,1010.2,13.5,22.7,0.0,100
2024-06-30 01:00:00,21.3,94,1010.1,14.6,25.2,0.0,100
2024-06-30 02:00:00,22.3,88,1010.6,17.1,30.2,0.0,100
2024-06-30 03:00:00,23.7,81,1011.3,17.4,32.0,0.0,100
2024-06-30 04:00:00,25.0,74,1011.4,19.8,36.0,0.1,100
2024-06-30 05:00:00,25.7,71,1011.1,19.7,36.4,0.0,100
2024-06-30 06:00:00,26.7,66,1010.2,19.4,38.9,0.0,100
2024-06-30 07:00:00,27.3,64,1009.8,17.6,38.2,0.1,100
2024-06-30 08:00:00,28.3,62,1008.9,16.9,35.3,0.1,100
2024-06-30 09:00:00,28.4,61,1007.7,17.7,35.6,0.0,100
2024-06-30 10:00:00,25.9,72,1007.7,16.2,34.9,0.8,100
2024-06-30 11:00:00,25.0,76,1007.5,16.6,34.6,0.2,100
2024-06-30 12:00:00,24.8,78,1008.1,14.9,30.6,0.0,100
2024-06-30 13:00:00,23.6,84,1009.1,9.4,23.0,0.1,100
2024-06-30 14:00:00,22.8,88,1010.0,9.6,15.8,0.0,100
2024-06-30 15:00:00,22.5,89,1010.8,9.2,16.2,0.0,100
2024-06-30 16:00:00,22.3,90,1011.7,11.9,19.1,0.0,100
2024-06-30 17:00:00,22.1,90,1011.8,11.5,20.2,0.0,100
2024-06-30 18:00:00,21.8,92,1011.7,12.3,20.2,0.0,100
2024-06-30 19:00:00,21.6,93,1010.9,13.4,22.7,0.0,100
2024-06-30 20:00:00,21.0,95,1010.6,15.8,25.6,0.0,100
2024-06-30 21:00:00,20.8,96,1010.2,17.3,29.5,0.0,100
2024-06-30 22:00:00,20.6,98,1009.4,14.2,28.8,0.0,100
2024-06-30 23:00:00,20.5,98,1009.5,15.8,25.6,0.0,100
2024-07-01 00:00:00,20.6,97,1010.1,16.4,29.5,0.0,100
2024-07-01 01:00:00,21.0,96,1010.4,14.8,24.1,0.0,100
2024-07-01 02:00:00,22.1,89,1010.7,16.9,29.9,0.0,100
2024-07-01 03:00:00,23.2,83,1011.0,18.4,32.0,0.1,100
2024-07-01 04:00:00,24.5,77,1011.0,18.6,35.3,0.1,100
2024-07-01 05:00:00,26.4,67,1010.6,19.7,37.1,0.1,100
2024-07-01 06:00:00,26.6,65,1010.3,20.3,38.2,0.1,100
2024-07-01 07:00:00,27.6,61,1009.4,22.3,41.0,0.2,100
2024-07-01 08:00:00,27.4,67,1008.6,19.6,45.7,1.1,100
2024-07-01 09:00:00,25.9,70,1008.3,21.3,43.6,1.6,100
2024-07-01 10:00:00,26.0,71,1008.0,18.7,39.2,0.1,100
2024-07-01 11:00:00,23.1,87,1008.5,19.1,47.9,3.1,100
2024-07-01 12:00:00,22.8,92,1008.7,16.7,33.1,0.7,100
2024-07-01 13:00:00,22.8,85,1010.0,16.9,41.0,0.9,100
2024-07-01 14:00:00,22.0,90,1010.2,15.1,28.4,0.3,100
2024-07-01 15:00:00,21.8,92,1010.8,16.4,27.7,0.3,100
2024-07-01 16:00:00,21.4,92,1011.6,15.1,28.1,0.3,100
2024-07-01 17:00:00,21.1,93,1011.8,13.8,25.2,0.0,100
2024-07-01 18:00:00,20.9,94,1011.0,14.4,24.1,0.0,100
2024-07-01 19:00:00,20.5,95,1010.4,16.0,26.6,0.0,100
2024-07-01 20:00:00,20.6,95,1009.7,16.2,29.2,0.0,100
2024-07-01 21:00:00,20.1,97,1009.2,17.3,28.8,0.0,100
2024-07-01 22:00:00,20.4,95,1009.0,17.8,30.6,0.0,100
2024-07-01 23:00:00,20.4,95,1008.7,18.5,31.7,0.0,100
2024-07-02 00:00:00,20.6,94,1009.0,17.6,31.3,0.0,100
2024-07-02 01:00:00,20.9,91,1009.2,17.9,31.7,0.0,100
2024-07-02 02:00:00,21.6,88,1009.8,20.2,34.6,0.0,100
2024-07-02 03:00:00,22.3,85,1010.0,22.4,38.9,0.0,100
2024-07-02 04:00:00,24.2,74,1009.8,24.2,42.8,0.1,100
2024-07-02 05:00:00,24.9,72,1009.7,24.8,43.6,0.0,100
2024-07-02 06:00:00,27.5,60,1008.8,25.1,47.2,0.0,100
2024-07-02 07:00:00,29.1,52,1007.8,26.7,48.6,0.0,100
2024-07-02 08:00:00,29.4,49,1007.1,26.3,48.6,0.0,100
2024-07-02 09:00:00,29.0,50,1006.4,24.5,46.8,0.0,100
2024-07-02 10:00:00,29.0,52,1006.0,25.6,44.6,0.0,100
2024-07-02 11:00:00,27.9,57,1006.1,24.4,45.7,0.0,100
2024-07-02 12:00:00,27.0,60,1006.5,21.0,44.3,0.0,97
2024-07-02 13:00:00,25.7,62,1007.1,14.5,36.7,0.0,97
2024-07-02 14:00:00,24.6,68,1007.9,10.6,24.5,0.0,90
2024-07-02 15:00:00,23.7,73,1009.2,12.1,19.4,0.0,85
2024-07-02 16:00:00,23.1,78,1009.7,15.5,25.9,0.0,100
2024-07-02 17:00:00,22.4,83,1010.3,14.9,26.3,0.0,98
2024-07-02 18:00:00,21.8,86,1010.0,15.8,26.3,0.0,98
2024-07-02 19:00:00,21.2,90,1009.3,15.7,26.6,0.0,100
2024-07-02 20:00:00,20.8,93,1008.6,14.5,26.6,0.0,100
2024-07-02 21:00:00,20.4,96,1008.5,14.7,24.5,0.0,100
2024-07-02 22:00:00,20.0,98,1008.3,13.8,24.8,0.0,100
2024-07-02 23:00:00,20.0,100,1008.7,13.8,24.1,0.0,100
2024-07-03 00:00:00,20.4,95,1009.1,15.9,27.4,0.0,100
2024-07-03 01:00:00,20.8,93,1010.0,15.3,25.6,0.0,100
2024-07-03 02:00:00,22.0,87,1010.4,16.4,29.2,0.1,100
2024-07-03 03:00:00,22.9,84,1010.7,17.4,31.0,0.1,100
2024-07-03 04:00:00,25.1,72,1010.5,20.5,38.2,0.1,100
2024-07-03 05:00:00,26.2,66,1010.1,21.2,39.6,0.2,100
2024-07-03 06:00:00,26.9,66,1009.7,20.7,43.9,0.2,100
2024-07-03 07:00:00,28.3,63,1008.9,19.6,43.9,0.1,100
2024-07-03 08:00:00,29.3,56,1007.1,22.2,44.3,0.1,100
2024-07-03 09:00:00,26.1,70,1007.2,18.5,44.3,0.6,99
2024-07-03 10:00:00,25.0,76,1007.5,19.1,41.0,6.3,100
2024-07-03 11:00:00,26.1,71,1007.0,17.3,37.1,1.0,96
2024-07-03 12:00:00,24.5,77,1007.8,17.4,37.8,1.0,97
2024-07-03 13:00:00,22.7,84,1008.6,11.1,37.8,0.5,98
2024-07-03 14:00:00,22.2,88,1009.7,10.1,19.1,0.0,100
2024-07-03 15:00:00,22.3,87,1010.7,12.1,19.8,0.1,99
2024-07-03 16:00:00,22.1,88,1011.2,12.4,20.5,0.0,100
2024-07-03 17:00:00,21.7,90,1011.4,14.0,22.7,0.0,97
2024-07-03 18:00:00,21.2,91,1011.2,15.0,25.2,0.0,100
2024-07-03 19:00:00,20.9,92,1010.4,14.2,25.6,0.0,100
2024-07-03 20:00:00,20.6,93,1010.1,12.5,24.1,0.0,100
2024-07-03 21:00:00,20.3,96,1009.7,12.1,21.2,0.0,100
2024-07-03 22:00:00,20.1,98,1009.4,13.2,22.3,0.0,100
2024-07-03 23:00:00,20.0,98,1009.7,13.4,23.8,0.0,100
2024-07-04 00:00:00,20.2,97,1010.0,12.9,22.7,0.0,100
2024-07-04 01:00:00,20.5,95,1010.3,16.6,29.2,0.4,100
2024-07-04 02:00:00,21.0,92,1011.1,13.8,27.7,0.6,100
2024-07-04 03:00:00,21.5,88,1011.8,16.3,29.2,0.0,100
2024-07-04 04:00:00,22.4,84,1012.2,16.9,30.6,0.0,100
2024-07-04 05:00:00,24.0,75,1012.0,19.7,35.3,0.0,100
2024-07-04 06:00:00,24.8,72,1011.2,17.2,35.6,0.0,100
2024-07-04 07:00:00,26.8,65,1010.3,18.0,40.7,0.0,100
2024-07-04 08:00:00,24.3,76,1010.4,17.8,42.5,0.5,100
2024-07-04 09:00:00,23.3,85,1009.8,10.8,32.8,1.5,100
2024-07-04 10:00:00,23.5,87,1009.4,11.1,21.6,0.3,69
2024-07-04 11:00:00,24.8,76,1009.1,14.3,26.6,0.2,100
2024-07-04 12:00:00,23.8,83,1009.2,9.9,27.4,0.3,100
2024-07-04 13:00:00,24.6,68,1008.7,12.7,22.7,0.0,51
2024-07-04 14:00:00,22.7,74,1009.9,12.8,24.5,0.0,97
2024-07-04 15:00:00,22.5,80,1010.5,12.6,21.2,0.0,91
2024-07-04 16:00:00,22.2,83,1011.1,8.7,20.9,0.0,100
2024-07-04 17:00:00,22.1,85,1011.4,10.7,17.3,0.0,99
2024-07-04 18:00:00,21.8,85,1011.2,11.4,19.1,0.0,90
2024-07-04 19:00:00,21.3,86,1010.5,12.6,20.9,0.0,99
2024-07-04 20:00:00,21.1,88,1009.7,12.9,21.6,0.0,100
2024-07-04 21:00:00,20.9,89,1009.4,12.1,22.0,0.0,100
2024-07-04 22:00:00,20.6,90,1009.2,13.2,21.6,0.0,100
2024-07-04 23:00:00,20.4,93,1009.1,13.3,22.0,0.0,99
2024-07-05 00:00:00,20.2,96,1008.8,14.3,23.8,0.0,100
2024-07-05 01:00:00,20.7,92,1009.6,12.1,20.9,0.0,100
2024-07-05 02:00:00,22.1,85,1010.1,18.3,31.3,0.0,100
2024-07-05 03:00:00,23.4,79,1010.5,19.0,34.2,0.0,100
2024-07-05 04:00:00,24.4,73,1010.0,19.9,36.0,0.1,100
2024-07-05 05:00:00,25.6,69,1009.6,19.5,36.4,0.1,98
2024-07-05 06:00:00,26.5,64,1009.5,20.7,38.9,0.2,92
2024-07-05 07:00:00,28.3,60,1008.6,20.0,41.8,0.1,56
2024-07-05 08:00:00,29.8,53,1006.8,19.7,41.8,0.0,100
2024-07-05 09:00:00,26.7,67,1006.6,15.8,38.9,0.3,99
2024-07-05 10:00:00,25.6,72,1006.4,17.9,40.7,1.4,100
2024-07-05 11:00:00,23.9,79,1006.7,19.2,37.1,0.9,100
2024-07-05 12:00:00,23.0,85,1006.9,11.7,34.6,0.2,100
2024-07-05 13:00:00,23.7,78,1007.2,14.7,26.6,0.0,100
2024-07-05 14:00:00,22.7,86,1008.5,13.3,25.2,0.5,100
2024-07-05 15:00:00,22.3,88,1008.9,15.0,24.1,0.7,100
2024-07-05 16:00:00,21.7,93,1009.3,14.9,25.2,1.2,100
2024-07-05 17:00:00,21.5,92,1009.6,15.1,26.3,1.1,100
2024-07-05 18:00:00,21.1,93,1009.4,16.3,27.4,0.1,100
2024-07-05 19:00:00,20.8,96,1008.9,16.9,29.9,0.8,100
2024-07-05 20:00:00,20.6,97,1008.5,17.3,28.8,3.4,100
2024-07-05 21:00:00,20.5,98,1008.0,20.6,35.3,1.0,100
2024-07-05 22:00:00,20.3,98,1007.6,19.5,35.3,0.2,100
2024-07-05 23:00:00,20.3,97,1007.5,20.6,35.3,0.2,100
2024-07-06 00:00:00,20.1,97,1007.8,19.7,34.9,0.1,100
2024-07-06 01:00:00,20.0,95,1008.7,18.5,31.0,0.0,100
2024-07-06 02:00:00,20.7,91,1009.5,22.4,38.2,0.0,100
2024-07-06 03:00:00,21.1,88,1009.6,22.4,40.7,0.1,100
2024-07-06 04:00:00,23.0,77,1009.5,26.1,46.1,0.0,100
2024-07-06 05:00:00,24.1,70,1009.2,26.1,46.8,0.0,100
2024-07-06 06:00:00,24.9,66,1008.8,26.1,46.4,0.0,100
2024-07-06 07:00:00,26.2,61,1008.4,27.3,50.4,0.0,100
2024-07-06 08:00:00,26.4,59,1007.4,24.2,49.3,0.0,100
2024-07-06 09:00:00,26.6,60,1006.6,24.5,43.2,0.0,100
2024-07-06 10:00:00,26.0,62,1005.9,21.4,43.6,0.0,100
2024-07-06 11:00:00,25.9,62,1005.8,21.7,37.8,0.0,100
2024-07-06 12:00:00,25.0,68,1006.2,16.6,37.4,0.0,100
2024-07-06 13:00:00,22.8,80,1007.2,15.1,28.8,0.1,100
2024-07-06 14:00:00,22.1,84,1007.9,16.6,27.7,0.0,100
2024-07-06 15:00:00,21.8,85,1008.5,13.6,27.7,0.0,100
2024-07-06 16:00:00,21.8,85,1008.7,15.1,25.6,0.0,100
2024-07-06 17:00:00,21.7,85,1009.4,15.8,27.0,0.0,100
2024-07-06 18:00:00,21.3,87,1009.4,14.4,27.0,0.0,100
2024-07-06 19:00:00,20.7,90,1008.7,14.0,24.1,0.0,100
2024-07-06 20:00:00,20.3,93,1008.2,15.9,26.6,0.0,100
2024-07-06 21:00:00,20.3,93,1007.9,15.1,27.0,0.0,100
2024-07-06 22:00:00,20.2,94,1007.5,12.9,25.9,0.0,100
2024-07-06 23:00:00,20.1,95,1007.5,13.5,22.7,0.0,100
2024-07-07 00:00:00,20.4,93,1007.4,15.3,25.9,0.0,100
2024-07-07 01:00:00,20.9,89,1008.7,16.6,31.0,0.0,100
2024-07-07 02:00:00,21.1,90,1009.3,16.6,29.2,0.0,100
2024-07-07 03:00:00,21.5,88,1009.4,19.2,32.0,0.0,100
2024-07-07 04:00:00,23.3,79,1009.4,21.1,38.5,0.0,100
2024-07-07 05:00:00,25.7,68,1008.8,26.9,48.6,0.1,100
2024-07-07 06:00:00,25.4,68,1008.2,23.5,48.2,0.0,96
2024-07-07 07:00:00,27.8,60,1007.2,21.6,48.2,0.0,100
2024-07-07 08:00:00,28.0,57,1006.5,20.4,46.1,0.0,100
2024-07-07 09:00:00,28.7,55,1005.7,21.3,42.5,0.0,100
2024-07-07 10:00:00,28.3,52,1004.8,23.2,45.0,0.0,100
2024-07-07 11:00:00,27.6,57,1004.8,22.0,42.5,0.1,100
2024-07-07 12:00:00,25.0,67,1005.9,18.3,41.8,0.8,100
2024-07-07 13:00:00,24.0,72,1006.8,13.8,33.1,0.0,100
2024-07-07 14:00:00,23.5,74,1007.9,13.9,23.8,0.0,100
2024-07-07 15:00:00,23.0,77,1008.8,13.2,23.4,0.0,100
2024-07-07 16:00:00,22.5,79,1009.2,14.5,24.1,0.0,100
2024-07-07 17:00:00,21.8,83,1009.2,10.9,24.5,0.0,100
2024-07-07 18:00:00,21.2,87,1009.0,15.2,25.6,0.0,100
2024-07-07 19:00:00,20.9,89,1008.4,15.5,27.0,0.0,100
2024-07-07 20:00:00,20.6,91,1008.0,14.0,26.3,0.0,100
2024-07-07 21:00:00,20.6,93,1007.8,14.2,24.5,0.0,100
2024-07-07 22:00:00,20.7,93,1007.2,14.3,24.8,0.0,100
2024-07-07 23:00:00,20.4,95,1007.3,15.5,26.6,0.0,100
2024-07-08 00:00:00,20.4,95,1007.5,15.1,26.6,0.0,100
2024-07-08 01:00:00,20.6,90,1007.6,15.5,28.8,0.0,100
2024-07-08 02:00:00,21.0,88,1008.3,15.3,29.2,0.1,100
2024-07-08 03:00:00,22.0,82,1008.4,18.8,32.8,0.0,99
2024-07-08 04:00:00,24.4,70,1008.2,20.4,37.8,0.1,99
2024-07-08 05:00:00,25.2,66,1008.1,22.2,41.0,0.0,100
2024-07-08 06:00:00,26.2,60,1007.9,20.4,41.0,0.0,97
2024-07-08 07:00:00,27.9,55,1007.0,18.4,39.6,0.0,100
2024-07-08 08:00:00,27.7,56,1006.1,17.3,38.5,0.0,100
2024-07-08 09:00:00,27.9,54,1005.2,16.5,36.0,0.0,100
2024-07-08 10:00:00,27.7,53,1004.8,16.8,31.3,0.0,100
2024-07-08 11:00:00,27.4,53,1004.4,18.8,32.0,0.0,100
2024-07-08 12:00:00,25.3,64,1005.4,20.0,36.7,0.0,100
2024-07-08 13:00:00,23.8,74,1005.9,16.8,29.5,0.1,100
2024-07-08 14:00:00,22.2,84,1007.5,17.2,31.0,0.8,100
2024-07-08 15:00:00,21.6,92,1008.5,16.6,29.5,1.5,100
2024-07-08 16:00:00,21.1,93,1009.0,16.8,34.2,1.0,100
2024-07-08 17:00:00,20.7,95,1009.2,17.2,28.8,0.9,100
2024-07-08 18:00:00,20.7,95,1009.0,17.0,30.6,1.1,100
2024-07-08 19:00:00,20.6,96,1008.4,15.7,29.2,0.5,100
2024-07-08 20:00:00,20.4,97,1007.9,16.8,28.1,0.2,100
2024-07-08 21:00:00,20.4,96,1007.4,16.0,29.5,0.3,100
2024-07-08 22:00:00,20.2,97,1007.3,15.0,27.4,1.6,100
2024-07-08 23:00:00,20.1,96,1007.5,16.6,28.4,0.1,100
2024-07-09 00:00:00,20.1,96,1007.7,16.5,28.8,0.0,100
2024-07-09 01:00:00,19.7,93,1008.3,13.8,27.0,0.0,100
2024-07-09 02:00:00,20.4,90,1009.2,17.8,30.2,0.1,100
2024-07-09 03:00:00,20.6,89,1009.8,20.0,35.3,0.1,100
2024-07-09 04:00:00,22.5,78,1009.5,23.6,41.4,0.0,100
2024-07-09 05:00:00,24.8,68,1009.5,23.3,44.3,0.0,100
2024-07-09 06:00:00,26.0,64,1009.3,23.2,43.9,0.0,99
2024-07-09 07:00:00,27.4,59,1008.4,23.8,49.3,0.0,100
2024-07-09 08:00:00,28.4,55,1007.3,23.8,49.7,0.0,100
2024-07-09 09:00:00,28.7,53,1006.3,23.4,49.7,0.0,100
2024-07-09 10:00:00,28.5,52,1005.7,22.5,45.0,0.0,100
2024-07-09 11:00:00,27.8,54,1005.6,19.7,43.9,0.0,100
2024-07-09 12:00:00,27.1,56,1006.1,17.4,35.6,0.0,100
2024-07-09 13:00:00,24.4,67,1007.4,12.1,28.4,0.0,100
2024-07-09 14:00:00,23.5,72,1008.9,9.7,20.2,0.0,100
2024-07-09 15:00:00,22.9,76,1010.1,10.4,16.6,0.0,100
2024-07-09 16:00:00,22.2,76,1010.7,15.9,26.3,0.0,100
2024-07-09 17:00:00,21.9,77,1010.9,16.2,27.4,0.0,100
2024-07-09 18:00:00,21.5,81,1011.1,14.8,27.0,0.0,100
2024-07-09 19:00:00,20.9,85,1011.0,13.1,24.8,0.0,100
2024-07-09 20:00:00,20.5,89,1010.6,11.5,22.3,0.0,100
2024-07-09 21:00:00,20.4,90,1010.4,12.1,19.4,0.0,100
2024-07-09 22:00:00,20.0,93,1010.1,11.3,20.2,0.0,100
2024-07-09 23:00:00,19.7,95,1010.5,11.2,19.1,0.0,100
2024-07-10 00:00:00,20.0,94,1010.7,12.2,20.2,0.0,100
2024-07-10 01:00:00,19.4,95,1011.8,9.7,15.8,0.0,83
2024-07-10 02:00:00,21.0,85,1012.6,13.1,23.4,0.0,84
2024-07-10 03:00:00,22.5,79,1012.5,15.3,29.2,0.0,59
2024-07-10 04:00:00,24.7,68,1012.2,14.6,29.9,0.0,67
2024-07-10 05:00:00,26.6,60,1011.5,15.2,31.0,0.0,62
2024-07-10 06:00:00,28.2,54,1010.7,16.6,33.5,0.0,44
2024-07-10 07:00:00,28.5,53,1010.0,16.6,34.6,0.1,28
2024-07-10 08:00:00,29.3,50,1009.0,15.5,33.5,0.2,67
2024-07-10 09:00:00,28.9,51,1008.2,14.4,32.0,0.2,94
2024-07-10 10:00:00,28.2,53,1007.8,15.3,29.2,0.2,98
2024-07-10 11:00:00,25.2,71,1008.8,20.6,38.9,0.3,98
2024-07-10 12:00:00,24.6,76,1009.3,13.0,37.1,0.3,64
2024-07-10 13:00:00,22.9,82,1010.2,14.8,32.0,0.1,19
2024-07-10 14:00:00,22.1,88,1011.4,11.9,25.2,0.1,39
2024-07-10 15:00:00,21.9,89,1011.9,11.6,19.4,0.0,100
2024-07-10 16:00:00,21.9,88,1012.6,12.5,20.9,0.0,100
2024-07-10 17:00:00,21.7,90,1012.9,13.6,23.0,0.0,100
2024-07-10 18:00:00,21.7,91,1012.9,12.6,22.7,0.0,100
2024-07-10 19:00:00,21.4,93,1012.3,13.1,22.3,0.0,100
2024-07-10 20:00:00,21.1,96,1011.8,14.1,24.1,0.8,100
2024-07-10 21:00:00,20.5,98,1011.7,15.6,28.1,0.9,100
2024-07-10 22:00:00,20.5,98,1011.1,13.4,26.6,0.4,100
2024-07-10 23:00:00,20.5,98,1011.2,11.8,23.4,0.4,100
2024-07-11 00:00:00,20.5,98,1010.9,12.1,21.2,0.1,100
2024-07-11 01:00:00,20.2,97,1011.5,14.4,23.4,0.1,100
2024-07-11 02:00:00,21.0,91,1012.0,15.3,29.5,0.0,100
2024-07-11 03:00:00,21.9,85,1011.9,17.0,29.9,0.0,100
2024-07-11 04:00:00,24.1,73,1011.6,18.4,33.8,0.0,100
2024-07-11 05:00:00,25.4,68,1011.7,19.1,36.7,0.0,100
2024-07-11 06:00:00,25.2,69,1011.3,16.9,36.7,1.0,100
2024-07-11 07:00:00,25.0,69,1010.7,18.0,32.8,0.0,100
2024-07-11 08:00:00,26.2,65,1009.5,17.3,34.6,0.0,100
2024-07-11 09:00:00,26.9,60,1008.4,17.3,33.1,0.0,100
2024-07-11 10:00:00,26.6,62,1007.7,15.5,32.0,0.0,100
2024-07-11 11:00:00,26.6,62,1007.0,16.0,29.2,0.0,100
2024-07-11 12:00:00,26.1,64,1007.0,12.6,28.4,0.0,100
2024-07-11 13:00:00,24.8,70,1007.7,9.7,22.7,0.0,69
2024-07-11 14:00:00,23.5,76,1008.3,9.4,16.2,0.0,94
2024-07-11 15:00:00,22.7,80,1009.3,8.7,15.5,0.0,100
2024-07-11 16:00:00,22.5,84,1010.2,9.1,15.5,0.0,48
2024-07-11 17:00:00,22.0,87,1010.7,10.9,17.3,0.0,94
2024-07-11 18:00:00,21.6,88,1010.4,13.4,22.0,0.0,62
2024-07-11 19:00:00,21.0,90,1010.1,11.5,22.3,0.0,88
2024-07-11 20:00:00,20.7,92,1009.4,13.0,21.6,0.0,90
2024-07-11 21:00:00,20.4,94,1008.7,14.2,23.8,0.0,100
2024-07-11 22:00:00,20.0,97,1008.3,13.0,23.8,0.0,100
2024-07-11 23:00:00,19.8,98,1008.8,11.0,21.6,0.0,100
2024-07-12 00:00:00,19.7,98,1009.0,11.3,18.7,0.0,86
2024-07-12 01:00:00,20.0,98,1009.6,10.4,18.0,0.0,100
2024-07-12 02:00:00,21.3,91,1010.1,15.4,27.4,0.0,100
2024-07-12 03:00:00,23.1,82,1010.2,14.5,28.8,0.0,100
2024-07-12 04:00:00,24.9,74,1009.9,17.6,32.8,0.1,78
2024-07-12 05:00:00,26.4,67,1009.3,18.8,39.6,0.1,89
2024-07-12 06:00:00,27.7,64,1008.6,15.9,39.2,0.0,98
2024-07-12 07:00:00,28.8,60,1007.6,15.5,36.0,0.0,100
2024-07-12 08:00:00,29.2,58,1006.3,14.0,34.6,0.0,100
2024-07-12 09:00:00,26.8,67,1005.5,14.1,30.6,1.5,100
2024-07-12 10:00:00,24.1,78,1006.9,23.0,39.6,7.5,100
2024-07-12 11:00:00,22.7,89,1006.8,15.1,44.6,4.7,100
2024-07-12 12:00:00,23.2,83,1007.2,15.8,33.5,0.3,100
2024-07-12 13:00:00,22.1,93,1007.8,13.4,32.8,1.7,100
2024-07-12 14:00:00,21.7,94,1008.9,17.5,28.1,0.5,100
2024-07-12 15:00:00,21.8,93,1009.3,16.3,30.2,0.4,100
2024-07-12 16:00:00,21.5,95,1010.2,15.6,27.4,0.4,100
2024-07-12 17:00:00,21.4,95,1010.2,16.1,28.1,0.2,100
2024-07-12 18:00:00,21.1,95,1009.6,15.1,27.4,0.0,100
2024-07-12 19:00:00,20.9,96,1008.9,17.6,29.5,0.0,100
2024-07-12 20:00:00,20.8,96,1008.6,17.4,29.9,0.0,100
2024-07-12 21:00:00,20.7,96,1008.0,19.7,33.1,0.0,100
2024-07-12 22:00:00,20.5,96,1008.0,19.4,33.8,0.0,100
2024-07-12 23:00:00,20.7,94,1007.9,19.4,33.1,0.0,100
2024-07-13 00:00:00,20.6,94,1008.0,17.9,32.8,0.0,100
2024-07-13 01:00:00,20.5,95,1009.3,17.3,31.0,0.2,100
2024-07-13 02:00:00,20.9,92,1009.8,18.1,31.0,0.1,100
2024-07-13 03:00:00,21.5,88,1009.9,19.4,35.6,0.1,100
2024-07-13 04:00:00,22.4,83,1009.9,20.9,37.1,0.1,100
2024-07-13 05:00:00,24.0,75,1009.4,24.9,43.2,0.1,100
2024-07-13 06:00:00,24.8,70,1008.8,27.2,47.5,0.0,100
2024-07-13 07:00:00,24.5,73,1008.3,24.6,48.2,0.1,100
2024-07-13 08:00:00,25.8,67,1007.4,22.9,43.6,0.1,100
2024-07-13 09:00:00,25.8,66,1006.7,19.8,40.3,0.0,100
2024-07-13 10:00:00,25.5,68,1006.4,21.6,38.5,0.1,100
2024-07-13 11:00:00,25.8,65,1006.3,23.0,43.9,0.0,100
2024-07-13 12:00:00,24.9,69,1006.9,20.0,40.0,0.0,100
2024-07-13 13:00:00,23.8,77,1006.9,15.9,35.6,0.1,100
2024-07-13 14:00:00,22.6,83,1008.1,13.0,27.0,0.2,100
2024-07-13 15:00:00,22.4,84,1008.4,15.7,25.2,0.0,100
2024-07-13 16:00:00,22.1,86,1009.1,16.2,27.7,0.0,100
2024-07-13 17:00:00,21.7,88,1009.8,17.9,30.2,0.0,100
2024-07-13 18:00:00,21.5,88,1009.5,19.9,33.5,0.0,100
2024-07-13 19:00:00,21.2,89,1008.8,20.1,34.6,0.0,100
2024-07-13 20:00:00,21.0,90,1008.1,20.0,34.2,0.0,100
2024-07-13 21:00:00,20.9,90,1007.5,19.3,33.8,0.0,100
2024-07-13 22:00:00,20.9,89,1007.0,20.8,35.6,0.0,100
2024-07-13 23:00:00,20.6,89,1007.0,21.1,35.6,0.0,100
2024-07-14 00:00:00,20.7,88,1007.0,22.7,38.5,0.0,100
2024-07-14 01:00:00,20.6,89,1007.8,19.9,34.6,0.1,100
2024-07-14 02:00:00,21.3,84,1008.0,21.7,38.5,0.0,100
2024-07-14 03:00:00,22.3,80,1008.0,26.0,43.6,0.0,100
2024-07-14 04:00:00,22.9,77,1007.9,25.2,45.4,0.0,100
2024-07-14 05:00:00,24.3,70,1007.6,25.7,47.5,0.1,100
2024-07-14 06:00:00,24.9,66,1007.2,25.6,47.2,0.0,100
2024-07-14 07:00:00,25.7,63,1006.4,24.2,45.0,0.0,100
2024-07-14 08:00:00,26.5,60,1005.5,27.8,50.0,0.0,100
2024-07-14 09:00:00,25.6,65,1005.0,26.7,49.3,0.0,100
2024-07-14 10:00:00,24.5,72,1004.9,21.2,46.8,0.0,100
2024-07-14 11:00:00,23.9,76,1004.8,20.6,36.4,0.1,100
2024-07-14 12:00:00,23.2,80,1005.3,22.0,41.4,0.4,100
2024-07-14 13:00:00,22.2,88,1005.5,16.6,33.5,0.0,100
2024-07-14 14:00:00,22.1,88,1006.4,18.9,31.0,0.0,100
2024-07-14 15:00:00,21.7,90,1007.0,19.1,33.1,0.1,100
2024-07-14 16:00:00,21.3,92,1007.2,19.3,32.8,0.3,100
2024-07-14 17:00:00,21.0,94,1007.2,19.2,33.8,0.3,100
2024-07-14 18:00:00,20.9,94,1007.3,20.8,35.3,0.1,100
2024-07-14 19:00:00,20.9,93,1006.9,21.5,37.4,0.0,100
2024-07-14 20:00:00,20.7,91,1006.4,21.3,36.7,0.0,100
2024-07-14 21:00:00,20.6,92,1005.8,22.1,37.4,0.0,100
2024-07-14 22:00:00,20.5,92,1005.6,20.5,37.4,0.0,100
2024-07-14 23:00:00,20.6,91,1005.9,21.0,35.6,0.0,100
2024-07-15 00:00:00,20.5,92,1006.0,18.9,35.6,0.0,100
2024-07-15 01:00:00,20.3,95,1006.5,17.4,30.6,0.2,100
2024-07-15 02:00:00,20.7,92,1006.9,20.6,34.6,0.1,100
2024-07-15 03:00:00,21.8,86,1007.2,21.1,38.2,0.0,100
2024-07-15 04:00:00,22.5,84,1007.2,23.6,42.1,0.2,100
2024-07-15 05:00:00,24.2,76,1006.5,24.7,49.7,0.2,93
2024-07-15 06:00:00,26.4,69,1006.0,27.2,56.2,0.1,100
2024-07-15 07:00:00,23.3,92,1005.9,24.5,59.8,2.8,100
2024-07-15 08:00:00,22.2,90,1005.5,22.2,48.6,3.1,100
2024-07-15 09:00:00,22.1,92,1005.0,24.2,49.7,1.6,100
2024-07-15 10:00:00,22.1,93,1004.1,22.6,46.8,1.2,100
2024-07-15 11:00:00,23.0,87,1003.8,25.9,49.0,0.3,100
2024-07-15 12:00:00,22.0,90,1004.7,24.6,48.6,0.7,100
2024-07-15 13:00:00,21.7,92,1005.3,21.5,41.0,0.7,100
2024-07-15 14:00:00,21.5,93,1006.1,20.3,36.4,0.7,100
2024-07-15 15:00:00,21.1,94,1006.8,21.6,41.0,1.3,100
2024-07-15 16:00:00,20.9,95,1007.4,21.6,37.1,0.9,100
2024-07-15 17:00:00,20.8,95,1007.6,22.9,48.2,1.4,100
2024-07-15 18:00:00,20.8,94,1007.3,24.0,49.7,1.3,100
2024-07-15 19:00:00,20.8,93,1006.5,22.1,50.0,1.1,100
2024-07-15 20:00:00,20.8,92,1006.0,23.7,40.7,0.2,100
2024-07-15 21:00:00,20.5,95,1005.4,19.7,40.0,0.2,100
2024-07-15 22:00:00,20.6,95,1005.3,21.5,36.0,0.5,100
2024-07-15 23:00:00,20.5,95,1005.3,23.0,40.0,0.6,100
2024-07-16 00:00:00,20.4,95,1005.5,19.9,39.6,0.8,100
2024-07-16 01:00:00,20.3,94,1006.3,21.3,36.7,0.1,100
2024-07-16 02:00:00,20.8,93,1007.2,18.0,36.7,0.5,100
2024-07-16 03:00:00,21.8,86,1007.5,23.3,48.2,0.3,100
2024-07-16 04:00:00,22.8,83,1007.3,26.1,50.8,0.4,97
2024-07-16 05:00:00,24.3,78,1007.3,26.0,51.1,0.1,100
2024-07-16 06:00:00,23.5,82,1007.2,21.8,53.6,0.4,100
2024-07-16 07:00:00,23.4,80,1006.7,29.4,58.0,2.4,100
2024-07-16 08:00:00,22.8,87,1006.5,19.0,55.1,1.6,100
2024-07-16 09:00:00,24.4,76,1005.3,29.7,56.9,0.4,100
2024-07-16 10:00:00,23.8,84,1005.0,24.1,58.3,1.2,100
2024-07-16 11:00:00,23.8,84,1005.0,23.0,51.1,1.3,100
2024-07-16 12:00:00,22.1,88,1005.5,23.0,50.8,1.1,100
2024-07-16 13:00:00,21.8,88,1005.9,20.4,38.5,0.9,100
2024-07-16 14:00:00,21.4,90,1006.7,18.1,39.2,0.1,100
2024-07-16 15:00:00,21.2,92,1007.4,17.9,38.2,1.2,100
2024-07-16 16:00:00,21.0,93,1007.9,18.9,31.7,0.6,100
2024-07-16 17:00:00,20.7,95,1008.3,17.9,31.7,0.1,100
2024-07-16 18:00:00,20.7,95,1008.1,19.4,32.8,0.1,100
2024-07-16 19:00:00,20.7,95,1007.4,20.7,34.9,0.0,100
2024-07-16 20:00:00,20.5,95,1007.0,20.8,36.4,0.0,100
2024-07-16 21:00:00,20.5,95,1006.5,21.9,37.1,0.1,100
2024-07-16 22:00:00,20.3,96,1006.5,19.9,37.1,0.5,100
2024-07-16 23:00:00,20.1,96,1006.6,18.3,34.2,1.0,100
2024-07-17 00:00:00,20.0,97,1007.4,18.3,31.3,0.2,100
2024-07-17 01:00:00,20.0,95,1008.2,17.0,29.5,0.0,100
2024-07-17 02:00:00,20.3,95,1008.9,17.9,29.5,0.1,100
2024-07-17 03:00:00,21.4,88,1009.3,20.9,38.2,0.0,100
2024-07-17 04:00:00,22.0,86,1009.5,23.5,40.3,0.1,100
2024-07-17 05:00:00,23.6,78,1009.3,22.7,42.8,0.6,100
2024-07-17 06:00:00,24.9,73,1008.3,26.7,48.6,0.2,100
2024-07-17 07:00:00,25.1,72,1007.5,30.4,52.2,0.2,100
2024-07-17 08:00:00,25.8,69,1006.8,29.7,52.2,0.2,100
2024-07-17 09:00:00,25.0,72,1006.7,24.8,56.2,0.3,100
2024-07-17 10:00:00,25.0,73,1006.2,24.6,43.2,0.0,100
2024-07-17 11:00:00,23.3,81,1006.5,21.3,48.2,0.4,100
2024-07-17 12:00:00,23.1,84,1007.0,23.0,41.8,0.5,100
2024-07-17 13:00:00,22.8,82,1007.2,17.6,33.8,0.1,100
2024-07-17 14:00:00,22.1,88,1008.5,19.0,31.7,0.4,100
2024-07-17 15:00:00,21.5,92,1009.4,18.1,32.4,0.2,100
2024-07-17 16:00:00,21.0,95,1009.8,16.7,30.6,0.0,100
2024-07-17 17:00:00,20.8,97,1009.9,18.4,31.7,0.0,100
2024-07-17 18:00:00,20.8,95,1009.2,19.7,33.5,0.1,100
2024-07-17 19:00:00,20.6,95,1009.2,20.9,36.0,0.1,100
2024-07-17 20:00:00,20.6,96,1008.4,20.4,36.0,0.2,100
2024-07-17 21:00:00,20.6,95,1007.9,21.4,36.7,0.1,100
2024-07-17 22:00:00,20.6,93,1007.2,21.1,36.4,0.1,100
2024-07-17 23:00:00,20.5,94,1007.2,20.2,35.6,0.1,100
2024-07-18 00:00:00,20.6,94,1007.3,22.0,37.1,0.1,100
2024-07-18 01:00:00,21.2,92,1007.8,22.0,37.4,0.0,100
2024-07-18 02:00:00,21.8,90,1008.6,22.7,37.8,0.0,100
2024-07-18 03:00:00,23.1,83,1008.9,25.4,46.4,0.0,100
2024-07-18 04:00:00,23.5,80,1009.2,28.4,48.6,0.0,100
2024-07-18 05:00:00,23.6,80,1009.4,27.0,51.8,1.1,100
2024-07-18 06:00:00,23.9,78,1008.7,25.8,47.2,0.1,100
2024-07-18 07:00:00,25.9,69,1007.8,31.7,61.9,0.0,100
2024-07-18 08:00:00,26.0,69,1006.8,30.9,64.4,0.0,100
2024-07-18 09:00:00,24.0,74,1006.7,33.3,62.6,0.2,100
2024-07-18 10:00:00,22.9,85,1005.9,23.9,58.0,0.5,100
2024-07-18 11:00:00,24.5,75,1005.6,30.8,52.6,0.1,100
2024-07-18 12:00:00,23.0,84,1005.9,25.5,53.3,0.1,100
2024-07-18 13:00:00,21.2,93,1007.2,22.9,40.0,0.6,100
2024-07-18 14:00:00,20.8,93,1008.0,20.5,42.5,2.4,100
2024-07-18 15:00:00,20.7,94,1008.7,18.6,41.4,0.6,100
2024-07-18 16:00:00,20.5,94,1009.0,18.7,32.0,0.9,100
2024-07-18 17:00:00,20.5,94,1009.4,17.8,32.4,1.2,100
2024-07-18 18:00:00,20.5,95,1008.8,18.9,32.0,0.8,100
2024-07-18 19:00:00,20.5,95,1008.1,19.2,33.8,0.4,100
2024-07-18 20:00:00,20.5,95,1007.2,20.5,34.6,0.6,100
2024-07-18 21:00:00,20.6,95,1006.8,22.9,38.9,0.1,100
2024-07-18 22:00:00,20.5,95,1006.5,22.8,40.3,0.3,100
2024-07-18 23:00:00,20.5,94,1006.4,23.0,39.2,0.3,100
2024-07-19 00:00:00,20.5,93,1006.9,24.2,41.8,0.5,100
2024-07-19 01:00:00,20.3,94,1007.2,20.5,40.3,0.4,100
2024-07-19 02:00:00,20.6,94,1007.8,21.7,36.7,0.5,100
2024-07-19 03:00:00,21.0,93,1008.1,21.7,38.2,0.4,100
2024-07-19 04:00:00,21.9,90,1008.3,25.7,46.1,1.0,100
2024-07-19 05:00:00,21.9,93,1008.1,26.8,46.8,1.3,100
2024-07-19 06:00:00,21.9,91,1007.5,26.8,46.1,1.1,100
2024-07-19 07:00:00,22.1,92,1007.1,27.5,48.2,0.9,100
2024-07-19 08:00:00,22.3,92,1006.4,27.2,49.0,0.9,100
2024-07-19 09:00:00,22.2,90,1005.9,27.1,46.1,0.8,100
2024-07-19 10:00:00,22.1,91,1005.5,26.8,46.1,0.6,100
2024-07-19 11:00:00,22.0,91,1005.0,26.4,46.8,0.7,100
2024-07-19 12:00:00,21.6,92,1005.2,25.5,45.4,0.5,100
2024-07-19 13:00:00,21.3,92,1006.8,22.7,41.0,0.8,100
2024-07-19 14:00:00,21.0,92,1007.2,22.3,38.9,0.8,100
2024-07-19 15:00:00,20.8,92,1007.8,23.4,39.6,0.5,100
2024-07-19 16:00:00,20.5,92,1008.4,22.5,40.0,0.4,100
2024-07-19 17:00:00,20.3,93,1008.5,22.2,38.2,0.5,100
2024-07-19 18:00:00,20.2,94,1007.8,23.4,39.6,0.2,100
2024-07-19 19:00:00,20.1,93,1007.0,23.7,41.0,0.1,100
2024-07-19 20:00:00,19.9,93,1006.4,23.3,40.7,0.0,100
2024-07-19 21:00:00,19.8,94,1006.4,22.4,40.0,0.0,100
2024-07-19 22:00:00,20.0,92,1006.1,24.2,41.0,0.0,100
2024-07-19 23:00:00,20.1,91,1006.1,24.7,42.1,0.0,100
2024-07-20 00:00:00,20.2,90,1006.5,23.5,41.8,0.0,100
2024-07-20 01:00:00,20.3,93,1007.4,20.8,34.2,0.2,100
2024-07-20 02:00:00,20.7,91,1007.7,23.0,38.9,0.1,100
2024-07-20 03:00:00,22.1,85,1008.1,23.7,44.3,0.6,100
2024-07-20 04:00:00,22.2,85,1008.7,24.4,41.0,0.6,100
2024-07-20 05:00:00,23.0,81,1008.7,28.0,47.5,0.2,100
2024-07-20 06:00:00,23.0,82,1008.4,24.2,48.2,0.2,100
2024-07-20 07:00:00,23.8,78,1007.7,26.8,49.0,0.3,100
2024-07-20 08:00:00,24.6,74,1006.9,29.9,52.6,0.3,100
2024-07-20 09:00:00,25.2,71,1005.9,32.1,56.2,0.2,100
2024-07-20 10:00:00,24.8,72,1005.4,30.9,56.9,0.0,100
2024-07-20 11:00:00,24.3,73,1005.3,31.9,54.7,0.0,100
2024-07-20 12:00:00,23.8,76,1005.7,26.9,55.1,0.0,100
2024-07-20 13:00:00,22.8,79,1006.9,23.5,41.8,0.0,100
2024-07-20 14:00:00,22.2,82,1007.6,23.5,40.3,0.0,100
2024-07-20 15:00:00,22.0,83,1008.2,23.0,40.7,0.0,100
2024-07-20 16:00:00,21.7,85,1008.3,21.8,39.2,0.0,100
2024-07-20 17:00:00,21.4,86,1008.6,21.2,37.4,0.0,100
2024-07-20 18:00:00,21.0,88,1008.6,20.3,36.0,0.0,100
2024-07-20 19:00:00,20.8,88,1008.1,21.2,36.4,0.0,100
2024-07-20 20:00:00,20.6,89,1007.8,21.2,36.4,0.0,100
2024-07-20 21:00:00,20.6,90,1007.3,20.1,36.0,0.0,100
2024-07-20 22:00:00,20.7,90,1007.0,21.7,37.4,0.0,100
2024-07-20 23:00:00,20.7,91,1007.3,20.3,37.4,0.0,100
2024-07-21 00:00:00,20.8,91,1007.2,21.1,36.0,0.0,100
2024-07-21 01:00:00,20.5,93,1007.5,19.2,32.0,0.0,100
2024-07-21 02:00:00,21.6,87,1008.0,23.4,40.0,0.0,100
2024-07-21 03:00:00,22.3,84,1008.6,27.9,46.4,0.0,100
2024-07-21 04:00:00,23.2,79,1008.8,27.3,47.9,0.1,100
2024-07-21 05:00:00,24.1,75,1008.6,29.9,54.4,0.1,100
2024-07-21 06:00:00,25.1,73,1008.0,29.7,54.7,0.2,100
2024-07-21 07:00:00,25.4,71,1007.5,31.8,56.2,0.2,100
2024-07-21 08:00:00,26.4,66,1006.7,32.1,57.2,0.1,100
2024-07-21 09:00:00,27.2,62,1005.9,33.0,59.4,0.2,99
2024-07-21 10:00:00,27.1,62,1005.5,32.8,58.3,0.1,100
2024-07-21 11:00:00,25.7,68,1005.9,28.3,59.8,0.1,100
2024-07-21 12:00:00,25.2,69,1006.5,27.6,51.1,0.0,97
2024-07-21 13:00:00,23.0,77,1007.4,28.1,49.0,0.0,100
2024-07-21 14:00:00,22.3,80,1008.2,24.6,48.2,0.0,100
2024-07-21 15:00:00,21.9,83,1009.2,23.1,41.8,0.0,100
2024-07-21 16:00:00,21.5,83,1010.2,21.7,40.0,0.0,100
2024-07-21 17:00:00,21.4,85,1009.9,24.3,41.0,0.0,100
2024-07-21 18:00:00,21.1,85,1009.9,22.9,42.1,0.0,100
2024-07-21 19:00:00,20.9,86,1009.1,23.8,40.3,0.0,100
2024-07-21 20:00:00,20.8,88,1008.6,23.7,41.4,0.0,100
2024-07-21 21:00:00,20.7,87,1008.2,24.4,41.8,0.0,100
2024-07-21 22:00:00,20.6,87,1008.0,22.3,42.1,0.0,100
2024-07-21 23:00:00,20.5,87,1008.4,21.3,37.8,0.0,100
2024-07-22 00:00:00,20.6,85,1008.5,22.8,38.9,0.0,100
2024-07-22 01:00:00,20.7,86,1009.3,19.3,34.6,0.0,100
2024-07-22 02:00:00,21.4,83,1010.4,22.7,39.6,0.0,100
2024-07-22 03:00:00,22.1,80,1010.9,25.1,40.7,0.0,100
2024-07-22 04:00:00,23.1,74,1011.0,29.2,49.0,0.1,100
2024-07-22 05:00:00,24.0,71,1011.1,27.8,50.0,0.1,100
2024-07-22 06:00:00,25.9,65,1010.6,26.0,51.5,0.0,100
2024-07-22 07:00:00,26.7,62,1009.9,29.2,55.8,0.1,100
2024-07-22 08:00:00,27.7,58,1008.8,31.4,55.8,0.3,100
2024-07-22 09:00:00,27.1,60,1008.5,32.8,57.6,0.3,100
2024-07-22 10:00:00,26.1,67,1008.4,27.4,57.2,0.4,100
2024-07-22 11:00:00,26.6,63,1008.1,29.6,52.6,0.1,100
2024-07-22 12:00:00,25.2,68,1008.4,27.4,51.8,0.0,100
2024-07-22 13:00:00,23.7,74,1009.4,20.5,38.5,0.0,100
2024-07-22 14:00:00,23.0,76,1010.6,20.4,35.3,0.0,100
2024-07-22 15:00:00,22.3,78,1011.8,19.2,34.9,0.0,100
2024-07-22 16:00:00,21.8,80,1012.0,20.0,34.2,0.0,100
2024-07-22 17:00:00,21.4,83,1012.7,19.2,34.2,0.0,100
2024-07-22 18:00:00,21.2,85,1011.8,20.8,35.6,0.0,100
2024-07-22 19:00:00,21.0,86,1011.2,21.8,36.7,0.0,100
2024-07-22 20:00:00,21.1,87,1010.9,21.8,37.8,0.0,100
2024-07-22 21:00:00,21.1,88,1010.4,22.4,38.2,0.0,100
2024-07-22 22:00:00,21.3,87,1010.0,23.5,40.3,0.0,100
2024-07-22 23:00:00,21.3,87,1009.5,25.1,42.5,0.0,100
2024-07-23 00:00:00,21.1,88,1009.9,23.9,42.8,0.0,100
2024-07-23 01:00:00,20.9,89,1010.8,16.9,32.8,0.0,100
2024-07-23 02:00:00,22.0,83,1011.5,22.8,40.0,0.0,100
2024-07-23 03:00:00,23.2,78,1011.5,27.5,41.8,0.0,100
2024-07-23 04:00:00,23.8,75,1011.9,29.2,51.8,0.0,100
2024-07-23 05:00:00,24.3,73,1011.9,28.9,52.6,0.1,100
2024-07-23 06:00:00,25.1,71,1011.3,27.4,51.1,0.1,100
2024-07-23 07:00:00,25.9,68,1010.6,29.9,54.0,0.1,100
2024-07-23 08:00:00,27.2,61,1009.4,29.9,53.6,0.3,100
2024-07-23 09:00:00,26.7,64,1008.8,29.2,54.0,0.2,100
2024-07-23 10:00:00,26.4,70,1008.4,25.6,54.0,0.3,100
2024-07-23 11:00:00,26.1,69,1008.1,25.9,53.3,0.1,100
2024-07-23 12:00:00,24.5,75,1008.5,21.0,51.5,0.9,100
2024-07-23 13:00:00,23.9,76,1009.1,18.9,34.9,0.1,100
2024-07-23 14:00:00,23.2,78,1010.1,19.1,32.4,0.0,100
2024-07-23 15:00:00,22.8,79,1010.8,20.4,34.6,0.0,100
2024-07-23 16:00:00,22.6,80,1011.6,21.3,36.4,0.0,100
2024-07-23 17:00:00,22.2,82,1011.9,20.8,36.7,0.0,100
2024-07-23 18:00:00,21.8,85,1011.4,20.4,35.6,0.0,100
2024-07-23 19:00:00,21.3,88,1010.7,18.5,34.6,0.0,100
2024-07-23 20:00:00,21.2,88,1010.1,19.4,33.5,0.0,100
2024-07-23 21:00:00,21.0,88,1009.6,20.0,34.2,0.0,100
2024-07-23 22:00:00,21.0,86,1009.3,20.4,35.3,0.0,100
2024-07-23 23:00:00,20.7,88,1009.4,18.9,34.9,0.0,100
2024-07-24 00:00:00,20.6,90,1009.3,19.4,32.8,0.0,100
2024-07-24 01:00:00,20.6,89,1009.5,18.1,33.8,0.0,100
2024-07-24 02:00:00,21.7,83,1009.9,21.5,37.1,0.0,100
2024-07-24 03:00:00,22.7,78,1010.2,27.6,47.9,0.2,100
2024-07-24 04:00:00,23.7,75,1010.0,26.3,48.6,0.1,100
2024-07-24 05:00:00,24.6,70,1009.9,30.3,53.3,0.1,100
2024-07-24 06:00:00,25.7,66,1009.1,29.2,54.0,0.2,100
2024-07-24 07:00:00,26.6,63,1008.2,29.3,54.0,0.2,100
2024-07-24 08:00:00,26.6,61,1007.4,30.5,53.3,0.2,100
2024-07-24 09:00:00,26.6,63,1006.7,28.6,53.3,0.2,100
2024-07-24 10:00:00,27.2,59,1005.9,30.0,51.5,0.0,100
2024-07-24 11:00:00,26.1,63,1005.9,27.8,52.2,0.1,100
2024-07-24 12:00:00,25.0,69,1006.4,23.8,48.2,0.2,100
2024-07-24 13:00:00,23.8,72,1007.0,18.6,33.1,0.0,100
2024-07-24 14:00:00,22.8,77,1008.0,15.6,31.7,0.0,100
2024-07-24 15:00:00,22.4,79,1008.7,16.9,28.8,0.0,100
2024-07-24 16:00:00,22.1,81,1008.9,18.0,30.6,0.0,100
2024-07-24 17:00:00,21.8,83,1009.6,19.1,32.8,0.0,100
2024-07-24 18:00:00,21.6,85,1009.0,19.4,34.2,0.0,100
2024-07-24 19:00:00,20.9,89,1008.4,17.1,33.5,0.0,100
2024-07-24 20:00:00,20.7,92,1007.7,18.2,30.6,0.0,100
2024-07-24 21:00:00,20.6,93,1007.5,19.6,34.2,0.0,100
2024-07-24 22:00:00,20.7,93,1007.2,18.8,33.1,0.0,100
2024-07-24 23:00:00,20.9,91,1007.1,21.1,36.0,0.1,100
2024-07-25 00:00:00,20.8,90,1007.2,21.2,38.2,0.0,100
2024-07-25 01:00:00,20.7,92,1007.6,18.1,33.8,0.0,45
2024-07-25 02:00:00,22.1,84,1008.1,21.9,40.7,0.0,100
2024-07-25 03:00:00,22.5,83,1008.7,26.0,45.0,0.0,100
2024-07-25 04:00:00,23.9,75,1008.4,27.2,47.5,0.0,100
2024-07-25 05:00:00,25.1,70,1008.0,30.5,52.9,0.2,100
2024-07-25 06:00:00,25.9,67,1007.5,31.9,58.0,0.3,100
2024-07-25 07:00:00,26.8,64,1006.6,33.5,60.1,0.2,100
2024-07-25 08:00:00,26.9,61,1005.9,36.1,61.9,0.2,100
2024-07-25 09:00:00,26.7,62,1005.3,34.2,62.6,0.1,100
2024-07-25 10:00:00,26.2,66,1005.3,34.6,59.8,0.2,100
2024-07-25 11:00:00,25.2,70,1005.4,27.7,59.8,0.1,100
2024-07-25 12:00:00,22.3,84,1006.8,27.7,56.5,0.7,100
2024-07-25 13:00:00,22.6,81,1006.5,21.7,37.1,0.1,100
2024-07-25 14:00:00,22.0,84,1007.2,21.0,36.7,0.1,100
2024-07-25 15:00:00,21.7,86,1007.7,20.8,36.0,0.0,100
2024-07-25 16:00:00,21.6,85,1008.5,19.2,35.3,0.0,100
2024-07-25 17:00:00,21.7,84,1009.1,19.1,32.8,0.0,100
2024-07-25 18:00:00,21.2,88,1008.8,20.2,36.4,0.0,100
2024-07-25 19:00:00,21.1,90,1008.2,19.8,34.6,0.0,100
2024-07-25 20:00:00,21.1,89,1007.6,22.4,37.4,0.0,100
2024-07-25 21:00:00,21.3,88,1007.1,22.9,40.0,0.0,100
2024-07-25 22:00:00,21.1,88,1006.7,25.0,42.8,0.0,100
2024-07-25 23:00:00,21.0,88,1006.7,22.1,43.2,0.0,100
2024-07-26 00:00:00,21.3,86,1007.4,22.8,38.9,0.0,100
2024-07-26 01:00:00,21.0,89,1007.5,19.1,32.8,0.1,100
2024-07-26 02:00:00,21.4,91,1008.1,20.6,34.6,0.5,100
2024-07-26 03:00:00,22.6,84,1008.1,25.2,44.6,0.1,100
2024-07-26 04:00:00,23.8,79,1008.5,27.7,48.6,0.5,100
2024-07-26 05:00:00,24.8,73,1008.4,31.4,53.6,0.2,100
2024-07-26 06:00:00,25.4,69,1007.6,31.3,55.8,0.1,100
2024-07-26 07:00:00,26.0,67,1006.9,35.1,61.9,0.1,100
2024-07-26 08:00:00,26.4,64,1006.5,32.8,61.6,0.1,100
2024-07-26 09:00:00,26.8,62,1005.7,33.0,60.1,0.1,100
2024-07-26 10:00:00,26.1,66,1005.5,30.3,60.1,0.1,100
2024-07-26 11:00:00,24.9,74,1005.7,22.7,55.4,0.2,100
2024-07-26 12:00:00,24.5,75,1005.7,22.7,50.4,0.1,100
2024-07-26 13:00:00,23.3,77,1006.9,24.9,42.5,0.0,100
2024-07-26 14:00:00,22.7,79,1007.8,23.8,42.1,0.0,100
2024-07-26 15:00:00,22.4,81,1008.8,21.6,40.7,0.0,100
2024-07-26 16:00:00,22.1,83,1009.6,19.2,37.1,0.0,100
2024-07-26 17:00:00,21.9,84,1009.9,21.1,36.0,0.0,100
2024-07-26 18:00:00,21.7,83,1009.7,21.3,36.7,0.0,100
2024-07-26 19:00:00,21.4,86,1009.3,20.8,36.4,0.0,100
2024-07-26 20:00:00,21.4,85,1008.5,24.7,41.8,0.0,100
2024-07-26 21:00:00,21.3,85,1008.1,25.0,43.9,0.0,100
2024-07-26 22:00:00,21.0,87,1007.9,23.2,42.5,0.0,100
2024-07-26 23:00:00,21.1,86,1007.7,23.7,40.7,0.0,100
2024-07-27 00:00:00,20.8,88,1007.6,21.5,40.7,0.0,100
2024-07-27 01:00:00,20.8,88,1008.7,20.6,36.0,0.0,100
2024-07-27 02:00:00,21.3,87,1009.5,20.9,36.4,0.1,100
2024-07-27 03:00:00,22.6,82,1009.4,22.5,38.9,0.1,100
2024-07-27 04:00:00,24.0,75,1009.4,32.5,54.0,0.2,100
2024-07-27 05:00:00,24.4,73,1009.4,30.5,56.5,0.1,100
2024-07-27 06:00:00,25.5,65,1008.6,30.2,56.5,0.0,100
2024-07-27 07:00:00,26.1,60,1007.8,34.1,57.6,0.0,98
2024-07-27 08:00:00,27.1,59,1007.1,34.7,62.6,0.1,86
2024-07-27 09:00:00,27.4,57,1006.5,32.6,61.2,0.0,98
2024-07-27 10:00:00,27.1,57,1006.1,30.0,62.6,0.0,99
2024-07-27 11:00:00,26.2,58,1006.3,30.1,61.9,0.0,100
2024-07-27 12:00:00,25.3,60,1006.4,27.4,52.6,0.0,100
2024-07-27 13:00:00,23.7,65,1007.2,22.6,50.4,0.0,100
2024-07-27 14:00:00,22.8,70,1008.4,17.7,38.5,0.0,100
2024-07-27 15:00:00,22.1,74,1009.1,18.0,30.6,0.0,100
2024-07-27 16:00:00,21.8,74,1009.4,20.9,36.0,0.0,100
2024-07-27 17:00:00,21.6,73,1009.7,22.1,38.2,0.0,100
2024-07-27 18:00:00,21.2,72,1009.5,22.3,38.5,0.0,100
2024-07-27 19:00:00,21.0,73,1009.0,21.6,38.2,0.0,100
2024-07-27 20:00:00,20.7,77,1008.3,22.3,38.2,0.0,100
2024-07-27 21:00:00,20.6,79,1007.7,23.3,39.6,0.0,98
2024-07-27 22:00:00,20.7,79,1007.0,23.4,40.3,0.0,96
2024-07-27 23:00:00,20.6,79,1007.0,22.8,40.0,0.0,99
2024-07-28 00:00:00,20.3,82,1007.3,22.1,38.9,0.0,99
2024-07-28 01:00:00,20.6,82,1007.3,24.3,42.5,0.0,100
2024-07-28 02:00:00,21.5,79,1008.2,25.0,45.0,0.0,100
2024-07-28 03:00:00,22.0,78,1008.5,21.5,42.1,0.0,98
2024-07-28 04:00:00,23.8,70,1008.3,29.9,52.9,0.0,76
2024-07-28 05:00:00,24.8,68,1007.7,34.2,64.4,0.1,100
2024-07-28 06:00:00,24.8,70,1006.8,31.9,60.1,0.0,90
2024-07-28 07:00:00,26.4,64,1006.0,31.3,61.2,0.1,100
2024-07-28 08:00:00,27.3,59,1005.2,31.7,60.1,0.0,99
2024-07-28 09:00:00,26.9,61,1004.6,30.3,57.2,0.0,87
2024-07-28 10:00:00,25.8,66,1004.7,30.7,58.0,0.0,93
2024-07-28 11:00:00,25.4,68,1004.0,29.5,55.8,0.0,100
2024-07-28 12:00:00,24.5,72,1004.4,28.3,54.7,0.0,100
2024-07-28 13:00:00,23.3,75,1005.0,20.8,46.8,0.0,100
2024-07-28 14:00:00,22.3,80,1006.2,21.1,36.0,0.0,96
2024-07-28 15:00:00,21.8,82,1006.8,20.0,36.0,0.0,100
2024-07-28 16:00:00,21.5,83,1007.2,19.9,33.8,0.0,100
2024-07-28 17:00:00,21.4,83,1007.2,22.0,37.8,0.0,100
2024-07-28 18:00:00,20.9,85,1006.9,21.3,37.8,0.0,100
2024-07-28 19:00:00,20.7,86,1006.0,21.8,37.1,0.0,100
2024-07-28 20:00:00,20.6,86,1005.9,20.7,37.1,0.0,100
2024-07-28 21:00:00,20.8,86,1005.4,21.9,37.4,0.0,100
2024-07-28 22:00:00,20.8,86,1005.2,21.0,37.4,0.0,100
2024-07-28 23:00:00,20.9,87,1005.3,20.5,35.6,0.0,100
2024-07-29 00:00:00,21.0,87,1005.5,19.4,35.3,0.0,100
2024-07-29 01:00:00,21.3,87,1005.7,21.1,39.2,0.0,88
2024-07-29 02:00:00,22.3,83,1005.9,24.0,44.3,0.0,100
2024-07-29 03:00:00,23.0,80,1006.6,27.9,47.9,0.1,100
2024-07-29 04:00:00,24.7,73,1006.6,26.4,48.6,0.1,100
2024-07-29 05:00:00,25.4,70,1006.3,27.9,46.4,0.1,74
2024-07-29 06:00:00,26.7,67,1005.5,29.6,52.9,0.3,98
2024-07-29 07:00:00,27.7,62,1004.4,30.1,53.6,0.4,99
2024-07-29 08:00:00,28.4,59,1003.6,30.0,54.0,0.2,100
2024-07-29 09:00:00,26.2,67,1004.2,28.0,56.9,0.4,100
2024-07-29 10:00:00,26.1,72,1003.9,23.5,50.4,0.6,100
2024-07-29 11:00:00,25.1,74,1004.0,24.5,50.8,0.2,100
2024-07-29 12:00:00,24.1,80,1004.5,24.0,46.8,1.0,100
2024-07-29 13:00:00,23.7,82,1005.0,17.2,29.5,0.1,100
2024-07-29 14:00:00,22.9,84,1006.3,16.3,28.8,0.1,100
2024-07-29 15:00:00,22.4,87,1007.3,14.5,27.4,0.0,100
2024-07-29 16:00:00,22.2,89,1007.8,12.4,24.5,0.0,100
2024-07-29 17:00:00,21.9,91,1008.4,13.1,21.6,0.0,100
2024-07-29 18:00:00,21.5,93,1008.5,16.2,26.3,0.1,100
2024-07-29 19:00:00,21.4,93,1008.3,17.1,30.2,0.1,100
2024-07-29 20:00:00,21.0,95,1007.9,17.3,30.2,0.1,100
2024-07-29 21:00:00,20.7,98,1007.5,16.9,29.9,0.1,100
2024-07-29 22:00:00,20.7,97,1007.4,17.1,29.2,0.1,100
2024-07-29 23:00:00,20.6,97,1007.5,18.1,30.6,0.1,100
2024-07-30 00:00:00,20.4,97,1007.8,17.8,31.3,0.0,100
2024-07-30 01:00:00,20.3,97,1008.5,14.3,27.4,0.1,100
2024-07-30 02:00:00,20.5,96,1009.4,18.0,31.7,0.5,100
2024-07-30 03:00:00,20.6,97,1010.1,19.4,32.0,1.4,100
2024-07-30 04:00:00,21.0,95,1010.6,20.8,35.6,1.2,100
2024-07-30 05:00:00,22.6,85,1010.5,24.7,43.2,0.5,100
2024-07-30 06:00:00,21.6,94,1010.7,22.4,43.9,1.1,100
2024-07-30 07:00:00,21.6,93,1009.8,20.9,39.2,1.2,100
2024-07-30 08:00:00,21.8,91,1009.3,22.0,38.9,1.0,100
2024-07-30 09:00:00,22.0,91,1008.7,21.4,37.4,0.9,100
2024-07-30 10:00:00,22.3,92,1008.2,18.7,36.0,0.8,100
2024-07-30 11:00:00,22.8,89,1007.5,18.1,38.5,0.1,100
2024-07-30 12:00:00,22.6,90,1007.6,17.8,32.8,0.1,99
2024-07-30 13:00:00,21.2,95,1009.1,18.8,34.6,0.7,100
2024-07-30 14:00:00,21.0,93,1009.9,18.4,33.5,0.5,100
2024-07-30 15:00:00,20.9,94,1010.7,16.9,32.0,0.2,100
2024-07-30 16:00:00,20.8,93,1011.3,17.3,28.8,0.5,100
2024-07-30 17:00:00,20.6,93,1011.4,18.7,31.3,0.3,99
2024-07-30 18:00:00,20.6,93,1011.1,17.8,31.7,0.1,100
2024-07-30 19:00:00,20.3,95,1010.6,16.1,30.6,0.0,100
2024-07-30 20:00:00,20.2,96,1009.9,16.6,27.7,0.0,100
2024-07-30 21:00:00,20.1,96,1009.7,16.6,28.8,0.0,100
2024-07-30 22:00:00,20.1,97,1009.7,17.3,29.2,0.0,100
2024-07-30 23:00:00,20.1,96,1009.9,17.3,29.9,0.0,100
2024-07-31 00:00:00,20.1,97,1010.1,16.2,29.5,0.0,100
2024-07-31 01:00:00,20.3,95,1010.4,16.4,29.9,0.0,100
2024-07-31 02:00:00,20.8,91,1011.3,16.3,29.2,0.0,100
2024-07-31 03:00:00,21.4,88,1011.4,17.4,32.4,0.0,89
2024-07-31 04:00:00,23.5,79,1011.3,21.5,40.7,0.1,100
2024-07-31 05:00:00,23.8,79,1011.3,21.5,38.9,0.1,100
2024-07-31 06:00:00,24.9,73,1011.1,21.8,41.4,0.1,100
2024-07-31 07:00:00,25.8,70,1010.2,20.5,41.8,0.2,100
2024-07-31 08:00:00,25.5,71,1009.1,19.5,38.5,0.1,100
2024-07-31 09:00:00,26.3,69,1008.3,19.6,38.5,0.2,100
2024-07-31 10:00:00,24.9,78,1008.3,15.1,38.2,0.8,100
2024-07-31 11:00:00,22.3,89,1008.6,16.9,36.0,3.0,100
2024-07-31 12:00:00,22.5,89,1008.7,15.7,31.3,1.2,100
2024-07-31 13:00:00,21.7,92,1010.0,14.8,25.9,1.4,100
2024-07-31 14:00:00,20.9,96,1011.1,12.7,25.9,2.4,100
2024-07-31 15:00:00,21.1,95,1011.5,12.6,23.0,0.8,100
2024-07-31 16:00:00,21.1,95,1012.1,13.7,23.0,0.1,100
2024-07-31 17:00:00,20.9,98,1012.2,14.8,25.2,0.1,100
2024-07-31 18:00:00,20.7,98,1011.5,14.3,25.2,0.0,100
2024-07-31 19:00:00,20.6,98,1010.9,13.7,24.5,0.1,100
2024-07-31 20:00:00,20.5,98,1010.1,14.0,23.4,0.0,100
2024-07-31 21:00:00,20.3,98,1009.8,15.6,26.6,0.0,100
2024-07-31 22:00:00,20.4,97,1009.5,15.9,27.4,0.0,100
2024-07-31 23:00:00,20.3,96,1009.4,15.1,27.0,0.1,100
2024-08-01 00:00:00,20.6,95,1009.7,16.0,27.4,0.0,100
2024-08-01 01:00:00,20.3,92,1009.6,17.4,29.2,0.0,100
2024-08-01 02:00:00,21.0,88,1010.4,20.1,34.2,0.0,100
2024-08-01 03:00:00,22.3,82,1011.1,25.2,43.6,0.0,100
2024-08-01 04:00:00,23.9,73,1011.6,26.3,46.4,0.0,100
2024-08-01 05:00:00,24.2,73,1011.5,24.1,46.8,0.1,100
2024-08-01 06:00:00,25.8,66,1010.8,23.8,44.6,0.0,100
2024-08-01 07:00:00,26.8,65,1009.5,20.3,47.2,0.0,100
2024-08-01 08:00:00,27.9,63,1008.2,20.3,42.8,0.0,100
2024-08-01 09:00:00,26.0,68,1008.0,22.1,41.0,0.2,100
2024-08-01 10:00:00,24.8,72,1008.5,23.9,41.8,0.6,100
2024-08-01 11:00:00,23.5,82,1009.0,20.9,43.2,0.8,100
2024-08-01 12:00:00,22.9,87,1009.1,13.0,40.0,0.4,100
2024-08-01 13:00:00,22.1,87,1010.2,9.8,24.1,0.1,100
2024-08-01 14:00:00,21.3,93,1010.5,7.0,16.2,0.0,100
2024-08-01 15:00:00,20.7,95,1011.8,13.5,23.0,0.4,100
2024-08-01 16:00:00,20.8,94,1012.0,10.0,22.3,0.2,100
2024-08-01 17:00:00,20.8,95,1012.3,11.0,17.6,0.1,100
2024-08-01 18:00:00,20.7,97,1012.1,12.5,20.9,0.3,100
2024-08-01 19:00:00,20.7,97,1011.3,12.7,21.2,0.1,100
2024-08-01 20:00:00,20.6,98,1010.7,14.4,23.4,0.3,100
2024-08-01 21:00:00,20.6,98,1010.1,14.3,24.5,0.1,100
2024-08-01 22:00:00,20.5,98,1009.8,17.7,29.5,0.1,100
2024-08-01 23:00:00,20.5,98,1010.3,18.3,32.0,0.5,100
2024-08-02 00:00:00,20.3,98,1010.2,16.4,31.3,0.4,100
2024-08-02 01:00:00,20.7,97,1010.1,13.9,23.4,0.7,100
2024-08-02 02:00:00,20.7,97,1010.8,14.6,24.5,0.4,100
2024-08-02 03:00:00,21.8,90,1011.1,18.4,32.4,0.2,100
2024-08-02 04:00:00,22.1,89,1011.5,18.1,33.1,0.1,100
2024-08-02 05:00:00,23.4,83,1010.8,21.5,37.8,0.1,100
2024-08-02 06:00:00,25.4,72,1010.1,24.3,43.2,0.0,100
2024-08-02 07:00:00,26.3,68,1009.1,25.9,47.2,0.1,100
2024-08-02 08:00:00,26.8,67,1008.4,24.2,50.0,0.1,100
2024-08-02 09:00:00,26.6,65,1007.6,24.2,48.6,0.0,100
2024-08-02 10:00:00,26.1,67,1007.3,22.7,46.1,0.4,100
2024-08-02 11:00:00,25.8,67,1007.4,23.8,43.6,0.0,100
2024-08-02 12:00:00,24.6,72,1008.2,22.7,42.8,0.0,100
2024-08-02 13:00:00,22.6,83,1009.3,15.1,25.2,0.0,100
2024-08-02 14:00:00,22.4,83,1010.2,16.2,27.0,0.0,100
2024-08-02 15:00:00,22.0,84,1011.2,16.7,28.4,0.0,100
2024-08-02 16:00:00,21.5,87,1012.2,16.8,28.4,0.3,100
2024-08-02 17:00:00,21.0,91,1012.8,17.1,28.8,0.3,100
2024-08-02 18:00:00,20.8,91,1012.7,16.5,28.8,0.1,100
2024-08-02 19:00:00,20.4,91,1011.7,17.6,29.5,0.0,100
2024-08-02 20:00:00,20.2,91,1011.0,16.6,29.9,0.0,100
2024-08-02 21:00:00,19.9,92,1010.4,15.7,28.1,0.0,100
2024-08-02 22:00:00,19.7,94,1010.5,15.1,26.6,0.0,100
2024-08-02 23:00:00,19.7,95,1010.7,17.0,28.8,0.0,100
2024-08-03 00:00:00,19.5,96,1011.0,17.1,29.2,0.0,100
2024-08-03 01:00:00,19.6,97,1011.0,15.1,26.3,0.1,100
2024-08-03 02:00:00,20.6,92,1011.7,18.3,31.7,0.0,100
2024-08-03 03:00:00,21.7,86,1011.9,19.2,34.6,0.1,100
2024-08-03 04:00:00,23.3,78,1012.0,22.1,40.0,0.1,100
2024-08-03 05:00:00,24.7,72,1011.4,25.6,45.4,0.1,100
2024-08-03 06:00:00,25.5,69,1011.0,24.3,45.7,0.1,100
2024-08-03 07:00:00,26.3,68,1010.0,22.2,44.6,0.1,100
2024-08-03 08:00:00,27.4,65,1009.3,21.3,43.6,0.0,100
2024-08-03 09:00:00,26.3,65,1008.6,23.6,43.9,0.4,100
2024-08-03 10:00:00,24.2,79,1008.9,16.6,42.8,2.7,100
2024-08-03 11:00:00,23.7,84,1008.8,13.8,31.7,0.1,100
2024-08-03 12:00:00,22.6,83,1009.5,16.6,32.4,1.0,100
2024-08-03 13:00:00,23.2,82,1010.0,14.2,29.9,0.4,100
2024-08-03 14:00:00,22.4,85,1011.2,13.6,23.4,0.0,100
2024-08-03 15:00:00,21.7,86,1012.4,13.1,22.7,0.0,100
2024-08-03 16:00:00,20.9,91,1013.4,14.1,24.1,1.0,100
2024-08-03 17:00:00,20.5,95,1013.8,12.3,24.1,1.2,100
2024-08-03 18:00:00,20.5,94,1013.5,11.6,20.9,0.2,100
2024-08-03 19:00:00,20.4,95,1012.9,12.9,21.2,0.0,100
2024-08-03 20:00:00,20.2,96,1012.3,12.9,21.6,0.0,100
2024-08-03 21:00:00,19.9,98,1011.8,12.1,21.6,0.0,100
2024-08-03 22:00:00,19.9,98,1011.8,13.7,23.0,0.0,100
2024-08-03 23:00:00,19.8,98,1011.5,14.7,24.1,0.0,100
2024-08-04 00:00:00,19.8,98,1011.7,15.6,26.3,0.0,100
2024-08-04 01:00:00,20.4,95,1011.9,12.3,20.2,0.0,100
2024-08-04 02:00:00,21.3,91,1012.5,15.3,26.6,0.0,100
2024-08-04 03:00:00,22.9,84,1013.0,19.6,35.3,0.2,98
2024-08-04 04:00:00,23.6,82,1012.9,18.6,36.0,0.5,99
2024-08-04 05:00:00,25.1,79,1012.4,20.0,37.8,0.2,69
2024-08-04 06:00:00,26.6,63,1011.4,19.9,39.2,0.0,73
2024-08-04 07:00:00,27.4,61,1010.7,21.7,41.8,0.0,90
2024-08-04 08:00:00,28.0,59,1009.3,19.5,41.0,0.0,93
2024-08-04 09:00:00,28.2,61,1008.3,17.3,39.2,0.0,97
2024-08-04 10:00:00,27.7,61,1007.5,17.4,35.6,0.0,98
2024-08-04 11:00:00,26.8,63,1007.3,17.1,34.6,0.3,100
2024-08-04 12:00:00,25.4,74,1008.4,11.9,31.3,0.8,100
2024-08-04 13:00:00,24.3,70,1008.7,12.7,30.2,0.0,100
2024-08-04 14:00:00,23.2,75,1010.1,10.8,21.6,0.0,80
2024-08-04 15:00:00,22.4,80,1011.3,8.8,18.4,0.0,65
2024-08-04 16:00:00,22.1,82,1012.3,9.4,15.5,0.0,89
2024-08-04 17:00:00,21.4,86,1012.7,9.4,15.5,0.0,48
2024-08-04 18:00:00,20.7,91,1012.9,9.7,16.2,0.0,21
2024-08-04 19:00:00,20.1,94,1012.8,9.6,16.2,0.0,88
2024-08-04 20:00:00,19.8,95,1011.8,11.2,18.4,0.0,100
2024-08-04 21:00:00,19.4,97,1011.2,10.5,18.7,0.0,96
2024-08-04 22:00:00,19.2,98,1011.1,11.4,18.7,0.0,96
2024-08-04 23:00:00,19.2,99,1011.2,10.5,19.1,0.0,96
2024-08-05 00:00:00,19.1,99,1011.2,10.1,17.3,0.0,99
2024-08-05 01:00:00,19.8,95,1012.1,10.3,16.6,0.0,100
2024-08-05 02:00:00,20.8,91,1012.6,13.4,23.4,0.0,99
2024-08-05 03:00:00,22.4,84,1012.5,15.6,28.8,0.0,100
2024-08-05 04:00:00,24.1,75,1012.2,14.8,30.2,0.0,99
2024-08-05 05:00:00,25.9,68,1011.9,13.0,28.8,0.0,100
2024-08-05 06:00:00,26.5,67,1011.4,13.3,27.4,0.0,100
2024-08-05 07:00:00,27.5,64,1010.7,13.7,29.5,0.0,100
2024-08-05 08:00:00,27.6,64,1009.5,13.2,29.2,0.0,100
2024-08-05 09:00:00,27.7,62,1008.1,14.0,27.7,0.0,100
2024-08-05 10:00:00,26.3,68,1007.9,8.7,27.7,0.0,100
2024-08-05 11:00:00,25.6,72,1007.9,9.9,19.8,0.0,100
2024-08-05 12:00:00,24.6,78,1008.5,12.5,20.2,0.0,100
2024-08-05 13:00:00,23.3,85,1009.7,8.7,20.9,1.1,100
2024-08-05 14:00:00,22.2,91,1011.0,9.6,16.9,0.1,96
2024-08-05 15:00:00,21.7,93,1011.9,6.2,15.8,0.0,100
2024-08-05 16:00:00,21.5,94,1012.6,5.2,10.4,0.0,100
2024-08-05 17:00:00,21.0,95,1012.8,5.9,9.7,0.0,100
2024-08-05 18:00:00,20.7,97,1012.3,4.7,10.4,0.0,100
2024-08-05 19:00:00,20.8,96,1011.9,7.3,12.6,0.0,78
2024-08-05 20:00:00,20.3,98,1011.5,10.0,16.2,0.4,99
2024-08-05 21:00:00,20.2,98,1010.5,7.7,17.3,0.5,100
2024-08-05 22:00:00,20.1,99,1010.4,8.6,14.4,0.0,100
2024-08-05 23:00:00,20.4,98,1010.6,14.4,22.7,0.0,100
2024-08-06 00:00:00,20.4,98,1010.4,12.6,24.1,0.0,94
2024-08-06 01:00:00,20.5,98,1010.5,8.4,15.8,0.5,100
2024-08-06 02:00:00,21.2,94,1010.9,11.4,20.2,0.1,100
2024-08-06 03:00:00,22.1,89,1011.2,11.2,22.0,0.0,100
2024-08-06 04:00:00,23.1,85,1011.4,13.0,24.1,0.3,100
2024-08-06 05:00:00,24.4,78,1011.2,14.7,29.2,0.5,100
2024-08-06 06:00:00,24.2,78,1011.0,12.5,28.4,0.6,100
2024-08-06 07:00:00,24.9,74,1010.0,12.3,24.8,0.5,100
2024-08-06 08:00:00,25.4,72,1009.2,11.5,24.8,0.3,100
2024-08-06 09:00:00,25.0,75,1008.1,11.2,23.4,0.6,100
2024-08-06 10:00:00,25.1,78,1007.3,10.1,24.8,0.3,100
2024-08-06 11:00:00,24.3,76,1007.5,15.3,27.4,0.3,100
2024-08-06 12:00:00,24.0,80,1008.1,11.1,29.2,0.0,100
2024-08-06 13:00:00,21.7,92,1009.3,9.5,15.8,1.7,100
2024-08-06 14:00:00,21.6,92,1010.0,7.7,15.5,1.0,100
2024-08-06 15:00:00,21.4,93,1011.0,6.0,12.6,0.5,100
2024-08-06 16:00:00,21.2,93,1011.7,6.6,10.8,0.2,100
2024-08-06 17:00:00,21.2,94,1012.0,8.4,13.7,0.2,100
2024-08-06 18:00:00,21.1,94,1011.8,8.3,15.1,0.1,100
2024-08-06 19:00:00,20.8,95,1011.3,6.9,14.0,0.2,100
2024-08-06 20:00:00,20.6,97,1010.6,7.5,12.6,0.5,100
2024-08-06 21:00:00,20.5,99,1010.0,7.7,12.6,0.8,100
2024-08-06 22:00:00,20.5,99,1009.5,8.9,14.4,0.7,100
2024-08-06 23:00:00,20.4,99,1009.5,9.4,15.8,0.3,100
2024-08-07 00:00:00,20.3,99,1010.0,11.6,19.1,0.1,100
2024-08-07 01:00:00,20.3,98,1010.2,10.0,16.6,0.1,100
2024-08-07 02:00:00,20.6,97,1011.0,11.3,20.2,0.2,100
2024-08-07 03:00:00,21.7,88,1011.5,12.8,24.1,0.0,100
2024-08-07 04:00:00,23.2,80,1011.4,14.4,28.1,0.0,100
2024-08-07 05:00:00,24.1,75,1011.2,15.5,29.2,0.1,100
2024-08-07 06:00:00,24.7,71,1010.7,15.9,30.2,0.0,100
2024-08-07 07:00:00,24.3,73,1010.3,15.3,31.7,0.1,100
2024-08-07 08:00:00,23.2,80,1009.4,13.1,29.9,0.3,100
2024-08-07 09:00:00,24.3,79,1008.3,12.2,27.4,0.1,100
2024-08-07 10:00:00,25.0,73,1007.9,17.2,33.5,0.5,100
2024-08-07 11:00:00,23.3,78,1008.2,13.1,34.6,0.5,100
2024-08-07 12:00:00,22.6,86,1008.7,13.0,24.5,0.4,100
2024-08-07 13:00:00,22.3,86,1009.7,10.8,25.2,0.3,100
2024-08-07 14:00:00,21.3,92,1010.6,5.6,18.0,0.0,100
2024-08-07 15:00:00,21.1,94,1011.5,7.6,12.6,0.0,100
2024-08-07 16:00:00,20.8,95,1012.4,8.3,13.7,0.0,100
2024-08-07 17:00:00,20.7,95,1012.6,8.4,14.0,0.0,100
2024-08-07 18:00:00,20.5,95,1012.4,8.6,14.8,0.0,100
2024-08-07 19:00:00,20.0,97,1011.9,8.7,14.8,0.0,100
2024-08-07 20:00:00,19.9,97,1011.0,9.2,15.5,0.0,100
2024-08-07 21:00:00,19.7,98,1010.5,9.7,16.2,0.0,100
2024-08-07 22:00:00,19.5,99,1010.1,10.1,16.9,0.0,100
2024-08-07 23:00:00,19.6,98,1010.3,10.9,18.7,0.0,100
2024-08-08 00:00:00,19.6,98,1011.0,10.5,18.0,0.0,100
2024-08-08 01:00:00,19.9,97,1011.8,8.4,18.0,0.7,100
2024-08-08 02:00:00,20.1,96,1012.4,7.6,14.8,0.7,100
2024-08-08 03:00:00,21.1,89,1012.6,12.1,21.6,0.0,100
2024-08-08 04:00:00,22.7,80,1012.5,14.9,27.7,0.1,100
2024-08-08 05:00:00,24.2,73,1011.9,17.4,33.1,0.1,100
2024-08-08 06:00:00,24.9,69,1011.3,16.1,32.8,0.1,100
2024-08-08 07:00:00,25.6,67,1010.6,16.0,31.7,0.3,99
2024-08-08 08:00:00,26.1,66,1009.6,13.9,31.3,0.0,99
2024-08-08 09:00:00,27.0,65,1008.3,13.0,30.2,0.0,73
2024-08-08 10:00:00,27.1,64,1007.4,12.3,28.8,0.0,57
2024-08-08 11:00:00,26.4,67,1007.6,12.1,26.3,0.1,69
2024-08-08 12:00:00,24.8,74,1008.5,11.5,24.1,0.4,80
2024-08-08 13:00:00,23.2,78,1010.2,13.8,24.1,0.1,77
2024-08-08 14:00:00,21.5,92,1011.3,13.0,24.8,2.8,99
2024-08-08 15:00:00,21.6,92,1012.1,11.3,21.6,1.9,100
2024-08-08 16:00:00,21.2,93,1012.8,14.5,24.5,2.0,100
2024-08-08 17:00:00,20.9,93,1013.2,13.3,24.5,3.7,100
2024-08-08 18:00:00,20.7,94,1012.7,12.6,22.3,3.1,100
2024-08-08 19:00:00,20.5,95,1012.2,11.0,22.0,4.7,100
2024-08-08 20:00:00,20.3,96,1011.5,12.7,21.2,0.3,99
2024-08-08 21:00:00,20.1,97,1011.2,11.5,21.2,0.2,100
2024-08-08 22:00:00,20.0,97,1011.0,11.9,20.9,0.0,100
2024-08-08 23:00:00,19.8,98,1011.3,10.8,20.2,0.0,100
2024-08-09 00:00:00,19.7,98,1011.8,9.6,18.7,0.0,100
2024-08-09 01:00:00,20.1,97,1012.1,9.9,18.4,0.0,100
2024-08-09 02:00:00,20.6,94,1012.5,12.3,21.6,0.0,100
2024-08-09 03:00:00,22.0,89,1012.5,11.3,24.1,0.0,100
2024-08-09 04:00:00,23.8,77,1012.3,18.2,33.5,0.0,100
2024-08-09 05:00:00,25.0,71,1011.9,17.5,35.6,0.0,100
2024-08-09 06:00:00,25.9,67,1011.3,15.6,32.8,0.0,100
2024-08-09 07:00:00,26.8,64,1010.4,16.3,32.4,0.1,93
2024-08-09 08:00:00,27.4,62,1009.6,16.0,33.1,0.2,88
2024-08-09 09:00:00,27.5,61,1008.7,15.5,31.7,0.1,32
2024-08-09 10:00:00,28.0,59,1007.9,15.2,31.0,0.1,31
2024-08-09 11:00:00,27.4,61,1007.6,14.4,29.5,0.0,47
2024-08-09 12:00:00,25.6,71,1008.8,4.7,27.0,0.4,100
2024-08-09 13:00:00,23.6,81,1010.3,6.4,16.2,1.1,100
2024-08-09 14:00:00,23.0,85,1011.0,7.4,11.5,0.1,100
2024-08-09 15:00:00,22.3,88,1012.0,9.4,15.1,0.2,100
2024-08-09 16:00:00,22.0,91,1012.7,2.5,15.8,0.8,100
2024-08-09 17:00:00,21.6,93,1013.0,5.0,8.3,0.5,100
2024-08-09 18:00:00,21.6,93,1012.9,4.0,9.0,3.6,100
2024-08-09 19:00:00,21.2,95,1012.5,7.8,13.0,5.0,100
2024-08-09 20:00:00,21.0,97,1012.2,7.2,14.0,0.2,100
2024-08-09 21:00:00,20.8,97,1011.8,6.8,11.5,0.2,100
2024-08-09 22:00:00,20.8,97,1011.4,7.0,12.2,0.3,100
2024-08-09 23:00:00,20.7,97,1011.5,8.7,15.5,0.2,100
2024-08-10 00:00:00,20.6,98,1011.6,9.7,15.8,0.1,100
2024-08-10 01:00:00,20.3,99,1012.8,8.8,18.0,1.3,100
2024-08-10 02:00:00,20.5,99,1012.3,10.7,19.1,2.8,100
2024-08-10 03:00:00,20.9,97,1012.9,10.7,18.0,3.9,100
2024-08-10 04:00:00,21.5,95,1013.1,10.3,20.2,2.0,99
2024-08-10 05:00:00,23.5,82,1012.3,15.1,29.9,0.4,100
2024-08-10 06:00:00,24.3,78,1011.8,16.6,31.7,1.7,100
2024-08-10 07:00:00,24.2,78,1011.4,11.2,31.7,0.1,100
2024-08-10 08:00:00,25.7,72,1010.1,12.5,24.8,0.3,100
2024-08-10 09:00:00,26.3,70,1008.9,16.0,31.7,0.5,100
2024-08-10 10:00:00,26.4,68,1008.4,16.1,31.7,0.2,100
2024-08-10 11:00:00,26.6,66,1008.3,15.5,30.6,0.0,100
2024-08-10 12:00:00,25.5,70,1008.3,12.1,28.8,0.0,100
2024-08-10 13:00:00,24.2,76,1008.7,8.0,19.8,0.0,100
2024-08-10 14:00:00,22.8,84,1009.6,4.6,13.0,0.0,100
2024-08-10 15:00:00,21.9,90,1010.7,6.9,8.3,0.0,100
2024-08-10 16:00:00,23.0,83,1011.5,5.9,9.0,0.0,100
2024-08-10 17:00:00,22.9,82,1011.9,7.2,11.9,0.0,100
2024-08-10 18:00:00,22.6,83,1011.8,6.8,11.9,0.0,100
2024-08-10 19:00:00,22.3,85,1010.9,9.1,14.8,0.0,100
2024-08-10 20:00:00,21.8,88,1010.4,11.8,19.1,0.0,100
2024-08-10 21:00:00,21.2,91,1010.3,11.5,19.8,0.0,100
2024-08-10 22:00:00,20.8,94,1009.7,12.7,21.2,0.0,100
2024-08-10 23:00:00,20.4,97,1009.7,12.0,21.2,0.0,100
2024-08-11 00:00:00,20.3,98,1009.9,11.6,20.5,0.0,100
2024-08-11 01:00:00,20.2,97,1011.2,7.9,15.8,0.7,100
2024-08-11 02:00:00,20.7,95,1010.5,13.6,22.7,0.6,100
2024-08-11 03:00:00,22.3,88,1011.2,14.1,29.5,0.1,100
2024-08-11 04:00:00,24.1,79,1010.9,14.8,27.7,0.1,100
2024-08-11 05:00:00,24.9,76,1010.6,12.5,27.7,0.2,75
2024-08-11 06:00:00,26.0,71,1010.1,11.7,26.6,0.3,44
2024-08-11 07:00:00,27.1,66,1008.7,12.5,27.0,0.3,92
2024-08-11 08:00:00,27.8,64,1007.5,13.6,28.1,0.3,53
2024-08-11 09:00:00,27.9,66,1006.7,13.8,29.2,0.1,52
2024-08-11 10:00:00,27.0,69,1006.3,12.5,28.1,0.2,73
2024-08-11 11:00:00,26.6,69,1005.4,14.0,26.6,0.1,91
2024-08-11 12:00:00,26.3,69,1005.1,12.2,26.3,0.0,100
2024-08-11 13:00:00,25.4,71,1006.5,7.7,19.1,0.0,95
2024-08-11 14:00:00,23.9,77,1007.6,8.3,13.7,0.0,90
2024-08-11 15:00:00,23.2,80,1008.5,6.1,13.3,0.0,28
2024-08-11 16:00:00,22.3,87,1008.7,6.9,9.7,0.0,88
2024-08-11 17:00:00,21.9,89,1009.4,7.7,9.4,0.0,99
2024-08-11 18:00:00,22.1,86,1009.3,7.2,10.8,0.0,100
2024-08-11 19:00:00,21.9,85,1009.5,7.4,13.3,0.0,100
2024-08-11 20:00:00,21.4,89,1009.2,7.6,11.9,0.0,100
2024-08-11 21:00:00,21.1,93,1008.7,9.4,14.8,0.0,100
2024-08-11 22:00:00,20.9,95,1008.3,10.0,17.3,0.0,100
2024-08-11 23:00:00,20.6,97,1008.6,7.3,16.2,0.0,99
2024-08-12 00:00:00,20.3,98,1008.9,8.4,14.0,0.0,97
2024-08-12 01:00:00,21.0,96,1009.5,6.0,8.6,0.0,100
2024-08-12 02:00:00,21.9,92,1010.2,5.1,11.2,0.0,100
2024-08-12 03:00:00,23.9,81,1010.3,12.4,24.1,0.0,100
2024-08-12 04:00:00,25.5,72,1009.7,13.7,27.4,0.0,99
2024-08-12 05:00:00,27.1,64,1008.8,11.2,27.4,0.0,100
2024-08-12 06:00:00,27.7,62,1008.2,10.0,24.8,0.0,90
2024-08-12 07:00:00,27.9,62,1007.7,9.2,22.7,0.3,27
2024-08-12 08:00:00,28.5,59,1006.6,9.0,22.7,0.1,33
2024-08-12 09:00:00,28.9,57,1005.7,9.1,22.0,0.1,34
2024-08-12 10:00:00,28.9,57,1004.9,9.8,22.0,0.1,41
2024-08-12 11:00:00,28.1,59,1004.6,10.5,21.6,0.2,88
2024-08-12 12:00:00,25.9,71,1005.5,12.0,22.7,0.5,70
2024-08-12 13:00:00,24.5,75,1007.1,10.2,17.3,0.1,41
2024-08-12 14:00:00,23.3,81,1007.5,5.9,17.3,0.0,100
2024-08-12 15:00:00,22.9,85,1008.5,9.3,14.4,0.0,100
2024-08-12 16:00:00,22.3,87,1009.6,9.2,19.1,0.1,99
2024-08-12 17:00:00,21.9,90,1010.3,10.0,16.9,0.2,100
2024-08-12 18:00:00,21.6,93,1009.9,6.1,16.2,0.7,99
2024-08-12 19:00:00,21.2,96,1009.8,2.5,11.2,3.3,100
2024-08-12 20:00:00,20.9,97,1009.8,6.6,15.1,2.2,100
2024-08-12 21:00:00,20.8,98,1009.7,5.0,14.0,2.3,100
2024-08-12 22:00:00,20.7,97,1009.4,1.8,12.2,1.4,100
2024-08-12 23:00:00,20.6,97,1009.4,5.8,13.3,0.0,99
2024-08-13 00:00:00,20.3,98,1010.0,5.5,10.1,0.7,92
2024-08-13 01:00:00,20.5,95,1009.8,2.4,12.6,0.1,57
2024-08-13 02:00:00,21.3,93,1010.1,2.9,9.7,0.0,51
2024-08-13 03:00:00,23.1,85,1010.6,4.1,13.7,0.0,63
2024-08-13 04:00:00,25.1,74,1010.5,9.0,19.8,0.0,34
2024-08-13 05:00:00,26.5,67,1009.7,10.4,23.0,0.1,39
2024-08-13 06:00:00,27.6,63,1008.8,9.8,24.1,0.1,40
2024-08-13 07:00:00,28.4,62,1008.2,10.0,23.4,0.1,99
2024-08-13 08:00:00,28.7,60,1007.2,10.5,23.4,0.0,100
2024-08-13 09:00:00,28.3,61,1005.9,10.2,23.0,0.0,100
2024-08-13 10:00:00,27.5,68,1005.7,10.1,23.4,0.3,99
2024-08-13 11:00:00,26.0,73,1006.0,11.5,24.1,1.6,99
2024-08-13 12:00:00,26.0,72,1006.0,7.2,22.7,0.1,50
2024-08-13 13:00:00,25.5,74,1006.5,4.9,16.6,0.0,95
2024-08-13 14:00:00,24.5,79,1007.5,7.1,10.4,0.0,81
2024-08-13 15:00:00,23.5,84,1008.7,4.8,13.3,0.0,69
2024-08-13 16:00:00,22.0,92,1010.0,2.3,7.2,0.4,97
2024-08-13 17:00:00,21.8,94,1010.4,4.2,7.9,0.0,84
2024-08-13 18:00:00,21.3,97,1010.0,2.9,7.6,0.0,94
2024-08-13 19:00:00,20.9,98,1009.6,3.8,6.8,0.0,95
2024-08-13 20:00:00,20.4,98,1008.8,4.6,6.5,0.0,97
2024-08-13 21:00:00,20.3,99,1008.3,3.9,6.8,0.0,100
2024-08-13 22:00:00,20.8,98,1007.9,4.1,8.3,0.0,100
2024-08-13 23:00:00,21.3,96,1008.1,5.2,9.7,0.0,100
2024-08-14 00:00:00,21.2,97,1008.5,4.1,9.0,0.0,100
2024-08-14 01:00:00,21.9,93,1008.7,4.7,9.4,0.0,100
2024-08-14 02:00:00,22.4,90,1009.6,4.3,11.2,0.0,98
2024-08-14 03:00:00,23.9,82,1010.0,3.6,11.9,0.1,98
2024-08-14 04:00:00,25.3,74,1009.7,6.3,15.8,0.1,81
2024-08-14 05:00:00,26.8,67,1009.0,8.0,20.5,0.1,65
2024-08-14 06:00:00,27.6,63,1008.2,7.6,20.2,0.2,72
2024-08-14 07:00:00,28.3,61,1007.5,8.3,21.2,0.2,76
2024-08-14 08:00:00,28.5,59,1006.3,8.9,21.6,0.2,75
2024-08-14 09:00:00,28.3,60,1005.3,9.8,22.3,0.4,83
2024-08-14 10:00:00,28.5,58,1004.7,8.5,22.3,0.2,89
2024-08-14 11:00:00,28.5,57,1004.2,11.2,21.2,0.0,83
2024-08-14 12:00:00,27.4,61,1004.5,10.5,21.2,0.0,47
2024-08-14 13:00:00,25.8,73,1005.3,4.9,14.0,0.0,65
2024-08-14 14:00:00,24.8,75,1006.6,5.7,8.6,0.0,85
2024-08-14 15:00:00,24.3,77,1007.3,6.9,10.1,0.0,82
2024-08-14 16:00:00,24.1,77,1008.4,9.0,14.8,0.0,63
2024-08-14 17:00:00,23.6,82,1009.0,8.7,14.4,0.0,100
2024-08-14 18:00:00,22.9,87,1009.2,8.2,14.0,0.0,100
2024-08-14 19:00:00,22.1,93,1008.9,7.0,13.3,0.0,100
2024-08-14 20:00:00,22.0,92,1008.7,6.2,14.0,0.0,100
2024-08-14 21:00:00,21.9,92,1008.3,5.9,10.8,0.0,100
2024-08-14 22:00:00,21.8,93,1007.7,5.3,11.2,0.0,100
2024-08-14 23:00:00,21.7,94,1007.7,5.0,10.4,0.0,100
2024-08-15 00:00:00,21.8,93,1007.8,5.3,10.8,0.0,100
2024-08-15 01:00:00,21.7,91,1007.8,11.1,21.6,0.0,99
2024-08-15 02:00:00,22.9,86,1008.0,8.2,19.1,0.0,100
2024-08-15 03:00:00,24.1,81,1008.4,4.4,16.9,0.0,100
2024-08-15 04:00:00,25.6,75,1008.3,2.9,13.7,0.0,100
2024-08-15 05:00:00,27.0,67,1008.1,3.9,15.1,0.0,100
2024-08-15 06:00:00,27.9,62,1007.5,6.5,18.4,0.1,100
2024-08-15 07:00:00,27.6,63,1007.2,5.8,18.7,0.2,100
2024-08-15 08:00:00,28.1,61,1006.1,6.5,18.0,0.2,100
2024-08-15 09:00:00,28.4,61,1005.1,6.9,19.1,0.2,100
2024-08-15 10:00:00,28.8,62,1004.0,6.8,18.4,0.0,100
2024-08-15 11:00:00,27.8,66,1003.8,8.3,18.0,0.2,100
2024-08-15 12:00:00,26.5,72,1004.3,3.3,18.4,1.1,100
2024-08-15 13:00:00,25.8,77,1005.1,4.7,5.4,0.0,100
2024-08-15 14:00:00,24.8,77,1005.8,4.3,5.4,0.0,100
2024-08-15 15:00:00,23.7,81,1006.6,5.4,7.9,0.0,100
2024-08-15 16:00:00,23.2,82,1007.3,5.5,8.6,0.0,100
2024-08-15 17:00:00,23.0,84,1008.2,4.7,9.4,0.0,100
2024-08-15 18:00:00,22.7,88,1008.3,3.8,5.4,0.0,94
2024-08-15 19:00:00,22.4,88,1007.7,5.4,5.4,0.0,96
2024-08-15 20:00:00,22.0,89,1006.9,5.2,8.3,0.0,93
2024-08-15 21:00:00,21.5,92,1006.3,5.6,9.7,0.0,99
2024-08-15 22:00:00,21.0,95,1005.9,6.0,9.0,0.0,100
2024-08-15 23:00:00,21.5,92,1006.0,1.4,6.8,0.0,100
2024-08-16 00:00:00,20.5,97,1006.1,3.1,3.2,0.0,100
2024-08-16 01:00:00,22.3,91,1006.7,4.6,11.2,0.1,100
2024-08-16 02:00:00,22.8,90,1007.5,4.7,10.1,0.1,100
2024-08-16 03:00:00,24.0,84,1007.8,5.9,14.8,0.0,100
2024-08-16 04:00:00,25.3,78,1007.9,5.9,17.6,0.1,100
2024-08-16 05:00:00,26.5,73,1007.7,5.1,17.3,0.3,99
2024-08-16 06:00:00,27.4,72,1007.2,4.8,18.0,0.2,100
2024-08-16 07:00:00,28.7,64,1005.8,2.2,17.6,0.1,100
2024-08-16 08:00:00,28.5,62,1004.5,0.0,13.7,0.0,100
2024-08-16 09:00:00,26.8,69,1004.1,3.6,14.0,0.3,95
2024-08-16 10:00:00,27.8,68,1003.0,4.3,20.2,0.1,100
2024-08-16 11:00:00,26.0,73,1003.0,11.6,22.7,0.7,100
2024-08-16 12:00:00,24.9,80,1004.3,4.4,22.7,0.4,100
2024-08-16 13:00:00,23.3,89,1005.3,9.4,18.7,1.2,100
2024-08-16 14:00:00,23.0,90,1006.2,3.2,15.5,0.1,100
2024-08-16 15:00:00,22.5,91,1007.5,2.2,6.8,2.1,100
2024-08-16 16:00:00,21.7,94,1008.9,6.6,10.1,2.7,100
2024-08-16 17:00:00,21.4,95,1009.3,3.0,14.8,4.8,100
2024-08-16 18:00:00,20.9,98,1008.9,3.1,11.5,0.0,100
2024-08-16 19:00:00,20.8,98,1008.9,2.3,6.8,0.3,100
2024-08-16 20:00:00,21.4,95,1008.4,2.3,4.7,0.0,96
2024-08-16 21:00:00,20.9,97,1007.7,2.2,6.1,0.0,98
2024-08-16 22:00:00,20.7,99,1007.4,2.5,5.8,0.0,100
2024-08-16 23:00:00,19.8,100,1007.3,5.6,7.2,0.0,99
2024-08-17 00:00:00,19.5,100,1007.2,5.1,7.6,0.0,100
2024-08-17 01:00:00,20.8,98,1008.1,2.2,10.1,0.0,100
2024-08-17 02:00:00,22.0,92,1008.5,1.5,7.6,0.0,100
2024-08-17 03:00:00,23.7,85,1008.6,3.1,11.9,0.0,100
2024-08-17 04:00:00,25.3,78,1008.7,4.3,14.8,0.0,100
2024-08-17 05:00:00,26.1,74,1008.3,5.6,15.5,0.1,100
2024-08-17 06:00:00,27.2,70,1007.7,6.1,17.3,0.1,100
2024-08-17 07:00:00,27.9,66,1006.8,6.3,19.8,0.2,100
2024-08-17 08:00:00,28.5,63,1005.8,4.5,18.7,0.2,97
2024-08-17 09:00:00,28.5,64,1005.2,3.5,15.8,0.3,100
2024-08-17 10:00:00,28.9,64,1004.6,1.3,14.4,0.0,100
2024-08-17 11:00:00,27.5,68,1004.3,4.6,11.9,0.6,100
2024-08-17 12:00:00,26.6,73,1004.8,4.3,14.0,0.2,100
2024-08-17 13:00:00,26.1,72,1005.8,9.1,15.8,0.0,100
2024-08-17 14:00:00,25.1,77,1006.6,7.9,14.4,0.0,100
2024-08-17 15:00:00,23.5,84,1008.4,10.4,14.4,0.3,100
2024-08-17 16:00:00,21.8,96,1010.0,9.8,23.8,1.2,100
2024-08-17 17:00:00,21.3,97,1010.9,11.1,20.2,0.2,100
2024-08-17 18:00:00,20.8,96,1010.2,6.5,19.4,0.0,97
2024-08-17 19:00:00,20.4,98,1009.8,2.6,11.2,0.0,99
2024-08-17 20:00:00,20.2,98,1009.3,2.6,5.8,0.0,100
2024-08-17 21:00:00,20.2,98,1008.5,2.6,5.0,0.0,100
2024-08-17 22:00:00,19.6,100,1008.4,3.6,5.0,0.0,100
2024-08-17 23:00:00,19.5,100,1008.2,4.3,7.2,0.0,100
2024-08-18 00:00:00,19.2,100,1008.1,5.8,8.3,0.0,100
2024-08-18 01:00:00,20.3,98,1008.9,7.6,14.8,0.0,100
2024-08-18 02:00:00,21.4,92,1009.6,7.2,14.8,0.0,100
2024-08-18 03:00:00,22.7,86,1009.8,4.9,15.8,0.0,98
2024-08-18 04:00:00,24.7,76,1009.9,5.9,16.9,0.0,100
2024-08-18 05:00:00,26.1,68,1009.5,5.4,17.3,0.0,96
2024-08-18 06:00:00,27.5,62,1008.9,5.0,17.3,0.0,97
2024-08-18 07:00:00,28.1,60,1008.1,5.8,16.9,0.0,100
2024-08-18 08:00:00,28.7,57,1006.9,5.9,17.6,0.0,90
2024-08-18 09:00:00,29.0,57,1006.1,4.0,17.6,0.1,77
2024-08-18 10:00:00,28.7,59,1005.9,2.6,16.6,0.0,72
2024-08-18 11:00:00,28.5,60,1005.2,1.8,14.0,0.0,17
2024-08-18 12:00:00,28.0,61,1005.1,3.7,11.9,0.0,31
2024-08-18 13:00:00,26.4,77,1006.0,5.2,7.9,0.0,12
2024-08-18 14:00:00,25.0,78,1007.0,5.6,7.9,0.0,9
2024-08-18 15:00:00,24.2,81,1008.4,5.2,7.9,0.0,24
2024-08-18 16:00:00,23.7,83,1009.4,5.2,9.4,0.0,47
2024-08-18 17:00:00,23.6,82,1009.6,5.2,8.3,0.0,100
2024-08-18 18:00:00,23.0,84,1009.6,5.6,9.7,0.0,94
2024-08-18 19:00:00,22.1,90,1009.1,5.2,8.6,0.0,98
2024-08-18 20:00:00,21.9,92,1008.5,4.5,7.2,0.0,72
2024-08-18 21:00:00,21.4,95,1008.3,4.5,7.6,0.0,99
2024-08-18 22:00:00,20.9,97,1008.5,4.3,10.1,2.8,100
2024-08-18 23:00:00,20.7,98,1008.7,3.6,7.9,0.2,100
2024-08-19 00:00:00,20.9,97,1008.2,8.2,13.3,0.3,99
2024-08-19 01:00:00,21.2,96,1008.2,4.5,6.1,0.0,100
2024-08-19 02:00:00,22.6,91,1009.0,2.2,9.4,0.0,100
2024-08-19 03:00:00,24.3,82,1009.6,2.8,11.5,0.1,100
2024-08-19 04:00:00,25.4,75,1009.4,5.7,16.2,0.2,100
2024-08-19 05:00:00,26.5,71,1009.1,4.8,16.6,0.3,100
2024-08-19 06:00:00,27.3,70,1008.7,4.7,17.6,0.2,100
2024-08-19 07:00:00,27.9,69,1007.6,3.6,18.4,0.1,100
2024-08-19 08:00:00,28.0,66,1006.7,3.8,16.6,0.2,100
2024-08-19 09:00:00,27.3,67,1005.1,3.3,15.1,0.1,100
2024-08-19 10:00:00,24.8,81,1005.2,8.4,22.3,2.0,63
2024-08-19 11:00:00,25.4,79,1004.3,3.2,18.4,0.1,67
2024-08-19 12:00:00,25.8,76,1005.0,3.4,13.3,0.0,99
2024-08-19 13:00:00,23.4,89,1007.1,5.4,13.7,0.3,99
2024-08-19 14:00:00,22.6,90,1007.9,2.6,10.4,3.0,97
2024-08-19 15:00:00,22.1,95,1008.4,2.6,4.7,0.1,76
2024-08-19 16:00:00,21.9,96,1009.4,3.0,6.5,0.2,91
2024-08-19 17:00:00,20.9,97,1010.6,7.6,12.6,7.0,100
2024-08-19 18:00:00,21.2,94,1010.0,4.2,14.0,0.2,98
2024-08-19 19:00:00,20.7,98,1008.8,3.4,7.9,0.0,91
2024-08-19 20:00:00,20.1,99,1008.7,4.7,7.9,0.0,88
2024-08-19 21:00:00,19.9,99,1008.0,5.2,7.6,0.0,96
2024-08-19 22:00:00,20.1,99,1007.5,4.1,7.6,0.0,92
2024-08-19 23:00:00,20.1,100,1007.6,4.3,7.6,0.0,92
2024-08-20 00:00:00,20.3,100,1007.8,6.4,10.4,0.0,100
2024-08-20 01:00:00,20.3,98,1008.4,7.5,11.9,0.0,97
2024-08-20 02:00:00,21.7,91,1008.8,8.1,16.6,0.0,100
2024-08-20 03:00:00,23.1,85,1009.1,5.9,16.6,0.0,100
2024-08-20 04:00:00,24.9,76,1008.9,5.1,15.8,0.0,100
2024-08-20 05:00:00,26.5,70,1008.5,3.2,16.2,0.0,90
2024-08-20 06:00:00,27.5,68,1008.5,2.6,14.4,0.1,100
2024-08-20 07:00:00,27.9,68,1007.6,3.1,15.1,0.1,100
2024-08-20 08:00:00,28.2,67,1006.2,2.5,15.8,0.0,100
2024-08-20 09:00:00,28.7,64,1005.0,6.4,19.1,0.0,47
2024-08-20 10:00:00,28.7,64,1004.5,7.4,20.2,0.0,100
2024-08-20 11:00:00,28.1,64,1004.2,7.7,18.4,0.0,100
2024-08-20 12:00:00,24.8,80,1005.6,15.1,25.9,1.4,78
2024-08-20 13:00:00,22.7,94,1007.4,5.5,15.1,13.0,100
2024-08-20 14:00:00,22.8,90,1007.8,11.2,18.4,2.2,94
2024-08-20 15:00:00,22.3,95,1009.3,4.7,18.7,0.0,89
2024-08-20 16:00:00,22.2,93,1010.6,4.9,6.8,1.6,100
2024-08-20 17:00:00,21.7,93,1010.6,11.0,19.8,0.5,75
2024-08-20 18:00:00,21.0,96,1011.1,6.2,18.4,0.8,100
2024-08-20 19:00:00,21.6,94,1010.5,8.3,14.0,0.1,87
2024-08-20 20:00:00,21.0,98,1009.6,9.2,15.1,0.0,92
2024-08-20 21:00:00,21.0,98,1009.0,8.0,16.2,0.0,64
2024-08-20 22:00:00,20.6,99,1008.4,6.0,13.3,0.0,100
2024-08-20 23:00:00,20.6,99,1008.7,10.0,17.3,0.0,100
2024-08-21 00:00:00,20.8,98,1009.1,8.6,17.3,0.0,100
2024-08-21 01:00:00,20.7,98,1009.7,6.0,9.7,0.0,100
2024-08-21 02:00:00,22.0,91,1009.7,11.0,20.9,0.0,100
2024-08-21 03:00:00,23.5,83,1010.3,13.1,24.1,0.0,100
2024-08-21 04:00:00,24.4,80,1011.2,13.3,25.9,0.1,99
2024-08-21 05:00:00,25.7,76,1010.7,13.0,27.4,0.1,100
2024-08-21 06:00:00,27.0,71,1009.6,14.1,29.2,0.1,94
2024-08-21 07:00:00,27.4,69,1008.8,16.2,33.5,0.1,100
2024-08-21 08:00:00,27.2,68,1007.9,16.0,34.6,0.2,98
2024-08-21 09:00:00,27.4,66,1006.8,19.6,36.0,0.0,99
2024-08-21 10:00:00,27.1,65,1006.3,19.9,39.6,0.1,100
2024-08-21 11:00:00,23.7,84,1007.2,20.4,44.3,0.3,100
2024-08-21 12:00:00,24.3,81,1007.1,13.2,35.6,0.0,100
2024-08-21 13:00:00,23.9,79,1008.0,15.4,26.3,0.1,100
2024-08-21 14:00:00,22.8,81,1008.9,18.3,30.6,0.0,100
2024-08-21 15:00:00,22.3,82,1009.5,18.9,32.4,0.0,85
2024-08-21 16:00:00,21.7,82,1010.6,20.2,33.5,0.0,94
2024-08-21 17:00:00,21.4,83,1011.6,20.8,35.3,0.0,100
2024-08-21 18:00:00,21.0,85,1011.6,19.6,35.3,0.0,100
2024-08-21 19:00:00,20.7,88,1010.5,20.2,34.6,0.0,95
2024-08-21 20:00:00,20.1,92,1010.5,19.5,34.2,0.0,69
2024-08-21 21:00:00,20.0,93,1009.9,20.0,33.8,0.0,87
2024-08-21 22:00:00,20.0,93,1009.4,20.5,34.9,0.0,99
2024-08-21 23:00:00,20.1,93,1009.9,20.2,35.3,0.0,100
2024-08-22 00:00:00,20.3,91,1010.0,18.9,34.6,0.0,100
2024-08-22 01:00:00,19.6,93,1011.1,16.2,26.6,0.0,100
2024-08-22 02:00:00,21.2,85,1011.8,19.4,34.9,0.0,96
2024-08-22 03:00:00,22.3,81,1011.9,25.5,45.0,0.0,100
2024-08-22 04:00:00,23.8,75,1011.6,26.7,47.2,0.1,100
2024-08-22 05:00:00,24.3,73,1011.4,23.2,47.2,0.0,91
2024-08-22 06:00:00,25.7,67,1011.1,23.4,43.2,0.1,82
2024-08-22 07:00:00,26.7,63,1010.1,23.0,42.8,0.0,96
2024-08-22 08:00:00,27.1,62,1009.0,20.6,42.1,0.0,99
2024-08-22 09:00:00,27.4,61,1008.1,19.6,40.0,0.1,51
2024-08-22 10:00:00,27.4,59,1007.6,18.9,36.4,0.0,77
2024-08-22 11:00:00,26.5,64,1007.5,17.6,34.6,0.0,90
2024-08-22 12:00:00,25.5,69,1008.4,15.1,31.3,0.1,92
2024-08-22 13:00:00,24.5,70,1009.2,10.8,21.6,0.0,99
2024-08-22 14:00:00,23.7,73,1010.3,8.7,18.4,0.0,100
2024-08-22 15:00:00,23.2,75,1011.3,10.9,18.0,0.0,100
2024-08-22 16:00:00,22.5,80,1012.5,9.2,18.4,0.0,100
2024-08-22 17:00:00,21.9,84,1013.2,9.7,15.8,0.0,100
2024-08-22 18:00:00,21.4,87,1012.9,11.5,19.1,0.0,100
2024-08-22 19:00:00,20.8,89,1012.3,12.1,19.8,0.0,78
2024-08-22 20:00:00,20.2,93,1011.9,11.1,20.2,0.0,100
2024-08-22 21:00:00,19.7,96,1011.4,11.6,19.1,0.0,99
2024-08-22 22:00:00,19.5,97,1010.9,11.3,19.4,0.0,38
2024-08-22 23:00:00,19.2,98,1011.0,12.2,19.8,0.0,33
2024-08-23 00:00:00,19.1,98,1011.3,12.2,20.2,0.0,84
2024-08-23 01:00:00,19.7,97,1011.7,11.2,19.8,0.0,100
2024-08-23 02:00:00,20.9,91,1012.0,15.5,27.0,0.0,100
2024-08-23 03:00:00,22.6,82,1012.5,18.4,33.1,0.0,100
2024-08-23 04:00:00,23.9,75,1012.6,20.7,37.1,0.0,100
2024-08-23 05:00:00,25.1,69,1012.3,22.2,40.3,0.0,100
2024-08-23 06:00:00,26.4,63,1012.1,21.3,40.7,0.0,100
2024-08-23 07:00:00,26.8,63,1011.2,20.0,38.9,0.0,100
2024-08-23 08:00:00,26.9,61,1010.2,18.7,37.4,0.0,100
2024-08-23 09:00:00,27.4,60,1009.4,17.8,34.6,0.0,100
2024-08-23 10:00:00,27.4,62,1008.8,15.5,35.6,0.0,100
2024-08-23 11:00:00,27.2,62,1008.4,17.5,33.1,0.1,97
2024-08-23 12:00:00,26.1,68,1008.8,14.5,31.3,0.0,87
2024-08-23 13:00:00,24.4,72,1009.7,10.5,22.3,0.0,100
2024-08-23 14:00:00,23.5,75,1010.5,8.9,17.3,0.0,100
2024-08-23 15:00:00,22.9,79,1011.4,8.5,14.4,0.0,100
2024-08-23 16:00:00,22.6,81,1012.2,13.1,20.9,0.0,100
2024-08-23 17:00:00,22.1,84,1013.1,14.1,23.8,0.0,100
2024-08-23 18:00:00,21.4,88,1013.0,13.4,23.8,0.0,100
2024-08-23 19:00:00,20.9,91,1012.5,14.1,23.4,0.0,100
2024-08-23 20:00:00,20.4,93,1012.2,14.6,24.5,0.0,100
2024-08-23 21:00:00,19.8,97,1011.6,14.6,24.5,0.0,100
2024-08-23 22:00:00,19.6,97,1011.3,15.5,25.9,0.0,100
2024-08-23 23:00:00,19.8,96,1011.3,15.6,26.6,0.0,100
2024-08-24 00:00:00,19.9,96,1011.9,16.4,28.1,0.0,100
2024-08-24 01:00:00,19.9,96,1012.9,14.1,24.8,0.0,100
2024-08-24 02:00:00,21.1,90,1013.2,21.5,36.4,0.0,100
2024-08-24 03:00:00,22.5,81,1013.7,22.7,39.2,0.0,100
2024-08-24 04:00:00,24.1,74,1013.3,25.4,44.3,0.0,100
2024-08-24 05:00:00,24.9,72,1013.1,25.7,46.4,0.1,100
2024-08-24 06:00:00,25.7,68,1012.5,25.0,46.1,0.1,100
2024-08-24 07:00:00,26.5,65,1011.4,26.1,48.2,0.2,100
2024-08-24 08:00:00,27.3,65,1010.3,23.5,48.6,0.1,100
2024-08-24 09:00:00,27.1,62,1009.2,24.5,46.8,0.1,100
2024-08-24 10:00:00,25.4,70,1009.4,24.2,45.0,2.1,100
2024-08-24 11:00:00,24.8,72,1009.5,19.8,41.8,0.1,100
2024-08-24 12:00:00,23.9,77,1010.6,18.0,39.6,1.0,100
2024-08-24 13:00:00,24.0,72,1010.9,19.6,40.7,0.0,100
2024-08-24 14:00:00,23.2,76,1011.6,18.0,33.5,0.0,100
2024-08-24 15:00:00,22.5,79,1012.6,16.9,30.6,0.0,100
2024-08-24 16:00:00,22.0,82,1013.2,17.9,29.9,0.0,100
2024-08-24 17:00:00,21.4,85,1013.6,18.8,31.3,0.0,100
2024-08-24 18:00:00,20.8,88,1013.4,19.6,33.1,0.0,100
2024-08-24 19:00:00,20.5,91,1012.9,18.7,33.1,0.0,100
2024-08-24 20:00:00,20.3,92,1012.6,17.4,31.7,0.0,100
2024-08-24 21:00:00,20.1,93,1012.0,18.0,30.6,0.0,100
2024-08-24 22:00:00,20.0,93,1011.4,19.5,33.5,0.0,100
2024-08-24 23:00:00,20.0,93,1011.5,19.0,33.8,0.0,100
2024-08-25 00:00:00,19.8,94,1011.7,18.5,32.4,0.0,100
2024-08-25 01:00:00,20.2,91,1012.1,17.7,33.8,0.0,100
2024-08-25 02:00:00,20.9,88,1012.7,19.6,34.6,0.0,100
2024-08-25 03:00:00,21.6,84,1013.1,22.4,38.9,0.0,100
2024-08-25 04:00:00,22.9,78,1012.9,24.6,42.5,0.1,100
2024-08-25 05:00:00,23.9,73,1012.2,25.8,45.4,0.1,100
2024-08-25 06:00:00,24.9,71,1011.6,24.9,46.4,0.1,100
2024-08-25 07:00:00,25.9,68,1010.8,27.1,48.2,0.2,100
2024-08-25 08:00:00,26.3,67,1010.0,28.1,50.4,0.3,100
2024-08-25 09:00:00,27.1,62,1009.1,26.7,50.0,0.1,100
2024-08-25 10:00:00,27.1,62,1008.5,25.5,48.2,0.0,80
2024-08-25 11:00:00,26.6,62,1008.3,24.4,45.4,0.0,56
2024-08-25 12:00:00,25.5,65,1008.7,21.7,43.2,0.0,76
2024-08-25 13:00:00,23.8,70,1010.0,16.7,36.4,0.0,76
2024-08-25 14:00:00,22.9,73,1010.8,18.8,32.0,0.0,100
2024-08-25 15:00:00,22.1,77,1011.5,16.3,32.0,0.0,100
2024-08-25 16:00:00,21.5,82,1011.8,14.8,27.4,0.0,94
2024-08-25 17:00:00,20.9,86,1011.9,16.7,27.7,0.0,94
2024-08-25 18:00:00,20.3,90,1011.8,18.9,31.7,0.0,98
2024-08-25 19:00:00,20.0,92,1011.6,18.9,32.4,0.0,97
2024-08-25 20:00:00,19.6,94,1011.4,19.4,33.1,0.0,100
2024-08-25 21:00:00,19.4,95,1010.7,19.3,33.5,0.0,100
2024-08-25 22:00:00,20.0,93,1010.4,21.7,36.4,0.0,100
2024-08-25 23:00:00,20.2,91,1010.3,21.5,37.1,0.1,100
2024-08-26 00:00:00,20.2,91,1010.4,20.6,35.6,0.0,100
2024-08-26 01:00:00,20.1,90,1011.0,20.2,36.7,0.1,100
2024-08-26 02:00:00,20.8,86,1011.4,20.1,37.4,0.1,100
2024-08-26 03:00:00,21.7,83,1012.1,24.0,40.7,0.1,99
2024-08-26 04:00:00,23.2,77,1012.0,23.3,42.5,0.1,100
2024-08-26 05:00:00,24.0,73,1011.7,25.1,44.6,0.1,86
2024-08-26 06:00:00,25.9,65,1010.5,25.8,47.2,0.1,81
2024-08-26 07:00:00,26.9,61,1009.6,26.6,48.2,0.1,50
2024-08-26 08:00:00,27.9,57,1008.2,27.7,50.8,0.1,61
2024-08-26 09:00:00,28.2,56,1007.4,27.5,50.0,0.2,74
2024-08-26 10:00:00,27.9,56,1007.1,25.8,49.0,0.1,42
2024-08-26 11:00:00,26.9,59,1006.9,23.6,45.7,0.0,45
2024-08-26 12:00:00,26.0,64,1007.5,20.3,41.0,0.0,66
2024-08-26 13:00:00,23.9,71,1009.2,16.1,36.4,0.0,98
2024-08-26 14:00:00,23.0,73,1010.4,15.5,27.4,0.0,92
2024-08-26 15:00:00,22.4,77,1011.4,14.5,26.3,0.0,97
2024-08-26 16:00:00,21.8,81,1012.2,13.6,24.5,0.0,100
2024-08-26 17:00:00,21.3,85,1012.3,12.8,23.0,0.0,99
2024-08-26 18:00:00,20.6,89,1012.3,11.8,20.9,0.0,100
2024-08-26 19:00:00,20.5,90,1011.8,15.8,26.3,0.0,100
2024-08-26 20:00:00,20.1,93,1011.4,17.0,28.4,0.0,97
2024-08-26 21:00:00,19.8,95,1010.9,16.5,28.8,0.0,100
2024-08-26 22:00:00,20.2,93,1010.6,17.4,31.0,0.0,100
2024-08-26 23:00:00,20.4,92,1010.8,17.9,31.7,0.0,100
2024-08-27 00:00:00,20.3,92,1010.8,17.4,29.9,0.0,100
2024-08-27 01:00:00,20.9,88,1011.5,15.8,29.9,0.0,100
2024-08-27 02:00:00,21.3,87,1012.0,20.1,33.8,0.1,100
2024-08-27 03:00:00,22.5,80,1012.0,21.7,38.2,0.1,100
2024-08-27 04:00:00,23.5,76,1012.4,22.6,39.6,0.2,100
2024-08-27 05:00:00,24.3,72,1012.2,23.0,42.5,0.2,100
2024-08-27 06:00:00,24.7,72,1011.9,20.6,40.7,0.1,100
2024-08-27 07:00:00,26.0,66,1010.8,22.3,40.7,0.1,100
2024-08-27 08:00:00,26.7,62,1010.0,21.6,41.8,0.0,100
2024-08-27 09:00:00,26.5,61,1009.2,20.2,40.0,0.0,100
2024-08-27 10:00:00,25.1,72,1009.4,15.7,38.9,0.7,100
2024-08-27 11:00:00,24.3,75,1009.4,15.4,28.8,0.1,100
2024-08-27 12:00:00,23.7,78,1010.0,12.6,27.7,0.0,100
2024-08-27 13:00:00,23.0,79,1011.1,12.5,24.1,0.0,100
2024-08-27 14:00:00,23.0,78,1012.1,12.5,20.9,0.0,100
2024-08-27 15:00:00,22.6,79,1013.1,10.1,20.9,0.0,100
2024-08-27 16:00:00,22.6,79,1014.0,12.1,20.2,0.0,100
2024-08-27 17:00:00,22.1,81,1014.4,13.3,22.0,0.0,100
2024-08-27 18:00:00,21.6,84,1014.2,14.4,24.5,0.1,100
2024-08-27 19:00:00,21.0,88,1013.3,12.4,23.8,0.0,100
2024-08-27 20:00:00,20.7,90,1012.4,12.6,20.9,0.0,100
2024-08-27 21:00:00,20.1,93,1011.7,13.9,24.1,0.0,97
2024-08-27 22:00:00,19.9,94,1011.6,10.6,23.4,0.1,99
2024-08-27 23:00:00,20.0,95,1011.5,14.7,24.5,0.0,100
2024-08-28 00:00:00,19.7,97,1011.4,16.0,27.0,0.0,100
2024-08-28 01:00:00,19.7,93,1012.7,16.8,28.1,0.0,100
2024-08-28 02:00:00,20.3,90,1013.0,19.4,34.2,0.0,100
2024-08-28 03:00:00,21.8,81,1013.0,23.2,40.0,0.0,100
2024-08-28 04:00:00,22.7,77,1013.2,22.5,40.3,0.0,100
2024-08-28 05:00:00,23.8,75,1012.9,21.9,41.8,0.1,100
2024-08-28 06:00:00,24.8,70,1012.2,22.2,40.0,0.1,100
2024-08-28 07:00:00,25.2,68,1011.3,19.5,38.9,0.1,100
2024-08-28 08:00:00,26.7,61,1009.8,22.7,41.4,0.0,100
2024-08-28 09:00:00,26.5,61,1008.8,23.4,41.8,0.0,100
2024-08-28 10:00:00,26.0,64,1008.6,20.2,41.8,0.0,100
2024-08-28 11:00:00,25.9,63,1008.4,19.4,36.0,0.0,100
2024-08-28 12:00:00,23.8,75,1010.0,18.8,34.9,0.7,100
2024-08-28 13:00:00,22.2,84,1010.6,12.5,24.1,0.1,100
2024-08-28 14:00:00,21.5,89,1011.6,4.1,22.7,0.2,100
2024-08-28 15:00:00,21.6,87,1011.9,13.5,21.6,0.0,100
2024-08-28 16:00:00,21.4,87,1012.3,16.6,28.1,0.0,100
2024-08-28 17:00:00,20.9,89,1012.4,14.8,28.1,0.0,100
2024-08-28 18:00:00,20.3,91,1012.4,14.0,24.8,0.0,100
2024-08-28 19:00:00,19.9,93,1011.4,14.1,23.8,0.0,56
2024-08-28 20:00:00,19.7,94,1010.9,14.8,24.8,0.0,95
2024-08-28 21:00:00,19.9,94,1010.4,15.5,26.3,0.0,37
2024-08-28 22:00:00,19.6,96,1010.1,15.3,26.3,0.0,98
2024-08-28 23:00:00,19.4,97,1009.8,15.5,27.4,0.0,99
2024-08-29 00:00:00,19.4,98,1010.2,13.9,26.3,0.0,100
2024-08-29 01:00:00,20.0,92,1010.6,15.5,27.4,0.0,100
2024-08-29 02:00:00,21.3,85,1011.2,17.7,32.8,0.0,100
2024-08-29 03:00:00,21.9,83,1011.5,19.8,33.5,0.0,100
2024-08-29 04:00:00,23.4,76,1011.5,23.4,41.0,0.1,100
2024-08-29 05:00:00,24.2,73,1011.1,22.0,43.2,0.2,100
2024-08-29 06:00:00,25.1,69,1010.7,20.9,40.0,0.2,100
2024-08-29 07:00:00,26.5,67,1009.4,18.4,41.8,0.0,100
2024-08-29 08:00:00,27.2,65,1007.2,18.9,39.6,0.0,100
2024-08-29 09:00:00,24.2,75,1007.5,22.2,41.4,3.4,100
2024-08-29 10:00:00,23.6,82,1007.6,16.6,38.9,2.4,100
2024-08-29 11:00:00,22.7,83,1007.9,18.3,34.9,2.2,100
2024-08-29 12:00:00,21.9,90,1008.4,15.3,32.4,0.2,100
2024-08-29 13:00:00,21.5,93,1009.1,15.0,29.5,0.6,100
2024-08-29 14:00:00,21.2,96,1009.8,12.6,25.2,0.1,100
2024-08-29 15:00:00,21.1,97,1010.5,14.2,24.1,0.0,100
2024-08-29 16:00:00,21.0,95,1010.9,15.5,25.9,0.0,99
2024-08-29 17:00:00,20.5,95,1011.2,15.5,26.6,0.0,100
2024-08-29 18:00:00,20.2,96,1010.9,16.9,28.1,0.0,100
2024-08-29 19:00:00,19.9,97,1010.1,17.0,28.8,0.0,100
2024-08-29 20:00:00,19.8,98,1009.2,17.0,29.2,0.0,100
2024-08-29 21:00:00,20.0,98,1008.5,17.4,30.2,0.0,100
2024-08-29 22:00:00,20.2,97,1008.4,18.8,31.7,0.0,100
2024-08-29 23:00:00,20.3,96,1008.8,19.2,33.1,0.0,100
2024-08-30 00:00:00,20.5,95,1009.1,17.8,32.8,0.0,100
2024-08-30 01:00:00,20.4,96,1010.3,13.0,22.3,0.1,100
2024-08-30 02:00:00,21.4,89,1011.0,16.5,29.5,0.0,100
2024-08-30 03:00:00,22.6,83,1011.1,20.5,37.1,0.1,100
2024-08-30 04:00:00,23.2,80,1011.0,19.5,36.4,0.1,100
2024-08-30 05:00:00,24.3,77,1011.1,19.9,39.2,0.1,100
2024-08-30 06:00:00,25.3,74,1010.4,20.3,41.4,0.1,100
2024-08-30 07:00:00,25.9,73,1009.4,19.1,41.4,0.1,100
2024-08-30 08:00:00,25.7,68,1008.2,20.9,40.0,0.3,100
2024-08-30 09:00:00,23.7,81,1007.7,10.9,38.2,0.3,100
2024-08-30 10:00:00,23.1,82,1008.1,18.4,37.1,0.9,100
2024-08-30 11:00:00,21.8,90,1008.2,16.9,33.1,0.6,100
2024-08-30 12:00:00,21.7,91,1008.5,12.0,28.8,0.6,100
2024-08-30 13:00:00,21.2,91,1009.3,10.2,19.4,0.1,100
2024-08-30 14:00:00,21.1,91,1010.4,11.3,19.1,0.2,100
2024-08-30 15:00:00,20.9,92,1011.2,11.3,19.1,0.2,100
2024-08-30 16:00:00,20.4,94,1011.5,11.9,19.8,0.0,100
2024-08-30 17:00:00,20.4,95,1011.5,13.9,22.7,0.1,100
2024-08-30 18:00:00,20.3,95,1011.2,17.0,28.4,0.0,100
2024-08-30 19:00:00,20.3,95,1010.5,18.1,30.6,0.0,100
2024-08-30 20:00:00,20.0,95,1009.9,18.6,31.3,0.0,100
2024-08-30 21:00:00,19.9,95,1009.7,19.1,32.0,0.1,100
2024-08-30 22:00:00,19.7,95,1009.6,19.5,33.1,0.1,100
2024-08-30 23:00:00,19.8,95,1009.4,20.2,34.9,0.0,100
2024-08-31 00:00:00,19.9,95,1009.9,16.6,34.2,0.0,100
2024-08-31 01:00:00,20.0,93,1010.3,16.9,31.0,0.0,100
2024-08-31 02:00:00,20.6,91,1011.4,16.6,28.4,0.2,100
2024-08-31 03:00:00,20.8,92,1011.4,19.4,33.8,0.4,100
2024-08-31 04:00:00,21.9,86,1011.5,22.4,38.9,0.4,100
2024-08-31 05:00:00,22.6,82,1011.3,22.3,40.0,0.2,100
2024-08-31 06:00:00,22.7,83,1010.7,21.3,39.6,0.3,100
2024-08-31 07:00:00,23.2,81,1009.6,20.4,37.1,0.3,100
2024-08-31 08:00:00,23.8,79,1008.6,20.7,37.8,0.3,100
2024-08-31 09:00:00,23.5,81,1008.0,19.6,37.4,0.5,100
2024-08-31 10:00:00,23.8,79,1007.3,20.5,40.7,0.5,100
2024-08-31 11:00:00,23.6,81,1007.1,19.9,36.7,0.3,100
2024-08-31 12:00:00,23.2,83,1007.7,18.2,34.9,0.1,100
2024-08-31 13:00:00,22.1,87,1008.3,18.0,31.3,0.2,100
2024-08-31 14:00:00,21.7,90,1009.1,17.1,31.0,0.2,100
2024-08-31 15:00:00,21.5,92,1010.2,15.3,28.4,0.2,100
2024-08-31 16:00:00,21.3,93,1010.9,14.4,25.6,0.1,100
2024-08-31 17:00:00,21.1,94,1011.1,15.7,26.3,0.1,100
2024-08-31 18:00:00,20.8,94,1010.5,16.0,28.1,0.1,100
2024-08-31 19:00:00,20.3,95,1009.8,14.6,27.4,0.0,100
2024-08-31 20:00:00,20.3,95,1009.1,15.5,26.6,0.0,100
2024-08-31 21:00:00,20.3,96,1008.6,15.4,26.6,0.0,100
2024-08-31 22:00:00,20.4,94,1008.0,17.3,28.8,0.0,100
2024-08-31 23:00:00,20.3,94,1008.2,17.0,30.2,0.0,100
2024-09-01 00:00:00,20.3,94,1008.6,15.3,29.2,0.0,100
2024-09-01 01:00:00,20.2,95,1009.3,16.3,30.2,1.4,100
2024-09-01 02:00:00,20.2,95,1010.2,16.3,28.1,0.6,100
2024-09-01 03:00:00,21.5,89,1010.4,18.8,32.8,0.2,100
2024-09-01 04:00:00,23.4,79,1010.1,25.5,42.8,0.1,100
2024-09-01 05:00:00,25.0,74,1009.5,26.1,49.3,0.1,100
2024-09-01 06:00:00,25.0,73,1009.0,26.6,49.7,0.2,100
2024-09-01 07:00:00,26.5,68,1007.8,26.3,52.6,0.2,100
2024-09-01 08:00:00,27.0,66,1006.6,26.3,52.9,0.1,100
2024-09-01 09:00:00,25.2,71,1006.3,20.0,51.8,0.5,100
2024-09-01 10:00:00,24.6,76,1006.0,19.8,43.6,0.1,100
2024-09-01 11:00:00,21.5,91,1006.6,14.8,38.9,1.7,100
2024-09-01 12:00:00,22.1,88,1006.7,14.4,24.8,0.1,100
2024-09-01 13:00:00,24.1,70,1007.5,14.9,28.8,0.0,74
2024-09-01 14:00:00,22.9,75,1008.8,12.9,24.8,0.0,98
2024-09-01 15:00:00,22.4,80,1009.6,11.9,21.6,0.0,90
2024-09-01 16:00:00,21.7,85,1009.9,11.9,20.2,0.0,80
2024-09-01 17:00:00,21.2,89,1010.2,13.8,23.0,0.0,99
2024-09-01 18:00:00,20.7,93,1010.4,12.0,23.8,0.0,100
2024-09-01 19:00:00,20.9,92,1009.8,13.4,22.0,0.0,98
2024-09-01 20:00:00,20.4,93,1009.4,15.8,26.3,0.0,100
2024-09-01 21:00:00,20.6,92,1008.9,16.3,29.2,0.0,100
2024-09-01 22:00:00,20.5,94,1008.7,14.2,28.1,0.0,100
2024-09-01 23:00:00,20.6,93,1008.9,14.8,25.6,0.0,100
2024-09-02 00:00:00,20.5,94,1009.1,16.3,27.7,0.0,100
2024-09-02 01:00:00,20.8,91,1009.2,13.2,23.0,0.0,100
2024-09-02 02:00:00,21.5,88,1010.3,15.8,26.6,0.0,85
2024-09-02 03:00:00,22.4,85,1011.0,18.2,32.8,0.3,68
2024-09-02 04:00:00,24.3,75,1010.7,18.6,34.6,0.3,78
2024-09-02 05:00:00,25.4,75,1010.3,19.1,41.4,0.4,46
2024-09-02 06:00:00,26.8,69,1009.1,20.1,42.8,0.0,91
2024-09-02 07:00:00,27.2,66,1008.1,20.5,42.8,0.1,100
2024-09-02 08:00:00,27.5,63,1006.9,19.1,41.8,0.0,99
2024-09-02 09:00:00,27.5,63,1005.8,18.0,37.8,0.0,100
2024-09-02 10:00:00,26.0,68,1005.5,17.5,34.9,0.3,69
2024-09-02 11:00:00,23.7,79,1006.6,19.8,37.1,0.5,90
2024-09-02 12:00:00,23.1,83,1006.9,13.0,35.6,0.2,78
2024-09-02 13:00:00,23.3,77,1007.7,19.4,31.3,0.1,100
2024-09-02 14:00:00,21.5,92,1008.9,12.3,32.4,1.2,80
2024-09-02 15:00:00,21.6,90,1009.7,13.1,21.6,0.7,68
2024-09-02 16:00:00,21.5,91,1010.2,14.4,23.4,0.0,24
2024-09-02 17:00:00,21.2,91,1010.8,16.2,27.7,0.0,18
2024-09-02 18:00:00,20.7,93,1010.9,15.9,27.4,0.0,35
2024-09-02 19:00:00,20.3,95,1010.2,13.7,27.0,0.0,27
2024-09-02 20:00:00,20.1,96,1009.3,14.5,24.1,0.0,45
2024-09-02 21:00:00,20.0,97,1008.7,15.8,26.6,0.0,100
2024-09-02 22:00:00,20.0,97,1008.6,15.8,27.4,0.0,100
2024-09-02 23:00:00,20.0,98,1009.2,15.8,27.0,0.0,100
2024-09-03 00:00:00,20.3,96,1009.3,14.8,27.4,0.1,100
2024-09-03 01:00:00,20.2,97,1010.1,18.8,30.6,0.2,100
2024-09-03 02:00:00,20.8,93,1010.9,17.9,33.8,0.1,95
2024-09-03 03:00:00,22.5,83,1011.7,21.4,37.4,0.1,95
2024-09-03 04:00:00,24.2,73,1011.7,23.8,42.1,0.1,100
2024-09-03 05:00:00,24.8,71,1011.5,22.7,42.5,0.2,100
2024-09-03 06:00:00,26.3,68,1011.2,21.0,43.2,0.1,100
2024-09-03 07:00:00,26.6,67,1010.5,20.6,42.5,0.0,100
2024-09-03 08:00:00,27.4,63,1009.0,20.3,41.4,0.0,100
2024-09-03 09:00:00,27.7,58,1007.6,21.8,41.8,0.0,100
2024-09-03 10:00:00,27.3,62,1007.4,15.5,42.1,0.3,96
2024-09-03 11:00:00,25.7,69,1007.6,16.6,38.2,0.2,100
2024-09-03 12:00:00,25.5,72,1008.0,13.0,29.5,0.0,100
2024-09-03 13:00:00,24.1,73,1009.1,12.0,25.6,0.0,79
2024-09-03 14:00:00,23.4,75,1010.4,12.3,20.2,0.0,96
2024-09-03 15:00:00,23.1,77,1011.4,15.2,25.6,0.0,99
2024-09-03 16:00:00,22.3,81,1012.4,14.6,25.6,0.0,80
2024-09-03 17:00:00,21.7,84,1013.0,15.6,25.9,0.0,80
2024-09-03 18:00:00,21.1,87,1012.6,16.5,28.1,0.0,100
2024-09-03 19:00:00,20.7,91,1012.2,14.8,27.7,0.0,100
2024-09-03 20:00:00,20.2,94,1011.9,14.0,25.2,0.0,98
2024-09-03 21:00:00,19.8,97,1011.3,15.2,25.2,0.0,100
2024-09-03 22:00:00,19.8,95,1010.9,16.6,28.4,0.0,100
2024-09-03 23:00:00,19.8,95,1010.8,17.4,29.2,0.0,100
2024-09-04 00:00:00,19.9,95,1011.2,16.6,29.2,0.0,100
2024-09-04 01:00:00,21.0,89,1011.6,18.0,29.9,0.0,100
2024-09-04 02:00:00,21.4,89,1012.0,19.9,35.6,0.1,99
2024-09-04 03:00:00,23.1,79,1012.3,24.0,42.1,0.1,100
2024-09-04 04:00:00,24.3,73,1012.5,24.6,44.3,0.1,100
2024-09-04 05:00:00,25.3,70,1012.0,25.2,51.1,0.0,100
2024-09-04 06:00:00,26.1,66,1011.2,23.0,51.1,0.0,100
2024-09-04 07:00:00,27.4,60,1010.0,22.3,46.8,0.0,100
2024-09-04 08:00:00,27.8,59,1009.0,21.6,46.8,0.0,100
2024-09-04 09:00:00,27.8,60,1007.9,21.7,45.4,0.0,100
2024-09-04 10:00:00,27.1,59,1007.2,22.3,43.9,0.0,100
2024-09-04 11:00:00,25.7,67,1007.4,18.4,42.8,0.0,100
2024-09-04 12:00:00,24.5,73,1008.0,16.0,34.9,0.0,100
2024-09-04 13:00:00,23.9,74,1008.8,9.5,21.6,0.0,100
2024-09-04 14:00:00,23.0,77,1009.7,9.2,16.2,0.0,100
2024-09-04 15:00:00,22.9,78,1010.3,10.0,16.6,0.0,100
2024-09-04 16:00:00,22.0,83,1011.2,9.7,16.9,0.0,100
2024-09-04 17:00:00,22.0,85,1011.6,10.6,16.6,0.2,100
2024-09-04 18:00:00,21.6,87,1011.3,14.9,25.2,0.0,100
2024-09-04 19:00:00,21.2,89,1010.8,14.4,24.8,0.0,100
2024-09-04 20:00:00,20.8,91,1010.2,14.9,25.6,0.0,99
2024-09-04 21:00:00,20.5,93,1009.6,15.9,27.0,0.0,57
2024-09-04 22:00:00,19.9,95,1009.5,16.0,27.0,0.0,100
2024-09-04 23:00:00,20.2,94,1009.7,16.9,28.4,0.0,96
2024-09-05 00:00:00,20.0,94,1010.1,17.2,29.2,0.0,95
2024-09-05 01:00:00,19.9,93,1010.6,15.9,26.3,0.0,99
2024-09-05 02:00:00,21.1,85,1011.4,20.3,34.6,0.0,100
2024-09-05 03:00:00,21.8,83,1011.9,20.9,37.4,0.0,100
2024-09-05 04:00:00,23.8,75,1011.8,22.1,40.0,0.0,100
2024-09-05 05:00:00,24.6,72,1011.3,21.6,40.0,0.1,100
2024-09-05 06:00:00,25.8,69,1010.4,19.9,42.1,0.1,100
2024-09-05 07:00:00,27.5,63,1009.2,20.2,43.2,0.0,100
2024-09-05 08:00:00,27.7,62,1007.9,21.3,41.8,0.0,99
2024-09-05 09:00:00,27.7,60,1006.6,20.6,41.0,0.0,77
2024-09-05 10:00:00,27.8,60,1006.0,20.9,40.3,0.1,53
2024-09-05 11:00:00,26.1,67,1005.7,17.7,41.4,0.1,47
2024-09-05 12:00:00,25.8,67,1006.3,18.0,33.8,0.1,72
2024-09-05 13:00:00,23.9,77,1007.8,10.1,26.3,0.0,100
2024-09-05 14:00:00,23.2,79,1008.7,10.7,17.6,0.0,100
2024-09-05 15:00:00,22.9,79,1009.5,13.1,22.0,0.0,100
2024-09-05 16:00:00,22.4,82,1010.5,12.6,22.3,0.0,99
2024-09-05 17:00:00,21.9,85,1010.9,13.0,22.0,0.0,99
2024-09-05 18:00:00,21.5,87,1011.3,12.8,22.3,0.0,100
2024-09-05 19:00:00,21.1,89,1010.8,13.4,22.7,0.0,100
2024-09-05 20:00:00,20.8,91,1010.0,14.2,24.1,0.0,100
2024-09-05 21:00:00,20.6,92,1009.6,14.8,25.2,0.0,100
2024-09-05 22:00:00,20.2,93,1009.5,15.2,26.3,0.0,100
2024-09-05 23:00:00,20.2,93,1009.6,15.5,27.0,0.0,100
2024-09-06 00:00:00,19.8,94,1010.1,14.8,26.3,0.0,100
2024-09-06 01:00:00,20.2,93,1010.3,13.0,24.5,0.0,100
2024-09-06 02:00:00,21.4,86,1011.1,18.1,29.2,0.0,100
2024-09-06 03:00:00,22.9,78,1011.7,21.0,36.7,0.1,100
2024-09-06 04:00:00,24.0,72,1011.4,21.3,37.8,0.1,100
2024-09-06 05:00:00,25.1,70,1010.9,19.5,37.4,0.1,100
2024-09-06 06:00:00,26.1,65,1010.6,20.4,37.4,0.1,100
2024-09-06 07:00:00,27.1,61,1009.6,21.2,39.2,0.2,100
2024-09-06 08:00:00,26.7,64,1008.4,20.7,41.0,0.2,100
2024-09-06 09:00:00,26.5,66,1007.5,21.2,38.5,0.2,100
2024-09-06 10:00:00,26.0,68,1007.0,12.2,39.6,0.1,100
2024-09-06 11:00:00,25.0,73,1007.2,12.1,28.1,0.2,100
2024-09-06 12:00:00,23.9,79,1007.7,12.1,24.5,0.2,96
2024-09-06 13:00:00,23.1,80,1008.8,11.2,27.7,0.1,99
2024-09-06 14:00:00,22.4,84,1009.7,8.4,18.4,0.0,100
2024-09-06 15:00:00,21.9,87,1010.6,8.6,13.7,0.0,87
2024-09-06 16:00:00,21.7,88,1011.5,11.0,17.6,0.0,44
2024-09-06 17:00:00,21.3,89,1012.0,12.8,21.6,0.0,43
2024-09-06 18:00:00,20.6,92,1011.9,12.3,21.6,0.0,54
2024-09-06 19:00:00,20.1,94,1011.2,11.5,20.5,0.0,35
2024-09-06 20:00:00,19.8,95,1011.0,12.6,20.9,0.0,100
2024-09-06 21:00:00,19.8,95,1010.5,13.7,22.7,0.0,100
2024-09-06 22:00:00,19.7,96,1010.2,14.9,24.8,0.0,100
2024-09-06 23:00:00,19.8,95,1010.5,15.7,26.6,0.0,100
2024-09-07 00:00:00,20.0,94,1010.7,15.9,28.4,0.0,100
2024-09-07 01:00:00,21.1,90,1010.7,15.0,25.9,0.0,100
2024-09-07 02:00:00,21.6,89,1011.3,17.7,28.8,0.0,100
2024-09-07 03:00:00,23.2,80,1011.4,19.5,34.6,0.1,100
2024-09-07 04:00:00,24.8,73,1011.4,21.7,39.2,0.2,100
2024-09-07 05:00:00,25.3,72,1011.1,21.6,39.2,0.4,100
2024-09-07 06:00:00,26.6,68,1010.8,19.9,41.0,0.1,100
2024-09-07 07:00:00,27.6,66,1009.9,18.5,39.6,0.1,100
2024-09-07 08:00:00,24.0,79,1009.5,18.6,37.8,5.1,100
2024-09-07 09:00:00,22.7,87,1008.9,4.1,35.6,4.9,100
2024-09-07 10:00:00,24.3,76,1008.7,14.5,27.4,0.6,100
2024-09-07 11:00:00,23.8,78,1008.8,21.6,39.2,0.2,100
2024-09-07 12:00:00,23.0,84,1009.3,13.7,37.8,0.2,100
2024-09-07 13:00:00,23.0,85,1010.1,11.8,24.1,0.0,100
2024-09-07 14:00:00,22.6,84,1010.7,13.5,22.0,0.0,100
2024-09-07 15:00:00,22.0,86,1012.0,10.6,22.3,0.0,100
2024-09-07 16:00:00,21.8,88,1012.5,12.7,20.5,0.0,100
2024-09-07 17:00:00,21.6,86,1012.6,17.0,28.4,0.0,100
2024-09-07 18:00:00,21.2,88,1012.6,17.3,29.5,0.0,100
2024-09-07 19:00:00,20.7,91,1012.0,17.1,29.2,0.0,100
2024-09-07 20:00:00,20.3,93,1011.5,16.1,28.8,0.0,100
2024-09-07 21:00:00,20.2,94,1011.3,15.9,27.4,0.0,100
2024-09-07 22:00:00,20.4,93,1011.1,16.9,28.4,0.0,100
2024-09-07 23:00:00,20.5,92,1011.1,18.3,31.0,0.0,100
2024-09-08 00:00:00,20.3,93,1011.3,17.9,31.3,0.0,100
2024-09-08 01:00:00,20.6,93,1011.8,18.4,31.3,0.0,100
2024-09-08 02:00:00,20.7,93,1012.3,16.3,31.3,0.0,100
2024-09-08 03:00:00,21.7,88,1012.6,18.9,34.9,0.3,100
2024-09-08 04:00:00,22.8,82,1012.8,20.8,37.8,0.2,100
2024-09-08 05:00:00,23.6,78,1012.5,20.1,36.0,0.1,100
2024-09-08 06:00:00,25.0,72,1011.9,23.4,42.1,0.5,100
2024-09-08 07:00:00,25.0,72,1011.0,20.9,42.1,0.3,100
2024-09-08 08:00:00,25.7,68,1009.7,19.7,37.8,0.1,100
2024-09-08 09:00:00,25.5,71,1008.9,21.3,42.5,0.3,100
2024-09-08 10:00:00,24.1,77,1008.7,22.2,40.3,0.3,100
2024-09-08 11:00:00,22.7,84,1009.1,17.3,38.9,0.4,100
2024-09-08 12:00:00,22.9,85,1009.2,23.0,38.5,0.1,100
2024-09-08 13:00:00,22.9,81,1009.8,15.1,28.8,0.0,100
2024-09-08 14:00:00,22.6,82,1010.4,15.9,27.0,0.0,100
2024-09-08 15:00:00,22.3,85,1011.0,16.7,28.4,0.0,100
2024-09-08 16:00:00,21.8,87,1011.6,17.4,29.5,0.0,100
2024-09-08 17:00:00,21.4,88,1011.6,17.9,30.6,0.0,100
2024-09-08 18:00:00,21.2,89,1011.5,18.2,31.0,0.0,100
2024-09-08 19:00:00,21.1,89,1010.7,19.2,32.8,0.0,100
2024-09-08 20:00:00,20.9,91,1010.2,18.0,32.8,0.0,100
2024-09-08 21:00:00,20.7,92,1009.9,16.7,30.2,0.0,100
2024-09-08 22:00:00,20.7,91,1009.1,17.7,29.9,0.0,100
2024-09-08 23:00:00,20.4,92,1009.1,17.1,30.2,0.0,100
2024-09-09 00:00:00,20.2,93,1009.5,16.9,29.2,0.0,100
2024-09-09 01:00:00,20.3,92,1009.5,16.4,28.8,0.0,100
2024-09-09 02:00:00,21.5,86,1010.0,19.1,33.1,0.0,100
2024-09-09 03:00:00,21.8,86,1010.4,20.3,34.2,0.0,100
2024-09-09 04:00:00,22.7,81,1010.4,22.1,38.5,0.0,100
2024-09-09 05:00:00,24.1,75,1010.0,22.0,39.2,0.1,100
2024-09-09 06:00:00,25.9,68,1009.1,24.5,45.0,0.5,100
2024-09-09 07:00:00,27.2,60,1007.9,25.7,46.4,0.0,100
2024-09-09 08:00:00,27.0,61,1006.9,24.6,47.2,0.1,100
2024-09-09 09:00:00,27.4,63,1006.3,22.9,47.5,0.1,100
2024-09-09 10:00:00,28.4,59,1005.3,21.6,46.8,0.5,100
2024-09-09 11:00:00,23.8,81,1006.5,11.0,44.3,4.2,100
2024-09-09 12:00:00,24.2,79,1006.6,14.4,24.1,0.1,100
2024-09-09 13:00:00,24.2,71,1007.4,16.6,27.7,0.0,100
2024-09-09 14:00:00,22.7,78,1008.7,21.6,37.4,0.1,100
2024-09-09 15:00:00,21.6,86,1009.4,16.1,36.4,0.2,100
2024-09-09 16:00:00,21.4,91,1009.8,17.4,28.8,0.1,100
2024-09-09 17:00:00,21.0,93,1009.9,17.1,29.9,0.0,100
2024-09-09 18:00:00,20.6,95,1009.6,15.4,28.8,0.0,100
2024-09-09 19:00:00,20.5,96,1009.2,15.7,26.6,0.0,100
2024-09-09 20:00:00,20.2,97,1008.7,16.1,27.0,0.0,100
2024-09-09 21:00:00,20.0,97,1008.2,16.7,28.8,0.0,100
2024-09-09 22:00:00,19.8,98,1008.0,16.2,28.4,0.0,100
2024-09-09 23:00:00,20.0,96,1008.4,17.2,29.2,0.1,100
2024-09-10 00:00:00,20.1,96,1008.8,17.3,29.9,0.1,100
2024-09-10 01:00:00,20.1,94,1009.5,17.9,30.6,0.0,98
2024-09-10 02:00:00,21.5,87,1010.0,22.5,37.1,0.0,100
2024-09-10 03:00:00,22.8,80,1010.6,25.5,44.3,0.1,99
2024-09-10 04:00:00,24.1,76,1010.2,24.6,45.7,0.1,45
2024-09-10 05:00:00,25.4,70,1009.5,28.6,50.8,0.3,35
2024-09-10 06:00:00,26.7,64,1008.9,29.0,51.8,0.2,86
2024-09-10 07:00:00,27.4,61,1008.0,28.5,51.8,0.2,99
2024-09-10 08:00:00,28.0,58,1006.5,28.3,51.5,0.1,98
2024-09-10 09:00:00,28.4,54,1005.5,28.2,50.4,0.1,95
2024-09-10 10:00:00,28.1,54,1005.2,29.9,52.2,0.1,92
2024-09-10 11:00:00,26.3,65,1005.6,25.2,52.6,0.4,86
2024-09-10 12:00:00,24.8,71,1006.8,22.3,46.1,0.1,86
2024-09-10 13:00:00,24.1,73,1007.4,16.3,34.6,0.0,94
2024-09-10 14:00:00,23.7,74,1008.3,16.4,27.7,0.0,93
2024-09-10 15:00:00,23.1,76,1009.2,17.2,29.2,0.0,80
2024-09-10 16:00:00,22.4,80,1010.6,15.7,28.8,0.0,96
2024-09-10 17:00:00,21.8,83,1011.0,14.8,26.3,0.0,99
2024-09-10 18:00:00,21.0,88,1011.0,14.1,24.5,0.0,92
2024-09-10 19:00:00,20.4,91,1010.9,13.4,23.8,0.0,97
2024-09-10 20:00:00,20.0,94,1010.3,13.4,22.7,0.0,85
2024-09-10 21:00:00,19.8,96,1009.7,15.1,25.2,0.0,100
2024-09-10 22:00:00,19.5,98,1009.5,14.8,25.2,0.0,100
2024-09-10 23:00:00,19.7,98,1009.6,15.9,26.6,0.0,100
2024-09-11 00:00:00,19.7,96,1009.9,16.5,28.4,0.0,100
2024-09-11 01:00:00,20.3,89,1010.1,17.7,33.5,0.0,100
2024-09-11 02:00:00,21.3,85,1010.9,16.7,31.7,0.0,99
2024-09-11 03:00:00,22.8,79,1011.5,20.9,37.4,0.0,100
2024-09-11 04:00:00,24.3,73,1011.7,21.6,39.2,0.1,100
2024-09-11 05:00:00,24.7,72,1011.1,22.9,40.7,0.1,100
2024-09-11 06:00:00,26.4,65,1010.1,21.9,42.5,0.1,99
2024-09-11 07:00:00,27.9,58,1008.8,22.4,45.0,0.1,100
2024-09-11 08:00:00,28.4,56,1007.6,22.5,43.6,0.1,100
2024-09-11 09:00:00,28.8,54,1007.0,21.3,41.8,0.0,100
2024-09-11 10:00:00,28.6,53,1006.7,22.1,42.1,0.0,100
2024-09-11 11:00:00,27.1,57,1007.2,21.0,42.8,0.0,100
2024-09-11 12:00:00,26.0,64,1008.0,18.8,37.1,0.2,100
2024-09-11 13:00:00,25.0,62,1009.6,16.9,30.2,0.0,99
2024-09-11 14:00:00,23.8,69,1010.6,19.4,32.4,0.0,100
2024-09-11 15:00:00,22.7,78,1011.8,16.2,32.8,0.0,100
2024-09-11 16:00:00,22.2,82,1012.6,14.2,27.4,0.0,91
2024-09-11 17:00:00,21.4,86,1012.6,13.7,24.1,0.0,49
2024-09-11 18:00:00,20.7,90,1012.4,12.7,23.0,0.0,9
2024-09-11 19:00:00,20.1,94,1011.8,12.0,21.2,0.0,20
2024-09-11 20:00:00,19.7,97,1011.2,11.9,20.5,0.0,43
2024-09-11 21:00:00,19.5,98,1010.8,13.0,21.6,0.0,91
2024-09-11 22:00:00,19.6,98,1010.6,13.8,23.4,0.0,100
2024-09-11 23:00:00,19.6,98,1011.1,14.2,25.2,0.0,100
2024-09-12 00:00:00,19.8,95,1011.6,15.8,27.4,0.0,100
2024-09-12 01:00:00,19.9,92,1012.1,17.1,29.2,0.0,100
2024-09-12 02:00:00,20.8,87,1012.9,21.0,36.0,0.0,100
2024-09-12 03:00:00,22.5,78,1013.3,20.8,38.5,0.1,100
2024-09-12 04:00:00,23.7,72,1013.3,20.6,37.8,0.0,100
2024-09-12 05:00:00,24.9,69,1012.7,20.2,37.1,0.1,100
2024-09-12 06:00:00,25.9,65,1011.8,21.5,39.6,0.1,90
2024-09-12 07:00:00,27.4,59,1010.5,20.7,39.6,0.2,19
2024-09-12 08:00:00,28.7,53,1009.1,22.0,41.4,0.1,18
2024-09-12 09:00:00,29.1,51,1008.1,22.0,41.4,0.0,20
2024-09-12 10:00:00,28.8,50,1007.9,22.1,41.0,0.0,11
2024-09-12 11:00:00,28.2,52,1008.4,20.4,40.3,0.1,25
2024-09-12 12:00:00,27.1,57,1009.0,14.9,35.6,0.0,25
2024-09-12 13:00:00,24.5,66,1010.1,9.2,26.6,0.0,100
2024-09-12 14:00:00,23.3,72,1011.1,6.9,14.8,0.0,100
2024-09-12 15:00:00,22.6,76,1012.0,7.3,11.5,0.0,100
2024-09-12 16:00:00,22.4,78,1012.6,10.2,16.2,0.0,100
2024-09-12 17:00:00,21.6,83,1012.8,9.5,16.6,0.0,100
2024-09-12 18:00:00,20.9,86,1012.6,9.8,16.2,0.0,100
2024-09-12 19:00:00,20.2,90,1012.0,9.3,16.2,0.0,100
2024-09-12 20:00:00,19.6,94,1011.7,8.8,15.5,0.0,100
2024-09-12 21:00:00,19.2,96,1011.2,9.7,16.2,0.0,100
2024-09-12 22:00:00,18.9,97,1011.1,9.8,16.9,0.0,100
2024-09-12 23:00:00,18.7,98,1011.1,10.1,16.9,0.0,100
2024-09-13 00:00:00,18.5,99,1011.5,9.8,16.9,0.0,100
2024-09-13 01:00:00,18.9,98,1011.9,10.8,18.7,0.0,100
2024-09-13 02:00:00,20.1,91,1013.0,14.2,26.3,0.0,100
2024-09-13 03:00:00,21.8,81,1013.5,14.4,27.7,0.0,100
2024-09-13 04:00:00,23.9,70,1013.2,14.8,30.2,0.0,99
2024-09-13 05:00:00,25.7,62,1012.8,18.4,34.6,0.0,100
2024-09-13 06:00:00,26.9,56,1011.8,19.8,38.2,0.0,100
2024-09-13 07:00:00,26.8,56,1010.9,19.2,38.5,0.0,100
2024-09-13 08:00:00,28.1,52,1009.4,19.4,38.2,0.0,100
2024-09-13 09:00:00,28.5,49,1008.1,19.3,37.4,0.0,100
2024-09-13 10:00:00,28.4,47,1007.6,20.8,38.2,0.0,100
2024-09-13 11:00:00,27.7,50,1007.6,17.8,38.2,0.0,100
2024-09-13 12:00:00,26.9,54,1007.7,13.6,31.0,0.0,100
2024-09-13 13:00:00,25.0,61,1009.3,14.3,27.4,0.0,100
2024-09-13 14:00:00,23.5,68,1010.1,8.4,23.4,0.0,100
2024-09-13 15:00:00,23.0,71,1010.5,6.1,13.7,0.0,100
2024-09-13 16:00:00,22.1,76,1011.5,8.0,11.5,0.0,100
2024-09-13 17:00:00,22.0,78,1012.4,10.8,17.6,0.0,100
2024-09-13 18:00:00,21.0,83,1012.1,9.7,17.6,0.0,100
2024-09-13 19:00:00,20.4,87,1011.5,8.4,16.2,0.0,99
2024-09-13 20:00:00,19.9,91,1011.0,8.9,14.8,0.0,100
2024-09-13 21:00:00,19.4,94,1010.6,8.4,14.8,0.0,94
2024-09-13 22:00:00,19.2,96,1010.3,8.4,14.4,0.0,96
2024-09-13 23:00:00,19.0,98,1010.5,7.6,14.0,0.0,100
2024-09-14 00:00:00,18.8,98,1011.0,7.3,13.0,0.0,100
2024-09-14 01:00:00,19.1,97,1011.3,8.5,14.4,0.0,100
2024-09-14 02:00:00,20.7,88,1012.3,12.3,23.0,0.0,100
2024-09-14 03:00:00,22.5,78,1012.8,14.0,27.0,0.0,100
2024-09-14 04:00:00,24.3,71,1012.5,12.2,27.7,0.0,100
2024-09-14 05:00:00,25.9,63,1011.8,14.2,29.9,0.0,100
2024-09-14 06:00:00,27.3,56,1010.8,15.6,32.4,0.0,100
2024-09-14 07:00:00,28.0,54,1009.3,17.3,34.6,0.0,100
2024-09-14 08:00:00,28.4,51,1008.1,19.6,37.8,0.1,100
2024-09-14 09:00:00,28.4,50,1007.0,18.8,37.8,0.1,100
2024-09-14 10:00:00,28.3,50,1006.7,20.9,38.2,0.4,100
2024-09-14 11:00:00,26.1,60,1007.6,19.2,39.2,0.3,100
2024-09-14 12:00:00,24.9,65,1008.5,16.1,33.5,0.0,100
2024-09-14 13:00:00,24.1,68,1009.4,9.2,16.6,0.0,100
2024-09-14 14:00:00,23.4,70,1010.4,8.9,16.2,0.0,100
2024-09-14 15:00:00,22.7,75,1011.2,5.4,14.4,0.0,100
2024-09-14 16:00:00,22.0,79,1012.0,6.7,10.1,0.0,100
2024-09-14 17:00:00,21.4,84,1012.4,8.7,14.0,0.0,100
2024-09-14 18:00:00,20.9,87,1012.2,8.6,14.0,0.0,94
2024-09-14 19:00:00,20.3,90,1011.5,8.9,14.4,0.0,100
2024-09-14 20:00:00,19.9,93,1011.0,9.3,15.5,0.0,100
2024-09-14 21:00:00,19.3,96,1010.8,10.3,16.9,0.0,92
2024-09-14 22:00:00,18.8,98,1010.6,9.4,17.3,0.0,100
2024-09-14 23:00:00,18.6,98,1010.6,9.4,15.8,0.0,37
2024-09-15 00:00:00,18.4,98,1010.8,9.4,15.8,0.0,93
2024-09-15 01:00:00,18.9,98,1012.1,9.3,16.2,0.0,95
2024-09-15 02:00:00,20.5,90,1012.5,13.6,24.8,0.0,99
2024-09-15 03:00:00,22.3,81,1012.7,15.1,29.2,0.0,100
2024-09-15 04:00:00,24.3,72,1012.4,16.4,31.7,0.1,100
2024-09-15 05:00:00,25.8,64,1011.7,17.3,34.2,0.1,97
2024-09-15 06:00:00,27.2,58,1010.6,18.1,35.6,0.1,92
2024-09-15 07:00:00,27.8,55,1009.3,18.5,36.4,0.1,82
2024-09-15 08:00:00,28.4,52,1008.2,18.6,37.1,0.1,27
2024-09-15 09:00:00,28.5,51,1007.2,18.5,36.4,0.1,18
2024-09-15 10:00:00,28.3,53,1007.0,17.8,35.6,0.0,37
2024-09-15 11:00:00,27.8,54,1007.3,18.2,34.2,0.0,48
2024-09-15 12:00:00,26.6,58,1008.4,15.3,33.1,0.0,45
2024-09-15 13:00:00,24.9,61,1009.2,12.5,25.2,0.0,89
2024-09-15 14:00:00,23.9,69,1010.2,11.0,20.9,0.0,100
2024-09-15 15:00:00,23.3,73,1011.2,10.1,18.4,0.0,100
2024-09-15 16:00:00,22.8,75,1012.2,11.8,19.8,0.0,100
2024-09-15 17:00:00,22.0,80,1012.4,11.8,19.8,0.0,100
2024-09-15 18:00:00,21.3,84,1012.1,11.6,19.8,0.0,26
2024-09-15 19:00:00,20.2,89,1011.6,7.6,19.1,0.0,39
2024-09-15 20:00:00,19.3,94,1011.2,7.8,13.0,0.0,96
2024-09-15 21:00:00,18.8,96,1010.5,8.4,13.7,0.0,40
2024-09-15 22:00:00,18.4,97,1010.5,7.6,13.7,0.0,31
2024-09-15 23:00:00,17.9,98,1011.0,7.2,13.0,0.0,76
2024-09-16 00:00:00,17.6,98,1011.4,7.6,12.6,0.0,54
2024-09-16 01:00:00,17.9,98,1012.2,9.4,15.5,0.0,100
2024-09-16 02:00:00,19.5,90,1012.6,10.9,20.5,0.0,100
2024-09-16 03:00:00,21.6,80,1013.0,12.6,25.6,0.0,100
2024-09-16 04:00:00,23.7,72,1012.7,15.2,30.6,0.0,99
2024-09-16 05:00:00,26.2,59,1011.8,20.0,38.5,0.0,100
2024-09-16 06:00:00,27.7,51,1011.0,22.2,42.1,0.0,100
2024-09-16 07:00:00,27.4,54,1010.1,21.5,42.8,0.1,100
2024-09-16 08:00:00,28.1,52,1008.7,21.3,40.3,0.4,99
2024-09-16 09:00:00,28.2,51,1008.0,21.5,40.7,0.2,99
2024-09-16 10:00:00,28.4,50,1007.3,20.2,39.6,0.0,97
2024-09-16 11:00:00,27.6,52,1007.8,22.6,38.9,0.0,99
2024-09-16 12:00:00,25.4,65,1008.9,17.0,41.0,0.0,100
2024-09-16 13:00:00,24.1,70,1009.5,11.6,27.0,0.0,92
2024-09-16 14:00:00,23.4,74,1010.5,13.4,22.7,0.0,95
2024-09-16 15:00:00,22.6,79,1011.5,10.1,22.7,0.0,65
2024-09-16 16:00:00,21.7,83,1012.5,9.3,16.9,0.0,58
2024-09-16 17:00:00,21.2,86,1013.0,9.4,16.6,0.0,28
2024-09-16 18:00:00,20.7,90,1012.7,10.0,16.2,0.0,19
2024-09-16 19:00:00,20.2,94,1012.2,10.1,16.9,0.0,15
2024-09-16 20:00:00,19.7,96,1011.5,9.9,16.9,0.0,11
2024-09-16 21:00:00,19.4,98,1011.1,11.2,18.7,0.0,14
2024-09-16 22:00:00,19.1,98,1010.7,12.0,19.8,0.0,19
2024-09-16 23:00:00,18.8,98,1011.2,11.7,20.2,0.0,21
2024-09-17 00:00:00,18.6,99,1011.9,12.3,20.5,0.0,85
2024-09-17 01:00:00,19.1,98,1012.3,12.4,20.2,0.0,85
2024-09-17 02:00:00,20.3,91,1012.7,15.5,27.7,0.0,90
2024-09-17 03:00:00,22.6,79,1012.9,17.8,32.8,0.0,100
2024-09-17 04:00:00,24.1,73,1012.8,19.1,40.0,0.0,98
2024-09-17 05:00:00,24.7,71,1012.2,20.0,41.4,0.1,56
2024-09-17 06:00:00,26.2,67,1011.4,19.8,42.5,0.1,49
2024-09-17 07:00:00,27.0,63,1009.9,20.4,42.1,0.2,22
2024-09-17 08:00:00,27.9,59,1008.6,20.0,42.1,0.0,23
2024-09-17 09:00:00,28.1,56,1007.5,19.7,38.9,0.0,18
2024-09-17 10:00:00,28.3,54,1006.6,20.3,41.0,0.0,8
2024-09-17 11:00:00,27.8,54,1006.4,19.7,37.8,0.0,6
2024-09-17 12:00:00,26.8,57,1006.8,16.9,35.6,0.0,10
2024-09-17 13:00:00,24.6,64,1008.0,9.5,24.8,0.0,4
2024-09-17 14:00:00,23.4,69,1008.9,7.2,15.8,0.0,5
2024-09-17 15:00:00,22.7,72,1009.6,8.5,13.3,0.0,2
2024-09-17 16:00:00,22.3,74,1010.3,10.2,16.6,0.0,2
2024-09-17 17:00:00,21.6,78,1010.7,11.0,18.4,0.0,7
2024-09-17 18:00:00,21.0,81,1010.7,10.9,19.1,0.0,0
2024-09-17 19:00:00,20.0,88,1010.7,8.4,18.0,0.0,3
2024-09-17 20:00:00,19.3,94,1010.3,9.5,15.1,0.0,13
2024-09-17 21:00:00,19.1,97,1010.0,10.4,17.6,0.0,78
2024-09-17 22:00:00,18.8,98,1009.9,10.9,18.4,0.0,100
2024-09-17 23:00:00,18.5,98,1010.0,11.2,18.7,0.0,52
2024-09-18 00:00:00,17.9,98,1010.4,9.7,18.7,0.0,63
2024-09-18 01:00:00,17.9,96,1010.6,9.6,15.5,0.0,17
2024-09-18 02:00:00,19.9,83,1011.0,13.4,24.8,0.0,14
2024-09-18 03:00:00,21.8,75,1011.4,13.2,26.6,0.0,14
2024-09-18 04:00:00,23.8,64,1011.4,14.5,30.2,0.0,1
2024-09-18 05:00:00,25.5,56,1010.6,16.8,34.2,0.0,0
2024-09-18 06:00:00,26.7,51,1009.7,16.7,34.6,0.0,0
2024-09-18 07:00:00,27.6,46,1008.7,15.9,34.2,0.0,0
2024-09-18 08:00:00,28.2,43,1007.5,15.5,33.5,0.0,0
2024-09-18 09:00:00,28.4,42,1006.5,15.3,32.0,0.0,22
2024-09-18 10:00:00,28.4,40,1005.9,14.7,31.3,0.0,70
2024-09-18 11:00:00,28.1,40,1005.7,14.0,29.2,0.0,65
2024-09-18 12:00:00,26.7,46,1006.4,9.9,26.3,0.0,18
2024-09-18 13:00:00,23.5,57,1006.9,6.4,14.8,0.0,1
2024-09-18 14:00:00,22.2,65,1007.9,9.3,11.2,0.0,7
2024-09-18 15:00:00,24.5,50,1008.6,6.4,10.8,0.0,1
2024-09-18 16:00:00,22.4,59,1009.6,8.4,9.0,0.0,34
2024-09-18 17:00:00,21.7,60,1009.9,7.4,11.9,0.0,78
2024-09-18 18:00:00,22.0,59,1009.8,12.9,20.5,0.0,5
2024-09-18 19:00:00,19.8,75,1010.1,8.0,21.2,0.0,48
2024-09-18 20:00:00,18.8,85,1010.1,6.4,12.6,0.0,0
2024-09-18 21:00:00,18.4,91,1009.5,6.7,11.2,0.0,0
2024-09-18 22:00:00,18.1,94,1009.2,5.8,11.2,0.0,0
2024-09-18 23:00:00,17.6,96,1009.3,5.5,9.7,0.0,0
2024-09-19 00:00:00,17.4,97,1009.6,5.4,8.6,0.0,0
2024-09-19 01:00:00,17.8,97,1010.5,6.5,10.4,0.0,0
2024-09-19 02:00:00,19.8,89,1011.3,8.3,17.3,0.0,10
2024-09-19 03:00:00,21.9,79,1011.8,7.8,19.4,0.0,0
2024-09-19 04:00:00,24.1,69,1011.5,8.8,22.0,0.0,23
2024-09-19 05:00:00,26.0,59,1010.9,9.7,23.8,0.1,64
2024-09-19 06:00:00,27.2,52,1009.9,11.3,26.6,0.1,37
2024-09-19 07:00:00,28.0,49,1008.7,12.0,27.4,0.1,14
2024-09-19 08:00:00,28.8,45,1007.3,11.9,27.7,0.0,17
2024-09-19 09:00:00,28.9,43,1006.4,11.9,27.4,0.0,12
2024-09-19 10:00:00,28.9,44,1006.0,10.7,25.9,0.0,9
2024-09-19 11:00:00,28.7,43,1006.1,10.4,23.4,0.0,24
2024-09-19 12:00:00,26.1,56,1007.1,18.4,29.9,0.3,81
2024-09-19 13:00:00,24.8,58,1008.0,13.8,22.3,0.0,44
2024-09-19 14:00:00,23.3,68,1009.2,11.4,23.4,0.0,32
2024-09-19 15:00:00,22.6,73,1010.1,10.5,18.7,0.0,17
2024-09-19 16:00:00,22.0,76,1010.7,10.4,17.3,0.0,19
2024-09-19 17:00:00,21.5,78,1010.9,10.0,16.9,0.0,24
2024-09-19 18:00:00,21.0,81,1010.5,11.7,19.1,0.0,26
2024-09-19 19:00:00,20.6,84,1010.0,11.4,19.8,0.0,24
2024-09-19 20:00:00,20.1,88,1009.6,8.7,19.1,0.0,99
2024-09-19 21:00:00,19.8,90,1009.4,7.4,14.0,0.0,100
2024-09-19 22:00:00,19.9,90,1009.2,7.4,13.3,0.0,100
2024-09-19 23:00:00,20.0,90,1009.5,6.6,12.6,0.0,93
2024-09-20 00:00:00,19.7,91,1009.8,6.9,11.5,0.0,100
2024-09-20 01:00:00,19.6,91,1010.6,9.8,16.6,0.0,99
2024-09-20 02:00:00,21.1,83,1010.8,10.7,20.5,0.0,100
2024-09-20 03:00:00,22.8,76,1011.3,11.2,23.8,0.0,100
2024-09-20 04:00:00,24.5,67,1011.4,12.3,26.6,0.0,91
2024-09-20 05:00:00,26.2,59,1010.6,12.7,28.4,0.0,33
2024-09-20 06:00:00,27.6,52,1009.8,12.0,28.4,0.0,65
2024-09-20 07:00:00,28.3,49,1008.7,12.6,28.1,0.0,76
2024-09-20 08:00:00,28.7,49,1007.3,13.3,29.9,0.1,91
2024-09-20 09:00:00,28.9,49,1006.7,12.0,29.2,0.0,79
2024-09-20 10:00:00,28.8,49,1006.2,12.3,27.0,0.0,45
2024-09-20 11:00:00,28.2,51,1006.0,10.1,25.6,0.0,97
2024-09-20 12:00:00,27.1,54,1006.6,9.2,21.2,0.0,100
2024-09-20 13:00:00,24.4,67,1007.9,5.2,13.3,0.0,100
2024-09-20 14:00:00,24.5,62,1008.5,5.5,9.0,0.0,100
2024-09-20 15:00:00,23.4,71,1009.4,7.3,8.6,0.0,100
2024-09-20 16:00:00,23.1,70,1010.2,6.1,8.3,0.0,100
2024-09-20 17:00:00,22.7,72,1010.6,8.6,13.0,0.0,99
2024-09-20 18:00:00,21.9,76,1010.7,8.8,15.5,0.0,15
2024-09-20 19:00:00,21.0,80,1010.7,8.9,14.8,0.0,87
2024-09-20 20:00:00,20.5,85,1010.4,8.4,14.8,0.0,33
2024-09-20 21:00:00,19.8,91,1010.0,10.0,16.2,0.0,100
2024-09-20 22:00:00,19.4,95,1009.8,11.4,18.7,0.0,98
2024-09-20 23:00:00,19.3,97,1009.9,12.0,19.8,0.0,100
2024-09-21 00:00:00,19.1,98,1010.2,12.3,20.9,0.0,100
2024-09-21 01:00:00,19.7,93,1010.4,12.6,23.8,0.0,100
2024-09-21 02:00:00,21.0,86,1011.2,14.2,26.6,0.0,100
2024-09-21 03:00:00,22.6,78,1012.0,14.4,28.1,0.0,100
2024-09-21 04:00:00,24.4,69,1011.8,15.3,31.0,0.0,100
2024-09-21 05:00:00,26.4,57,1011.1,16.7,34.6,0.0,100
2024-09-21 06:00:00,27.8,52,1009.9,18.6,37.4,0.0,100
2024-09-21 07:00:00,28.5,52,1008.9,18.4,38.2,0.0,43
2024-09-21 08:00:00,29.0,51,1007.8,16.9,37.1,0.0,49
2024-09-21 09:00:00,29.3,50,1006.6,16.1,35.3,0.0,100
2024-09-21 10:00:00,28.6,50,1006.2,17.3,33.1,0.0,87
2024-09-21 11:00:00,27.6,52,1006.1,15.9,32.4,0.1,100
2024-09-21 12:00:00,26.9,55,1006.7,12.2,29.2,0.0,100
2024-09-21 13:00:00,25.1,59,1007.9,8.1,22.7,0.0,100
2024-09-21 14:00:00,25.2,59,1008.8,7.6,14.0,0.0,100
2024-09-21 15:00:00,24.8,61,1009.6,9.2,14.4,0.0,100
2024-09-21 16:00:00,24.3,63,1010.6,13.0,20.9,0.0,87
2024-09-21 17:00:00,23.1,70,1011.1,12.2,21.6,0.0,99
2024-09-21 18:00:00,22.8,74,1011.0,13.3,22.3,0.0,90
2024-09-21 19:00:00,22.1,79,1010.6,13.0,22.0,0.0,100
2024-09-21 20:00:00,21.7,81,1010.0,12.7,22.3,0.0,99
2024-09-21 21:00:00,21.0,87,1009.6,12.8,21.6,1.1,87
2024-09-21 22:00:00,20.6,89,1009.1,11.7,21.6,0.0,26
2024-09-21 23:00:00,19.9,92,1009.3,11.6,19.4,0.0,82
2024-09-22 00:00:00,19.5,94,1009.8,10.5,19.4,0.0,100
2024-09-22 01:00:00,19.6,92,1009.8,10.8,19.1,0.0,90
2024-09-22 02:00:00,21.0,84,1010.5,13.8,25.9,0.0,79
2024-09-22 03:00:00,22.9,76,1010.6,15.5,30.6,0.0,89
2024-09-22 04:00:00,25.0,66,1010.4,16.9,33.8,0.0,100
2024-09-22 05:00:00,26.9,56,1009.7,19.3,37.4,0.0,100
2024-09-22 06:00:00,27.6,55,1009.0,18.0,37.8,0.0,100
2024-09-22 07:00:00,28.5,52,1007.7,17.4,36.4,0.0,100
2024-09-22 08:00:00,28.9,51,1006.5,16.6,36.0,0.0,100
2024-09-22 09:00:00,29.1,50,1005.4,15.1,34.2,0.0,100
2024-09-22 10:00:00,27.8,53,1005.1,13.4,31.0,0.0,92
2024-09-22 11:00:00,28.1,52,1004.9,7.4,25.9,0.1,96
2024-09-22 12:00:00,25.2,66,1006.1,18.1,31.0,0.2,100
2024-09-22 13:00:00,24.9,65,1006.6,7.6,17.6,0.0,99
2024-09-22 14:00:00,24.3,67,1007.5,8.3,15.1,0.0,100
2024-09-22 15:00:00,24.2,68,1008.5,10.8,16.9,0.0,100
2024-09-22 16:00:00,23.8,71,1009.7,15.9,25.9,0.0,100
2024-09-22 17:00:00,22.5,78,1009.9,13.9,29.2,0.0,100
2024-09-22 18:00:00,21.7,84,1009.8,10.2,23.0,0.0,35
2024-09-22 19:00:00,21.1,88,1009.2,9.9,16.9,0.0,43
2024-09-22 20:00:00,20.6,92,1008.9,11.2,18.7,0.0,47
2024-09-22 21:00:00,20.3,93,1008.4,11.2,19.8,0.0,80
2024-09-22 22:00:00,20.2,95,1008.4,11.2,19.1,0.0,97
2024-09-22 23:00:00,20.4,93,1008.3,13.7,23.0,0.0,75
2024-09-23 00:00:00,20.1,95,1008.6,13.7,23.4,0.0,96
2024-09-23 01:00:00,20.2,96,1009.2,11.2,21.6,0.1,69
2024-09-23 02:00:00,21.4,89,1009.9,16.3,28.4,0.0,92
2024-09-23 03:00:00,23.5,78,1010.0,19.2,34.2,0.1,100
2024-09-23 04:00:00,24.2,74,1010.0,18.5,35.3,0.1,100
2024-09-23 05:00:00,25.8,66,1009.4,17.8,34.9,0.1,97
2024-09-23 06:00:00,27.0,63,1008.6,16.1,34.6,0.1,98
2024-09-23 07:00:00,28.4,60,1007.4,15.0,33.8,0.0,91
2024-09-23 08:00:00,29.2,57,1006.0,15.2,33.5,0.1,92
2024-09-23 09:00:00,29.4,55,1004.3,13.2,32.4,0.0,100
2024-09-23 10:00:00,28.7,55,1003.6,14.8,28.1,0.0,99
2024-09-23 11:00:00,25.2,75,1004.8,11.9,31.7,0.6,100
2024-09-23 12:00:00,22.2,88,1006.9,20.0,37.1,3.8,100
2024-09-23 13:00:00,24.8,70,1006.8,8.4,19.4,0.0,100
2024-09-23 14:00:00,24.0,76,1008.3,12.1,19.1,0.0,100
2024-09-23 15:00:00,22.8,84,1009.1,12.1,22.7,0.0,100
2024-09-23 16:00:00,22.0,88,1010.1,11.4,20.2,0.0,83
2024-09-23 17:00:00,21.9,90,1010.2,12.4,19.8,0.1,62
2024-09-23 18:00:00,21.5,91,1010.1,14.4,24.8,0.2,99
2024-09-23 19:00:00,21.0,94,1009.4,14.8,24.8,0.0,100
2024-09-23 20:00:00,20.8,95,1008.7,13.6,24.8,0.0,100
2024-09-23 21:00:00,20.6,95,1008.3,14.8,25.2,0.0,100
2024-09-23 22:00:00,20.7,94,1007.9,15.5,26.3,0.0,100
2024-09-23 23:00:00,20.7,94,1008.1,17.2,29.9,0.0,100
2024-09-24 00:00:00,20.9,93,1007.9,15.7,29.9,0.0,100
2024-09-24 01:00:00,21.2,89,1008.3,17.7,32.4,0.0,100
2024-09-24 02:00:00,21.6,88,1008.8,20.4,35.3,0.0,100
2024-09-24 03:00:00,23.1,80,1009.3,20.0,36.7,0.2,100
2024-09-24 04:00:00,25.0,71,1009.1,21.3,38.5,0.1,100
2024-09-24 05:00:00,25.8,68,1008.7,20.9,38.9,0.1,100
2024-09-24 06:00:00,26.8,64,1007.6,18.7,39.2,0.1,100
2024-09-24 07:00:00,28.6,59,1006.2,18.4,38.5,0.0,100
2024-09-24 08:00:00,27.3,61,1005.3,23.5,41.0,0.0,100
2024-09-24 09:00:00,26.2,71,1004.6,16.6,45.4,0.4,100
2024-09-24 10:00:00,27.0,69,1003.8,14.8,31.7,0.1,100
2024-09-24 11:00:00,23.1,85,1005.1,18.4,41.0,2.1,100
2024-09-24 12:00:00,23.0,84,1005.6,14.9,32.0,0.5,100
2024-09-24 13:00:00,22.2,90,1006.4,12.4,23.4,0.2,100
2024-09-24 14:00:00,21.7,92,1007.4,12.2,23.8,0.4,100
2024-09-24 15:00:00,21.7,93,1008.0,11.3,20.5,0.1,100
2024-09-24 16:00:00,21.8,93,1008.8,15.4,24.8,0.1,100
2024-09-24 17:00:00,21.7,92,1009.3,16.4,27.4,0.0,100
2024-09-24 18:00:00,21.4,93,1009.2,15.7,27.4,0.0,100
2024-09-24 19:00:00,21.1,93,1008.6,16.1,27.0,0.0,100
2024-09-24 20:00:00,20.9,94,1007.9,15.4,27.7,0.2,100
2024-09-24 21:00:00,20.8,95,1007.5,15.0,25.9,0.1,100
2024-09-24 22:00:00,20.5,97,1007.4,14.2,25.6,0.2,100
2024-09-24 23:00:00,20.4,98,1007.5,14.2,28.8,1.2,100
2024-09-25 00:00:00,20.6,97,1008.0,17.1,29.2,0.2,100
2024-09-25 01:00:00,20.4,96,1008.4,15.8,27.0,0.0,100
2024-09-25 02:00:00,21.5,88,1009.1,19.0,34.6,0.0,100
2024-09-25 03:00:00,22.8,80,1009.8,21.9,38.9,0.0,100
2024-09-25 04:00:00,24.3,73,1009.7,22.5,41.0,0.0,100
2024-09-25 05:00:00,25.5,68,1009.4,23.4,42.8,0.1,100
2024-09-25 06:00:00,26.1,65,1008.6,22.7,42.8,0.1,100
2024-09-25 07:00:00,27.1,61,1007.3,20.0,41.8,0.0,100
2024-09-25 08:00:00,28.1,60,1006.1,19.0,40.0,0.0,100
2024-09-25 09:00:00,28.8,57,1005.0,19.5,38.5,0.0,100
2024-09-25 10:00:00,27.8,59,1004.6,19.9,37.8,0.0,100
2024-09-25 11:00:00,25.7,69,1005.4,16.4,37.1,0.3,100
2024-09-25 12:00:00,24.9,74,1005.9,12.1,28.8,0.1,100
2024-09-25 13:00:00,23.4,80,1007.4,8.5,15.8,0.0,100
2024-09-25 14:00:00,22.6,85,1007.8,10.5,16.9,0.0,100
2024-09-25 15:00:00,22.4,86,1008.4,12.9,20.9,0.0,100
2024-09-25 16:00:00,22.3,83,1009.2,14.8,24.5,0.0,100
2024-09-25 17:00:00,21.7,84,1009.5,13.9,24.8,0.0,100
2024-09-25 18:00:00,21.2,86,1009.4,13.4,23.4,0.0,100
2024-09-25 19:00:00,20.8,89,1009.1,13.8,23.0,0.0,100
2024-09-25 20:00:00,20.5,91,1008.7,13.4,23.0,0.0,100
2024-09-25 21:00:00,20.0,94,1008.2,13.9,23.4,0.0,100
2024-09-25 22:00:00,19.6,97,1008.0,12.8,23.4,0.0,100
2024-09-25 23:00:00,19.7,97,1007.9,13.4,23.0,0.0,100
2024-09-26 00:00:00,20.0,95,1008.0,13.8,24.5,0.0,100
2024-09-26 01:00:00,19.9,95,1009.0,14.2,25.9,0.0,100
2024-09-26 02:00:00,20.9,89,1009.9,15.8,28.1,0.0,100
2024-09-26 03:00:00,22.8,79,1010.1,18.6,33.8,0.1,100
2024-09-26 04:00:00,23.9,74,1010.1,19.5,35.6,0.1,100
2024-09-26 05:00:00,25.4,67,1009.9,19.1,36.0,0.0,100
2024-09-26 06:00:00,26.9,60,1008.9,18.3,35.6,0.0,100
2024-09-26 07:00:00,27.6,57,1007.8,18.3,35.3,0.0,100
2024-09-26 08:00:00,28.3,55,1006.5,17.3,35.6,0.0,100
2024-09-26 09:00:00,28.4,54,1005.3,16.0,33.5,0.0,99
2024-09-26 10:00:00,28.8,52,1004.8,16.4,33.5,0.0,100
2024-09-26 11:00:00,28.3,53,1004.7,16.6,33.5,0.0,100
2024-09-26 12:00:00,26.8,61,1005.6,12.6,29.5,0.0,100
2024-09-26 13:00:00,24.9,67,1006.9,8.8,19.8,0.0,100
2024-09-26 14:00:00,23.9,72,1008.5,10.5,16.6,0.0,100
2024-09-26 15:00:00,23.0,80,1009.7,11.5,19.8,0.3,100
2024-09-26 16:00:00,22.8,83,1010.3,12.5,20.5,0.1,100
2024-09-26 17:00:00,22.1,85,1010.5,11.7,20.5,0.0,100
2024-09-26 18:00:00,21.6,87,1010.7,12.5,20.5,0.0,100
2024-09-26 19:00:00,21.1,88,1010.3,12.5,21.2,0.0,100
2024-09-26 20:00:00,20.5,91,1010.1,11.5,20.9,0.0,100
2024-09-26 21:00:00,20.0,94,1009.9,9.8,19.4,0.0,100
2024-09-26 22:00:00,19.9,95,1009.7,9.5,16.6,0.0,100
2024-09-26 23:00:00,19.7,97,1009.8,10.8,17.6,0.0,100
2024-09-27 00:00:00,19.4,98,1010.0,11.0,18.7,0.0,100
2024-09-27 01:00:00,19.6,97,1010.7,11.2,18.0,0.0,100
2024-09-27 02:00:00,21.3,88,1011.4,16.5,28.4,0.0,100
2024-09-27 03:00:00,23.0,78,1011.9,16.8,31.3,0.0,100
2024-09-27 04:00:00,24.2,73,1012.3,15.0,31.7,0.0,100
2024-09-27 05:00:00,25.6,67,1012.1,14.7,29.5,0.0,100
2024-09-27 06:00:00,26.6,63,1011.4,14.6,29.5,0.0,100
2024-09-27 07:00:00,27.7,59,1010.1,13.3,30.2,0.1,100
2024-09-27 08:00:00,28.4,57,1008.7,13.4,28.4,0.0,100
2024-09-27 09:00:00,28.8,56,1007.8,12.3,28.8,0.0,100
2024-09-27 10:00:00,28.8,55,1007.5,9.3,26.3,0.0,100
2024-09-27 11:00:00,27.9,57,1007.3,11.2,21.6,0.0,100
2024-09-27 12:00:00,26.7,61,1008.2,11.6,21.6,0.0,100
2024-09-27 13:00:00,23.1,81,1010.2,12.5,23.8,0.5,100
2024-09-27 14:00:00,22.8,84,1011.0,4.0,19.4,0.0,100
2024-09-27 15:00:00,22.3,87,1011.5,4.9,7.9,0.0,100
2024-09-27 16:00:00,22.1,90,1012.7,6.2,9.4,0.0,100
2024-09-27 17:00:00,21.1,93,1013.4,10.3,17.3,0.8,100
2024-09-27 18:00:00,20.6,95,1013.0,4.1,17.3,0.1,100
2024-09-27 19:00:00,20.3,97,1011.9,4.2,7.6,0.0,100
2024-09-27 20:00:00,20.2,96,1011.3,5.2,7.9,0.0,99
2024-09-27 21:00:00,20.3,96,1011.0,4.4,6.5,0.0,100
2024-09-27 22:00:00,19.7,98,1010.9,5.0,7.2,0.0,99
2024-09-27 23:00:00,19.7,98,1011.0,4.9,7.2,0.0,100
2024-09-28 00:00:00,19.9,99,1011.3,3.7,6.5,0.0,100
2024-09-28 01:00:00,20.1,97,1011.8,2.6,7.2,0.0,100
2024-09-28 02:00:00,21.5,91,1012.9,5.1,11.5,0.0,97
2024-09-28 03:00:00,23.1,81,1013.6,7.1,17.6,0.0,90
2024-09-28 04:00:00,24.8,71,1013.5,7.3,19.1,0.0,79
2024-09-28 05:00:00,26.2,64,1013.1,7.4,20.2,0.1,75
2024-09-28 06:00:00,27.0,62,1012.5,7.8,21.2,0.4,65
2024-09-28 07:00:00,27.3,63,1011.5,5.3,21.6,0.2,90
2024-09-28 08:00:00,27.7,63,1010.4,4.2,17.3,0.1,58
2024-09-28 09:00:00,28.5,59,1008.4,8.5,21.2,0.1,95
2024-09-28 10:00:00,27.3,61,1008.2,10.1,21.2,0.1,99
2024-09-28 11:00:00,25.3,72,1009.2,6.5,23.0,0.4,100
2024-09-28 12:00:00,24.3,78,1009.7,6.5,14.8,0.0,100
2024-09-28 13:00:00,23.6,86,1009.8,4.6,7.6,0.0,93
2024-09-28 14:00:00,23.0,85,1011.0,5.2,8.3,0.2,37
2024-09-28 15:00:00,22.8,84,1011.7,8.2,12.6,0.0,92
2024-09-28 16:00:00,22.3,85,1012.9,8.3,14.8,0.1,96
2024-09-28 17:00:00,21.5,89,1013.6,15.4,25.9,0.7,97
2024-09-28 18:00:00,21.2,91,1013.5,10.1,24.8,0.6,97
2024-09-28 19:00:00,20.7,95,1013.3,12.1,19.4,2.3,100
2024-09-28 20:00:00,20.6,98,1012.9,9.2,20.2,1.4,100
2024-09-28 21:00:00,20.5,97,1012.8,8.1,16.2,0.1,100
2024-09-28 22:00:00,20.6,94,1012.5,6.6,14.0,0.1,100
2024-09-28 23:00:00,20.4,95,1012.9,6.6,13.3,0.3,100
2024-09-29 00:00:00,20.3,94,1013.3,0.4,12.2,0.1,80
2024-09-29 01:00:00,20.8,96,1013.5,2.9,7.6,0.0,44
2024-09-29 02:00:00,21.9,90,1014.4,6.5,13.7,0.0,51
2024-09-29 03:00:00,23.3,83,1014.8,5.5,18.4,0.0,30
2024-09-29 04:00:00,25.0,74,1014.3,8.6,20.2,0.1,34
2024-09-29 05:00:00,26.7,66,1013.3,10.2,23.4,0.1,31
2024-09-29 06:00:00,27.6,62,1012.4,10.8,24.5,0.3,44
2024-09-29 07:00:00,28.3,60,1011.0,9.7,24.8,0.2,41
2024-09-29 08:00:00,28.5,59,1010.0,8.8,23.0,0.1,39
2024-09-29 09:00:00,28.4,57,1009.3,11.9,24.8,0.0,87
2024-09-29 10:00:00,28.3,58,1008.5,9.0,24.8,0.1,29
2024-09-29 11:00:00,27.8,59,1008.5,11.8,22.3,0.0,85
2024-09-29 12:00:00,26.5,66,1009.1,10.3,24.1,0.3,24
2024-09-29 13:00:00,25.0,68,1010.2,5.7,14.4,0.0,92
2024-09-29 14:00:00,24.9,67,1011.5,4.9,8.3,0.0,70
2024-09-29 15:00:00,24.3,68,1013.0,2.3,9.4,0.0,41
2024-09-29 16:00:00,22.7,79,1013.4,5.1,7.6,0.0,12
2024-09-29 17:00:00,22.3,86,1013.6,8.9,14.4,0.0,2
2024-09-29 18:00:00,21.6,93,1013.6,5.2,14.8,0.0,12
2024-09-29 19:00:00,21.0,96,1013.2,4.8,8.3,0.0,16
2024-09-29 20:00:00,20.8,97,1012.5,5.7,9.0,0.0,12
2024-09-29 21:00:00,20.5,98,1012.5,5.6,10.1,0.0,100
2024-09-29 22:00:00,20.6,99,1012.4,5.1,10.1,0.0,100
2024-09-29 23:00:00,20.8,98,1012.2,8.5,14.0,0.0,99
2024-09-30 00:00:00,20.7,99,1012.9,4.1,14.0,0.0,100
2024-09-30 01:00:00,20.9,93,1013.9,6.4,11.9,0.0,98
2024-09-30 02:00:00,21.7,88,1014.7,5.8,14.0,0.0,48
2024-09-30 03:00:00,23.5,78,1014.9,5.5,15.1,0.0,49
2024-09-30 04:00:00,25.5,68,1014.6,6.8,18.4,0.0,11
2024-09-30 05:00:00,27.0,61,1013.8,6.5,18.7,0.0,16
2024-09-30 06:00:00,28.2,57,1012.8,8.2,23.4,0.0,17
2024-09-30 07:00:00,29.2,52,1011.1,9.9,23.4,0.1,18
2024-09-30 08:00:00,29.9,50,1009.7,10.7,25.6,0.0,12
2024-09-30 09:00:00,30.2,48,1008.4,11.7,25.6,0.0,21
2024-09-30 10:00:00,30.2,46,1007.6,11.7,25.6,0.0,26
2024-09-30 11:00:00,28.9,48,1007.7,13.6,24.8,0.0,38
2024-09-30 12:00:00,27.7,54,1007.9,9.4,24.8,0.0,30
2024-09-30 13:00:00,25.3,60,1009.1,7.9,15.1,0.0,7
2024-09-30 14:00:00,24.4,63,1010.6,8.7,13.0,0.0,6
2024-09-30 15:00:00,24.0,67,1011.6,10.4,16.9,0.0,4
2024-09-30 16:00:00,23.4,71,1012.4,10.6,16.9,0.0,13
2024-09-30 17:00:00,22.7,79,1012.7,11.4,18.7,0.0,0
2024-09-30 18:00:00,22.0,88,1012.4,11.0,18.7,0.0,0
2024-09-30 19:00:00,21.4,93,1012.0,7.7,18.0,0.0,2
2024-09-30 20:00:00,20.9,95,1011.3,5.2,12.6,0.0,0
2024-09-30 21:00:00,20.6,97,1010.9,6.4,10.4,0.0,0
2024-09-30 22:00:00,20.2,98,1010.7,4.5,10.1,0.0,6
2024-09-30 23:00:00,19.8,99,1010.9,5.6,7.2,0.0,37
2024-10-01 00:00:00,20.0,99,1011.3,4.4,7.2,0.0,71
2024-10-01 01:00:00,20.3,99,1011.3,5.5,9.0,0.0,69
2024-10-01 02:00:00,22.0,91,1012.4,4.8,13.0,0.0,18
2024-10-01 03:00:00,24.0,80,1012.7,5.2,15.5,0.0,8
2024-10-01 04:00:00,25.9,69,1012.5,5.6,16.9,0.0,30
2024-10-01 05:00:00,27.8,60,1011.6,7.3,19.8,0.0,32
2024-10-01 06:00:00,28.7,55,1010.4,6.7,21.2,0.1,20
2024-10-01 07:00:00,29.5,53,1009.1,6.3,21.2,0.1,15
2024-10-01 08:00:00,30.2,51,1008.0,5.0,20.9,0.0,43
2024-10-01 09:00:00,30.6,48,1007.0,6.4,18.4,0.0,100
2024-10-01 10:00:00,27.8,54,1007.3,10.6,24.5,0.2,73
2024-10-01 11:00:00,29.1,49,1006.8,4.0,20.9,0.0,77
2024-10-01 12:00:00,28.3,55,1007.4,4.2,11.2,0.0,49
2024-10-01 13:00:00,26.0,66,1008.6,4.7,7.6,0.0,98
2024-10-01 14:00:00,25.4,71,1010.0,3.5,7.9,0.0,79
2024-10-01 15:00:00,25.6,67,1011.1,3.6,6.1,0.0,99
2024-10-01 16:00:00,24.5,72,1011.9,4.5,6.5,0.0,52
2024-10-01 17:00:00,24.3,70,1012.1,7.6,12.2,0.0,90
2024-10-01 18:00:00,23.6,73,1012.1,5.6,12.6,0.0,52
2024-10-01 19:00:00,22.8,76,1011.3,6.4,9.0,0.0,68
2024-10-01 20:00:00,22.5,78,1011.0,11.6,19.1,0.0,60
2024-10-01 21:00:00,21.5,85,1010.4,7.8,18.7,0.0,54
2024-10-01 22:00:00,20.9,90,1010.2,7.0,12.6,0.0,29
2024-10-01 23:00:00,20.6,93,1010.3,7.9,13.0,0.0,0
2024-10-02 00:00:00,20.4,95,1011.1,10.3,16.6,0.0,92
2024-10-02 01:00:00,21.1,92,1011.7,11.8,18.7,0.0,30
2024-10-02 02:00:00,22.6,86,1012.5,14.6,26.3,0.0,16
2024-10-02 03:00:00,24.6,76,1013.1,14.6,29.9,0.0,40
2024-10-02 04:00:00,26.4,67,1012.8,10.3,28.4,0.0,38
2024-10-02 05:00:00,27.6,62,1012.0,8.6,23.8,0.0,39
2024-10-02 06:00:00,28.4,59,1011.5,7.9,22.0,0.1,79
2024-10-02 07:00:00,29.2,58,1010.4,6.5,21.2,0.1,19
2024-10-02 08:00:00,29.6,57,1009.1,8.4,22.3,0.0,49
2024-10-02 09:00:00,29.9,56,1008.0,10.8,24.5,0.0,65
2024-10-02 10:00:00,28.9,57,1007.6,5.5,24.8,1.2,94
2024-10-02 11:00:00,27.1,65,1008.5,6.4,16.2,0.4,91
2024-10-02 12:00:00,25.3,76,1009.6,9.4,18.7,0.4,89
2024-10-02 13:00:00,23.7,80,1010.6,10.9,17.3,6.0,98
2024-10-02 14:00:00,21.8,92,1012.7,12.2,21.2,0.4,99
2024-10-02 15:00:00,22.1,87,1012.6,2.0,20.9,0.1,100
2024-10-02 16:00:00,21.5,93,1013.6,2.0,7.6,0.2,100
2024-10-02 17:00:00,21.2,95,1014.2,3.8,6.8,0.7,100
2024-10-02 18:00:00,20.8,96,1013.2,2.9,7.6,0.2,100
2024-10-02 19:00:00,20.8,95,1013.0,9.4,14.4,0.0,100
2024-10-02 20:00:00,20.2,95,1012.7,6.3,27.4,3.2,100
2024-10-02 21:00:00,20.3,95,1012.2,8.7,11.5,0.1,100
2024-10-02 22:00:00,20.0,98,1011.3,6.6,15.5,0.1,100
2024-10-02 23:00:00,20.0,99,1011.6,9.6,15.8,0.0,100
2024-10-03 00:00:00,20.0,99,1012.0,10.7,18.0,0.0,100
2024-10-03 01:00:00,20.4,97,1012.0,7.3,15.5,0.1,100
2024-10-03 02:00:00,21.0,95,1012.7,9.0,15.5,0.0,100
2024-10-03 03:00:00,22.1,91,1013.6,10.2,19.8,0.0,100
2024-10-03 04:00:00,23.4,85,1013.9,13.1,25.6,0.0,100
2024-10-03 05:00:00,25.6,73,1013.2,15.5,32.0,0.0,100
2024-10-03 06:00:00,26.7,67,1012.3,14.6,31.7,0.0,100
2024-10-03 07:00:00,27.9,60,1011.0,15.0,31.0,0.0,100
2024-10-03 08:00:00,28.2,59,1010.2,13.6,31.0,0.0,100
2024-10-03 09:00:00,28.4,57,1008.7,12.8,28.4,0.0,100
2024-10-03 10:00:00,27.5,61,1007.9,13.0,28.4,0.1,100
2024-10-03 11:00:00,27.1,63,1008.1,12.1,26.3,0.0,100
2024-10-03 12:00:00,25.8,71,1009.2,9.8,23.4,0.6,100
2024-10-03 13:00:00,24.1,76,1010.1,5.6,18.0,0.0,100
2024-10-03 14:00:00,23.5,80,1011.2,4.7,9.7,0.0,100
2024-10-03 15:00:00,22.9,83,1012.4,6.4,10.1,0.0,100
2024-10-03 16:00:00,22.4,85,1013.2,5.6,10.1,0.0,100
2024-10-03 17:00:00,22.0,87,1013.2,7.1,11.9,0.0,100
2024-10-03 18:00:00,21.4,91,1012.4,7.1,11.9,0.0,100
2024-10-03 19:00:00,21.0,94,1012.1,5.6,11.5,0.0,100
2024-10-03 20:00:00,20.8,95,1011.5,5.4,9.4,0.0,100
2024-10-03 21:00:00,20.3,97,1010.9,4.3,8.6,0.0,100
2024-10-03 22:00:00,20.3,97,1010.9,5.6,9.0,0.0,100
2024-10-03 23:00:00,20.0,98,1011.3,5.6,9.4,0.0,96
2024-10-04 00:00:00,19.9,98,1011.9,5.3,9.4,0.0,97
2024-10-04 01:00:00,20.4,98,1012.4,7.4,11.5,0.0,100
2024-10-04 02:00:00,21.8,92,1012.9,11.3,20.5,0.0,100
2024-10-04 03:00:00,23.6,81,1013.3,11.8,23.4,0.0,100
2024-10-04 04:00:00,25.2,75,1013.2,11.9,25.6,0.0,100
2024-10-04 05:00:00,26.7,67,1012.7,12.0,26.6,0.0,100
2024-10-04 06:00:00,27.8,64,1011.8,12.3,27.7,0.0,100
2024-10-04 07:00:00,28.4,61,1010.8,12.1,27.7,0.0,100
2024-10-04 08:00:00,28.6,60,1009.5,12.0,27.4,0.0,100
2024-10-04 09:00:00,28.3,60,1007.8,11.0,26.3,0.0,100
2024-10-04 10:00:00,27.5,61,1007.4,10.5,24.1,0.1,100
2024-10-04 11:00:00,27.1,60,1008.0,9.8,21.2,0.1,100
2024-10-04 12:00:00,25.2,72,1009.0,10.7,18.7,0.0,100
2024-10-04 13:00:00,24.5,74,1010.1,11.2,18.7,0.0,100
2024-10-04 14:00:00,23.4,80,1011.1,10.2,19.1,0.0,100
2024-10-04 15:00:00,22.3,87,1012.3,6.6,16.6,0.0,100
2024-10-04 16:00:00,20.8,98,1013.7,9.5,20.9,3.9,100
2024-10-04 17:00:00,21.1,96,1013.3,9.7,16.9,1.6,100
2024-10-04 18:00:00,20.9,98,1013.2,9.1,18.0,1.5,100
2024-10-04 19:00:00,20.9,98,1012.7,4.4,15.1,0.9,100
2024-10-04 20:00:00,20.8,99,1011.9,4.1,8.6,2.3,100
2024-10-04 21:00:00,20.5,98,1011.8,6.9,11.5,1.1,100
2024-10-04 22:00:00,20.4,98,1011.3,5.9,13.0,1.0,100
2024-10-04 23:00:00,20.3,98,1011.3,5.4,10.8,2.4,100
2024-10-05 00:00:00,20.1,98,1011.9,7.7,13.0,0.7,100
2024-10-05 01:00:00,20.2,95,1012.6,7.0,14.8,0.2,100
2024-10-05 02:00:00,21.0,90,1013.4,11.1,18.7,0.6,100
2024-10-05 03:00:00,21.9,86,1013.6,12.8,23.8,0.0,100
2024-10-05 04:00:00,23.9,78,1013.7,14.3,28.4,0.0,100
2024-10-05 05:00:00,25.2,73,1013.3,11.6,28.4,0.0,100
2024-10-05 06:00:00,25.7,71,1012.2,11.8,24.8,0.0,100
2024-10-05 07:00:00,26.3,69,1010.9,9.0,24.5,0.0,100
2024-10-05 08:00:00,26.9,66,1009.9,7.7,20.9,0.0,100
2024-10-05 09:00:00,23.6,79,1009.7,14.3,27.7,0.7,100
2024-10-05 10:00:00,23.8,79,1009.4,8.7,27.7,0.1,100
2024-10-05 11:00:00,23.4,81,1009.8,9.1,21.6,0.0,100
2024-10-05 12:00:00,22.7,86,1010.5,9.5,18.0,0.0,100
2024-10-05 13:00:00,22.8,84,1011.1,7.5,13.0,0.0,100
2024-10-05 14:00:00,22.2,88,1011.9,6.8,12.2,0.0,100
2024-10-05 15:00:00,21.7,91,1012.7,7.1,12.2,0.0,100
2024-10-05 16:00:00,21.5,92,1013.2,5.4,11.9,0.3,100
2024-10-05 17:00:00,21.2,94,1013.2,5.9,9.7,0.5,100
2024-10-05 18:00:00,21.1,94,1012.7,4.6,9.7,0.5,100
2024-10-05 19:00:00,21.0,95,1012.1,3.6,7.6,0.3,100
2024-10-05 20:00:00,20.8,96,1011.5,5.0,8.6,0.2,100
2024-10-05 21:00:00,20.5,97,1010.6,3.6,7.9,0.0,100
2024-10-05 22:00:00,20.1,98,1010.5,3.3,6.8,0.0,100
2024-10-05 23:00:00,20.2,98,1010.5,3.7,6.8,0.0,98
2024-10-06 00:00:00,19.8,98,1011.1,3.7,7.2,0.0,100
2024-10-06 01:00:00,19.6,97,1012.1,3.8,8.6,0.0,96
2024-10-06 02:00:00,21.3,91,1012.8,2.4,9.4,0.0,99
2024-10-06 03:00:00,22.9,85,1013.4,4.0,13.7,0.0,100
2024-10-06 04:00:00,24.9,72,1013.3,5.9,16.9,0.0,100
2024-10-06 05:00:00,25.6,67,1013.1,7.3,18.0,0.0,100
2024-10-06 06:00:00,26.2,63,1012.0,7.1,18.4,0.0,100
2024-10-06 07:00:00,26.9,59,1010.8,8.4,20.2,0.0,100
2024-10-06 08:00:00,27.4,57,1009.7,9.9,24.8,0.0,100
2024-10-06 09:00:00,27.3,56,1008.6,11.4,24.5,0.0,100
2024-10-06 10:00:00,26.8,57,1008.2,10.2,23.0,0.0,100
2024-10-06 11:00:00,26.6,58,1008.5,10.5,20.2,0.0,100
2024-10-06 12:00:00,25.7,64,1009.4,6.4,18.4,0.0,100
2024-10-06 13:00:00,24.0,71,1009.9,5.7,9.0,0.0,100
2024-10-06 14:00:00,23.0,78,1011.0,5.2,8.6,0.0,100
2024-10-06 15:00:00,22.9,79,1012.0,4.4,6.8,0.0,100
2024-10-06 16:00:00,22.4,81,1012.7,4.8,7.2,0.0,100
2024-10-06 17:00:00,21.8,83,1012.9,7.1,10.4,0.0,100
2024-10-06 18:00:00,21.3,83,1013.0,8.5,13.7,0.0,100
2024-10-06 19:00:00,20.8,84,1012.5,9.4,15.1,0.0,100
2024-10-06 20:00:00,20.6,85,1012.1,9.2,15.5,0.0,99
2024-10-06 21:00:00,20.5,86,1011.4,8.9,15.5,0.0,100
2024-10-06 22:00:00,20.5,88,1011.4,9.0,15.1,0.0,50
2024-10-06 23:00:00,19.4,95,1011.4,8.0,14.8,0.0,45
2024-10-07 00:00:00,19.2,97,1011.8,7.2,13.0,0.0,84
2024-10-07 01:00:00,20.1,96,1012.8,7.1,12.2,0.0,8
2024-10-07 02:00:00,21.4,90,1013.8,6.8,14.4,0.0,21
2024-10-07 03:00:00,23.4,73,1014.0,9.2,19.8,0.0,22
2024-10-07 04:00:00,25.1,60,1014.1,12.5,25.6,0.0,34
2024-10-07 05:00:00,26.3,54,1013.7,13.7,28.4,0.0,12
2024-10-07 06:00:00,27.4,50,1012.4,13.6,28.8,0.0,6
2024-10-07 07:00:00,28.1,48,1011.2,14.6,29.9,0.0,23
2024-10-07 08:00:00,28.9,45,1009.6,13.0,30.2,0.0,100
2024-10-07 09:00:00,28.0,49,1008.6,12.8,26.6,0.0,26
2024-10-07 10:00:00,25.9,63,1009.4,23.5,41.0,0.1,97
2024-10-07 11:00:00,24.1,73,1009.7,14.4,43.2,0.1,51
2024-10-07 12:00:00,23.5,80,1010.9,12.3,26.3,0.5,99
2024-10-07 13:00:00,23.3,78,1011.2,10.3,22.3,0.0,83
2024-10-07 14:00:00,22.6,84,1012.4,11.9,19.8,0.0,88
2024-10-07 15:00:00,21.9,88,1013.4,13.4,22.0,0.0,82
2024-10-07 16:00:00,21.4,93,1013.9,13.6,22.3,0.0,98
2024-10-07 17:00:00,21.0,96,1014.3,12.2,22.3,0.0,100
2024-10-07 18:00:00,20.9,96,1014.3,10.1,20.5,0.2,100
2024-10-07 19:00:00,20.8,96,1013.5,7.2,16.6,0.0,100
2024-10-07 20:00:00,20.6,97,1012.8,6.9,12.6,0.0,100
2024-10-07 21:00:00,20.3,98,1012.3,4.8,11.5,0.0,100
2024-10-07 22:00:00,20.8,95,1012.2,7.4,13.0,0.1,100
2024-10-07 23:00:00,20.9,93,1012.1,6.6,13.3,0.1,94
2024-10-08 00:00:00,20.8,94,1012.7,6.4,11.2,0.0,65
2024-10-08 01:00:00,20.0,98,1013.7,5.2,7.2,0.0,100
2024-10-08 02:00:00,21.0,91,1014.6,8.1,15.8,0.0,100
2024-10-08 03:00:00,22.4,83,1014.9,6.8,16.2,0.0,100
2024-10-08 04:00:00,24.3,73,1014.9,8.3,18.4,0.1,100
2024-10-08 05:00:00,25.9,66,1014.3,10.1,23.0,0.0,100
2024-10-08 06:00:00,26.8,63,1013.3,8.0,22.7,0.0,100
2024-10-08 07:00:00,27.1,62,1012.1,7.8,20.2,0.0,100
2024-10-08 08:00:00,27.6,60,1010.6,7.7,19.4,0.0,100
2024-10-08 09:00:00,27.7,59,1009.4,7.9,19.4,0.0,100
2024-10-08 10:00:00,27.9,57,1008.5,7.5,19.4,0.0,100
2024-10-08 11:00:00,26.2,65,1009.0,13.1,23.8,0.1,100
2024-10-08 12:00:00,25.4,69,1009.9,11.1,24.1,0.0,99
2024-10-08 13:00:00,24.0,73,1010.8,8.7,14.0,0.2,100
2024-10-08 14:00:00,21.6,91,1012.8,11.8,19.1,6.6,100
2024-10-08 15:00:00,21.6,93,1013.5,9.1,19.4,0.1,99
2024-10-08 16:00:00,21.4,94,1014.1,6.5,14.4,2.9,100
2024-10-08 17:00:00,21.7,91,1014.0,13.4,21.2,0.5,100
2024-10-08 18:00:00,21.3,96,1013.6,13.0,23.0,0.0,100
2024-10-08 19:00:00,21.1,97,1012.7,10.6,21.6,0.0,100
2024-10-08 20:00:00,21.1,97,1012.1,10.4,18.0,0.0,100
2024-10-08 21:00:00,20.7,97,1011.5,7.8,17.3,0.0,100
2024-10-08 22:00:00,20.6,97,1011.4,8.1,13.3,0.3,100
2024-10-08 23:00:00,21.0,93,1011.3,9.3,15.8,0.2,100
2024-10-09 00:00:00,20.6,96,1011.4,7.3,15.1,0.0,100
2024-10-09 01:00:00,20.3,97,1012.4,7.6,12.2,0.0,72
2024-10-09 02:00:00,21.5,90,1012.8,12.2,23.0,0.0,56
2024-10-09 03:00:00,23.3,80,1013.0,12.7,25.2,0.0,86
2024-10-09 04:00:00,25.3,70,1012.9,14.2,28.4,0.0,63
2024-10-09 05:00:00,26.5,64,1012.5,14.4,29.9,0.0,63
2024-10-09 06:00:00,27.2,61,1011.7,12.7,29.5,0.2,45
2024-10-09 07:00:00,27.7,59,1010.1,10.9,27.4,0.2,32
2024-10-09 08:00:00,28.1,59,1008.7,12.2,27.4,0.1,25
2024-10-09 09:00:00,28.0,58,1007.1,12.3,27.0,0.1,57
2024-10-09 10:00:00,26.3,64,1007.3,12.0,25.9,0.9,52
2024-10-09 11:00:00,25.5,69,1007.6,9.8,25.6,0.0,49
2024-10-09 12:00:00,22.3,84,1009.1,7.9,24.5,3.2,83
2024-10-09 13:00:00,23.2,81,1009.4,5.0,11.9,0.0,100
2024-10-09 14:00:00,22.5,84,1010.5,6.0,9.4,0.0,98
2024-10-09 15:00:00,22.4,85,1010.9,8.8,14.0,0.0,90
2024-10-09 16:00:00,21.9,89,1011.5,10.7,17.3,0.0,86
2024-10-09 17:00:00,21.2,94,1011.7,8.9,17.6,0.0,80
2024-10-09 18:00:00,20.8,96,1011.7,8.1,14.8,0.0,49
2024-10-09 19:00:00,20.6,98,1010.9,10.1,16.6,0.0,69
2024-10-09 20:00:00,20.5,99,1010.3,8.3,16.9,0.0,100
2024-10-09 21:00:00,21.0,94,1009.7,11.3,18.7,0.1,94
2024-10-09 22:00:00,20.9,93,1009.3,8.2,18.7,0.0,93
2024-10-09 23:00:00,20.2,97,1009.5,5.6,13.3,0.0,92
2024-10-10 00:00:00,19.9,98,1009.9,4.2,9.0,0.0,98
2024-10-10 01:00:00,20.4,95,1011.2,6.3,10.8,0.0,100
2024-10-10 02:00:00,21.5,88,1011.8,7.3,15.1,0.0,100
2024-10-10 03:00:00,23.1,79,1012.2,9.6,19.8,0.0,100
2024-10-10 04:00:00,24.5,72,1012.0,12.9,25.6,0.1,89
2024-10-10 05:00:00,26.1,66,1011.2,13.0,28.1,0.1,40
2024-10-10 06:00:00,26.9,64,1010.2,11.3,27.7,0.1,45
2024-10-10 07:00:00,27.5,62,1008.3,11.6,25.6,0.1,97
2024-10-10 08:00:00,27.6,61,1006.7,11.4,25.6,0.2,71
2024-10-10 09:00:00,27.2,63,1005.9,12.9,27.0,0.1,100
2024-10-10 10:00:00,26.7,64,1005.4,13.6,27.4,0.1,100
2024-10-10 11:00:00,24.3,75,1006.9,17.5,29.9,3.2,100
2024-10-10 12:00:00,22.3,87,1008.0,10.6,32.8,2.2,100
2024-10-10 13:00:00,22.1,90,1009.5,11.3,21.6,0.1,100
2024-10-10 14:00:00,21.3,93,1010.3,6.9,18.4,0.1,100
2024-10-10 15:00:00,20.9,96,1010.9,1.7,12.6,0.0,100
2024-10-10 16:00:00,20.8,96,1011.5,4.6,5.8,0.0,100
2024-10-10 17:00:00,21.2,95,1011.4,2.6,6.1,0.0,100
2024-10-10 18:00:00,20.6,97,1011.0,4.3,7.6,0.0,97
2024-10-10 19:00:00,20.3,98,1010.3,4.2,7.9,0.0,100
2024-10-10 20:00:00,21.0,95,1009.5,5.2,9.0,0.0,100
2024-10-10 21:00:00,21.0,94,1009.0,5.8,10.4,0.0,100
2024-10-10 22:00:00,20.8,93,1008.9,7.0,11.5,0.1,100
2024-10-10 23:00:00,20.7,95,1009.1,7.8,13.3,0.0,100
2024-10-11 00:00:00,20.1,98,1009.4,6.0,13.3,0.0,96
2024-10-11 01:00:00,19.9,97,1010.3,8.8,15.1,0.0,100
2024-10-11 02:00:00,21.3,91,1011.1,13.1,23.4,0.0,100
2024-10-11 03:00:00,23.3,80,1011.5,13.7,26.6,0.0,100
2024-10-11 04:00:00,24.6,73,1011.5,13.0,26.6,0.1,100
2024-10-11 05:00:00,25.8,67,1011.0,12.8,26.6,0.2,99
2024-10-11 06:00:00,26.9,62,1009.9,11.8,26.6,0.1,100
2024-10-11 07:00:00,27.5,60,1008.7,11.4,25.6,0.2,45
2024-10-11 08:00:00,27.9,60,1007.5,9.5,25.2,0.1,59
2024-10-11 09:00:00,26.5,65,1006.6,14.3,26.6,1.8,95
2024-10-11 10:00:00,25.5,72,1006.5,12.6,31.0,0.8,99
2024-10-11 11:00:00,24.0,78,1006.9,17.3,29.2,1.2,100
2024-10-11 12:00:00,22.4,88,1008.4,13.4,31.3,0.1,100
2024-10-11 13:00:00,22.9,83,1008.8,8.1,19.1,0.1,99
2024-10-11 14:00:00,22.4,87,1010.0,7.4,12.6,0.1,88
2024-10-11 15:00:00,21.8,91,1010.9,8.6,14.8,0.0,45
2024-10-11 16:00:00,21.3,94,1011.7,8.5,14.4,0.0,74
2024-10-11 17:00:00,20.8,97,1011.9,9.5,15.5,0.0,100
2024-10-11 18:00:00,20.9,97,1011.5,6.8,17.6,0.0,100
2024-10-11 19:00:00,21.1,92,1011.0,9.2,15.1,0.2,100
2024-10-11 20:00:00,21.1,92,1010.5,8.5,15.1,0.1,99
2024-10-11 21:00:00,20.8,95,1009.7,6.8,13.7,0.0,98
2024-10-11 22:00:00,20.9,94,1009.8,7.0,13.3,0.3,100
2024-10-11 23:00:00,20.8,95,1010.1,8.7,13.7,0.1,100
2024-10-12 00:00:00,20.7,96,1010.4,7.6,14.4,0.0,95
2024-10-12 01:00:00,20.3,99,1011.5,9.4,15.1,0.0,100
2024-10-12 02:00:00,21.7,90,1012.4,11.4,20.9,0.0,99
2024-10-12 03:00:00,23.7,77,1012.7,14.8,28.1,0.0,100
2024-10-12 04:00:00,25.2,70,1012.3,15.1,29.2,0.0,100
2024-10-12 05:00:00,26.1,65,1012.0,15.3,30.2,0.1,100
2024-10-12 06:00:00,27.4,62,1011.0,13.3,31.3,0.0,99
2024-10-12 07:00:00,28.1,59,1009.3,12.1,29.9,0.0,100
2024-10-12 08:00:00,27.8,58,1008.1,11.1,27.7,0.0,100
2024-10-12 09:00:00,26.6,64,1008.0,14.4,24.8,1.4,97
2024-10-12 10:00:00,24.2,78,1008.8,14.6,34.2,4.8,99
2024-10-12 11:00:00,25.0,74,1008.2,12.7,29.2,0.0,21
2024-10-12 12:00:00,24.5,75,1008.8,9.8,23.8,0.0,98
2024-10-12 13:00:00,23.4,80,1009.9,7.1,11.5,0.0,100
2024-10-12 14:00:00,22.7,85,1011.2,9.3,15.1,0.0,100
2024-10-12 15:00:00,22.1,89,1011.9,7.7,15.1,0.0,100
2024-10-12 16:00:00,21.3,93,1012.5,7.7,13.0,0.0,100
2024-10-12 17:00:00,21.2,94,1012.6,7.4,14.4,0.0,100
2024-10-12 18:00:00,20.8,96,1012.8,7.4,12.2,0.2,100
2024-10-12 19:00:00,20.9,96,1012.0,11.2,18.7,0.2,99
2024-10-12 20:00:00,20.5,96,1011.3,8.5,18.7,0.0,98
2024-10-12 21:00:00,20.4,98,1010.7,9.9,16.6,0.0,100
2024-10-12 22:00:00,20.7,96,1011.0,9.9,18.4,0.0,100
2024-10-12 23:00:00,21.0,93,1010.9,11.0,18.0,0.0,100
2024-10-13 00:00:00,20.8,94,1011.2,10.4,18.4,0.0,100
2024-10-13 01:00:00,20.5,94,1011.3,12.1,22.3,0.0,100
2024-10-13 02:00:00,21.5,88,1012.1,15.8,27.4,0.0,100
2024-10-13 03:00:00,23.2,78,1012.8,19.7,34.2,0.1,100
2024-10-13 04:00:00,24.5,71,1013.0,19.0,37.1,0.2,99
2024-10-13 05:00:00,25.8,66,1012.5,17.3,34.6,0.1,95
2024-10-13 06:00:00,26.9,61,1011.1,17.9,34.2,0.1,58
2024-10-13 07:00:00,27.7,59,1009.8,18.0,34.9,0.2,100
2024-10-13 08:00:00,27.9,58,1009.0,16.1,34.9,0.2,100
2024-10-13 09:00:00,27.8,57,1007.7,15.0,31.3,0.4,90
2024-10-13 10:00:00,27.3,58,1007.6,15.1,28.8,0.1,22
2024-10-13 11:00:00,26.0,66,1007.9,16.2,28.8,0.0,31
2024-10-13 12:00:00,24.2,76,1009.2,14.4,32.0,0.0,39
2024-10-13 13:00:00,23.8,76,1010.2,6.1,15.5,0.1,100
2024-10-13 14:00:00,22.6,84,1011.2,4.9,9.7,0.1,98
2024-10-13 15:00:00,22.0,88,1012.0,4.4,9.0,0.0,53
2024-10-13 16:00:00,21.4,91,1012.7,5.6,8.6,0.0,99
2024-10-13 17:00:00,21.1,94,1012.6,7.7,12.6,0.0,100
2024-10-13 18:00:00,20.6,97,1012.1,4.8,12.6,0.0,100
2024-10-13 19:00:00,20.3,97,1011.2,4.4,7.6,0.0,100
2024-10-13 20:00:00,19.7,99,1010.6,4.1,5.4,0.0,100
2024-10-13 21:00:00,19.4,100,1010.6,4.1,5.8,0.0,100
2024-10-13 22:00:00,19.4,100,1010.2,3.9,5.8,0.0,100
2024-10-13 23:00:00,19.3,100,1010.2,3.4,5.8,0.0,100
2024-10-14 00:00:00,19.8,100,1010.7,4.0,7.2,0.0,100
2024-10-14 01:00:00,20.3,95,1011.9,5.3,9.7,0.0,100
2024-10-14 02:00:00,20.7,93,1012.9,7.0,12.6,0.4,100
2024-10-14 03:00:00,21.0,94,1013.5,7.7,15.1,0.6,100
2024-10-14 04:00:00,21.5,91,1013.6,8.6,16.9,0.7,100
2024-10-14 05:00:00,22.0,87,1013.6,9.2,18.0,0.5,100
2024-10-14 06:00:00,23.0,80,1012.5,10.5,21.6,0.1,100
2024-10-14 07:00:00,22.8,79,1011.6,10.1,22.0,0.0,100
2024-10-14 08:00:00,23.4,77,1010.5,9.0,24.8,0.0,100
2024-10-14 09:00:00,22.5,86,1009.7,13.7,28.4,2.4,100
2024-10-14 10:00:00,21.8,89,1009.5,9.9,27.4,4.4,100
2024-10-14 11:00:00,21.8,90,1009.3,7.2,16.6,1.3,100
2024-10-14 12:00:00,21.6,92,1009.8,9.7,16.2,1.1,100
2024-10-14 13:00:00,21.0,95,1010.2,8.0,15.8,0.4,100
2024-10-14 14:00:00,20.8,95,1011.0,4.7,13.3,0.0,100
2024-10-14 15:00:00,20.7,96,1011.9,6.0,10.1,0.0,100
2024-10-14 16:00:00,20.6,97,1012.5,7.2,12.2,0.1,100
2024-10-14 17:00:00,20.6,98,1012.5,6.4,12.6,0.7,100
2024-10-14 18:00:00,20.6,96,1012.1,8.0,13.7,1.7,100
2024-10-14 19:00:00,20.6,95,1011.1,8.0,14.8,1.5,100
2024-10-14 20:00:00,20.7,95,1010.2,8.5,13.7,2.1,100
2024-10-14 21:00:00,20.5,96,1009.4,8.5,14.8,2.9,100
2024-10-14 22:00:00,19.8,97,1009.5,9.1,17.6,3.4,100
2024-10-14 23:00:00,19.8,97,1009.7,6.6,16.6,2.7,100
2024-10-15 00:00:00,20.0,98,1009.7,7.7,13.0,2.0,100
2024-10-15 01:00:00,20.2,95,1010.8,9.6,17.6,0.1,100
2024-10-15 02:00:00,20.9,93,1012.0,12.0,20.9,0.1,100
2024-10-15 03:00:00,21.9,89,1012.5,12.2,25.6,0.1,100
2024-10-15 04:00:00,23.1,82,1012.7,13.8,28.4,0.1,100
2024-10-15 05:00:00,22.1,84,1012.6,12.8,28.8,1.0,100
2024-10-15 06:00:00,22.6,85,1011.7,9.9,25.2,0.4,100
2024-10-15 07:00:00,23.1,83,1010.2,15.9,31.7,3.1,100
2024-10-15 08:00:00,22.8,89,1009.3,8.7,31.3,1.8,100
2024-10-15 09:00:00,23.2,87,1008.1,10.7,24.5,0.5,100
2024-10-15 10:00:00,21.8,88,1008.4,11.2,27.7,1.8,100
2024-10-15 11:00:00,21.7,88,1009.3,13.4,27.0,0.6,100
2024-10-15 12:00:00,21.4,92,1009.8,6.3,25.6,1.3,100
2024-10-15 13:00:00,21.1,95,1010.4,2.2,9.0,0.5,100
2024-10-15 14:00:00,20.8,97,1011.1,2.3,4.0,1.4,100
2024-10-15 15:00:00,20.6,95,1012.3,5.2,7.9,1.6,100
2024-10-15 16:00:00,20.6,96,1012.6,3.3,8.6,0.8,100
2024-10-15 17:00:00,20.5,95,1012.4,8.3,13.7,1.0,100
2024-10-15 18:00:00,20.3,95,1012.2,6.1,14.0,0.7,100
2024-10-15 19:00:00,20.0,96,1011.3,6.0,9.7,0.6,100
2024-10-15 20:00:00,19.8,98,1010.4,3.7,9.7,0.4,100
2024-10-15 21:00:00,19.5,99,1010.0,4.6,7.6,0.2,100
2024-10-15 22:00:00,19.4,99,1009.8,2.7,8.6,0.4,100
2024-10-15 23:00:00,19.3,100,1009.9,2.2,4.3,0.8,100
2024-10-16 00:00:00,19.3,100,1010.4,2.9,4.7,0.2,100
2024-10-16 01:00:00,19.6,97,1011.2,4.3,9.4,0.0,100
2024-10-16 02:00:00,20.2,95,1011.9,6.5,12.2,0.0,100
2024-10-16 03:00:00,20.8,91,1012.7,8.1,15.8,0.0,100
2024-10-16 04:00:00,22.0,85,1013.1,7.0,17.6,0.0,100
2024-10-16 05:00:00,22.5,82,1012.7,6.3,20.9,1.4,100
2024-10-16 06:00:00,21.6,87,1011.9,8.9,24.8,0.7,100
2024-10-16 07:00:00,21.3,89,1010.5,5.4,27.0,1.0,100
2024-10-16 08:00:00,21.5,88,1009.3,4.5,18.0,4.8,100
2024-10-16 09:00:00,22.1,86,1008.1,8.0,15.5,0.8,100
2024-10-16 10:00:00,22.7,83,1007.7,8.6,18.7,0.1,100
2024-10-16 11:00:00,22.9,83,1008.1,7.2,20.5,0.1,100
2024-10-16 12:00:00,21.7,91,1008.6,5.9,17.3,1.7,100
2024-10-16 13:00:00,21.1,92,1009.3,10.5,17.6,0.1,100
2024-10-16 14:00:00,20.9,94,1010.1,11.6,19.1,0.0,100
2024-10-16 15:00:00,20.7,96,1010.8,9.3,19.1,0.0,100
2024-10-16 16:00:00,20.1,98,1011.3,4.0,15.1,0.0,100
2024-10-16 17:00:00,19.8,99,1011.2,4.1,7.2,0.0,100
2024-10-16 18:00:00,20.2,99,1011.1,3.2,7.9,0.0,100
2024-10-16 19:00:00,20.3,99,1010.5,4.9,8.3,0.0,100
2024-10-16 20:00:00,20.3,98,1009.9,3.8,8.3,0.0,100
2024-10-16 21:00:00,20.4,97,1009.3,1.9,6.8,0.0,100
2024-10-16 22:00:00,20.3,97,1008.8,4.5,7.2,0.0,100
2024-10-16 23:00:00,20.0,99,1008.8,6.8,11.5,0.0,100
2024-10-17 00:00:00,20.0,99,1009.5,5.4,11.5,0.2,100
2024-10-17 01:00:00,19.8,98,1010.2,7.9,14.4,0.0,100
2024-10-17 02:00:00,20.9,92,1010.8,9.6,18.4,0.0,100
2024-10-17 03:00:00,22.6,82,1011.4,10.7,22.0,0.0,100
2024-10-17 04:00:00,23.4,77,1011.9,12.4,24.5,0.1,100
2024-10-17 05:00:00,24.6,73,1011.6,13.1,26.6,0.1,100
2024-10-17 06:00:00,25.4,69,1010.6,14.4,28.4,0.1,100
2024-10-17 07:00:00,26.7,64,1009.2,14.7,30.6,0.1,95
2024-10-17 08:00:00,26.7,63,1007.9,13.1,30.6,0.1,94
2024-10-17 09:00:00,27.0,61,1007.0,11.1,27.0,0.1,100
2024-10-17 10:00:00,27.0,61,1006.5,9.2,23.8,0.0,94
2024-10-17 11:00:00,26.7,63,1006.5,8.3,19.4,0.0,99
2024-10-17 12:00:00,25.3,71,1007.5,8.8,17.6,0.0,99
2024-10-17 13:00:00,23.4,80,1008.2,6.6,6.8,0.0,98
2024-10-17 14:00:00,22.8,79,1009.6,10.1,15.5,0.0,100
2024-10-17 15:00:00,22.1,84,1010.6,8.5,17.3,0.0,98
2024-10-17 16:00:00,21.7,88,1011.7,9.1,14.4,0.0,100
2024-10-17 17:00:00,20.8,94,1011.6,10.1,16.9,0.0,99
2024-10-17 18:00:00,20.4,96,1011.7,9.7,16.6,0.0,99
2024-10-17 19:00:00,20.3,97,1011.1,10.5,18.0,0.0,100
2024-10-17 20:00:00,20.0,98,1010.5,8.9,17.3,0.0,100
2024-10-17 21:00:00,19.8,98,1009.6,9.2,16.2,0.0,100
2024-10-17 22:00:00,19.6,99,1009.2,7.6,15.1,0.0,100
2024-10-17 23:00:00,19.6,99,1009.3,7.4,12.6,0.0,100
2024-10-18 00:00:00,19.7,99,1009.9,7.9,14.4,0.0,100
2024-10-18 01:00:00,20.0,99,1010.7,7.3,13.7,0.0,100
2024-10-18 02:00:00,21.0,94,1011.8,6.3,14.4,0.0,100
2024-10-18 03:00:00,23.0,82,1012.4,8.3,18.4,0.0,100
2024-10-18 04:00:00,24.5,74,1012.7,10.2,22.0,0.0,100
2024-10-18 05:00:00,25.4,71,1012.4,9.8,23.0,0.2,100
2024-10-18 06:00:00,25.9,71,1011.3,7.9,23.0,0.1,100
2024-10-18 07:00:00,26.7,68,1009.7,7.6,21.6,0.1,99
2024-10-18 08:00:00,27.6,62,1008.3,8.6,21.2,0.0,100
2024-10-18 09:00:00,26.4,65,1008.3,4.6,20.9,0.2,100
2024-10-18 10:00:00,22.2,88,1009.1,18.5,33.1,7.6,100
2024-10-18 11:00:00,22.7,86,1009.2,8.9,31.7,0.1,100
2024-10-18 12:00:00,22.5,88,1009.7,1.4,16.2,0.0,100
2024-10-18 13:00:00,21.5,91,1010.0,8.3,13.3,0.0,100
2024-10-18 14:00:00,21.1,92,1011.1,6.3,13.7,0.0,100
2024-10-18 15:00:00,21.1,91,1011.9,5.6,10.4,0.0,100
2024-10-18 16:00:00,21.2,91,1012.4,7.2,11.9,0.0,100
2024-10-18 17:00:00,20.9,93,1012.5,6.7,11.5,0.1,100
2024-10-18 18:00:00,20.8,94,1012.7,4.3,10.4,0.0,100
2024-10-18 19:00:00,20.3,96,1012.4,7.5,12.6,0.0,100
2024-10-18 20:00:00,19.6,98,1011.5,4.4,12.2,0.0,100
2024-10-18 21:00:00,20.0,97,1011.1,3.1,6.1,0.0,100
2024-10-18 22:00:00,19.1,99,1011.3,4.7,7.2,0.0,100
2024-10-18 23:00:00,19.0,99,1011.6,4.9,6.8,0.0,100
2024-10-19 00:00:00,18.9,100,1012.1,4.5,6.1,0.0,100
2024-10-19 01:00:00,19.3,99,1012.5,3.9,7.2,0.0,100
2024-10-19 02:00:00,20.7,93,1013.7,4.7,11.2,0.0,100
2024-10-19 03:00:00,21.9,85,1014.4,6.1,14.4,0.1,100
2024-10-19 04:00:00,22.9,82,1014.9,5.5,18.4,0.2,100
2024-10-19 05:00:00,24.1,76,1014.2,7.2,18.7,0.2,100
2024-10-19 06:00:00,24.2,76,1013.2,4.6,18.7,0.6,100
2024-10-19 07:00:00,23.7,80,1012.0,4.2,15.5,1.0,100
2024-10-19 08:00:00,24.7,77,1010.8,4.0,16.6,0.3,100
2024-10-19 09:00:00,24.7,76,1010.2,5.8,16.6,0.2,100
2024-10-19 10:00:00,23.9,80,1009.6,5.5,18.0,0.4,100
2024-10-19 11:00:00,23.7,78,1010.1,6.6,13.7,2.2,100
2024-10-19 12:00:00,22.1,86,1010.9,10.1,17.3,0.1,100
2024-10-19 13:00:00,21.1,94,1010.9,4.2,11.5,0.1,100
2024-10-19 14:00:00,20.3,96,1012.2,5.4,7.2,0.0,100
2024-10-19 15:00:00,20.6,94,1012.7,3.9,7.2,0.0,99
2024-10-19 16:00:00,20.3,95,1013.9,7.0,10.8,1.8,100
2024-10-19 17:00:00,20.1,96,1014.2,9.2,15.8,1.2,100
2024-10-19 18:00:00,19.9,97,1013.5,4.9,15.8,0.1,100
2024-10-19 19:00:00,19.7,98,1012.9,3.3,7.9,0.0,100
2024-10-19 20:00:00,19.8,97,1012.6,0.5,5.4,0.8,100
2024-10-19 21:00:00,19.5,98,1012.9,1.3,5.4,4.8,100
2024-10-19 22:00:00,19.4,99,1012.6,3.5,7.6,2.4,100
2024-10-19 23:00:00,19.5,98,1012.7,3.8,7.9,0.2,100
2024-10-20 00:00:00,19.5,98,1013.4,3.2,7.9,3.2,100
2024-10-20 01:00:00,19.8,97,1013.7,6.5,11.2,0.1,99
2024-10-20 02:00:00,20.3,95,1014.8,5.6,12.2,0.5,100
2024-10-20 03:00:00,20.9,93,1015.7,4.6,13.3,0.9,100
2024-10-20 04:00:00,22.4,87,1015.4,8.5,19.4,0.1,100
2024-10-20 05:00:00,24.4,79,1014.8,7.5,20.2,0.1,100
2024-10-20 06:00:00,25.7,74,1013.4,7.3,19.8,0.1,100
2024-10-20 07:00:00,26.4,69,1011.8,7.0,20.2,0.1,100
2024-10-20 08:00:00,26.1,69,1010.6,7.2,18.7,0.1,100
2024-10-20 09:00:00,26.3,67,1009.1,3.0,17.6,0.0,100
2024-10-20 10:00:00,21.8,89,1010.6,11.7,25.2,5.3,100
2024-10-20 11:00:00,22.5,86,1010.7,5.2,20.5,0.5,100
2024-10-20 12:00:00,22.9,85,1011.4,6.6,15.8,0.1,100
2024-10-20 13:00:00,22.1,88,1011.7,8.7,15.5,0.0,99
2024-10-20 14:00:00,21.3,92,1012.5,9.9,16.6,0.0,84
2024-10-20 15:00:00,20.7,94,1013.7,9.1,16.2,0.1,98
2024-10-20 16:00:00,20.7,95,1014.7,7.7,14.8,1.7,100
2024-10-20 17:00:00,20.3,97,1014.7,6.4,12.6,0.0,99
2024-10-20 18:00:00,19.9,99,1014.4,3.7,11.2,0.0,70
2024-10-20 19:00:00,19.7,99,1013.9,5.4,9.7,0.0,100
2024-10-20 20:00:00,19.8,99,1013.1,2.8,9.7,0.0,100
2024-10-20 21:00:00,20.2,97,1012.7,2.9,6.5,0.0,100
2024-10-20 22:00:00,20.4,97,1012.8,4.7,8.3,0.1,100
2024-10-20 23:00:00,20.7,96,1012.7,7.0,11.2,0.0,98
2024-10-21 00:00:00,20.4,97,1013.1,6.6,11.2,0.0,67
2024-10-21 01:00:00,20.7,95,1013.9,5.8,10.8,0.0,31
2024-10-21 02:00:00,21.8,90,1014.7,10.2,18.7,0.0,79
2024-10-21 03:00:00,23.1,84,1015.2,7.9,19.4,0.0,100
2024-10-21 04:00:00,24.2,78,1015.0,6.7,18.4,0.1,99
2024-10-21 05:00:00,25.5,72,1014.4,5.5,17.6,0.2,100
2024-10-21 06:00:00,26.3,71,1013.2,5.5,17.6,0.1,100
2024-10-21 07:00:00,26.8,70,1011.9,5.1,17.6,0.2,100
2024-10-21 08:00:00,26.5,70,1010.8,4.4,16.9,0.3,100
2024-10-21 09:00:00,25.6,72,1009.9,7.4,15.5,3.0,100
2024-10-21 10:00:00,22.1,90,1009.7,4.4,25.6,5.9,97
2024-10-21 11:00:00,22.7,85,1011.3,5.8,16.2,0.9,100
2024-10-21 12:00:00,21.8,87,1012.2,6.2,14.8,1.4,100
2024-10-21 13:00:00,22.2,89,1011.2,5.1,7.6,0.0,98
2024-10-21 14:00:00,21.6,93,1012.5,4.9,7.2,0.0,100
2024-10-21 15:00:00,21.0,93,1013.7,4.9,9.0,1.0,99
2024-10-21 16:00:00,20.4,97,1014.9,9.6,16.6,3.3,100
2024-10-21 17:00:00,20.3,96,1015.2,6.7,16.6,1.2,100
2024-10-21 18:00:00,20.2,95,1015.1,6.6,13.0,0.1,100
2024-10-21 19:00:00,19.4,98,1014.4,3.8,11.2,0.0,98
2024-10-21 20:00:00,19.0,98,1013.2,4.6,7.2,0.0,82
2024-10-21 21:00:00,18.4,100,1012.5,5.3,7.9,0.0,59
2024-10-21 22:00:00,18.8,99,1012.3,4.5,8.3,0.0,98
2024-10-21 23:00:00,18.6,99,1012.4,4.6,8.6,0.0,47
2024-10-22 00:00:00,18.9,99,1012.6,5.1,9.0,0.0,87
2024-10-22 01:00:00,19.2,98,1013.5,3.2,6.5,0.0,100
2024-10-22 02:00:00,20.5,94,1014.1,4.0,10.4,0.0,100
2024-10-22 03:00:00,22.1,90,1014.7,2.7,10.4,0.0,31
2024-10-22 04:00:00,24.1,80,1014.8,1.8,12.6,0.0,62
2024-10-22 05:00:00,25.4,71,1014.3,1.2,12.2,0.1,91
2024-10-22 06:00:00,26.7,64,1013.1,1.4,13.0,0.1,95
2024-10-22 07:00:00,27.2,61,1011.9,0.4,13.0,0.1,49
2024-10-22 08:00:00,27.2,62,1010.9,2.3,12.6,0.1,35
2024-10-22 09:00:00,27.6,62,1009.8,2.9,14.4,0.0,88
2024-10-22 10:00:00,27.1,65,1008.6,2.6,14.4,0.8,100
2024-10-22 11:00:00,22.4,86,1011.2,9.5,17.3,10.1,100
2024-10-22 12:00:00,21.6,90,1012.4,6.8,18.4,2.8,100
2024-10-22 13:00:00,21.5,89,1012.9,10.1,28.8,0.9,99
2024-10-22 14:00:00,20.6,96,1013.6,10.3,20.9,1.6,100
2024-10-22 15:00:00,20.7,96,1014.7,7.0,16.9,1.9,100
2024-10-22 16:00:00,20.5,97,1015.3,11.9,18.7,6.9,99
2024-10-22 17:00:00,20.4,98,1014.9,6.5,19.8,1.1,99
2024-10-22 18:00:00,20.4,96,1014.5,6.5,9.7,0.8,100
2024-10-22 19:00:00,20.5,95,1013.6,1.2,12.6,0.5,100
2024-10-22 20:00:00,20.4,96,1012.4,2.2,4.0,0.9,100
2024-10-22 21:00:00,20.1,97,1011.8,4.5,7.6,0.3,100
2024-10-22 22:00:00,19.7,98,1011.8,3.0,7.2,0.0,100
2024-10-22 23:00:00,19.9,97,1011.6,1.7,4.7,0.0,67
2024-10-23 00:00:00,19.5,99,1012.1,1.9,1.8,0.0,67
2024-10-23 01:00:00,19.2,100,1012.7,3.1,8.3,0.0,100
2024-10-23 02:00:00,20.9,96,1013.7,4.5,11.5,0.0,100
2024-10-23 03:00:00,22.7,89,1014.1,3.6,13.0,0.0,96
2024-10-23 04:00:00,24.5,77,1013.9,5.2,15.5,0.0,31
2024-10-23 05:00:00,26.0,68,1013.2,5.7,17.6,0.0,47
2024-10-23 06:00:00,26.8,64,1012.2,4.8,18.7,0.1,17
2024-10-23 07:00:00,27.4,61,1011.1,3.0,16.6,0.1,50
2024-10-23 08:00:00,27.6,62,1009.9,4.0,14.4,0.1,37
2024-10-23 09:00:00,27.4,63,1009.2,7.4,19.1,0.1,83
2024-10-23 10:00:00,25.7,72,1008.4,10.0,20.9,1.6,59
2024-10-23 11:00:00,24.1,77,1009.7,6.8,20.9,0.7,95
2024-10-23 12:00:00,21.5,90,1011.6,10.2,18.4,8.3,97
2024-10-23 13:00:00,21.1,91,1012.5,10.4,21.2,2.1,100
2024-10-23 14:00:00,20.6,95,1013.1,1.5,18.0,2.8,100
2024-10-23 15:00:00,21.1,95,1014.1,3.2,8.6,1.8,100
2024-10-23 16:00:00,20.9,95,1014.3,6.8,11.5,0.2,100
2024-10-23 17:00:00,20.9,94,1013.8,4.9,10.4,0.3,100
2024-10-23 18:00:00,20.9,93,1013.7,3.7,9.0,0.2,100
2024-10-23 19:00:00,20.9,92,1012.9,4.6,7.9,0.1,100
2024-10-23 20:00:00,19.9,96,1012.1,4.0,8.3,0.0,100
2024-10-23 21:00:00,19.6,97,1011.6,4.8,6.8,0.0,100
2024-10-23 22:00:00,19.8,97,1011.4,4.7,6.5,0.1,100
2024-10-23 23:00:00,19.4,97,1011.2,2.6,6.1,0.0,100
2024-10-24 00:00:00,19.5,98,1012.1,4.7,7.6,0.2,100
2024-10-24 01:00:00,19.9,96,1013.0,2.6,7.6,0.1,100
2024-10-24 02:00:00,20.1,96,1013.8,3.6,6.8,0.1,100
2024-10-24 03:00:00,21.0,91,1014.3,5.8,13.7,0.0,100
2024-10-24 04:00:00,21.8,87,1015.0,6.2,15.5,0.0,100
2024-10-24 05:00:00,22.9,82,1014.4,6.2,16.2,0.2,100
2024-10-24 06:00:00,23.5,79,1013.3,5.5,16.6,0.0,100
2024-10-24 07:00:00,25.3,69,1011.7,4.3,18.0,0.0,99
2024-10-24 08:00:00,26.0,64,1010.3,3.3,16.2,0.1,100
2024-10-24 09:00:00,26.2,63,1009.4,6.0,17.6,0.0,100
2024-10-24 10:00:00,25.5,65,1009.2,2.8,16.9,0.1,99
2024-10-24 11:00:00,25.1,66,1009.8,1.8,10.8,0.1,90
2024-10-24 12:00:00,24.6,79,1010.3,1.0,7.9,0.0,98
2024-10-24 13:00:00,22.8,78,1010.8,5.1,6.1,0.0,100
2024-10-24 14:00:00,23.1,73,1011.5,2.4,6.1,0.0,100
2024-10-24 15:00:00,21.5,85,1012.7,5.9,9.0,0.0,99
2024-10-24 16:00:00,20.3,92,1013.6,5.4,9.4,0.0,98
2024-10-24 17:00:00,19.7,94,1013.6,5.3,8.3,0.0,97
2024-10-24 18:00:00,19.1,95,1013.4,5.2,8.3,0.0,100
2024-10-24 19:00:00,18.6,97,1012.9,5.9,7.9,0.0,99
2024-10-24 20:00:00,18.3,97,1012.5,6.1,8.6,0.0,99
2024-10-24 21:00:00,17.7,98,1011.5,7.6,9.0,0.0,99
2024-10-24 22:00:00,17.4,98,1011.2,7.3,9.4,0.0,100
2024-10-24 23:00:00,18.3,97,1011.3,5.0,8.6,0.0,100
2024-10-25 00:00:00,18.3,97,1011.5,4.8,6.1,0.0,100
2024-10-25 01:00:00,18.3,99,1012.6,3.4,5.4,0.0,100
2024-10-25 02:00:00,19.6,95,1013.4,4.1,10.8,0.0,100
2024-10-25 03:00:00,21.4,87,1014.0,4.7,13.3,0.0,100
2024-10-25 04:00:00,23.6,75,1014.1,5.6,16.6,0.0,100
2024-10-25 05:00:00,24.9,65,1013.7,6.8,18.0,0.0,100
2024-10-25 06:00:00,25.7,61,1012.8,6.2,18.4,0.0,100
2024-10-25 07:00:00,26.4,57,1011.8,5.6,18.0,0.0,100
2024-10-25 08:00:00,26.9,55,1010.4,7.1,19.1,0.0,97
2024-10-25 09:00:00,27.0,51,1009.5,7.3,19.1,0.0,97
2024-10-25 10:00:00,26.9,50,1009.0,8.1,18.4,0.0,99
2024-10-25 11:00:00,26.6,52,1009.3,7.9,17.6,0.0,100
2024-10-25 12:00:00,24.5,71,1010.4,4.5,14.4,0.0,98
2024-10-25 13:00:00,22.3,73,1011.1,6.3,9.4,0.0,100
2024-10-25 14:00:00,21.8,74,1012.7,8.7,14.8,0.0,100
2024-10-25 15:00:00,21.2,75,1013.8,7.5,14.0,0.0,100
2024-10-25 16:00:00,20.6,78,1014.1,8.1,13.3,0.0,100
2024-10-25 17:00:00,20.0,81,1013.9,6.9,13.0,0.0,100
2024-10-25 18:00:00,19.7,82,1013.2,6.9,10.8,0.0,100
2024-10-25 19:00:00,19.3,84,1012.3,6.4,11.2,0.0,100
2024-10-25 20:00:00,18.1,88,1011.7,9.6,11.5,0.0,2
2024-10-25 21:00:00,18.0,88,1010.8,7.4,11.2,0.0,0
2024-10-25 22:00:00,17.6,89,1010.8,8.0,10.1,0.0,16
2024-10-25 23:00:00,17.1,91,1010.9,8.4,10.4,0.0,66
2024-10-26 00:00:00,17.2,89,1011.7,7.9,10.8,0.0,22
2024-10-26 01:00:00,18.5,86,1013.0,6.2,9.7,0.0,2
2024-10-26 02:00:00,20.6,82,1013.9,9.2,16.6,0.0,3
2024-10-26 03:00:00,22.9,77,1014.4,8.6,18.7,0.0,0
2024-10-26 04:00:00,24.7,63,1014.2,11.9,24.1,0.0,25
2024-10-26 05:00:00,25.3,59,1013.8,13.2,27.0,0.0,11
2024-10-26 06:00:00,26.0,56,1012.4,12.9,27.4,0.0,18
2024-10-26 07:00:00,26.4,54,1011.0,12.8,27.4,0.0,15
2024-10-26 08:00:00,26.7,52,1010.1,13.0,27.4,0.0,10
2024-10-26 09:00:00,26.4,54,1009.3,12.2,27.4,0.0,18
2024-10-26 10:00:00,26.1,53,1009.0,9.3,25.2,0.0,21
2024-10-26 11:00:00,25.6,54,1009.3,10.0,19.4,0.0,7
2024-10-26 12:00:00,23.8,64,1010.2,8.7,18.0,0.0,2
2024-10-26 13:00:00,21.9,68,1010.7,7.3,13.3,0.0,0
2024-10-26 14:00:00,21.0,71,1012.0,7.4,11.2,0.0,0
2024-10-26 15:00:00,20.4,74,1012.9,8.1,13.0,0.0,1
2024-10-26 16:00:00,19.5,79,1013.3,6.8,13.0,0.0,0
2024-10-26 17:00:00,18.7,83,1012.8,7.8,10.4,0.0,0
2024-10-26 18:00:00,18.2,85,1012.4,7.3,10.1,0.0,0
2024-10-26 19:00:00,17.9,85,1011.6,8.7,10.8,0.0,0
2024-10-26 20:00:00,17.8,83,1010.9,7.8,11.2,0.0,0
2024-10-26 21:00:00,17.1,86,1010.3,9.9,10.8,0.0,0
2024-10-26 22:00:00,17.0,85,1010.3,5.4,11.5,0.0,0
2024-10-26 23:00:00,15.5,93,1010.7,7.7,9.0,0.0,0
2024-10-27 00:00:00,16.7,86,1011.2,7.7,9.4,0.0,0
2024-10-27 01:00:00,16.7,91,1012.4,5.2,10.1,0.0,0
2024-10-27 02:00:00,19.2,85,1013.4,5.2,11.9,0.0,1
2024-10-27 03:00:00,21.7,74,1013.8,5.8,15.1,0.0,8
2024-10-27 04:00:00,23.7,65,1013.8,6.8,18.0,0.0,7
2024-10-27 05:00:00,25.1,57,1013.1,8.2,20.5,0.0,41
2024-10-27 06:00:00,26.0,55,1012.0,8.0,21.2,0.0,8
2024-10-27 07:00:00,26.7,53,1010.4,6.4,20.5,0.0,54
2024-10-27 08:00:00,26.5,52,1009.3,6.9,18.7,0.0,28
2024-10-27 09:00:00,26.3,53,1008.4,8.7,19.4,0.0,62
2024-10-27 10:00:00,25.5,57,1008.4,10.7,21.6,0.0,73
2024-10-27 11:00:00,25.1,59,1008.8,11.0,22.3,0.0,72
2024-10-27 12:00:00,23.6,68,1009.5,7.9,20.2,0.0,66
2024-10-27 13:00:00,21.7,78,1010.0,8.3,14.0,0.0,28
2024-10-27 14:00:00,21.0,79,1010.7,7.9,13.7,0.0,14
2024-10-27 15:00:00,20.3,83,1011.4,6.3,13.0,0.0,15
2024-10-27 16:00:00,19.3,88,1011.6,7.0,9.4,0.0,9
2024-10-27 17:00:00,18.7,90,1011.5,7.8,9.7,0.0,13
2024-10-27 18:00:00,18.5,89,1011.0,8.3,10.1,0.0,15
2024-10-27 19:00:00,18.6,87,1010.3,6.7,10.1,0.0,7
2024-10-27 20:00:00,17.8,90,1009.5,8.1,10.1,0.0,7
2024-10-27 21:00:00,17.5,91,1009.0,8.3,10.1,0.0,85
2024-10-27 22:00:00,19.3,81,1009.3,2.4,9.7,0.0,43
2024-10-27 23:00:00,17.1,93,1009.7,5.2,7.6,0.0,80
2024-10-28 00:00:00,16.5,96,1010.4,5.5,8.3,0.0,96
2024-10-28 01:00:00,17.1,96,1011.2,5.0,8.6,0.0,41
2024-10-28 02:00:00,19.8,89,1012.4,5.9,12.6,0.0,46
2024-10-28 03:00:00,22.2,80,1013.1,6.1,15.8,0.0,5
2024-10-28 04:00:00,24.0,72,1012.8,4.8,16.6,0.0,0
2024-10-28 05:00:00,25.4,61,1012.1,2.8,15.5,0.0,15
2024-10-28 06:00:00,26.2,56,1010.7,3.1,14.0,0.0,10
2024-10-28 07:00:00,27.0,53,1009.2,3.7,15.1,0.0,13
2024-10-28 08:00:00,27.2,51,1008.1,6.1,17.3,0.0,21
2024-10-28 09:00:00,26.9,52,1007.7,7.8,18.7,0.0,18
2024-10-28 10:00:00,26.4,53,1007.6,6.3,18.7,0.0,19
2024-10-28 11:00:00,26.0,54,1007.8,4.5,15.8,0.0,14
2024-10-28 12:00:00,24.3,72,1008.2,3.6,10.4,0.0,11
2024-10-28 13:00:00,22.7,74,1009.0,5.5,8.3,0.0,5
2024-10-28 14:00:00,21.6,77,1010.3,6.4,9.0,0.0,11
2024-10-28 15:00:00,21.2,78,1011.4,7.4,9.7,0.0,20
2024-10-28 16:00:00,21.2,79,1011.8,8.5,11.2,0.0,29
2024-10-28 17:00:00,20.6,83,1011.8,9.0,10.1,0.0,82
2024-10-28 18:00:00,20.3,83,1011.5,7.8,10.4,0.0,83
2024-10-28 19:00:00,20.6,81,1011.3,6.6,11.5,0.0,16
2024-10-28 20:00:00,19.2,89,1010.8,6.7,10.8,0.0,4
2024-10-28 21:00:00,18.7,94,1010.4,6.4,11.2,0.0,1
2024-10-28 22:00:00,18.2,96,1010.4,5.2,10.4,0.0,1
2024-10-28 23:00:00,17.7,97,1010.7,6.3,8.3,0.0,2
2024-10-29 00:00:00,17.5,98,1011.4,6.1,8.6,0.0,1
2024-10-29 01:00:00,18.6,96,1011.9,4.0,8.6,0.0,1
2024-10-29 02:00:00,20.5,90,1013.0,4.6,11.9,0.0,0
2024-10-29 03:00:00,22.8,80,1013.7,5.6,15.1,0.0,0
2024-10-29 04:00:00,24.6,71,1013.6,5.2,16.2,0.0,0
2024-10-29 05:00:00,25.9,63,1013.0,6.1,18.0,0.0,18
2024-10-29 06:00:00,26.7,58,1012.1,7.3,19.8,0.1,19
2024-10-29 07:00:00,27.3,55,1010.5,7.2,19.8,0.1,28
2024-10-29 08:00:00,27.7,53,1009.7,6.9,19.4,0.1,35
2024-10-29 09:00:00,27.5,53,1008.9,7.2,18.7,0.1,23
2024-10-29 10:00:00,27.7,52,1008.3,6.6,17.6,0.0,27
2024-10-29 11:00:00,26.9,55,1008.8,9.7,17.6,0.0,46
2024-10-29 12:00:00,25.0,68,1009.6,6.5,17.6,0.0,37
2024-10-29 13:00:00,23.1,71,1010.4,6.3,9.7,0.0,13
2024-10-29 14:00:00,22.3,74,1011.1,6.2,10.4,0.0,14
2024-10-29 15:00:00,21.5,77,1012.1,6.7,10.4,0.0,10
2024-10-29 16:00:00,20.7,82,1012.5,7.4,10.1,0.0,6
2024-10-29 17:00:00,20.3,83,1012.3,6.8,9.7,0.0,91
2024-10-29 18:00:00,20.1,84,1012.1,5.9,9.4,0.0,75
2024-10-29 19:00:00,19.6,87,1011.7,5.6,9.0,0.0,58
2024-10-29 20:00:00,19.7,86,1010.8,7.5,11.5,0.0,36
2024-10-29 21:00:00,19.2,88,1010.5,6.5,12.6,0.0,19
2024-10-29 22:00:00,18.6,92,1010.7,6.9,9.7,0.0,30
2024-10-29 23:00:00,18.4,92,1010.9,6.1,7.9,0.0,40
2024-10-30 00:00:00,17.8,94,1011.6,7.5,8.6,0.0,54
2024-10-30 01:00:00,19.1,94,1012.3,3.1,7.6,0.0,69
2024-10-30 02:00:00,21.3,86,1013.3,3.8,10.4,0.0,68
2024-10-30 03:00:00,23.3,78,1013.8,3.7,12.6,0.0,73
2024-10-30 04:00:00,24.8,69,1013.6,3.9,14.8,0.1,29
2024-10-30 05:00:00,25.9,63,1013.3,1.9,14.8,0.1,28
2024-10-30 06:00:00,26.6,60,1012.3,0.9,13.0,0.1,30
2024-10-30 07:00:00,27.0,58,1011.2,1.2,12.6,0.2,29
2024-10-30 08:00:00,27.0,60,1010.5,1.2,12.2,0.2,59
2024-10-30 09:00:00,27.3,60,1009.7,3.0,13.0,0.0,37
2024-10-30 10:00:00,26.0,63,1009.6,3.5,13.0,0.4,58
2024-10-30 11:00:00,25.9,63,1010.0,3.5,11.5,0.0,40
2024-10-30 12:00:00,24.6,71,1010.9,5.7,10.1,0.0,46
2024-10-30 13:00:00,22.0,85,1011.6,7.4,15.8,0.0,51
2024-10-30 14:00:00,21.4,90,1012.7,5.8,12.2,0.0,41
2024-10-30 15:00:00,20.8,93,1013.5,5.7,9.4,0.0,23
2024-10-30 16:00:00,20.6,93,1014.0,5.8,10.1,0.0,11
2024-10-30 17:00:00,20.2,94,1013.8,5.4,9.4,0.0,9
2024-10-30 18:00:00,19.9,95,1013.7,5.3,8.6,0.0,19
2024-10-30 19:00:00,19.7,94,1013.1,5.2,8.3,0.0,19
2024-10-30 20:00:00,19.6,94,1012.6,5.8,9.4,0.0,22
2024-10-30 21:00:00,19.5,94,1012.1,5.5,9.4,0.0,23
2024-10-30 22:00:00,19.2,96,1012.0,5.1,8.6,0.0,45
2024-10-30 23:00:00,18.8,97,1012.3,5.6,7.9,0.0,28
2024-10-31 00:00:00,18.4,98,1012.6,6.4,8.3,0.0,17
2024-10-31 01:00:00,19.5,98,1013.0,3.2,7.2,0.0,8
2024-10-31 02:00:00,21.4,91,1014.1,3.4,10.1,0.0,11
2024-10-31 03:00:00,23.5,80,1014.6,3.8,12.6,0.0,28
2024-10-31 04:00:00,24.9,70,1014.5,3.5,13.7,0.0,34
2024-10-31 05:00:00,25.9,67,1014.2,2.4,16.2,0.0,19
2024-10-31 06:00:00,27.0,65,1013.2,2.1,16.9,0.0,16
2024-10-31 07:00:00,27.6,62,1012.0,2.6,16.9,0.0,100
2024-10-31 08:00:00,27.8,60,1010.9,2.5,15.1,0.0,100
2024-10-31 09:00:00,26.6,63,1010.0,3.1,13.7,0.3,87
2024-10-31 10:00:00,24.7,72,1010.1,5.6,16.2,3.0,78
2024-10-31 11:00:00,24.0,75,1011.1,3.1,12.6,0.4,76
2024-10-31 12:00:00,23.1,82,1011.9,4.3,14.8,0.3,70
2024-10-31 13:00:00,23.0,83,1011.9,4.8,7.9,0.0,91
2024-10-31 14:00:00,22.7,85,1012.6,6.5,9.7,0.0,71
2024-10-31 15:00:00,22.1,83,1013.5,9.4,14.4,0.0,20
2024-10-31 16:00:00,21.3,88,1014.5,10.0,16.2,0.0,38
2024-10-31 17:00:00,20.9,93,1014.4,8.0,16.9,0.0,70
2024-10-31 18:00:00,19.7,98,1014.5,6.3,13.0,0.0,67
2024-10-31 19:00:00,19.9,99,1014.1,3.8,7.6,0.1,83
2024-10-31 20:00:00,20.3,98,1013.5,3.9,5.8,0.0,72
2024-10-31 21:00:00,19.8,93,1013.3,3.3,7.2,0.2,88
2024-10-31 22:00:00,20.0,93,1012.7,1.5,6.5,0.2,52
2024-10-31 23:00:00,20.0,91,1013.1,3.0,3.2,0.0,80
2024-11-01 00:00:00,19.9,93,1013.6,2.6,3.6,0.0,95
2024-11-01 01:00:00,19.8,99,1014.1,3.3,6.5,0.0,37
2024-11-01 02:00:00,21.3,91,1015.1,6.4,14.0,0.0,34
2024-11-01 03:00:00,22.9,81,1015.8,6.7,16.6,0.0,64
2024-11-01 04:00:00,24.2,74,1016.0,6.9,18.0,0.1,31
2024-11-01 05:00:00,25.4,68,1015.5,6.8,18.7,0.1,30
2024-11-01 06:00:00,26.2,66,1014.7,6.5,19.4,0.3,49
2024-11-01 07:00:00,26.9,63,1013.2,7.2,19.1,0.1,100
2024-11-01 08:00:00,23.9,77,1012.6,9.6,19.1,2.0,81
2024-11-01 09:00:00,24.6,75,1011.3,4.8,19.8,1.2,37
2024-11-01 10:00:00,26.3,65,1010.6,7.6,16.9,0.1,31
2024-11-01 11:00:00,22.5,83,1012.7,5.7,19.1,3.5,71
2024-11-01 12:00:00,22.7,83,1013.0,6.2,15.5,0.1,61
2024-11-01 13:00:00,22.8,83,1012.8,4.5,8.6,0.1,44
2024-11-01 14:00:00,22.2,87,1014.0,5.9,8.6,0.0,41
2024-11-01 15:00:00,21.8,88,1015.1,8.7,14.0,0.0,17
2024-11-01 16:00:00,21.1,90,1016.0,7.7,14.0,0.0,48
2024-11-01 17:00:00,20.8,91,1016.1,8.6,13.3,0.1,26
2024-11-01 18:00:00,20.1,96,1016.0,8.4,15.1,0.0,16
2024-11-01 19:00:00,19.8,97,1015.5,7.2,14.0,0.0,12
2024-11-01 20:00:00,19.2,99,1014.7,4.5,11.9,0.0,100
2024-11-01 21:00:00,18.8,100,1014.0,5.6,7.6,0.0,100
2024-11-01 22:00:00,19.7,99,1013.8,5.8,10.4,0.0,100
2024-11-01 23:00:00,19.8,98,1013.9,7.9,14.0,0.0,100
2024-11-02 00:00:00,20.2,93,1014.3,7.1,14.4,0.0,100
2024-11-02 01:00:00,19.0,98,1015.0,4.3,6.5,0.0,26
2024-11-02 02:00:00,20.4,90,1015.9,9.3,18.0,0.0,47
2024-11-02 03:00:00,22.5,79,1016.3,10.5,21.6,0.0,25
2024-11-02 04:00:00,24.2,70,1016.4,12.1,25.2,0.0,46
2024-11-02 05:00:00,25.4,64,1015.9,11.6,25.6,0.1,30
2024-11-02 06:00:00,26.5,59,1014.8,10.3,25.2,0.1,24
2024-11-02 07:00:00,27.2,56,1013.1,9.0,23.8,0.1,31
2024-11-02 08:00:00,27.7,55,1011.8,9.1,22.0,0.1,33
2024-11-02 09:00:00,27.2,56,1011.0,10.6,22.7,0.2,26
2024-11-02 10:00:00,25.9,63,1011.1,15.1,27.4,0.1,62
2024-11-02 11:00:00,23.9,76,1011.9,12.9,31.3,0.1,44
2024-11-02 12:00:00,23.3,78,1012.9,13.7,23.0,0.0,79
2024-11-02 13:00:00,21.5,86,1013.5,19.9,31.3,0.0,92
2024-11-02 14:00:00,20.3,88,1014.6,16.5,37.1,0.2,75
2024-11-02 15:00:00,20.2,91,1015.4,11.1,27.4,0.2,47
2024-11-02 16:00:00,19.9,94,1015.9,8.8,18.0,0.0,33
2024-11-02 17:00:00,19.8,96,1015.9,9.3,15.8,0.0,66
2024-11-02 18:00:00,19.7,98,1015.9,5.6,15.8,0.0,100
2024-11-02 19:00:00,19.9,97,1015.6,10.6,17.6,0.0,100
2024-11-02 20:00:00,20.0,95,1014.6,10.7,19.8,0.0,100
2024-11-02 21:00:00,19.5,98,1014.0,6.7,18.4,0.0,100
2024-11-02 22:00:00,19.6,97,1013.6,6.1,12.2,0.0,100
2024-11-02 23:00:00,19.7,96,1013.3,7.1,13.0,0.0,100
2024-11-03 00:00:00,19.8,94,1013.5,7.3,13.0,0.0,35
2024-11-03 01:00:00,19.9,94,1014.5,8.6,15.8,0.0,49
2024-11-03 02:00:00,20.8,88,1015.2,11.5,20.5,0.0,43
2024-11-03 03:00:00,22.7,77,1015.7,12.6,24.8,0.0,32
2024-11-03 04:00:00,24.5,68,1016.0,13.9,27.7,0.0,68
2024-11-03 05:00:00,25.4,64,1015.3,14.7,28.8,0.0,91
2024-11-03 06:00:00,26.4,60,1014.1,14.3,29.5,0.0,25
2024-11-03 07:00:00,27.4,55,1012.7,13.0,29.2,0.1,31
2024-11-03 08:00:00,27.7,54,1011.4,12.8,27.4,0.2,41
2024-11-03 09:00:00,25.6,62,1011.3,17.6,34.2,0.2,85
2024-11-03 10:00:00,24.6,71,1011.0,15.1,33.8,0.2,50
2024-11-03 11:00:00,24.7,71,1011.5,9.1,28.4,0.0,37
2024-11-03 12:00:00,23.7,75,1012.3,12.0,19.1,0.0,63
2024-11-03 13:00:00,22.3,79,1012.8,9.2,14.8,0.0,11
2024-11-03 14:00:00,21.5,83,1014.0,9.1,15.5,0.0,34
2024-11-03 15:00:00,21.0,84,1014.9,9.7,15.5,0.0,16
2024-11-03 16:00:00,20.6,89,1015.8,12.4,20.5,0.0,48
2024-11-03 17:00:00,20.2,92,1015.9,10.3,20.5,0.0,23
2024-11-03 18:00:00,19.9,95,1015.9,10.5,17.6,0.0,91
2024-11-03 19:00:00,19.8,97,1015.3,8.3,17.3,0.0,100
2024-11-03 20:00:00,20.1,95,1014.4,8.9,15.5,0.0,100
2024-11-03 21:00:00,19.8,96,1013.6,7.3,15.5,0.0,82
2024-11-03 22:00:00,19.6,98,1013.3,6.3,11.9,0.0,100
2024-11-03 23:00:00,19.7,96,1013.3,6.8,14.0,0.0,100
2024-11-04 00:00:00,19.8,95,1013.5,5.8,11.2,0.2,100
2024-11-04 01:00:00,20.3,91,1014.2,10.4,18.0,0.0,72
2024-11-04 02:00:00,21.2,86,1015.0,13.8,24.5,0.0,52
2024-11-04 03:00:00,22.7,78,1015.1,12.4,25.2,0.0,32
2024-11-04 04:00:00,24.0,71,1015.0,13.0,27.0,0.0,10
2024-11-04 05:00:00,25.3,62,1014.3,13.4,28.1,0.0,17
2024-11-04 06:00:00,26.5,57,1013.0,13.1,28.4,0.1,29
2024-11-04 07:00:00,27.1,55,1011.6,12.4,28.1,0.2,48
2024-11-04 08:00:00,27.1,54,1010.5,13.6,27.4,0.1,33
2024-11-04 09:00:00,26.9,55,1009.8,14.5,28.4,0.1,35
2024-11-04 10:00:00,25.0,65,1010.2,14.8,31.0,0.2,55
2024-11-04 11:00:00,24.2,71,1010.6,12.6,28.4,0.0,50
2024-11-04 12:00:00,22.5,76,1011.7,6.3,26.3,0.0,45
2024-11-04 13:00:00,22.1,74,1012.0,9.6,16.9,0.0,85
2024-11-04 14:00:00,21.7,78,1013.3,10.8,16.9,0.0,35
2024-11-04 15:00:00,21.7,80,1014.3,12.3,20.5,0.1,34
2024-11-04 16:00:00,20.8,87,1015.0,11.3,20.2,0.0,20
2024-11-04 17:00:00,20.2,91,1015.0,11.9,19.8,0.0,12
2024-11-04 18:00:00,19.7,93,1014.8,11.8,19.8,0.0,19
2024-11-04 19:00:00,19.3,95,1014.4,12.5,20.9,0.0,27
2024-11-04 20:00:00,19.0,95,1013.8,11.9,20.9,0.0,26
2024-11-04 21:00:00,18.5,96,1013.4,11.0,19.8,0.0,3
2024-11-04 22:00:00,17.9,96,1013.1,10.1,18.4,0.0,4
2024-11-04 23:00:00,17.4,96,1013.3,9.2,16.6,0.0,28
2024-11-05 00:00:00,17.2,96,1013.9,9.9,16.2,0.0,41
2024-11-05 01:00:00,17.4,95,1015.0,11.3,19.1,0.0,37
2024-11-05 02:00:00,19.6,84,1015.9,13.4,25.6,0.0,43
2024-11-05 03:00:00,21.4,77,1016.2,12.4,24.8,0.0,20
2024-11-05 04:00:00,23.3,67,1016.2,13.0,27.0,0.0,33
2024-11-05 05:00:00,24.8,59,1015.6,12.8,27.7,0.0,61
2024-11-05 06:00:00,26.4,52,1014.3,13.6,28.8,0.0,81
2024-11-05 07:00:00,26.6,50,1012.6,11.8,28.8,0.0,35
2024-11-05 08:00:00,27.1,49,1011.6,12.2,25.9,0.0,70
2024-11-05 09:00:00,27.1,48,1010.6,11.7,25.9,0.0,34
2024-11-05 10:00:00,26.8,48,1010.4,11.0,24.5,0.0,54
2024-11-05 11:00:00,26.2,49,1010.5,11.1,21.6,0.0,63
2024-11-05 12:00:00,24.5,58,1011.4,8.1,19.8,0.0,42
2024-11-05 13:00:00,22.2,66,1012.7,8.2,14.4,0.0,42
2024-11-05 14:00:00,21.7,67,1014.0,8.1,13.3,0.0,94
2024-11-05 15:00:00,21.9,66,1014.8,9.9,15.8,0.0,3
2024-11-05 16:00:00,21.0,68,1014.9,11.3,18.4,0.0,4
2024-11-05 17:00:00,19.9,73,1015.1,11.0,18.7,0.0,0
2024-11-05 18:00:00,19.0,77,1015.0,9.1,18.0,0.0,1
2024-11-05 19:00:00,18.2,81,1014.9,7.9,14.8,0.0,33
2024-11-05 20:00:00,17.9,82,1014.2,8.4,13.7,0.0,61
2024-11-05 21:00:00,18.5,78,1013.6,10.6,17.3,0.0,0
2024-11-05 22:00:00,17.4,83,1013.3,10.1,17.6,0.0,0
2024-11-05 23:00:00,16.6,89,1013.2,8.8,16.6,0.0,0
2024-11-06 00:00:00,16.3,91,1013.6,8.1,14.0,0.0,0
2024-11-06 01:00:00,17.2,91,1015.2,8.8,14.4,0.0,0
2024-11-06 02:00:00,19.3,81,1015.8,10.7,18.4,0.0,0
2024-11-06 03:00:00,21.9,68,1016.1,10.8,22.0,0.0,0
2024-11-06 04:00:00,23.9,57,1016.2,12.5,25.9,0.0,0
2024-11-06 05:00:00,25.3,51,1015.9,12.8,27.4,0.0,0
2024-11-06 06:00:00,26.2,48,1014.7,12.1,27.7,0.0,0
2024-11-06 07:00:00,27.0,46,1012.9,11.4,26.6,0.0,0
2024-11-06 08:00:00,27.8,44,1011.8,10.7,25.9,0.0,61
2024-11-06 09:00:00,27.6,46,1010.9,11.6,24.1,0.0,100
2024-11-06 10:00:00,26.3,52,1011.1,16.5,29.5,0.0,100
2024-11-06 11:00:00,25.6,55,1011.7,14.2,29.9,0.0,100
2024-11-06 12:00:00,25.0,58,1012.2,11.0,24.8,0.0,89
2024-11-06 13:00:00,23.8,61,1012.7,10.7,18.4,0.0,100
2024-11-06 14:00:00,23.4,63,1013.7,11.0,18.4,0.0,100
2024-11-06 15:00:00,23.1,65,1014.5,12.6,20.5,0.0,100
2024-11-06 16:00:00,22.5,69,1014.5,10.1,21.2,0.1,100
2024-11-06 17:00:00,22.2,70,1014.5,9.4,16.2,0.0,97
2024-11-06 18:00:00,21.4,74,1014.5,10.2,16.6,0.0,100
2024-11-06 19:00:00,21.2,77,1014.1,10.1,18.0,0.0,100
2024-11-06 20:00:00,20.9,82,1013.5,10.8,17.6,0.0,96
2024-11-06 21:00:00,19.9,88,1012.9,9.7,17.6,0.0,85
2024-11-06 22:00:00,19.7,90,1012.7,10.3,16.9,0.0,93
2024-11-06 23:00:00,19.3,91,1012.8,10.1,16.9,0.0,99
2024-11-07 00:00:00,19.1,91,1013.3,9.6,16.6,0.0,98
2024-11-07 01:00:00,19.5,89,1014.3,12.6,22.3,0.0,100
2024-11-07 02:00:00,21.0,84,1015.1,12.5,22.3,0.0,98
2024-11-07 03:00:00,22.9,76,1015.3,15.2,29.2,0.0,88
2024-11-07 04:00:00,24.8,65,1015.3,16.8,32.8,0.0,85
2024-11-07 05:00:00,26.4,58,1014.8,19.6,37.4,0.0,85
2024-11-07 06:00:00,26.2,58,1013.9,16.2,37.8,0.0,74
2024-11-07 07:00:00,27.4,55,1012.4,17.4,34.9,0.3,51
2024-11-07 08:00:00,27.3,55,1011.7,17.0,34.6,0.3,67
2024-11-07 09:00:00,24.2,71,1012.1,19.9,40.3,0.3,78
2024-11-07 10:00:00,25.0,72,1011.6,11.8,36.7,0.3,89
2024-11-07 11:00:00,25.1,70,1011.4,11.8,23.4,0.0,37
2024-11-07 12:00:00,24.2,72,1012.2,9.3,22.0,0.1,74
2024-11-07 13:00:00,22.9,71,1012.8,9.0,20.5,0.0,85
2024-11-07 14:00:00,22.6,73,1013.8,9.1,15.5,0.0,46
2024-11-07 15:00:00,21.9,77,1014.5,8.8,15.1,0.0,37
2024-11-07 16:00:00,21.0,82,1015.1,7.9,14.4,0.0,89
2024-11-07 17:00:00,20.4,87,1015.4,8.0,13.0,0.0,100
2024-11-07 18:00:00,19.8,93,1015.3,9.9,15.8,0.0,100
2024-11-07 19:00:00,19.4,96,1015.0,11.4,18.7,0.0,100
2024-11-07 20:00:00,19.1,97,1014.3,11.9,19.4,0.0,100
2024-11-07 21:00:00,19.0,98,1013.6,11.3,19.4,0.0,99
2024-11-07 22:00:00,18.8,97,1013.2,10.5,18.7,0.0,31
2024-11-07 23:00:00,18.6,97,1013.0,10.3,17.3,0.0,41
2024-11-08 00:00:00,18.3,97,1013.3,9.8,17.3,0.0,11
2024-11-08 01:00:00,18.7,94,1014.4,13.6,22.3,0.0,83
2024-11-08 02:00:00,20.2,86,1015.2,13.6,24.1,0.0,75
2024-11-08 03:00:00,22.4,74,1015.6,14.5,28.1,0.0,15
2024-11-08 04:00:00,24.4,64,1015.7,15.5,31.0,0.0,39
2024-11-08 05:00:00,25.9,57,1015.0,16.6,33.1,0.0,16
2024-11-08 06:00:00,27.0,54,1013.8,17.2,34.6,0.0,83
2024-11-08 07:00:00,28.0,48,1012.1,17.1,34.9,0.0,86
2024-11-08 08:00:00,28.7,45,1010.9,16.3,34.2,0.0,90
2024-11-08 09:00:00,29.0,43,1009.8,14.9,32.4,0.0,100
2024-11-08 10:00:00,28.4,44,1010.0,15.1,29.9,0.0,100
2024-11-08 11:00:00,27.6,45,1010.3,13.9,29.2,0.0,94
2024-11-08 12:00:00,25.7,53,1011.1,8.3,25.2,0.0,100
2024-11-08 13:00:00,23.1,63,1011.9,6.8,10.1,0.0,76
2024-11-08 14:00:00,23.0,63,1013.3,9.4,15.1,0.0,93
2024-11-08 15:00:00,22.0,70,1014.5,9.9,16.2,0.0,100
2024-11-08 16:00:00,21.0,78,1015.2,10.2,16.6,0.0,100
2024-11-08 17:00:00,20.3,83,1015.3,10.8,17.6,0.0,100
2024-11-08 18:00:00,19.8,88,1015.2,11.4,18.7,0.0,100
2024-11-08 19:00:00,19.4,92,1014.7,10.9,18.7,0.0,100
2024-11-08 20:00:00,19.1,95,1014.1,10.3,18.0,0.0,100
2024-11-08 21:00:00,18.8,96,1013.4,10.6,17.6,0.0,100
2024-11-08 22:00:00,18.5,96,1012.9,10.9,18.0,0.0,100
2024-11-08 23:00:00,18.3,95,1012.9,10.8,18.0,0.0,100
2024-11-09 00:00:00,18.1,94,1013.6,11.4,18.7,0.0,100
2024-11-09 01:00:00,18.1,93,1015.3,11.3,18.7,0.0,100
2024-11-09 02:00:00,19.5,84,1016.1,12.1,21.6,0.0,100
2024-11-09 03:00:00,21.7,71,1016.4,12.1,23.8,0.0,98
2024-11-09 04:00:00,23.9,56,1015.9,15.0,29.2,0.0,100
2024-11-09 05:00:00,25.5,46,1015.0,17.2,33.5,0.0,100
2024-11-09 06:00:00,26.5,43,1014.0,16.7,33.8,0.0,100
2024-11-09 07:00:00,27.1,44,1012.7,15.1,33.5,0.0,100
2024-11-09 08:00:00,27.6,42,1011.7,14.2,31.3,0.0,100
2024-11-09 09:00:00,27.8,41,1010.9,13.3,29.5,0.0,93
2024-11-09 10:00:00,27.6,42,1010.8,13.7,27.4,0.0,100
2024-11-09 11:00:00,27.0,42,1011.0,11.8,26.6,0.0,100
2024-11-09 12:00:00,25.1,52,1011.4,6.7,20.5,0.0,100
2024-11-09 13:00:00,22.7,58,1012.2,9.5,15.1,0.0,65
2024-11-09 14:00:00,21.9,61,1013.4,10.6,17.3,0.0,51
2024-11-09 15:00:00,21.1,65,1014.1,10.3,17.3,0.0,100
2024-11-09 16:00:00,20.3,71,1015.0,10.1,17.3,0.0,100
2024-11-09 17:00:00,19.4,77,1015.4,9.0,16.6,0.0,100
2024-11-09 18:00:00,18.8,82,1015.4,9.3,15.1,0.0,100
2024-11-09 19:00:00,18.4,89,1014.9,9.5,15.5,0.0,100
2024-11-09 20:00:00,18.0,94,1014.2,10.3,16.9,0.0,100
2024-11-09 21:00:00,18.0,96,1013.8,10.3,17.3,0.0,99
2024-11-09 22:00:00,17.9,97,1013.5,9.1,16.9,0.0,100
2024-11-09 23:00:00,17.7,97,1013.4,8.7,15.1,0.0,98
2024-11-10 00:00:00,17.5,96,1013.9,8.4,14.4,0.0,99
2024-11-10 01:00:00,17.7,94,1014.8,8.7,14.4,0.0,28
2024-11-10 02:00:00,19.7,85,1015.6,9.7,18.4,0.0,4
2024-11-10 03:00:00,22.2,74,1016.0,10.8,22.3,0.0,7
2024-11-10 04:00:00,24.2,62,1015.9,13.0,27.4,0.0,15
2024-11-10 05:00:00,25.6,53,1015.0,14.6,30.6,0.0,93
2024-11-10 06:00:00,26.8,48,1013.9,16.4,33.1,0.0,32
2024-11-10 07:00:00,27.0,47,1012.6,16.0,33.5,0.0,69
2024-11-10 08:00:00,26.9,47,1011.7,14.8,32.4,0.0,33
2024-11-10 09:00:00,27.0,46,1010.9,14.1,30.6,0.0,29
2024-11-10 10:00:00,26.7,47,1010.7,13.5,28.8,0.1,41
2024-11-10 11:00:00,25.6,50,1011.3,13.7,26.3,0.2,48
2024-11-10 12:00:00,24.1,59,1012.3,11.1,24.5,0.1,36
2024-11-10 13:00:00,22.6,61,1012.2,9.6,17.3,0.0,51
2024-11-10 14:00:00,22.1,64,1013.4,11.0,18.0,0.0,28
2024-11-10 15:00:00,21.5,68,1014.1,10.1,18.0,0.0,17
2024-11-10 16:00:00,20.9,71,1014.6,9.9,16.6,0.0,12
2024-11-10 17:00:00,20.2,74,1014.7,10.2,16.6,0.0,5
2024-11-10 18:00:00,19.4,78,1014.7,8.8,16.6,0.0,6
2024-11-10 19:00:00,18.5,83,1014.0,7.3,14.0,0.0,18
2024-11-10 20:00:00,18.0,88,1013.4,7.3,11.9,0.0,32
2024-11-10 21:00:00,17.6,91,1012.9,7.6,11.9,0.0,61
2024-11-10 22:00:00,17.4,94,1012.7,7.2,12.6,0.0,10
2024-11-10 23:00:00,17.3,94,1012.8,8.4,13.3,0.0,64
2024-11-11 00:00:00,17.4,94,1013.6,8.9,15.1,0.0,100
2024-11-11 01:00:00,17.8,95,1014.2,8.9,14.4,0.0,87
2024-11-11 02:00:00,19.8,86,1015.2,10.3,19.1,0.0,100
2024-11-11 03:00:00,22.0,71,1015.4,14.8,28.1,0.0,98
2024-11-11 04:00:00,24.1,57,1015.0,16.3,32.0,0.0,100
2024-11-11 05:00:00,25.5,51,1014.1,16.4,33.1,0.0,92
2024-11-11 06:00:00,26.6,46,1012.9,16.9,34.6,0.0,93
2024-11-11 07:00:00,27.3,44,1011.2,16.2,34.6,0.0,47
2024-11-11 08:00:00,27.8,42,1010.3,15.6,33.5,0.0,0
2024-11-11 09:00:00,27.8,42,1009.4,14.8,32.4,0.0,18
2024-11-11 10:00:00,27.6,42,1009.3,15.7,30.6,0.0,29
2024-11-11 11:00:00,26.9,43,1009.8,15.0,30.6,0.0,54
2024-11-11 12:00:00,25.3,49,1010.4,8.0,27.0,0.0,94
2024-11-11 13:00:00,23.0,56,1011.2,7.9,21.6,0.0,90
2024-11-11 14:00:00,22.5,59,1012.3,9.4,15.1,0.0,24
2024-11-11 15:00:00,21.8,62,1013.0,9.3,15.8,0.0,29
2024-11-11 16:00:00,21.3,63,1013.5,7.8,15.1,0.0,16
2024-11-11 17:00:00,20.8,65,1013.7,8.0,13.7,0.0,18
2024-11-11 18:00:00,20.3,66,1013.5,7.2,13.0,0.0,14
2024-11-11 19:00:00,19.8,69,1012.7,7.0,11.5,0.0,43
2024-11-11 20:00:00,19.2,72,1011.8,6.4,11.2,0.0,97
2024-11-11 21:00:00,19.0,72,1011.5,8.1,12.6,0.0,97
2024-11-11 22:00:00,19.2,71,1011.4,8.5,14.0,0.0,40
2024-11-11 23:00:00,19.0,77,1011.6,8.1,13.7,0.0,100
2024-11-12 00:00:00,19.5,79,1012.2,10.5,16.9,0.0,99
2024-11-12 01:00:00,19.7,83,1012.8,13.2,21.2,0.0,4
2024-11-12 02:00:00,21.0,79,1013.6,12.8,23.0,0.0,31
2024-11-12 03:00:00,22.9,71,1014.2,16.0,29.9,0.0,78
2024-11-12 04:00:00,24.3,63,1014.2,17.5,34.2,0.0,100
2024-11-12 05:00:00,23.5,66,1014.2,15.6,34.2,0.1,100
2024-11-12 06:00:00,24.1,65,1013.2,17.7,30.6,0.0,100
2024-11-12 07:00:00,26.2,58,1011.0,18.4,36.4,0.0,100
2024-11-12 08:00:00,26.5,59,1009.7,17.5,34.6,0.0,100
2024-11-12 09:00:00,27.0,58,1009.0,16.8,33.1,0.2,100
2024-11-12 10:00:00,25.9,62,1009.0,16.6,32.0,0.3,100
2024-11-12 11:00:00,24.6,71,1009.8,13.2,31.7,0.2,92
2024-11-12 12:00:00,24.1,75,1010.1,7.7,23.8,0.1,62
2024-11-12 13:00:00,22.8,83,1010.7,9.3,24.5,0.0,100
2024-11-12 14:00:00,22.2,87,1012.2,11.0,24.8,0.0,100
2024-11-12 15:00:00,21.7,90,1012.9,11.5,26.3,0.0,100
2024-11-12 16:00:00,21.3,91,1013.2,10.3,25.2,0.0,99
2024-11-12 17:00:00,20.8,93,1012.8,10.2,23.0,0.0,98
2024-11-12 18:00:00,20.5,94,1012.3,9.7,23.4,0.0,99
2024-11-12 19:00:00,20.3,96,1011.4,10.2,22.7,0.0,100
2024-11-12 20:00:00,20.3,96,1010.9,10.2,24.1,0.0,100
2024-11-12 21:00:00,20.3,96,1010.5,11.5,25.2,0.0,100
2024-11-12 22:00:00,20.4,93,1010.0,11.7,26.3,0.1,100
2024-11-12 23:00:00,20.1,93,1010.5,9.8,27.0,0.0,100
2024-11-13 00:00:00,19.9,95,1010.9,10.0,24.8,0.1,100
2024-11-13 01:00:00,20.7,95,1011.5,11.7,25.9,0.0,100
2024-11-13 02:00:00,21.6,88,1012.6,14.3,31.3,0.0,100
2024-11-13 03:00:00,23.2,78,1013.2,15.2,36.0,0.0,100
2024-11-13 04:00:00,24.2,73,1013.2,15.1,37.4,0.0,100
2024-11-13 05:00:00,25.6,66,1012.9,15.1,41.4,0.0,100
2024-11-13 06:00:00,27.0,61,1011.6,14.8,41.8,0.0,100
2024-11-13 07:00:00,25.6,69,1010.6,15.8,42.1,2.3,100
2024-11-13 08:00:00,26.6,63,1009.2,17.4,40.7,0.9,100
2024-11-13 09:00:00,22.4,83,1009.6,9.4,42.1,6.4,100
2024-11-13 10:00:00,22.8,84,1009.2,10.3,25.9,0.0,96
2024-11-13 11:00:00,23.7,80,1009.1,10.9,26.6,0.0,77
2024-11-13 12:00:00,23.6,79,1009.9,12.2,28.1,0.0,79
2024-11-13 13:00:00,22.5,88,1010.7,9.2,19.4,0.1,100
2024-11-13 14:00:00,22.1,90,1011.8,11.3,24.8,0.0,100
2024-11-13 15:00:00,21.3,93,1012.6,12.4,27.4,0.0,100
2024-11-13 16:00:00,20.9,95,1013.2,12.2,28.8,0.0,100
2024-11-13 17:00:00,20.7,94,1013.1,12.1,28.1,0.0,100
2024-11-13 18:00:00,20.3,94,1013.0,12.3,27.0,0.0,100
2024-11-13 19:00:00,20.1,95,1012.3,12.4,27.4,0.0,100
2024-11-13 20:00:00,20.0,97,1011.4,12.7,28.1,0.0,100
2024-11-13 21:00:00,20.3,93,1010.8,11.9,32.4,0.0,100
2024-11-13 22:00:00,20.0,94,1010.8,9.4,28.1,0.0,100
2024-11-13 23:00:00,20.1,93,1011.3,9.0,20.5,0.0,100
2024-11-14 00:00:00,19.9,95,1012.0,8.1,19.8,0.0,100
2024-11-14 01:00:00,20.6,94,1012.9,8.4,22.3,0.0,73
2024-11-14 02:00:00,21.1,91,1013.5,10.3,23.0,0.0,37
2024-11-14 03:00:00,22.7,81,1014.1,14.4,34.2,0.0,100
2024-11-14 04:00:00,23.5,77,1014.7,15.1,35.6,0.1,78
2024-11-14 05:00:00,24.9,74,1014.2,14.2,38.2,0.1,100
2024-11-14 06:00:00,24.5,72,1013.5,16.2,39.6,0.2,98
2024-11-14 07:00:00,25.7,67,1011.9,14.1,41.8,0.1,100
2024-11-14 08:00:00,24.0,77,1011.7,12.7,36.7,3.0,100
2024-11-14 09:00:00,24.9,75,1010.2,10.3,33.1,0.1,100
2024-11-14 10:00:00,23.3,78,1010.8,15.4,36.4,2.1,100
2024-11-14 11:00:00,22.8,84,1011.0,6.7,34.9,0.1,100
2024-11-14 12:00:00,22.1,88,1012.2,10.7,25.6,0.2,100
2024-11-14 13:00:00,22.0,88,1013.1,8.5,23.4,0.0,100
2024-11-14 14:00:00,21.7,90,1014.2,10.0,22.0,0.0,100
2024-11-14 15:00:00,21.3,93,1015.0,10.5,22.0,0.0,100
2024-11-14 16:00:00,21.2,93,1015.4,10.3,26.6,0.0,100
2024-11-14 17:00:00,20.6,95,1015.5,9.2,23.4,0.0,99
2024-11-14 18:00:00,20.1,98,1015.0,8.4,19.8,0.0,100
2024-11-14 19:00:00,20.0,98,1014.6,10.6,22.7,0.0,100
2024-11-14 20:00:00,19.9,98,1014.0,9.5,22.7,0.0,100
2024-11-14 21:00:00,20.0,96,1013.2,9.6,22.7,0.0,100
2024-11-14 22:00:00,20.1,95,1013.1,9.6,22.7,0.0,100
2024-11-14 23:00:00,19.9,95,1013.2,10.1,22.3,0.0,100
2024-11-15 00:00:00,20.0,95,1013.3,10.5,23.4,0.0,100
2024-11-15 01:00:00,20.4,97,1014.0,10.7,23.8,0.0,100
2024-11-15 02:00:00,21.0,93,1014.6,14.2,31.7,0.0,100
2024-11-15 03:00:00,22.5,82,1015.0,15.4,35.6,0.0,100
2024-11-15 04:00:00,24.1,74,1015.3,15.2,37.4,0.0,100
2024-11-15 05:00:00,24.8,71,1015.0,12.7,36.4,0.1,100
2024-11-15 06:00:00,26.2,66,1014.0,11.7,33.8,0.0,100
2024-11-15 07:00:00,27.0,63,1012.2,10.7,33.8,0.0,100
2024-11-15 08:00:00,24.8,69,1011.4,13.5,33.1,0.9,100
2024-11-15 09:00:00,25.3,69,1010.4,10.4,34.6,0.4,100
2024-11-15 10:00:00,24.9,74,1010.5,11.8,29.9,0.3,100
2024-11-15 11:00:00,22.2,84,1011.5,5.6,32.4,6.6,100
2024-11-15 12:00:00,22.1,88,1011.9,8.8,20.2,0.1,100
2024-11-15 13:00:00,21.5,91,1013.3,12.3,27.0,1.4,100
2024-11-15 14:00:00,21.2,93,1014.2,7.3,25.6,0.1,100
2024-11-15 15:00:00,20.9,95,1014.8,9.3,19.8,0.1,100
2024-11-15 16:00:00,21.0,94,1015.0,7.6,20.9,0.0,97
2024-11-15 17:00:00,20.4,97,1014.9,8.8,18.0,0.0,100
2024-11-15 18:00:00,20.4,97,1014.3,11.0,23.8,0.0,100
2024-11-15 19:00:00,20.2,97,1013.8,9.9,23.4,0.0,100
2024-11-15 20:00:00,20.3,96,1013.1,11.1,24.8,0.0,100
2024-11-15 21:00:00,20.2,96,1012.7,9.3,23.8,0.0,100
2024-11-15 22:00:00,20.0,96,1012.6,7.5,19.8,0.0,79
2024-11-15 23:00:00,19.6,98,1012.6,8.6,18.0,0.0,100
2024-11-16 00:00:00,19.8,97,1013.1,9.2,22.3,0.0,100
2024-11-16 01:00:00,20.4,96,1013.3,10.4,22.3,0.0,78
2024-11-16 02:00:00,21.0,92,1013.9,14.8,31.0,0.0,53
2024-11-16 03:00:00,22.7,81,1014.4,15.4,35.6,0.0,81
2024-11-16 04:00:00,23.8,75,1015.0,15.7,38.2,0.1,34
2024-11-16 05:00:00,25.0,68,1014.1,15.9,39.2,0.1,27
2024-11-16 06:00:00,26.0,63,1012.8,15.9,40.0,0.2,43
2024-11-16 07:00:00,26.3,65,1011.8,13.5,40.3,0.2,100
2024-11-16 08:00:00,25.9,64,1010.9,17.2,41.8,0.2,100
2024-11-16 09:00:00,24.8,73,1010.1,12.4,43.9,0.6,100
2024-11-16 10:00:00,24.2,75,1010.3,15.7,38.5,0.6,100
2024-11-16 11:00:00,23.0,81,1010.5,8.5,38.2,0.3,100
2024-11-16 12:00:00,21.6,86,1011.9,11.2,27.7,1.1,100
2024-11-16 13:00:00,21.4,90,1012.3,10.7,28.8,0.0,100
2024-11-16 14:00:00,21.2,92,1013.4,9.5,24.8,0.0,100
2024-11-16 15:00:00,20.9,93,1014.1,10.5,22.7,0.0,100
2024-11-16 16:00:00,20.6,95,1014.5,11.0,23.8,0.0,100
2024-11-16 17:00:00,20.4,96,1014.4,11.2,24.8,0.0,100
2024-11-16 18:00:00,20.5,95,1014.1,12.1,27.4,0.0,100
2024-11-16 19:00:00,20.2,96,1013.4,10.8,27.7,0.0,99
2024-11-16 20:00:00,20.1,96,1012.8,10.8,25.6,0.0,100
2024-11-16 21:00:00,20.0,96,1012.3,11.5,24.8,0.0,100
2024-11-16 22:00:00,19.8,96,1011.8,11.4,25.2,0.0,100
2024-11-16 23:00:00,19.9,97,1012.0,10.3,24.5,0.0,100
2024-11-17 00:00:00,19.8,97,1012.5,10.8,24.5,0.0,100
2024-11-17 01:00:00,20.5,95,1012.8,10.3,23.8,0.0,59
2024-11-17 02:00:00,20.8,93,1013.8,12.9,28.1,0.0,77
2024-11-17 03:00:00,22.3,82,1014.2,13.5,32.0,0.0,100
2024-11-17 04:00:00,23.7,74,1014.2,14.0,34.6,0.0,100
2024-11-17 05:00:00,24.6,70,1013.6,14.1,34.9,0.0,99
2024-11-17 06:00:00,25.8,64,1012.9,13.7,36.0,0.1,19
2024-11-17 07:00:00,26.9,59,1011.7,12.9,35.6,0.1,21
2024-11-17 08:00:00,27.4,58,1010.4,13.2,35.6,0.1,28
2024-11-17 09:00:00,27.3,58,1009.6,13.1,35.3,0.1,23
2024-11-17 10:00:00,26.9,57,1009.2,13.3,34.6,0.1,19
2024-11-17 11:00:00,26.2,58,1009.8,14.0,33.8,0.0,36
2024-11-17 12:00:00,24.8,64,1010.6,11.8,33.1,0.0,93
2024-11-17 13:00:00,23.5,72,1011.6,8.2,23.4,0.0,13
2024-11-17 14:00:00,22.9,74,1012.6,10.2,20.9,0.0,28
2024-11-17 15:00:00,21.9,81,1014.0,10.2,23.8,0.0,38
2024-11-17 16:00:00,20.9,88,1014.5,9.7,22.3,0.0,48
2024-11-17 17:00:00,20.4,92,1014.7,9.8,21.2,0.0,42
2024-11-17 18:00:00,19.9,95,1014.4,9.8,21.2,0.0,92
2024-11-17 19:00:00,19.6,96,1014.0,10.8,23.8,0.0,100
2024-11-17 20:00:00,19.6,94,1013.6,11.7,27.0,0.0,100
2024-11-17 21:00:00,19.2,95,1013.1,10.6,27.0,0.0,99
2024-11-17 22:00:00,19.0,96,1012.7,10.1,23.0,0.0,100
2024-11-17 23:00:00,19.0,96,1012.8,10.4,23.4,0.0,100
2024-11-18 00:00:00,19.1,94,1013.1,11.2,25.6,0.0,100
2024-11-18 01:00:00,19.6,93,1013.7,10.7,27.4,0.0,100
2024-11-18 02:00:00,20.1,89,1014.4,13.2,28.4,0.0,97
2024-11-18 03:00:00,21.6,79,1015.2,13.8,33.1,0.0,99
2024-11-18 04:00:00,23.2,70,1015.3,13.3,33.5,0.1,98
2024-11-18 05:00:00,25.0,61,1014.6,13.7,36.0,0.0,100
2024-11-18 06:00:00,25.9,56,1013.8,14.9,38.5,0.0,100
2024-11-18 07:00:00,26.2,55,1012.8,14.0,38.5,0.0,100
2024-11-18 08:00:00,26.6,54,1011.6,14.3,37.1,0.0,94
2024-11-18 09:00:00,26.6,54,1010.7,13.3,37.1,0.0,78
2024-11-18 10:00:00,26.9,52,1010.3,12.0,34.6,0.0,17
2024-11-18 11:00:00,26.4,52,1010.4,10.2,31.3,0.0,10
2024-11-18 12:00:00,25.3,57,1011.1,7.1,25.9,0.0,22
2024-11-18 13:00:00,23.4,69,1011.7,6.9,18.0,0.0,40
2024-11-18 14:00:00,22.5,73,1013.2,9.3,18.4,0.0,44
2024-11-18 15:00:00,21.6,77,1014.8,10.1,20.9,0.0,27
2024-11-18 16:00:00,20.6,86,1015.4,10.3,22.0,0.0,23
2024-11-18 17:00:00,20.0,93,1015.7,10.1,22.0,0.0,94
2024-11-18 18:00:00,19.6,96,1015.7,10.4,23.0,0.0,100
2024-11-18 19:00:00,20.0,92,1015.2,10.8,27.4,0.0,100
2024-11-18 20:00:00,19.9,92,1014.5,9.8,25.6,0.0,64
2024-11-18 21:00:00,19.2,95,1014.2,9.6,21.2,0.0,71
2024-11-18 22:00:00,18.9,96,1013.6,10.5,22.0,0.0,100
2024-11-18 23:00:00,18.6,97,1013.8,10.7,22.3,0.0,100
2024-11-19 00:00:00,18.6,97,1014.1,10.0,22.3,0.0,100
2024-11-19 01:00:00,19.2,95,1014.9,11.9,25.9,0.0,99
2024-11-19 02:00:00,19.8,90,1015.7,13.6,29.5,0.0,58
2024-11-19 03:00:00,21.5,78,1016.2,13.4,33.1,0.0,33
2024-11-19 04:00:00,23.1,69,1016.4,12.4,33.5,0.0,22
2024-11-19 05:00:00,24.6,61,1016.0,11.3,32.8,0.0,42
2024-11-19 06:00:00,25.8,55,1015.1,10.1,31.7,0.0,25
2024-11-19 07:00:00,26.7,51,1013.8,9.2,30.2,0.0,17
2024-11-19 08:00:00,27.3,47,1012.5,9.1,28.8,0.0,32
2024-11-19 09:00:00,27.3,46,1011.5,9.4,28.4,0.0,92
2024-11-19 10:00:00,26.7,47,1011.0,10.1,28.1,0.0,99
2024-11-19 11:00:00,26.0,49,1011.0,10.5,28.1,0.0,85
2024-11-19 12:00:00,25.0,53,1011.4,11.4,27.7,0.0,84
2024-11-19 13:00:00,23.6,62,1012.3,11.1,23.4,0.0,80
2024-11-19 14:00:00,22.2,66,1013.4,12.1,26.6,0.0,100
2024-11-19 15:00:00,21.4,70,1014.2,11.2,25.6,0.0,100
2024-11-19 16:00:00,20.6,74,1014.8,11.2,23.8,0.0,100
2024-11-19 17:00:00,20.0,78,1015.2,11.6,24.5,0.0,100
2024-11-19 18:00:00,19.3,83,1014.9,11.6,24.8,0.0,99
2024-11-19 19:00:00,18.6,89,1014.8,11.3,24.5,0.0,65
2024-11-19 20:00:00,18.0,94,1014.3,10.9,23.8,0.0,95
2024-11-19 21:00:00,17.6,98,1013.8,10.9,23.8,0.0,100
2024-11-19 22:00:00,17.6,99,1013.5,12.2,28.4,0.0,100
2024-11-19 23:00:00,17.9,95,1013.6,12.2,28.4,0.0,98
2024-11-20 00:00:00,17.9,93,1014.1,10.3,27.4,0.0,100
2024-11-20 01:00:00,18.8,94,1014.7,11.4,26.3,0.0,100
2024-11-20 02:00:00,19.4,89,1015.5,11.2,26.6,0.0,100
2024-11-20 03:00:00,20.9,78,1016.2,12.1,31.0,0.0,100
2024-11-20 04:00:00,22.8,66,1016.7,12.4,33.5,0.0,100
2024-11-20 05:00:00,24.3,58,1016.2,11.1,33.5,0.0,99
2024-11-20 06:00:00,25.7,51,1014.7,8.5,32.0,0.0,99
2024-11-20 07:00:00,26.9,45,1013.3,6.7,27.4,0.0,96
2024-11-20 08:00:00,27.8,40,1011.8,6.3,24.5,0.0,91
2024-11-20 09:00:00,28.1,39,1010.5,6.5,23.8,0.0,99
2024-11-20 10:00:00,27.5,42,1010.2,7.4,23.0,0.0,83
2024-11-20 11:00:00,26.9,43,1010.4,8.2,23.8,0.0,94
2024-11-20 12:00:00,25.6,47,1010.8,8.3,23.0,0.0,95
2024-11-20 13:00:00,23.7,63,1012.4,9.9,20.2,0.0,82
2024-11-20 14:00:00,22.2,70,1013.6,11.1,23.8,0.0,100
2024-11-20 15:00:00,21.7,74,1014.2,11.3,22.7,0.0,100
2024-11-20 16:00:00,21.1,76,1014.4,11.7,24.8,0.0,100
2024-11-20 17:00:00,20.3,81,1014.1,11.0,24.8,0.0,100
2024-11-20 18:00:00,19.4,85,1013.7,11.5,24.5,0.0,100
2024-11-20 19:00:00,18.8,90,1013.3,12.2,25.6,0.0,100
2024-11-20 20:00:00,18.4,94,1013.0,12.1,25.9,0.0,100
2024-11-20 21:00:00,17.8,98,1012.5,11.9,25.9,0.0,100
2024-11-20 22:00:00,17.6,99,1012.7,12.1,25.6,0.0,100
2024-11-20 23:00:00,17.4,99,1012.8,10.4,25.9,0.0,100
2024-11-21 00:00:00,17.2,99,1013.4,10.6,23.4,0.0,100
2024-11-21 01:00:00,18.2,98,1013.9,10.9,26.6,0.0,100
2024-11-21 02:00:00,18.8,92,1015.2,10.3,26.6,0.0,95
2024-11-21 03:00:00,20.4,79,1016.1,9.7,25.2,0.0,46
2024-11-21 04:00:00,22.7,66,1016.2,8.3,25.9,0.0,52
2024-11-21 05:00:00,24.1,58,1015.7,6.4,25.6,0.0,100
2024-11-21 06:00:00,25.1,54,1014.9,5.6,23.4,0.0,99
2024-11-21 07:00:00,26.2,49,1013.6,6.2,23.0,0.0,87
2024-11-21 08:00:00,27.2,43,1012.0,5.6,23.4,0.0,67
2024-11-21 09:00:00,27.5,41,1010.8,6.5,23.4,0.0,59
2024-11-21 10:00:00,27.3,42,1010.2,7.5,24.1,0.0,90
2024-11-21 11:00:00,26.3,47,1010.6,9.4,25.6,0.0,44
2024-11-21 12:00:00,25.0,51,1011.3,9.8,25.9,0.0,11
2024-11-21 13:00:00,24.3,55,1012.5,7.2,19.8,0.0,49
2024-11-21 14:00:00,23.7,56,1013.5,3.6,14.8,0.0,28
2024-11-21 15:00:00,22.5,63,1014.2,6.3,12.6,0.0,26
2024-11-21 16:00:00,21.3,71,1014.9,8.5,17.3,0.0,21
2024-11-21 17:00:00,20.6,73,1015.3,8.6,19.1,0.0,94
2024-11-21 18:00:00,19.8,75,1015.1,9.1,18.7,0.0,67
2024-11-21 19:00:00,19.2,77,1014.4,8.1,18.7,0.0,2
2024-11-21 20:00:00,18.3,83,1014.0,8.9,18.4,0.0,6
2024-11-21 21:00:00,17.7,88,1013.6,9.5,20.2,0.0,33
2024-11-21 22:00:00,17.1,93,1013.0,10.0,21.2,0.0,0
2024-11-21 23:00:00,16.7,96,1012.7,10.0,21.6,0.0,20
2024-11-22 00:00:00,16.4,97,1013.1,9.7,21.2,0.0,46
2024-11-22 01:00:00,17.4,99,1014.1,8.6,20.2,0.0,100
2024-11-22 02:00:00,17.6,97,1014.8,8.9,22.0,0.0,98
2024-11-22 03:00:00,19.6,82,1015.4,8.2,25.2,0.0,9
2024-11-22 04:00:00,22.5,66,1015.5,8.8,26.6,0.0,12
2024-11-22 05:00:00,24.3,55,1014.7,9.8,29.9,0.0,4
2024-11-22 06:00:00,25.9,49,1013.9,8.6,29.9,0.0,16
2024-11-22 07:00:00,27.1,43,1012.3,8.5,28.8,0.0,16
2024-11-22 08:00:00,27.8,41,1011.0,9.4,29.9,0.0,81
2024-11-22 09:00:00,27.9,40,1010.1,9.3,29.9,0.0,75
2024-11-22 10:00:00,27.6,41,1009.9,9.4,29.2,0.0,89
2024-11-22 11:00:00,26.7,44,1010.4,9.1,28.1,0.0,91
2024-11-22 12:00:00,25.6,48,1011.0,8.4,25.6,0.0,86
2024-11-22 13:00:00,24.4,55,1012.3,7.5,20.9,0.0,20
2024-11-22 14:00:00,23.1,63,1013.7,8.7,18.4,0.0,60
2024-11-22 15:00:00,22.1,66,1014.7,8.8,18.7,0.0,56
2024-11-22 16:00:00,21.0,69,1015.3,11.0,23.4,0.0,0
2024-11-22 17:00:00,20.0,75,1015.1,12.1,25.6,0.0,0
2024-11-22 18:00:00,19.5,78,1014.7,11.3,25.9,0.0,0
2024-11-22 19:00:00,18.8,82,1014.4,11.0,24.1,0.0,0
2024-11-22 20:00:00,18.0,88,1014.1,10.9,24.1,0.0,25
2024-11-22 21:00:00,17.3,93,1013.7,10.7,23.4,0.0,0
2024-11-22 22:00:00,16.9,95,1013.3,9.8,22.7,0.0,93
2024-11-22 23:00:00,16.8,95,1013.5,9.6,20.5,0.0,76
2024-11-23 00:00:00,16.7,94,1013.9,9.6,19.8,0.0,97
2024-11-23 01:00:00,17.0,99,1015.4,9.0,21.6,0.0,100
2024-11-23 02:00:00,17.2,97,1016.2,9.5,22.3,0.0,100
2024-11-23 03:00:00,19.1,85,1017.2,7.7,23.8,0.0,99
2024-11-23 04:00:00,22.7,65,1016.8,6.2,23.0,0.0,94
2024-11-23 05:00:00,25.1,52,1015.7,5.4,22.3,0.0,100
2024-11-23 06:00:00,26.7,46,1014.6,5.9,23.8,0.0,100
2024-11-23 07:00:00,27.8,42,1013.5,6.9,25.6,0.0,100
2024-11-23 08:00:00,28.5,41,1011.9,7.0,26.3,0.0,100
2024-11-23 09:00:00,28.7,39,1010.9,7.7,26.3,0.0,100
2024-11-23 10:00:00,28.5,39,1010.7,8.9,27.7,0.0,100
2024-11-23 11:00:00,27.7,40,1011.2,9.4,27.7,0.0,100
2024-11-23 12:00:00,26.8,42,1011.6,8.5,25.9,0.0,100
2024-11-23 13:00:00,25.4,54,1012.5,8.3,22.3,0.0,100
2024-11-23 14:00:00,24.2,60,1013.6,7.5,19.1,0.0,100
2024-11-23 15:00:00,22.9,66,1014.4,8.2,19.1,0.0,99
2024-11-23 16:00:00,22.2,67,1014.7,8.9,19.4,0.0,35
2024-11-23 17:00:00,21.1,71,1015.0,9.1,19.4,0.0,97
2024-11-23 18:00:00,20.2,74,1014.9,9.8,20.9,0.0,92
2024-11-23 19:00:00,19.4,79,1014.9,9.7,21.2,0.0,100
2024-11-23 20:00:00,18.5,87,1014.4,9.2,20.9,0.0,98
2024-11-23 21:00:00,17.8,95,1013.7,9.6,20.5,0.0,100
2024-11-23 22:00:00,17.7,98,1013.3,10.0,21.2,0.0,100
2024-11-23 23:00:00,17.5,98,1013.6,9.4,24.1,0.0,100
2024-11-24 00:00:00,17.3,99,1014.4,9.9,22.7,0.0,100
2024-11-24 01:00:00,18.5,96,1015.5,6.7,18.7,0.0,100
2024-11-24 02:00:00,19.3,90,1016.1,8.3,19.8,0.0,100
2024-11-24 03:00:00,21.2,78,1016.6,7.3,21.6,0.0,94
2024-11-24 04:00:00,24.0,60,1016.1,6.4,22.7,0.0,59
2024-11-24 05:00:00,26.2,46,1015.0,5.8,22.7,0.0,57
2024-11-24 06:00:00,27.7,40,1013.8,6.5,24.5,0.0,96
2024-11-24 07:00:00,28.7,38,1012.7,7.8,27.4,0.0,85
2024-11-24 08:00:00,29.1,37,1011.5,8.5,28.4,0.0,93
2024-11-24 09:00:00,29.2,37,1010.9,8.9,28.8,0.0,98
2024-11-24 10:00:00,29.0,36,1010.4,9.8,29.5,0.0,100
2024-11-24 11:00:00,28.0,39,1010.7,10.9,29.5,0.0,100
2024-11-24 12:00:00,26.5,45,1011.5,12.4,31.0,0.0,100
2024-11-24 13:00:00,25.1,52,1012.6,9.5,27.7,0.0,100
2024-11-24 14:00:00,23.8,58,1013.6,10.3,22.0,0.0,100
2024-11-24 15:00:00,22.9,62,1014.2,11.9,24.1,0.0,100
2024-11-24 16:00:00,22.3,64,1014.4,10.1,26.6,0.0,100
2024-11-24 17:00:00,21.0,70,1014.8,8.5,21.2,0.0,100
2024-11-24 18:00:00,20.3,74,1014.5,9.2,18.7,0.0,100
2024-11-24 19:00:00,20.0,75,1014.2,10.3,20.2,0.0,100
2024-11-24 20:00:00,19.4,81,1013.6,10.5,24.5,0.0,100
2024-11-24 21:00:00,18.6,89,1013.1,10.0,23.8,0.0,100
2024-11-24 22:00:00,17.7,95,1012.8,10.3,22.3,0.0,100
2024-11-24 23:00:00,17.4,97,1013.0,10.6,22.3,0.0,100
2024-11-25 00:00:00,17.2,97,1013.0,10.6,22.7,0.0,100
2024-11-25 01:00:00,17.9,99,1014.1,11.2,25.2,0.0,100
2024-11-25 02:00:00,18.0,98,1015.0,11.0,27.0,0.0,100
2024-11-25 03:00:00,20.0,81,1015.2,11.3,30.2,0.0,100
2024-11-25 04:00:00,22.6,63,1015.1,10.9,29.9,0.0,94
2024-11-25 05:00:00,24.8,48,1014.2,10.6,31.7,0.0,100
2024-11-25 06:00:00,25.9,42,1013.4,9.8,31.3,0.0,100
2024-11-25 07:00:00,26.5,39,1012.3,9.4,29.9,0.0,100
2024-11-25 08:00:00,27.5,37,1011.0,9.6,30.2,0.0,100
2024-11-25 09:00:00,27.8,37,1010.1,9.9,31.0,0.0,100
2024-11-25 10:00:00,27.2,40,1009.9,10.5,30.2,0.0,99
2024-11-25 11:00:00,26.5,43,1010.2,10.6,30.6,0.0,100
2024-11-25 12:00:00,25.7,45,1010.6,11.1,28.4,0.0,100
2024-11-25 13:00:00,24.1,57,1012.4,10.5,26.6,0.0,100
2024-11-25 14:00:00,23.2,61,1013.3,10.7,23.8,0.0,100
2024-11-25 15:00:00,22.1,66,1013.9,10.2,24.1,0.0,100
2024-11-25 16:00:00,21.3,73,1014.3,10.6,23.0,0.0,100
2024-11-25 17:00:00,20.4,82,1014.4,10.1,23.0,0.0,100
2024-11-25 18:00:00,19.9,88,1014.0,9.5,22.3,0.0,100
2024-11-25 19:00:00,19.3,92,1013.4,9.7,20.9,0.0,100
2024-11-25 20:00:00,19.0,91,1012.5,10.1,22.0,0.0,100
2024-11-25 21:00:00,18.7,92,1011.7,10.2,21.2,0.0,100
2024-11-25 22:00:00,18.5,91,1011.3,10.3,21.2,0.0,100
2024-11-25 23:00:00,18.2,88,1011.4,11.0,23.4,0.0,100
2024-11-26 00:00:00,18.1,84,1012.1,11.6,24.8,0.0,100
2024-11-26 01:00:00,18.7,84,1013.0,12.1,27.0,0.0,100
2024-11-26 02:00:00,19.3,80,1013.7,11.2,25.9,0.0,99
2024-11-26 03:00:00,21.1,74,1013.9,11.2,29.5,0.0,100
2024-11-26 04:00:00,24.2,60,1013.7,15.6,39.2,0.0,100
2024-11-26 05:00:00,25.4,55,1013.0,16.0,41.4,0.0,100
2024-11-26 06:00:00,26.2,53,1011.8,14.4,41.4,0.0,100
2024-11-26 07:00:00,25.4,59,1011.5,14.9,39.2,0.0,100
2024-11-26 08:00:00,26.1,56,1010.0,14.7,38.9,0.0,99
2024-11-26 09:00:00,25.6,58,1009.3,16.4,39.6,0.0,100
2024-11-26 10:00:00,25.7,58,1008.9,17.2,43.6,0.0,100
2024-11-26 11:00:00,24.5,62,1009.4,18.0,43.2,0.0,100
2024-11-26 12:00:00,23.3,68,1010.4,17.6,43.2,0.0,100
2024-11-26 13:00:00,21.9,74,1011.9,15.9,41.4,0.0,100
2024-11-26 14:00:00,21.0,78,1012.8,15.2,36.7,0.0,100
2024-11-26 15:00:00,20.3,82,1013.8,13.6,35.3,0.0,100
2024-11-26 16:00:00,20.1,85,1014.1,13.2,32.4,0.0,100
2024-11-26 17:00:00,20.0,87,1014.3,13.6,31.3,0.0,100
2024-11-26 18:00:00,19.8,89,1013.8,13.3,31.3,0.0,100
2024-11-26 19:00:00,19.6,90,1013.0,13.3,31.7,0.0,100
2024-11-26 20:00:00,19.5,90,1011.9,12.0,30.2,0.0,100
2024-11-26 21:00:00,19.3,90,1011.0,15.0,33.5,0.0,100
2024-11-26 22:00:00,19.1,90,1010.8,15.0,34.6,0.0,100
2024-11-26 23:00:00,19.0,91,1010.8,13.4,33.5,0.0,100
2024-11-27 00:00:00,19.0,90,1011.2,12.7,29.9,0.0,100
2024-11-27 01:00:00,18.9,88,1012.2,14.0,33.1,0.0,100
2024-11-27 02:00:00,19.2,87,1013.0,12.1,31.3,0.0,100
2024-11-27 03:00:00,20.9,75,1013.3,17.6,40.7,0.0,100
2024-11-27 04:00:00,23.2,64,1012.9,19.9,47.9,0.0,100
2024-11-27 05:00:00,24.5,60,1012.5,18.5,48.6,0.0,100
2024-11-27 06:00:00,25.5,56,1011.8,16.5,45.0,0.0,99
2024-11-27 07:00:00,26.4,51,1010.5,17.2,44.3,0.0,100
2024-11-27 08:00:00,25.7,53,1009.7,16.0,44.3,0.0,100
2024-11-27 09:00:00,25.6,54,1008.7,14.7,40.7,0.0,100
2024-11-27 10:00:00,25.0,56,1008.3,14.8,37.8,0.0,100
2024-11-27 11:00:00,24.3,58,1008.5,12.8,36.4,0.0,100
2024-11-27 12:00:00,23.7,60,1009.3,12.8,31.0,0.0,100
2024-11-27 13:00:00,22.0,71,1010.5,11.5,29.5,0.0,100
2024-11-27 14:00:00,21.4,73,1011.4,12.7,28.8,0.0,100
2024-11-27 15:00:00,20.9,74,1012.6,11.2,28.4,0.0,100
2024-11-27 16:00:00,20.4,76,1013.0,8.7,24.5,0.0,100
2024-11-27 17:00:00,19.9,78,1012.7,10.9,23.0,0.0,100
2024-11-27 18:00:00,19.3,81,1012.3,9.7,24.5,0.0,100
2024-11-27 19:00:00,18.8,85,1012.1,11.0,23.0,0.0,100
2024-11-27 20:00:00,18.5,85,1011.1,11.5,25.2,0.0,100
2024-11-27 21:00:00,18.4,84,1010.2,12.6,27.0,0.0,100
2024-11-27 22:00:00,18.4,83,1009.8,13.0,28.4,0.0,100
2024-11-27 23:00:00,18.2,83,1009.9,13.2,28.8,0.0,100
2024-11-28 00:00:00,17.8,84,1010.5,13.4,28.8,0.0,100
2024-11-28 01:00:00,17.6,87,1011.8,14.4,31.3,0.0,100
2024-11-28 02:00:00,18.2,83,1012.8,14.7,33.5,0.0,100
2024-11-28 03:00:00,19.8,71,1013.2,16.5,39.6,0.0,100
2024-11-28 04:00:00,21.8,56,1013.2,16.6,41.4,0.0,100
2024-11-28 05:00:00,23.7,47,1012.7,15.7,42.1,0.0,100
2024-11-28 06:00:00,25.2,42,1011.6,14.6,40.3,0.0,100
2024-11-28 07:00:00,26.2,40,1010.0,14.5,39.2,0.0,100
2024-11-28 08:00:00,26.8,39,1008.8,13.9,39.2,0.0,100
2024-11-28 09:00:00,26.9,39,1008.4,13.3,37.8,0.0,100
2024-11-28 10:00:00,26.5,39,1008.0,12.9,35.6,0.0,82
2024-11-28 11:00:00,25.6,41,1008.5,12.6,34.2,0.0,56
2024-11-28 12:00:00,24.2,46,1009.3,11.8,31.7,0.0,85
2024-11-28 13:00:00,22.6,53,1009.8,11.5,27.7,0.0,96
2024-11-28 14:00:00,21.4,56,1010.9,11.1,26.3,0.0,100
2024-11-28 15:00:00,20.5,57,1011.9,11.7,25.9,0.0,100
2024-11-28 16:00:00,20.0,57,1012.5,12.1,26.6,0.0,92
2024-11-28 17:00:00,19.4,60,1012.5,12.4,26.6,0.0,100
2024-11-28 18:00:00,19.1,63,1011.7,13.0,28.4,0.0,100
2024-11-28 19:00:00,18.5,66,1011.1,13.7,29.5,0.0,100
2024-11-28 20:00:00,18.2,70,1010.5,13.9,30.2,0.0,100
2024-11-28 21:00:00,18.3,71,1010.1,15.3,32.8,0.0,100
2024-11-28 22:00:00,18.3,70,1009.5,15.2,33.5,0.0,100
2024-11-28 23:00:00,18.5,71,1009.7,14.8,32.8,0.0,100
2024-11-29 00:00:00,18.9,70,1010.3,14.6,32.0,0.0,100
2024-11-29 01:00:00,19.6,68,1010.8,14.9,34.6,0.0,100
2024-11-29 02:00:00,20.0,65,1011.9,13.8,33.1,0.0,100
2024-11-29 03:00:00,21.0,61,1012.7,14.6,35.6,0.0,100
2024-11-29 04:00:00,22.4,60,1012.8,16.7,41.4,0.0,100
2024-11-29 05:00:00,23.5,61,1012.0,17.0,43.2,0.0,100
2024-11-29 06:00:00,24.8,61,1011.1,20.9,51.8,0.0,100
2024-11-29 07:00:00,24.5,61,1010.2,16.1,50.8,0.0,100
2024-11-29 08:00:00,25.4,59,1008.9,16.9,45.4,0.4,100
2024-11-29 09:00:00,24.8,62,1008.8,16.1,41.8,0.4,100
2024-11-29 10:00:00,25.4,60,1008.2,15.5,42.1,0.0,100
2024-11-29 11:00:00,24.1,62,1008.8,14.7,38.9,0.0,100
2024-11-29 12:00:00,23.8,63,1009.0,15.2,35.6,0.0,100
2024-11-29 13:00:00,23.4,65,1009.9,12.9,33.8,0.0,100
2024-11-29 14:00:00,22.4,69,1010.9,12.8,30.6,0.0,100
2024-11-29 15:00:00,21.8,70,1011.8,11.5,28.8,0.0,100
2024-11-29 16:00:00,21.3,72,1012.1,11.1,25.9,0.0,100
2024-11-29 17:00:00,21.1,74,1011.6,12.2,27.0,0.0,100
2024-11-29 18:00:00,20.9,77,1011.2,14.2,31.0,0.0,100
2024-11-29 19:00:00,20.3,82,1010.4,12.8,31.3,0.0,100
2024-11-29 20:00:00,20.0,85,1009.8,12.1,28.4,0.0,100
2024-11-29 21:00:00,19.7,87,1009.2,12.8,28.1,0.0,100
2024-11-29 22:00:00,19.5,88,1008.7,12.6,28.4,0.0,100
2024-11-29 23:00:00,19.3,88,1008.7,12.0,27.7,0.0,100
2024-11-30 00:00:00,19.1,90,1009.0,12.1,26.6,0.0,100
2024-11-30 01:00:00,19.6,91,1009.8,13.2,29.5,0.0,100
2024-11-30 02:00:00,20.0,89,1010.9,16.2,36.7,0.0,100
2024-11-30 03:00:00,20.3,87,1011.5,14.2,36.4,0.0,100
2024-11-30 04:00:00,20.7,85,1012.0,17.3,40.0,0.0,100
2024-11-30 05:00:00,21.1,84,1011.1,20.7,47.5,0.0,100
2024-11-30 06:00:00,22.2,77,1010.2,18.9,50.0,0.0,100
2024-11-30 07:00:00,22.5,75,1009.0,17.5,43.9,0.0,100
2024-11-30 08:00:00,23.0,72,1007.7,17.3,41.8,0.0,100
2024-11-30 09:00:00,23.5,69,1006.7,17.6,42.8,0.0,100
2024-11-30 10:00:00,23.6,69,1006.8,18.5,43.2,0.0,100
2024-11-30 11:00:00,23.1,72,1006.9,18.5,45.7,0.0,100
2024-11-30 12:00:00,22.7,75,1007.5,14.7,44.6,0.3,100
2024-11-30 13:00:00,21.0,86,1008.0,13.3,30.6,0.0,100
2024-11-30 14:00:00,20.9,86,1008.7,14.8,33.1,0.0,100
2024-11-30 15:00:00,21.0,86,1010.2,16.7,36.7,0.0,100
2024-11-30 16:00:00,21.0,85,1009.7,18.3,40.3,0.0,100
2024-11-30 17:00:00,20.6,88,1009.7,17.2,41.4,0.0,100
2024-11-30 18:00:00,20.3,89,1009.4,17.2,38.5,0.0,100
2024-11-30 19:00:00,20.2,90,1008.6,17.1,38.5,0.0,100
2024-11-30 20:00:00,20.1,91,1007.9,16.6,38.5,0.1,100
2024-11-30 21:00:00,20.0,92,1007.6,13.4,38.2,0.1,100
2024-11-30 22:00:00,19.9,93,1006.6,15.7,34.9,0.0,100
2024-11-30 23:00:00,20.0,92,1006.9,14.1,36.7,0.0,100
2024-12-01 00:00:00,20.1,92,1007.7,14.0,32.0,0.1,100
2024-12-01 01:00:00,20.6,94,1008.2,14.9,34.2,0.0,100
2024-12-01 02:00:00,20.6,92,1008.9,18.0,41.8,0.1,100
2024-12-01 03:00:00,20.8,91,1009.2,20.1,47.5,0.1,100
2024-12-01 04:00:00,21.3,88,1009.5,22.3,51.1,0.1,100
2024-12-01 05:00:00,22.2,83,1008.6,22.3,51.1,0.1,100
2024-12-01 06:00:00,23.2,78,1007.7,19.6,50.4,0.1,100
2024-12-01 07:00:00,24.0,74,1006.5,21.3,49.7,0.2,100
2024-12-01 08:00:00,24.5,71,1005.3,20.7,52.6,0.1,100
2024-12-01 09:00:00,24.1,73,1004.8,16.2,47.9,0.1,100
2024-12-01 10:00:00,23.6,76,1004.3,14.7,38.9,0.1,100
2024-12-01 11:00:00,23.0,79,1004.8,16.9,41.0,0.2,100
2024-12-01 12:00:00,22.1,86,1005.5,14.1,38.5,0.3,100
2024-12-01 13:00:00,21.3,91,1006.2,15.7,34.9,0.2,100
2024-12-01 14:00:00,21.2,91,1007.0,14.6,34.2,0.1,100
2024-12-01 15:00:00,20.8,94,1007.7,13.5,31.7,0.1,100
2024-12-01 16:00:00,20.6,95,1008.4,14.1,29.5,0.8,100
2024-12-01 17:00:00,20.4,98,1008.1,16.3,33.5,1.9,100
2024-12-01 18:00:00,20.4,98,1007.7,16.4,36.0,3.1,100
2024-12-01 19:00:00,20.4,98,1007.0,14.9,33.5,0.8,100
2024-12-01 20:00:00,20.4,98,1006.2,14.3,32.8,0.6,100
2024-12-01 21:00:00,20.4,98,1005.5,13.8,29.5,1.1,100
2024-12-01 22:00:00,20.5,98,1005.1,18.0,35.3,1.7,100
2024-12-01 23:00:00,20.5,98,1005.2,17.1,39.2,1.7,100
2024-12-02 00:00:00,20.5,97,1005.9,18.0,35.3,1.1,100
2024-12-02 01:00:00,20.6,98,1006.5,15.2,27.7,4.7,100
2024-12-02 02:00:00,20.7,95,1007.6,16.1,33.8,1.5,100
2024-12-02 03:00:00,21.0,93,1008.6,17.0,32.8,1.5,100
2024-12-02 04:00:00,21.0,94,1008.9,17.1,33.5,1.1,100
2024-12-02 05:00:00,21.6,91,1008.4,16.7,40.0,4.3,100
2024-12-02 06:00:00,21.3,96,1007.9,12.6,32.8,4.5,100
2024-12-02 07:00:00,22.3,89,1006.9,11.7,28.1,3.3,100
2024-12-02 08:00:00,21.6,95,1006.3,10.5,25.9,3.7,100
2024-12-02 09:00:00,22.5,90,1005.8,5.5,20.2,1.2,100
2024-12-02 10:00:00,22.9,88,1005.0,4.2,18.4,0.5,100
2024-12-02 11:00:00,23.3,85,1005.4,6.2,18.0,0.5,98
2024-12-02 12:00:00,22.6,87,1006.2,6.5,16.6,0.2,96
2024-12-02 13:00:00,21.4,93,1007.0,10.2,22.3,0.2,100
2024-12-02 14:00:00,21.4,92,1008.1,11.8,23.8,0.1,100
2024-12-02 15:00:00,21.3,93,1008.9,14.3,27.7,0.3,100
2024-12-02 16:00:00,21.1,94,1009.8,14.5,32.4,0.4,100
2024-12-02 17:00:00,20.9,98,1009.8,13.9,29.9,0.0,100
2024-12-02 18:00:00,20.8,98,1009.9,13.6,29.2,0.0,100
2024-12-02 19:00:00,20.6,96,1009.4,13.7,28.8,0.1,100
2024-12-02 20:00:00,20.2,98,1008.8,11.5,28.8,0.0,100
2024-12-02 21:00:00,20.1,99,1008.9,11.0,24.5,0.0,100
2024-12-02 22:00:00,20.1,99,1008.8,10.2,23.4,0.0,100
2024-12-02 23:00:00,20.1,99,1008.8,9.0,23.0,0.0,100
2024-12-03 00:00:00,20.0,99,1009.2,8.6,20.5,0.0,100
2024-12-03 01:00:00,21.0,96,1010.2,11.2,29.5,0.0,95
2024-12-03 02:00:00,21.3,93,1011.2,12.7,28.8,0.0,69
2024-12-03 03:00:00,22.4,87,1011.9,13.3,31.3,0.0,69
2024-12-03 04:00:00,24.0,79,1012.1,9.6,30.6,0.1,51
2024-12-03 05:00:00,24.6,76,1012.0,8.7,25.6,0.1,53
2024-12-03 06:00:00,25.6,74,1011.7,5.9,24.8,0.1,100
2024-12-03 07:00:00,26.1,71,1010.7,5.2,19.4,0.2,100
2024-12-03 08:00:00,25.7,71,1009.2,4.9,17.6,0.1,100
2024-12-03 09:00:00,23.3,84,1009.5,7.9,23.8,3.9,96
2024-12-03 10:00:00,24.0,78,1009.1,6.1,21.6,0.1,85
2024-12-03 11:00:00,24.4,77,1009.2,5.8,16.6,0.0,98
2024-12-03 12:00:00,22.9,84,1010.1,8.0,19.1,0.0,100
2024-12-03 13:00:00,21.6,90,1011.3,6.2,14.4,0.0,100
2024-12-03 14:00:00,21.6,91,1012.2,10.5,21.6,0.0,100
2024-12-03 15:00:00,21.4,94,1012.6,11.7,24.1,0.0,14
2024-12-03 16:00:00,21.1,96,1013.1,12.8,27.4,0.0,100
2024-12-03 17:00:00,20.8,97,1013.2,13.7,29.9,0.0,100
2024-12-03 18:00:00,20.6,98,1012.8,13.2,30.2,0.0,100
2024-12-03 19:00:00,20.7,97,1012.4,15.7,37.8,0.0,100
2024-12-03 20:00:00,20.5,97,1012.1,13.4,34.6,0.0,100
2024-12-03 21:00:00,20.4,96,1011.7,12.9,29.2,0.0,91
2024-12-03 22:00:00,19.8,96,1011.5,11.2,28.4,0.0,25
2024-12-03 23:00:00,19.4,97,1011.8,10.4,23.8,0.0,50
2024-12-04 00:00:00,19.2,97,1012.2,9.9,22.3,0.0,100
2024-12-04 01:00:00,18.8,98,1013.0,10.2,22.0,0.0,89
2024-12-04 02:00:00,19.0,97,1014.0,12.0,26.6,0.0,100
2024-12-04 03:00:00,20.4,87,1015.1,14.3,33.1,0.0,51
2024-12-04 04:00:00,22.0,80,1015.2,10.6,32.8,0.0,30
2024-12-04 05:00:00,23.5,71,1014.8,10.4,28.4,0.0,48
2024-12-04 06:00:00,24.6,65,1013.8,10.7,28.8,0.0,33
2024-12-04 07:00:00,25.9,59,1012.5,12.5,32.4,0.0,100
2024-12-04 08:00:00,25.2,64,1011.5,10.8,32.0,0.0,76
2024-12-04 09:00:00,25.0,65,1010.7,9.6,27.7,0.0,40
2024-12-04 10:00:00,25.4,64,1010.1,7.0,24.5,0.0,31
2024-12-04 11:00:00,25.2,65,1010.2,7.3,19.1,0.0,59
2024-12-04 12:00:00,24.0,73,1010.9,6.0,18.0,0.0,23
2024-12-04 13:00:00,22.5,84,1012.0,8.4,17.3,0.0,48
2024-12-04 14:00:00,21.9,87,1013.3,9.8,20.9,0.0,46
2024-12-04 15:00:00,21.4,90,1014.1,9.6,20.9,0.0,33
2024-12-04 16:00:00,21.0,92,1014.9,9.1,20.2,0.0,38
2024-12-04 17:00:00,20.8,93,1014.8,9.4,19.8,0.0,27
2024-12-04 18:00:00,20.3,95,1014.7,9.0,19.8,0.0,79
2024-12-04 19:00:00,20.3,95,1014.2,8.1,19.1,0.0,63
2024-12-04 20:00:00,19.9,97,1013.4,8.6,18.0,0.0,83
2024-12-04 21:00:00,19.9,98,1012.9,8.0,18.4,0.0,100
2024-12-04 22:00:00,19.9,98,1012.6,9.9,22.7,0.0,100
2024-12-04 23:00:00,20.1,97,1012.4,9.9,23.0,0.0,61
2024-12-05 00:00:00,19.9,97,1012.7,8.8,20.9,0.0,60
2024-12-05 01:00:00,20.0,98,1013.7,8.0,17.6,0.0,32
2024-12-05 02:00:00,20.6,94,1014.3,10.1,21.6,0.0,55
2024-12-05 03:00:00,22.1,85,1014.9,9.7,24.1,0.0,45
2024-12-05 04:00:00,23.6,76,1015.1,10.2,26.6,0.0,64
2024-12-05 05:00:00,24.5,71,1014.7,10.2,27.0,0.1,21
2024-12-05 06:00:00,25.4,68,1013.7,10.7,28.8,0.1,41
2024-12-05 07:00:00,25.5,69,1013.0,10.0,29.5,0.2,46
2024-12-05 08:00:00,26.0,69,1011.7,9.2,28.1,0.0,22
2024-12-05 09:00:00,26.2,66,1010.5,10.7,29.2,0.1,69
2024-12-05 10:00:00,24.9,70,1009.9,10.3,28.4,0.2,49
2024-12-05 11:00:00,25.0,70,1010.0,11.1,25.9,0.1,36
2024-12-05 12:00:00,23.5,80,1011.2,9.6,27.0,0.0,23
2024-12-05 13:00:00,22.7,79,1012.7,9.4,20.2,0.0,14
2024-12-05 14:00:00,22.3,85,1013.6,11.1,23.8,0.0,4
2024-12-05 15:00:00,21.6,89,1014.5,9.5,23.8,0.0,16
2024-12-05 16:00:00,20.9,92,1015.2,8.8,20.2,0.0,12
2024-12-05 17:00:00,20.4,94,1015.1,9.6,20.2,0.0,43
2024-12-05 18:00:00,20.1,95,1014.7,9.1,20.5,0.0,100
2024-12-05 19:00:00,20.0,98,1014.5,7.8,19.4,0.0,100
2024-12-05 20:00:00,19.9,98,1014.1,8.1,16.9,0.0,100
2024-12-05 21:00:00,19.9,97,1013.3,6.9,18.0,0.0,100
2024-12-05 22:00:00,19.7,98,1013.1,5.4,16.2,0.0,100
2024-12-05 23:00:00,19.5,99,1013.2,4.1,12.6,0.0,100
2024-12-06 00:00:00,19.5,98,1013.6,4.8,11.2,0.0,100
2024-12-06 01:00:00,19.9,98,1014.2,6.5,15.1,0.0,78
2024-12-06 02:00:00,20.2,95,1015.1,6.6,15.1,0.0,80
2024-12-06 03:00:00,21.6,86,1015.9,8.5,21.6,0.0,66
2024-12-06 04:00:00,23.1,77,1015.9,7.7,22.7,0.0,29
2024-12-06 05:00:00,24.3,70,1015.4,7.2,22.3,0.0,3
2024-12-06 06:00:00,25.3,64,1014.4,7.4,23.0,0.0,0
2024-12-06 07:00:00,26.0,59,1012.9,8.5,25.2,0.0,4
2024-12-06 08:00:00,26.6,58,1011.6,9.0,25.9,0.0,25
2024-12-06 09:00:00,26.7,58,1010.7,9.6,26.3,0.0,58
2024-12-06 10:00:00,26.6,58,1010.1,10.3,26.3,0.0,50
2024-12-06 11:00:00,26.2,58,1010.2,8.8,27.4,0.0,88
2024-12-06 12:00:00,24.9,67,1010.8,4.5,20.9,0.0,11
2024-12-06 13:00:00,23.8,73,1011.4,6.3,12.6,0.0,9
2024-12-06 14:00:00,22.9,76,1012.5,7.7,15.5,0.0,9
2024-12-06 15:00:00,22.2,80,1013.7,11.2,22.7,0.0,61
2024-12-06 16:00:00,21.5,84,1014.5,12.1,26.3,0.0,100
2024-12-06 17:00:00,20.6,92,1014.7,10.1,25.9,0.0,97
2024-12-06 18:00:00,20.2,98,1014.4,9.4,21.2,0.0,100
2024-12-06 19:00:00,20.2,98,1013.8,9.9,21.2,0.0,100
2024-12-06 20:00:00,20.2,98,1013.5,9.5,22.3,0.0,100
2024-12-06 21:00:00,20.1,97,1013.0,7.2,21.2,0.0,100
2024-12-06 22:00:00,20.0,96,1012.4,4.6,15.8,0.0,58
2024-12-06 23:00:00,19.5,98,1012.3,4.0,10.4,0.0,75
2024-12-07 00:00:00,19.3,98,1012.7,5.2,10.8,0.0,100
2024-12-07 01:00:00,19.4,99,1013.4,4.0,10.4,0.0,100
2024-12-07 02:00:00,19.7,97,1014.3,4.0,11.9,0.0,77
2024-12-07 03:00:00,21.0,90,1015.1,3.3,14.0,0.0,21
2024-12-07 04:00:00,23.1,80,1015.3,3.9,15.5,0.0,0
2024-12-07 05:00:00,24.8,69,1014.5,6.0,19.8,0.0,0
2024-12-07 06:00:00,25.9,64,1013.6,6.8,25.6,0.0,12
2024-12-07 07:00:00,26.7,61,1012.6,7.4,26.3,0.0,4
2024-12-07 08:00:00,27.0,60,1011.3,7.9,26.3,0.0,9
2024-12-07 09:00:00,26.9,59,1010.4,9.2,25.2,0.0,13
2024-12-07 10:00:00,25.9,61,1010.4,9.1,26.6,0.3,18
2024-12-07 11:00:00,25.1,64,1010.9,11.3,27.0,0.3,61
2024-12-07 12:00:00,23.6,75,1011.7,7.8,27.7,0.0,44
2024-12-07 13:00:00,22.6,81,1012.5,9.6,20.2,0.0,87
2024-12-07 14:00:00,21.6,85,1013.6,10.4,22.3,0.0,10
2024-12-07 15:00:00,21.2,87,1014.2,10.4,22.7,0.0,8
2024-12-07 16:00:00,20.8,90,1014.4,9.4,22.0,0.0,1
2024-12-07 17:00:00,20.4,92,1014.1,9.4,20.2,0.0,9
2024-12-07 18:00:00,20.0,95,1014.0,6.9,19.4,0.0,20
2024-12-07 19:00:00,19.6,97,1014.1,5.5,14.0,0.0,100
2024-12-07 20:00:00,19.8,98,1013.4,6.5,14.0,0.0,100
2024-12-07 21:00:00,19.6,98,1012.9,9.1,19.4,0.0,98
2024-12-07 22:00:00,19.4,97,1012.7,7.3,19.4,0.0,28
2024-12-07 23:00:00,18.9,97,1012.6,7.6,15.8,0.0,8
2024-12-08 00:00:00,18.5,96,1013.1,8.4,17.3,0.0,14
2024-12-08 01:00:00,19.1,97,1013.5,7.8,18.0,0.0,14
2024-12-08 02:00:00,19.6,93,1014.4,8.4,19.4,0.0,18
2024-12-08 03:00:00,21.1,85,1015.3,6.1,19.4,0.0,15
2024-12-08 04:00:00,22.6,75,1015.4,6.6,20.5,0.0,14
2024-12-08 05:00:00,24.1,68,1014.9,7.6,23.4,0.0,14
2024-12-08 06:00:00,25.3,62,1013.8,7.7,24.1,0.0,46
2024-12-08 07:00:00,26.2,57,1012.6,7.4,24.1,0.0,64
2024-12-08 08:00:00,26.7,54,1011.5,7.3,23.4,0.0,87
2024-12-08 09:00:00,26.8,52,1010.7,8.4,24.8,0.0,43
2024-12-08 10:00:00,26.2,53,1010.3,9.7,26.3,0.0,31
2024-12-08 11:00:00,25.8,55,1010.3,8.5,25.6,0.0,33
2024-12-08 12:00:00,24.5,63,1010.8,7.4,20.9,0.0,9
2024-12-08 13:00:00,23.0,71,1011.9,7.6,16.6,0.0,8
2024-12-08 14:00:00,22.1,74,1012.8,8.5,17.6,0.0,3
2024-12-08 15:00:00,21.4,78,1013.7,10.1,20.2,0.0,2
2024-12-08 16:00:00,20.6,84,1014.0,10.6,23.4,0.0,2
2024-12-08 17:00:00,19.9,89,1014.4,7.8,22.3,0.0,1
2024-12-08 18:00:00,19.5,92,1014.1,7.4,15.8,0.0,74
2024-12-08 19:00:00,19.2,94,1013.6,5.4,14.8,0.0,93
2024-12-08 20:00:00,18.9,95,1013.2,6.3,12.6,0.0,95
2024-12-08 21:00:00,18.7,95,1012.6,7.5,15.5,0.0,67
2024-12-08 22:00:00,18.6,94,1012.0,6.7,15.5,0.0,100
2024-12-08 23:00:00,18.5,94,1011.9,5.9,13.7,0.0,84
2024-12-09 00:00:00,18.4,94,1012.5,6.2,12.6,0.0,35
2024-12-09 01:00:00,18.8,97,1013.5,5.5,14.0,0.0,85
2024-12-09 02:00:00,19.4,95,1014.4,3.8,11.2,0.0,99
2024-12-09 03:00:00,20.8,89,1015.0,2.5,11.5,0.0,92
2024-12-09 04:00:00,23.1,74,1015.3,2.6,13.7,0.0,87
2024-12-09 05:00:00,25.0,63,1014.6,1.9,14.0,0.0,95
2024-12-09 06:00:00,26.3,54,1013.3,3.2,16.2,0.0,100
2024-12-09 07:00:00,27.2,51,1012.3,5.4,20.2,0.0,100
2024-12-09 08:00:00,27.5,49,1011.3,7.8,24.5,0.0,100
2024-12-09 09:00:00,27.3,49,1010.3,9.1,26.6,0.0,100
2024-12-09 10:00:00,27.0,50,1010.1,8.5,26.6,0.1,99
2024-12-09 11:00:00,26.3,52,1010.2,7.8,23.8,0.0,68
2024-12-09 12:00:00,25.4,59,1010.2,4.8,19.8,0.0,95
2024-12-09 13:00:00,24.1,67,1011.2,6.0,14.8,0.0,78
2024-12-09 14:00:00,23.4,69,1012.0,8.8,18.0,0.0,91
2024-12-09 15:00:00,22.4,74,1012.9,7.7,18.4,0.0,43
2024-12-09 16:00:00,21.4,79,1014.0,8.9,18.4,0.0,49
2024-12-09 17:00:00,20.6,85,1014.2,9.7,19.8,0.0,41
2024-12-09 18:00:00,20.0,90,1014.0,10.3,21.6,0.0,75
2024-12-09 19:00:00,19.5,94,1013.7,9.9,21.6,0.0,100
2024-12-09 20:00:00,19.2,96,1013.1,8.3,20.5,0.0,98
2024-12-09 21:00:00,18.9,98,1012.3,7.4,16.9,0.0,100
2024-12-09 22:00:00,18.8,99,1012.1,7.7,16.2,0.0,100
2024-12-09 23:00:00,18.6,99,1012.3,8.4,19.1,0.0,100
2024-12-10 00:00:00,18.6,98,1012.7,7.8,18.0,0.0,100
2024-12-10 01:00:00,19.1,99,1013.0,8.1,17.3,0.0,100
2024-12-10 02:00:00,19.5,96,1014.1,7.4,17.6,0.0,100
2024-12-10 03:00:00,21.0,86,1014.6,8.9,23.8,0.0,98
2024-12-10 04:00:00,23.1,74,1014.8,8.7,25.2,0.0,65
2024-12-10 05:00:00,24.7,64,1014.2,9.7,28.1,0.0,27
2024-12-10 06:00:00,26.1,56,1013.4,10.7,30.6,0.0,29
2024-12-10 07:00:00,27.2,50,1012.1,12.0,33.5,0.0,96
2024-12-10 08:00:00,27.9,46,1010.8,12.1,33.5,0.0,100
2024-12-10 09:00:00,27.9,44,1010.0,12.2,33.1,0.0,100
2024-12-10 10:00:00,27.2,46,1009.6,12.4,32.8,0.0,100
2024-12-10 11:00:00,26.9,46,1009.7,10.7,31.3,0.0,100
2024-12-10 12:00:00,25.7,52,1010.2,8.2,27.0,0.0,100
2024-12-10 13:00:00,23.7,65,1011.7,10.5,22.0,0.0,100
2024-12-10 14:00:00,22.7,72,1013.1,10.8,23.8,0.0,100
2024-12-10 15:00:00,22.2,75,1014.0,11.2,24.1,0.0,100
2024-12-10 16:00:00,21.5,79,1015.1,11.8,25.2,0.0,100
2024-12-10 17:00:00,20.7,83,1015.3,11.9,25.9,0.0,100
2024-12-10 18:00:00,20.2,87,1014.4,10.9,25.2,0.0,100
2024-12-10 19:00:00,19.8,89,1013.8,11.1,23.0,0.0,100
2024-12-10 20:00:00,19.5,87,1013.2,11.2,23.4,0.0,100
2024-12-10 21:00:00,19.3,84,1012.7,11.4,24.1,0.0,100
2024-12-10 22:00:00,18.9,85,1012.5,11.4,24.1,0.0,99
2024-12-10 23:00:00,18.5,85,1012.6,11.7,25.2,0.0,98
2024-12-11 00:00:00,18.3,86,1012.9,12.0,25.2,0.0,98
2024-12-11 01:00:00,19.0,91,1013.6,14.2,31.3,0.0,100
2024-12-11 02:00:00,19.5,90,1014.3,14.9,34.2,0.0,100
2024-12-11 03:00:00,21.1,79,1015.0,16.4,41.8,0.0,100
2024-12-11 04:00:00,22.7,71,1015.1,14.7,38.9,0.0,95
2024-12-11 05:00:00,24.7,61,1014.5,15.6,40.3,0.0,100
2024-12-11 06:00:00,26.2,53,1013.5,14.6,40.3,0.0,100
2024-12-11 07:00:00,26.4,52,1012.2,14.5,38.9,0.0,100
2024-12-11 08:00:00,26.2,53,1011.4,14.3,38.5,0.0,100
2024-12-11 09:00:00,25.7,55,1011.0,14.0,37.4,0.0,100
2024-12-11 10:00:00,25.7,55,1010.5,13.0,36.4,0.0,100
2024-12-11 11:00:00,25.1,55,1010.2,12.6,33.1,0.0,100
2024-12-11 12:00:00,24.2,60,1010.5,11.1,31.0,0.0,100
2024-12-11 13:00:00,22.3,76,1011.6,8.4,23.0,0.0,100
2024-12-11 14:00:00,21.9,78,1012.6,10.2,21.2,0.0,100
2024-12-11 15:00:00,21.2,84,1013.3,11.4,25.2,0.0,100
2024-12-11 16:00:00,20.5,89,1013.8,12.9,28.4,0.0,100
2024-12-11 17:00:00,20.2,92,1013.7,11.4,28.4,0.0,100
2024-12-11 18:00:00,20.0,92,1013.6,11.5,25.6,0.0,100
2024-12-11 19:00:00,19.6,91,1013.2,11.1,25.6,0.0,100
2024-12-11 20:00:00,19.3,92,1012.5,11.4,24.8,0.1,100
2024-12-11 21:00:00,19.0,92,1011.8,12.8,27.7,0.4,100
2024-12-11 22:00:00,19.0,93,1010.9,13.5,28.8,0.2,100
2024-12-11 23:00:00,19.1,93,1011.0,12.4,28.8,0.1,100
2024-12-12 00:00:00,19.2,93,1011.5,12.9,27.4,0.1,100
2024-12-12 01:00:00,20.0,93,1011.9,13.1,33.8,0.1,100
2024-12-12 02:00:00,20.3,92,1012.8,12.7,31.7,0.2,100
2024-12-12 03:00:00,20.5,91,1013.7,14.0,34.2,0.5,100
2024-12-12 04:00:00,20.8,90,1014.5,14.4,33.5,0.6,100
2024-12-12 05:00:00,20.9,90,1014.3,14.5,33.1,0.5,100
2024-12-12 06:00:00,21.9,84,1013.6,15.5,35.6,0.5,100
2024-12-12 07:00:00,22.0,84,1012.6,13.9,35.3,1.0,100
2024-12-12 08:00:00,21.4,89,1011.6,14.7,31.3,2.9,100
2024-12-12 09:00:00,21.2,90,1011.0,14.4,33.1,1.3,100
2024-12-12 10:00:00,20.6,94,1010.9,13.9,30.6,2.2,100
2024-12-12 11:00:00,20.2,96,1011.0,13.5,28.8,6.0,100
2024-12-12 12:00:00,19.9,96,1011.7,13.4,29.2,3.7,100
2024-12-12 13:00:00,20.5,95,1012.4,14.1,29.2,0.6,100
2024-12-12 14:00:00,20.3,96,1013.0,12.8,28.8,0.2,100
2024-12-12 15:00:00,20.2,97,1013.3,14.3,29.9,0.0,100
2024-12-12 16:00:00,20.2,96,1013.8,15.1,32.0,0.0,100
2024-12-12 17:00:00,20.2,96,1013.9,15.1,32.8,0.0,100
2024-12-12 18:00:00,20.1,96,1013.7,14.5,32.4,0.0,100
2024-12-12 19:00:00,20.0,95,1013.5,13.4,31.3,0.0,100
2024-12-12 20:00:00,19.9,95,1012.8,12.8,28.8,0.0,100
2024-12-12 21:00:00,19.8,95,1012.2,13.3,28.4,0.0,100
2024-12-12 22:00:00,19.8,95,1011.4,14.4,31.3,0.0,100
2024-12-12 23:00:00,19.8,96,1011.5,13.1,31.3,0.0,100
2024-12-13 00:00:00,19.8,95,1012.4,11.9,28.4,0.0,100
2024-12-13 01:00:00,19.7,95,1012.8,15.4,32.8,0.2,100
2024-12-13 02:00:00,19.7,95,1013.8,15.6,32.8,0.5,100
2024-12-13 03:00:00,19.8,93,1014.8,16.0,33.8,0.4,100
2024-12-13 04:00:00,20.4,88,1014.8,18.6,40.0,0.2,100
2024-12-13 05:00:00,21.8,78,1014.4,18.0,41.4,0.0,100
2024-12-13 06:00:00,23.3,70,1013.5,17.0,42.5,0.0,100
2024-12-13 07:00:00,23.9,67,1012.3,17.5,42.1,0.0,100
2024-12-13 08:00:00,24.4,66,1011.3,14.8,41.0,0.0,100
2024-12-13 09:00:00,23.7,72,1010.8,13.3,35.6,0.0,100
2024-12-13 10:00:00,23.8,70,1010.5,11.6,31.3,0.0,100
2024-12-13 11:00:00,23.6,71,1010.2,10.7,27.7,0.0,100
2024-12-13 12:00:00,22.9,75,1010.9,10.4,24.1,0.0,100
2024-12-13 13:00:00,21.9,83,1012.2,8.3,18.0,0.0,100
2024-12-13 14:00:00,21.5,83,1013.1,10.0,21.2,0.0,100
2024-12-13 15:00:00,20.9,87,1014.2,11.6,24.8,0.0,98
2024-12-13 16:00:00,20.1,92,1015.0,11.6,25.2,0.0,100
2024-12-13 17:00:00,19.8,93,1015.1,10.9,24.8,0.0,100
2024-12-13 18:00:00,19.9,94,1015.2,10.1,23.8,0.0,100
2024-12-13 19:00:00,19.7,95,1014.8,9.1,22.0,0.0,100
2024-12-13 20:00:00,19.5,96,1014.2,9.6,20.9,0.0,100
2024-12-13 21:00:00,19.5,95,1013.7,9.6,21.2,0.0,100
2024-12-13 22:00:00,19.2,96,1013.3,9.8,21.6,0.0,100
2024-12-13 23:00:00,19.2,95,1013.4,9.8,21.6,0.0,77
2024-12-14 00:00:00,18.5,97,1013.9,11.2,23.8,0.0,21
2024-12-14 01:00:00,18.1,91,1014.4,13.5,29.2,0.0,1
2024-12-14 02:00:00,18.3,90,1015.3,12.1,30.2,0.0,0
2024-12-14 03:00:00,19.7,81,1016.3,18.2,43.9,0.0,48
2024-12-14 04:00:00,21.0,76,1016.3,14.7,42.1,0.0,15
2024-12-14 05:00:00,22.7,69,1015.7,13.0,36.0,0.0,11
2024-12-14 06:00:00,24.3,62,1014.8,12.4,33.8,0.0,15
2024-12-14 07:00:00,25.4,57,1013.6,12.1,33.1,0.0,7
2024-12-14 08:00:00,26.0,54,1012.3,11.8,32.4,0.0,0
2024-12-14 09:00:00,26.1,53,1011.6,11.6,31.7,0.0,0
2024-12-14 10:00:00,25.9,52,1011.2,11.9,30.2,0.0,2
2024-12-14 11:00:00,25.0,55,1011.4,12.3,30.2,0.0,7
2024-12-14 12:00:00,23.6,63,1012.2,9.1,29.2,0.0,22
2024-12-14 13:00:00,22.1,72,1013.6,9.7,23.0,0.0,21
2024-12-14 14:00:00,21.1,77,1015.1,9.4,20.9,0.0,24
2024-12-14 15:00:00,20.2,82,1016.2,9.5,20.5,0.0,19
2024-12-14 16:00:00,19.2,86,1017.1,10.0,20.9,0.0,7
2024-12-14 17:00:00,18.4,88,1017.2,10.6,22.3,0.0,6
2024-12-14 18:00:00,17.6,91,1017.0,10.3,22.7,0.0,4
2024-12-14 19:00:00,17.1,94,1016.7,10.4,22.3,0.0,17
2024-12-14 20:00:00,16.6,96,1016.0,9.9,22.3,0.0,11
2024-12-14 21:00:00,16.2,96,1014.8,9.0,20.9,0.0,6
2024-12-14 22:00:00,15.7,97,1014.3,8.4,18.7,0.0,3
2024-12-14 23:00:00,15.3,97,1014.7,7.6,17.3,0.0,7
2024-12-15 00:00:00,15.0,98,1015.3,8.0,16.2,0.0,59
2024-12-15 01:00:00,16.4,96,1016.4,10.3,24.1,0.0,100
2024-12-15 02:00:00,17.1,88,1017.2,10.9,25.9,0.0,100
2024-12-15 03:00:00,18.1,81,1018.0,12.0,29.9,0.0,78
2024-12-15 04:00:00,19.8,70,1018.2,11.5,32.4,0.0,12
2024-12-15 05:00:00,21.1,62,1017.7,11.5,31.3,0.0,1
2024-12-15 06:00:00,22.4,57,1017.0,12.4,33.8,0.0,7
2024-12-15 07:00:00,23.4,56,1015.8,12.6,34.2,0.0,15
2024-12-15 08:00:00,24.0,55,1014.3,12.6,34.2,0.0,5
2024-12-15 09:00:00,24.3,55,1013.3,12.7,33.8,0.0,82
2024-12-15 10:00:00,24.1,55,1012.9,13.3,33.8,0.0,100
2024-12-15 11:00:00,23.3,57,1013.0,13.0,33.5,0.0,93
2024-12-15 12:00:00,22.1,63,1013.5,10.6,31.3,0.0,5
2024-12-15 13:00:00,20.8,71,1014.2,8.7,23.4,0.0,97
2024-12-15 14:00:00,19.9,75,1015.2,8.4,18.0,0.0,99
2024-12-15 15:00:00,19.1,77,1016.3,9.4,19.1,0.0,100
2024-12-15 16:00:00,18.2,81,1017.0,8.8,19.4,0.0,100
2024-12-15 17:00:00,17.4,85,1017.2,7.4,17.6,0.0,100
2024-12-15 18:00:00,16.8,88,1016.7,6.7,15.1,0.0,99
2024-12-15 19:00:00,16.2,91,1016.2,6.9,14.0,0.0,99
2024-12-15 20:00:00,15.9,93,1015.4,7.1,14.8,0.0,97
2024-12-15 21:00:00,15.5,96,1014.4,7.0,14.8,0.0,100
2024-12-15 22:00:00,15.3,99,1014.2,5.8,14.4,0.0,100
2024-12-15 23:00:00,15.6,99,1014.4,8.0,19.4,0.0,100
2024-12-16 00:00:00,15.1,100,1014.8,9.8,22.0,0.0,100
2024-12-16 01:00:00,15.9,95,1015.3,9.4,19.8,0.0,93
2024-12-16 02:00:00,15.9,88,1016.5,11.4,26.3,0.0,28
2024-12-16 03:00:00,17.3,83,1016.8,11.0,27.0,0.0,2
2024-12-16 04:00:00,19.3,73,1017.0,10.8,28.8,0.0,100
2024-12-16 05:00:00,20.8,66,1016.4,9.8,28.8,0.0,88
2024-12-16 06:00:00,22.2,62,1015.5,8.9,27.7,0.0,9
2024-12-16 07:00:00,23.4,59,1014.0,7.6,27.0,0.0,14
2024-12-16 08:00:00,24.3,56,1012.7,7.0,24.8,0.0,87
2024-12-16 09:00:00,24.9,54,1011.9,7.6,23.8,0.0,86
2024-12-16 10:00:00,24.9,54,1011.6,7.9,23.8,0.0,29
2024-12-16 11:00:00,24.4,55,1011.5,8.5,22.7,0.0,24
2024-12-16 12:00:00,23.0,62,1011.9,7.3,22.3,0.0,24
2024-12-16 13:00:00,21.3,66,1013.0,8.4,16.9,0.0,99
2024-12-16 14:00:00,20.2,72,1013.8,8.9,18.4,0.0,100
2024-12-16 15:00:00,19.1,78,1014.8,8.9,18.0,0.0,95
2024-12-16 16:00:00,18.2,83,1015.3,8.5,18.0,0.0,99
2024-12-16 17:00:00,17.5,86,1015.4,9.0,18.4,0.0,98
2024-12-16 18:00:00,17.0,88,1015.1,8.6,18.7,0.0,100
2024-12-16 19:00:00,16.5,90,1014.7,8.1,18.0,0.0,99
2024-12-16 20:00:00,15.8,92,1014.0,7.0,16.6,0.0,99
2024-12-16 21:00:00,15.1,94,1013.1,7.3,14.8,0.0,100
2024-12-16 22:00:00,14.7,95,1012.6,8.1,16.2,0.0,100
2024-12-16 23:00:00,14.5,95,1012.5,9.4,18.7,0.0,100
2024-12-17 00:00:00,14.5,93,1012.7,10.7,21.2,0.0,41
2024-12-17 01:00:00,15.0,100,1013.9,9.6,22.3,0.0,100
2024-12-17 02:00:00,15.1,98,1014.7,9.0,20.9,0.0,100
2024-12-17 03:00:00,16.9,86,1015.4,7.1,20.2,0.0,76
2024-12-17 04:00:00,20.4,68,1015.2,8.1,23.4,0.0,43
2024-12-17 05:00:00,22.9,57,1014.5,9.4,27.4,0.0,15
2024-12-17 06:00:00,24.6,51,1013.2,8.9,28.1,0.0,35
2024-12-17 07:00:00,25.8,47,1011.9,8.3,27.0,0.0,11
2024-12-17 08:00:00,26.5,49,1010.6,8.3,26.3,0.0,34
2024-12-17 09:00:00,27.0,49,1009.8,7.7,26.6,0.0,100
2024-12-17 10:00:00,27.1,47,1009.3,7.2,24.1,0.0,100
2024-12-17 11:00:00,26.5,49,1009.3,7.2,22.0,0.0,100
2024-12-17 12:00:00,25.1,58,1010.1,7.3,19.8,0.0,100
2024-12-17 13:00:00,23.2,74,1011.5,6.3,12.2,0.0,5
2024-12-17 14:00:00,22.0,82,1013.0,8.7,17.6,0.0,94
2024-12-17 15:00:00,21.2,86,1013.8,7.7,17.6,0.0,100
2024-12-17 16:00:00,20.5,89,1014.5,9.8,20.2,0.0,98
2024-12-17 17:00:00,19.9,89,1014.4,8.6,20.5,0.0,100
2024-12-17 18:00:00,19.3,90,1014.2,5.0,17.6,0.0,100
2024-12-17 19:00:00,18.7,92,1013.8,5.0,10.4,0.0,100
2024-12-17 20:00:00,18.1,93,1013.4,7.7,15.8,0.0,94
2024-12-17 21:00:00,17.6,93,1012.8,7.8,16.2,0.0,100
2024-12-17 22:00:00,17.3,93,1012.2,8.1,17.6,0.0,100
2024-12-17 23:00:00,17.1,93,1011.8,7.6,17.3,0.0,100
2024-12-18 00:00:00,17.2,91,1011.7,8.6,17.3,0.0,99
2024-12-18 01:00:00,18.5,92,1012.7,8.8,19.1,0.0,100
2024-12-18 02:00:00,19.0,90,1012.9,8.5,18.7,0.0,96
2024-12-18 03:00:00,21.1,82,1013.5,6.6,19.1,0.0,86
2024-12-18 04:00:00,23.3,73,1013.7,7.1,21.6,0.0,97
2024-12-18 05:00:00,25.1,63,1013.2,10.8,29.9,0.0,100
2024-12-18 06:00:00,25.5,61,1012.3,11.8,32.0,0.1,100
2024-12-18 07:00:00,25.2,62,1011.4,11.1,32.0,0.0,99
2024-12-18 08:00:00,25.9,60,1010.4,12.1,33.5,0.1,98
2024-12-18 09:00:00,25.7,60,1010.0,11.4,33.8,0.1,99
2024-12-18 10:00:00,25.8,59,1009.4,11.9,31.3,0.0,97
2024-12-18 11:00:00,25.4,59,1009.4,12.3,32.0,0.0,98
2024-12-18 12:00:00,24.5,61,1009.9,10.4,31.0,0.0,100
2024-12-18 13:00:00,23.2,73,1010.9,8.1,20.9,0.0,86
2024-12-18 14:00:00,22.2,78,1012.1,9.3,19.8,0.0,99
2024-12-18 15:00:00,21.4,83,1012.8,9.1,19.8,0.0,100
2024-12-18 16:00:00,20.8,85,1013.4,9.5,20.9,0.0,100
2024-12-18 17:00:00,20.4,87,1013.5,9.3,20.5,0.0,100
2024-12-18 18:00:00,20.1,88,1013.2,8.6,19.1,0.0,100
2024-12-18 19:00:00,20.1,88,1012.9,8.2,18.0,0.0,100
2024-12-18 20:00:00,20.2,87,1012.3,6.8,18.0,0.0,93
2024-12-18 21:00:00,19.5,90,1011.6,7.3,15.1,0.0,95
2024-12-18 22:00:00,19.1,92,1011.1,9.9,20.5,0.0,98
2024-12-18 23:00:00,19.2,92,1011.2,10.7,22.7,0.0,99
2024-12-19 00:00:00,19.2,91,1011.3,10.9,23.0,0.0,100
2024-12-19 01:00:00,19.2,95,1012.3,10.5,23.0,0.0,71
2024-12-19 02:00:00,19.8,91,1013.2,10.2,23.8,0.0,83
2024-12-19 03:00:00,21.3,83,1013.8,9.7,25.6,0.0,98
2024-12-19 04:00:00,23.1,73,1014.1,9.7,27.4,0.0,99
2024-12-19 05:00:00,25.0,63,1013.7,10.3,29.2,0.0,100
2024-12-19 06:00:00,26.2,56,1012.8,10.6,30.6,0.0,100
2024-12-19 07:00:00,26.4,56,1011.9,9.4,30.2,0.0,100
2024-12-19 08:00:00,27.0,53,1010.4,8.2,27.7,0.0,99
2024-12-19 09:00:00,28.0,49,1009.1,6.6,25.9,0.0,100
2024-12-19 10:00:00,28.1,48,1008.2,6.7,22.7,0.0,99
2024-12-19 11:00:00,27.4,51,1008.3,8.3,23.0,0.0,99
2024-12-19 12:00:00,25.8,58,1009.2,9.7,24.1,0.2,100
2024-12-19 13:00:00,24.4,69,1010.1,6.0,14.0,0.1,98
2024-12-19 14:00:00,23.5,74,1011.4,6.3,13.0,0.0,96
2024-12-19 15:00:00,22.5,79,1012.2,9.4,19.1,0.0,100
2024-12-19 16:00:00,21.8,83,1012.7,8.8,19.4,0.0,99
2024-12-19 17:00:00,21.4,85,1012.8,8.2,18.7,0.0,99
2024-12-19 18:00:00,21.0,87,1012.6,8.0,16.9,0.0,99
2024-12-19 19:00:00,20.4,89,1012.1,7.4,16.6,0.0,64
2024-12-19 20:00:00,20.0,90,1011.5,5.8,15.8,0.0,99
2024-12-19 21:00:00,19.9,91,1011.0,6.2,13.7,0.0,99
2024-12-19 22:00:00,19.3,94,1011.0,3.1,12.6,0.0,87
2024-12-19 23:00:00,19.3,95,1011.1,2.3,9.7,0.0,33
2024-12-20 00:00:00,18.8,96,1011.4,5.6,11.2,0.0,9
2024-12-20 01:00:00,19.8,97,1012.1,7.7,16.9,0.0,100
2024-12-20 02:00:00,20.3,93,1013.0,10.0,23.8,0.0,100
2024-12-20 03:00:00,21.1,87,1013.9,9.3,23.8,0.0,100
2024-12-20 04:00:00,22.9,75,1013.9,10.9,27.7,0.1,94
2024-12-20 05:00:00,25.3,62,1013.3,12.6,33.8,0.0,100
2024-12-20 06:00:00,26.3,57,1012.2,11.0,33.8,0.0,100
2024-12-20 07:00:00,27.5,52,1010.9,9.2,30.2,0.0,93
2024-12-20 08:00:00,27.8,51,1009.6,6.9,27.7,0.0,68
2024-12-20 09:00:00,27.9,50,1008.8,7.8,24.1,0.0,73
2024-12-20 10:00:00,27.1,54,1008.5,9.0,26.3,0.0,20
2024-12-20 11:00:00,26.9,54,1008.4,8.1,25.9,0.0,18
2024-12-20 12:00:00,25.6,60,1009.0,8.4,23.0,0.0,23
2024-12-20 13:00:00,23.7,74,1010.1,5.4,15.5,0.0,97
2024-12-20 14:00:00,22.9,78,1011.6,4.8,11.5,0.0,97
2024-12-20 15:00:00,22.5,80,1012.3,7.0,14.4,0.0,100
2024-12-20 16:00:00,22.0,82,1013.1,7.5,15.1,0.0,94
2024-12-20 17:00:00,21.6,84,1012.8,8.1,17.6,0.0,90
2024-12-20 18:00:00,20.8,88,1012.7,6.6,16.6,0.0,50
2024-12-20 19:00:00,20.3,92,1012.1,6.6,13.7,0.0,78
2024-12-20 20:00:00,19.8,95,1011.6,5.1,13.3,0.0,98
2024-12-20 21:00:00,19.4,96,1011.0,5.2,10.1,0.0,100
2024-12-20 22:00:00,18.6,98,1010.7,0.4,10.1,0.0,100
2024-12-20 23:00:00,18.3,100,1010.8,4.8,9.7,0.0,100
2024-12-21 00:00:00,18.0,100,1011.0,1.9,9.4,0.0,100
2024-12-21 01:00:00,18.8,100,1011.9,0.3,4.3,0.0,100
2024-12-21 02:00:00,19.2,99,1012.8,2.4,9.4,0.0,100
2024-12-21 03:00:00,20.4,93,1013.6,2.4,11.9,0.0,85
2024-12-21 04:00:00,23.1,78,1014.0,4.9,17.6,0.0,76
2024-12-21 05:00:00,25.0,66,1013.2,7.4,24.5,0.0,99
2024-12-21 06:00:00,26.7,57,1012.4,5.4,24.5,0.0,99
2024-12-21 07:00:00,27.9,50,1011.1,4.3,21.6,0.0,56
2024-12-21 08:00:00,28.7,46,1009.7,4.6,19.8,0.0,34
2024-12-21 09:00:00,29.1,43,1008.9,5.7,21.2,0.0,29
2024-12-21 10:00:00,29.0,42,1008.7,6.4,21.6,0.0,43
2024-12-21 11:00:00,28.5,43,1008.8,7.3,21.2,0.0,59
2024-12-21 12:00:00,27.4,45,1009.3,6.9,21.2,0.0,37
2024-12-21 13:00:00,25.1,58,1010.9,6.4,15.1,0.0,33
2024-12-21 14:00:00,24.0,65,1012.4,4.8,14.0,0.0,44
2024-12-21 15:00:00,23.2,71,1013.6,2.4,10.4,0.0,23
2024-12-21 16:00:00,22.4,72,1014.3,8.3,15.1,0.0,22
2024-12-21 17:00:00,21.9,73,1014.3,9.2,20.9,0.0,16
2024-12-21 18:00:00,20.9,79,1014.0,9.9,19.8,0.0,2
2024-12-21 19:00:00,20.3,84,1013.8,8.4,20.5,0.0,2
2024-12-21 20:00:00,19.9,88,1013.2,8.2,18.4,0.0,6
2024-12-21 21:00:00,19.1,94,1012.7,2.6,16.2,0.0,14
2024-12-21 22:00:00,18.6,96,1012.1,1.7,6.1,0.0,13
2024-12-21 23:00:00,18.5,97,1012.0,2.7,6.5,0.0,0
2024-12-22 00:00:00,17.9,99,1012.5,2.3,5.8,0.0,4
2024-12-22 01:00:00,19.4,99,1013.3,6.2,11.9,0.0,100
2024-12-22 02:00:00,19.5,99,1014.2,6.7,15.8,0.0,100
2024-12-22 03:00:00,20.2,96,1014.9,6.5,18.0,0.0,100
2024-12-22 04:00:00,22.7,79,1015.0,5.4,18.7,0.0,47
2024-12-22 05:00:00,24.7,66,1014.2,4.8,19.8,0.0,29
2024-12-22 06:00:00,26.2,58,1013.3,4.1,19.8,0.0,31
2024-12-22 07:00:00,27.4,51,1012.1,4.5,20.2,0.0,23
2024-12-22 08:00:00,27.9,47,1010.7,4.5,20.5,0.0,35
2024-12-22 09:00:00,28.1,45,1010.0,4.2,19.8,0.0,49
2024-12-22 10:00:00,28.1,44,1009.5,2.7,18.4,0.0,32
2024-12-22 11:00:00,27.8,43,1009.3,1.3,14.0,0.0,66
2024-12-22 12:00:00,27.2,44,1009.6,4.1,11.2,0.0,65
2024-12-22 13:00:00,25.0,69,1011.0,1.2,5.4,0.0,66
2024-12-22 14:00:00,24.5,66,1012.4,2.2,6.5,0.0,60
2024-12-22 15:00:00,23.5,67,1013.1,5.3,10.8,0.0,55
2024-12-22 16:00:00,22.4,74,1013.8,10.5,22.0,0.0,46
2024-12-22 17:00:00,20.8,85,1014.1,11.5,25.9,0.0,93
2024-12-22 18:00:00,20.0,90,1014.1,10.7,25.6,0.0,12
2024-12-22 19:00:00,19.4,93,1013.9,9.1,22.7,0.0,48
2024-12-22 20:00:00,19.2,95,1013.3,10.0,22.0,0.0,48
2024-12-22 21:00:00,19.0,96,1012.6,9.0,21.2,0.0,48
2024-12-22 22:00:00,18.9,96,1012.1,7.7,19.1,0.0,12
2024-12-22 23:00:00,18.7,96,1012.2,6.0,16.2,0.0,18
2024-12-23 00:00:00,18.4,98,1012.9,5.2,12.6,0.0,89
2024-12-23 01:00:00,18.9,96,1013.7,5.2,14.0,0.0,75
2024-12-23 02:00:00,19.7,89,1014.6,6.6,17.3,0.0,100
2024-12-23 03:00:00,20.6,80,1015.2,6.0,16.2,0.0,98
2024-12-23 04:00:00,22.0,66,1015.3,5.8,18.4,0.0,55
2024-12-23 05:00:00,24.1,53,1014.8,7.8,24.8,0.0,31
2024-12-23 06:00:00,25.5,48,1014.0,9.0,28.1,0.0,24
2024-12-23 07:00:00,26.7,45,1012.7,8.6,28.4,0.0,55
2024-12-23 08:00:00,27.0,43,1011.1,7.6,27.7,0.0,100
2024-12-23 09:00:00,26.3,46,1010.5,8.5,24.8,0.0,96
2024-12-23 10:00:00,26.5,45,1010.2,7.7,25.6,0.0,16
2024-12-23 11:00:00,26.7,44,1010.0,6.3,23.0,0.0,41
2024-12-23 12:00:00,25.9,46,1010.3,6.5,19.4,0.0,38
2024-12-23 13:00:00,23.9,65,1010.9,3.4,11.2,0.0,62
2024-12-23 14:00:00,23.2,71,1011.9,3.5,9.4,0.0,49
2024-12-23 15:00:00,22.6,79,1012.9,1.3,6.8,0.0,62
2024-12-23 16:00:00,22.1,77,1013.8,2.5,5.4,0.0,59
2024-12-23 17:00:00,21.6,77,1013.9,7.1,15.8,0.0,68
2024-12-23 18:00:00,21.0,76,1013.7,6.8,15.8,0.0,58
2024-12-23 19:00:00,20.1,81,1013.1,5.1,14.0,0.0,1
2024-12-23 20:00:00,19.4,85,1012.5,6.5,13.0,0.0,0
2024-12-23 21:00:00,18.9,87,1011.9,7.0,14.8,0.0,2
2024-12-23 22:00:00,18.4,90,1011.6,6.5,14.8,0.0,0
2024-12-23 23:00:00,17.9,90,1011.8,6.5,13.7,0.0,0
2024-12-24 00:00:00,17.6,90,1012.3,6.2,13.3,0.0,0
2024-12-24 01:00:00,18.1,90,1012.9,6.4,14.4,0.0,93
2024-12-24 02:00:00,19.0,85,1013.8,6.3,13.0,0.0,87
2024-12-24 03:00:00,21.2,72,1014.5,4.4,15.1,0.0,79
2024-12-24 04:00:00,23.3,60,1014.7,4.8,19.1,0.0,8
2024-12-24 05:00:00,25.3,50,1014.1,5.7,22.0,0.0,58
2024-12-24 06:00:00,26.6,45,1013.1,5.4,22.3,0.0,100
2024-12-24 07:00:00,27.2,45,1012.2,6.7,24.8,0.0,96
2024-12-24 08:00:00,26.5,48,1011.1,6.1,25.2,0.0,100
2024-12-24 09:00:00,26.7,47,1010.5,4.5,21.2,0.0,55
2024-12-24 10:00:00,27.0,45,1009.9,4.0,18.7,0.0,51
2024-12-24 11:00:00,26.7,46,1010.0,2.6,17.3,0.0,38
2024-12-24 12:00:00,26.1,48,1010.5,1.9,12.6,0.0,53
2024-12-24 13:00:00,25.0,55,1011.5,4.1,11.2,0.0,37
2024-12-24 14:00:00,24.0,61,1012.5,5.2,13.0,0.0,37
2024-12-24 15:00:00,22.7,68,1013.9,10.7,22.3,0.0,3
2024-12-24 16:00:00,20.6,74,1014.6,11.5,27.0,0.0,3
2024-12-24 17:00:00,19.7,80,1015.0,9.1,24.8,0.0,13
2024-12-24 18:00:00,19.2,82,1014.3,9.7,20.5,0.0,6
2024-12-24 19:00:00,18.9,79,1013.8,9.4,20.5,0.0,7
2024-12-24 20:00:00,18.8,72,1013.3,10.2,21.2,0.0,6
2024-12-24 21:00:00,18.6,70,1012.7,9.0,21.2,0.0,7
2024-12-24 22:00:00,18.3,72,1012.4,8.3,18.7,0.0,11
2024-12-24 23:00:00,17.9,76,1012.6,8.5,18.0,0.0,18
2024-12-25 00:00:00,17.3,82,1013.5,2.4,17.3,0.0,28
2024-12-25 01:00:00,18.9,85,1014.0,3.1,13.7,0.0,100
2024-12-25 02:00:00,19.2,87,1014.9,6.1,15.1,0.0,91
2024-12-25 03:00:00,20.3,82,1015.5,6.3,19.4,0.0,94
2024-12-25 04:00:00,22.0,73,1015.8,3.6,18.4,0.0,20
2024-12-25 05:00:00,24.8,58,1015.2,5.3,20.9,0.0,20
2024-12-25 06:00:00,26.4,49,1014.2,8.3,28.1,0.0,18
2024-12-25 07:00:00,27.9,43,1013.0,9.8,31.0,0.0,100
2024-12-25 08:00:00,27.0,48,1012.2,9.2,31.0,0.0,100
2024-12-25 09:00:00,27.4,46,1011.2,6.7,28.1,0.0,100
2024-12-25 10:00:00,27.8,43,1010.7,5.6,22.3,0.0,100
2024-12-25 11:00:00,27.4,45,1011.1,8.2,23.4,0.0,100
2024-12-25 12:00:00,26.1,50,1011.8,8.9,25.2,0.0,73
2024-12-25 13:00:00,23.4,69,1013.3,7.1,23.8,0.0,25
2024-12-25 14:00:00,22.6,73,1014.6,10.6,23.0,0.0,19
2024-12-25 15:00:00,21.9,78,1015.8,10.3,23.8,0.0,10
2024-12-25 16:00:00,21.1,82,1016.7,11.0,25.2,0.0,8
2024-12-25 17:00:00,20.1,88,1016.5,10.5,24.8,0.0,2
2024-12-25 18:00:00,19.5,92,1016.3,10.6,22.3,0.0,3
2024-12-25 19:00:00,19.1,94,1015.9,10.6,24.1,0.0,8
2024-12-25 20:00:00,18.7,96,1015.3,9.0,23.4,0.0,9
2024-12-25 21:00:00,18.5,97,1014.8,9.3,19.8,0.0,100
2024-12-25 22:00:00,18.6,97,1014.6,9.8,22.7,0.0,100
2024-12-25 23:00:00,19.0,95,1014.8,9.8,22.3,1.1,76
2024-12-26 00:00:00,18.9,97,1015.2,10.1,21.6,0.8,100
2024-12-26 01:00:00,20.4,90,1015.3,12.3,28.4,0.0,38
2024-12-26 02:00:00,20.6,89,1016.5,11.9,29.5,0.0,32
2024-12-26 03:00:00,22.1,80,1017.4,13.9,33.8,0.0,55
2024-12-26 04:00:00,24.0,69,1017.5,13.6,35.3,0.0,41
2024-12-26 05:00:00,25.4,64,1016.8,15.1,38.5,0.1,82
2024-12-26 06:00:00,25.8,62,1016.0,17.0,42.8,0.4,53
2024-12-26 07:00:00,26.1,64,1015.2,14.7,45.0,0.3,82
2024-12-26 08:00:00,25.4,65,1014.3,16.1,43.6,0.2,52
2024-12-26 09:00:00,26.0,62,1013.3,13.9,41.0,0.1,51
2024-12-26 10:00:00,26.2,63,1012.6,16.2,41.8,0.3,59
2024-12-26 11:00:00,25.4,66,1012.6,17.5,44.3,0.2,27
2024-12-26 12:00:00,24.7,68,1013.2,16.5,41.4,0.0,42
2024-12-26 13:00:00,22.3,83,1014.6,13.8,33.5,0.1,63
2024-12-26 14:00:00,21.8,86,1015.7,13.6,30.6,0.0,34
2024-12-26 15:00:00,21.1,89,1016.5,14.6,32.4,0.0,98
2024-12-26 16:00:00,20.9,90,1017.1,13.6,32.4,0.0,100
2024-12-26 17:00:00,20.9,90,1017.0,14.3,33.5,0.0,74
2024-12-26 18:00:00,20.3,91,1016.6,14.0,33.8,0.0,21
2024-12-26 19:00:00,19.7,94,1016.4,12.6,31.0,0.0,83
2024-12-26 20:00:00,19.2,96,1016.1,11.3,27.7,0.0,100
2024-12-26 21:00:00,19.1,96,1016.0,11.7,27.4,0.0,100
2024-12-26 22:00:00,19.4,94,1015.4,12.6,29.9,0.0,100
2024-12-26 23:00:00,19.5,93,1015.4,10.8,29.5,0.0,100
2024-12-27 00:00:00,19.6,95,1015.6,11.5,28.4,0.0,100
2024-12-27 01:00:00,19.5,96,1016.5,11.4,27.0,0.0,96
2024-12-27 02:00:00,19.6,95,1017.6,11.1,24.8,0.0,100
2024-12-27 03:00:00,21.2,85,1018.2,15.0,33.5,0.0,79
2024-12-27 04:00:00,22.7,76,1018.6,15.5,36.7,0.0,93
2024-12-27 05:00:00,23.7,72,1018.1,16.7,39.2,0.1,100
2024-12-27 06:00:00,24.0,71,1017.4,15.4,43.9,0.2,76
2024-12-27 07:00:00,25.4,66,1016.2,14.6,38.9,0.3,68
2024-12-27 08:00:00,23.5,71,1015.7,19.0,45.7,0.4,96
2024-12-27 09:00:00,23.8,76,1014.7,16.4,46.1,0.3,72
2024-12-27 10:00:00,25.2,66,1013.9,15.9,40.0,0.0,76
2024-12-27 11:00:00,23.3,74,1014.6,14.5,41.0,0.2,76
2024-12-27 12:00:00,22.5,76,1015.5,16.8,37.4,0.2,93
2024-12-27 13:00:00,20.8,87,1016.5,14.6,34.9,0.0,40
2024-12-27 14:00:00,20.4,89,1017.6,14.1,32.8,0.0,65
2024-12-27 15:00:00,19.9,90,1018.4,14.0,31.3,0.0,33
2024-12-27 16:00:00,19.3,93,1018.7,14.5,32.4,0.0,31
2024-12-27 17:00:00,18.8,94,1018.7,14.6,32.0,0.0,30
2024-12-27 18:00:00,18.5,94,1018.4,14.4,32.4,0.0,26
2024-12-27 19:00:00,18.2,93,1017.9,13.3,31.7,0.0,22
2024-12-27 20:00:00,17.9,94,1017.3,12.6,29.2,0.0,18
2024-12-27 21:00:00,17.6,97,1016.9,12.3,27.0,0.0,100
2024-12-27 22:00:00,17.8,95,1016.5,13.3,30.6,0.0,100
2024-12-27 23:00:00,17.8,95,1016.2,12.3,29.9,0.0,100
2024-12-28 00:00:00,17.5,98,1016.8,10.8,26.6,0.0,100
2024-12-28 01:00:00,17.8,96,1017.4,11.2,26.3,0.0,75
2024-12-28 02:00:00,18.0,94,1018.2,12.6,28.1,0.0,100
2024-12-28 03:00:00,19.6,84,1018.8,15.5,34.9,0.0,89
2024-12-28 04:00:00,21.4,72,1019.0,13.5,36.4,0.0,24
2024-12-28 05:00:00,23.1,64,1018.4,11.2,33.1,0.0,41
2024-12-28 06:00:00,24.3,57,1017.4,10.9,31.0,0.0,46
2024-12-28 07:00:00,25.4,52,1016.1,11.1,31.7,0.0,78
2024-12-28 08:00:00,26.0,52,1014.9,11.5,32.4,0.0,5
2024-12-28 09:00:00,26.2,53,1013.9,11.1,32.4,0.0,68
2024-12-28 10:00:00,26.0,53,1013.4,11.2,31.3,0.0,22
2024-12-28 11:00:00,25.3,55,1013.5,10.8,30.2,0.0,7
2024-12-28 12:00:00,24.3,57,1014.2,9.1,27.7,0.0,15
2024-12-28 13:00:00,22.9,64,1015.1,9.7,23.0,0.0,30
2024-12-28 14:00:00,21.9,69,1016.0,8.1,20.5,0.0,7
2024-12-28 15:00:00,21.0,74,1017.0,9.0,18.0,0.0,20
2024-12-28 16:00:00,20.2,80,1017.7,9.9,20.2,0.0,19
2024-12-28 17:00:00,19.4,86,1017.7,10.6,21.6,0.0,0
2024-12-28 18:00:00,18.9,91,1017.5,12.3,25.6,0.0,3
2024-12-28 19:00:00,18.4,95,1017.0,12.1,25.9,0.0,10
2024-12-28 20:00:00,18.1,97,1016.5,11.7,25.2,0.0,9
2024-12-28 21:00:00,17.8,96,1016.0,11.8,24.8,0.0,1
2024-12-28 22:00:00,17.4,94,1015.8,12.0,25.2,0.0,0
2024-12-28 23:00:00,17.1,93,1015.8,12.2,25.6,0.0,1
2024-12-29 00:00:00,16.9,94,1016.4,12.0,25.6,0.0,1
2024-12-29 01:00:00,17.3,98,1017.6,10.3,22.3,0.0,93
2024-12-29 02:00:00,18.0,97,1018.4,12.5,27.4,0.0,100
2024-12-29 03:00:00,18.9,89,1019.2,12.7,29.2,0.0,59
2024-12-29 04:00:00,21.3,71,1019.1,14.3,35.3,0.0,99
2024-12-29 05:00:00,22.9,64,1018.4,10.7,35.3,0.0,94
2024-12-29 06:00:00,24.5,57,1017.4,9.0,29.2,0.0,97
2024-12-29 07:00:00,25.7,51,1015.9,8.6,27.4,0.0,96
2024-12-29 08:00:00,26.6,46,1014.9,9.4,28.1,0.0,93
2024-12-29 09:00:00,26.9,43,1014.0,10.2,29.2,0.0,95
2024-12-29 10:00:00,26.8,42,1013.3,10.4,29.2,0.0,98
2024-12-29 11:00:00,26.3,43,1013.2,10.2,28.8,0.0,99
2024-12-29 12:00:00,25.1,48,1013.9,8.5,26.3,0.0,75
2024-12-29 13:00:00,23.7,60,1014.7,9.8,22.0,0.0,99
2024-12-29 14:00:00,22.5,65,1016.1,11.7,25.2,0.0,14
2024-12-29 15:00:00,21.4,69,1017.1,12.0,25.6,0.0,1
2024-12-29 16:00:00,20.6,74,1017.8,12.4,26.3,0.0,3
2024-12-29 17:00:00,19.9,78,1018.0,12.9,27.0,0.0,3
2024-12-29 18:00:00,19.2,84,1017.6,12.6,27.4,0.0,44
2024-12-29 19:00:00,18.6,88,1017.0,12.6,26.6,0.0,3
2024-12-29 20:00:00,18.2,89,1016.7,12.2,26.6,0.0,0
2024-12-29 21:00:00,17.9,87,1015.9,11.7,25.6,0.0,43
2024-12-29 22:00:00,17.6,84,1015.2,11.0,24.8,0.0,79
2024-12-29 23:00:00,17.1,83,1015.5,9.8,23.0,0.0,100
2024-12-30 00:00:00,16.7,84,1016.2,9.9,20.5,0.0,100
2024-12-30 01:00:00,18.3,89,1017.0,9.6,23.4,0.0,100
2024-12-30 02:00:00,18.8,88,1017.8,11.1,25.2,0.0,100
2024-12-30 03:00:00,19.9,83,1018.6,13.4,32.0,0.0,100
2024-12-30 04:00:00,21.9,73,1018.5,14.2,34.9,0.0,100
2024-12-30 05:00:00,23.5,66,1018.0,14.4,36.0,0.0,100
2024-12-30 06:00:00,24.4,61,1017.2,14.2,36.4,0.0,100
2024-12-30 07:00:00,25.2,59,1016.0,13.4,36.0,0.0,100
2024-12-30 08:00:00,25.4,58,1014.7,13.0,34.9,0.0,100
2024-12-30 09:00:00,25.6,58,1013.8,13.6,34.9,0.0,100
2024-12-30 10:00:00,25.7,57,1013.5,12.8,34.9,0.0,99
2024-12-30 11:00:00,25.5,57,1013.4,13.9,34.2,0.0,100
2024-12-30 12:00:00,24.5,63,1014.0,12.5,34.2,0.0,93
2024-12-30 13:00:00,23.0,70,1014.8,10.6,24.8,0.0,57
2024-12-30 14:00:00,22.0,76,1016.4,13.1,28.8,0.0,42
2024-12-30 15:00:00,21.0,83,1017.6,13.1,28.8,0.0,44
2024-12-30 16:00:00,20.4,85,1018.3,13.3,29.2,0.0,75
2024-12-30 17:00:00,19.6,84,1018.4,13.4,29.2,0.0,65
2024-12-30 18:00:00,19.0,78,1018.3,13.5,29.2,0.0,100
2024-12-30 19:00:00,18.5,74,1018.0,13.4,29.2,0.0,100
2024-12-30 20:00:00,18.2,72,1017.3,14.4,30.6,0.0,100
2024-12-30 21:00:00,17.8,73,1016.5,14.2,31.0,0.0,98
2024-12-30 22:00:00,17.4,76,1016.0,14.2,30.2,0.0,51
2024-12-30 23:00:00,17.2,79,1015.9,14.7,30.6,0.0,0
2024-12-31 00:00:00,17.0,83,1016.2,14.6,31.3,0.0,54
2024-12-31 01:00:00,17.3,91,1017.3,14.3,31.3,0.0,89
2024-12-31 02:00:00,17.9,88,1018.2,13.6,30.6,0.0,97
2024-12-31 03:00:00,19.7,77,1018.9,12.4,29.9,0.0,51
2024-12-31 04:00:00,22.0,62,1018.9,13.7,34.9,0.0,75
2024-12-31 05:00:00,24.2,52,1018.4,14.6,37.8,0.0,76
2024-12-31 06:00:00,25.8,45,1017.3,15.3,40.0,0.0,49
2024-12-31 07:00:00,26.9,40,1015.9,15.8,41.4,0.0,37
2024-12-31 08:00:00,27.5,37,1014.5,15.6,41.8,0.0,83
2024-12-31 09:00:00,27.5,37,1013.5,15.0,41.4,0.0,99
2024-12-31 10:00:00,27.2,37,1013.0,14.4,39.6,0.0,100
2024-12-31 11:00:00,26.3,40,1013.1,13.9,37.4,0.0,94
2024-12-31 12:00:00,24.8,47,1013.7,12.4,34.9,0.0,88
2024-12-31 13:00:00,23.5,57,1014.2,9.7,25.9,0.0,98
2024-12-31 14:00:00,22.4,65,1015.3,10.0,21.2,0.0,66
2024-12-31 15:00:00,21.2,72,1016.6,10.7,22.7,0.0,85
2024-12-31 16:00:00,20.3,78,1017.6,10.9,23.0,0.0,100
2024-12-31 17:00:00,19.4,83,1017.8,11.2,24.1,0.0,78
2024-12-31 18:00:00,18.7,85,1017.7,11.9,25.9,0.0,59
2024-12-31 19:00:00,18.2,87,1017.4,12.0,25.9,0.0,1
2024-12-31 20:00:00,17.6,88,1016.8,11.9,25.6,0.0,0
2024-12-31 21:00:00,17.1,87,1016.1,12.4,26.3,0.0,2
2024-12-31 22:00:00,16.8,84,1015.4,12.8,27.0,0.0,16
2024-12-31 23:00:00,16.4,83,1015.3,12.0,26.6,0.0,76
2025-01-01 00:00:00,16.0,84,1015.6,11.1,24.8,0.0,18
2025-01-01 01:00:00,16.8,93,1016.1,11.4,24.1,0.0,20
2025-01-01 02:00:00,17.2,90,1016.9,10.9,24.8,0.0,2
2025-01-01 03:00:00,19.1,80,1017.7,10.6,26.6,0.0,0
2025-01-01 04:00:00,21.3,65,1017.8,12.6,33.5,0.0,93
2025-01-01 05:00:00,23.2,54,1017.4,14.1,37.8,0.0,96
2025-01-01 06:00:00,24.7,47,1016.6,14.7,40.0,0.0,79
2025-01-01 07:00:00,25.7,44,1015.5,14.7,40.7,0.0,93
2025-01-01 08:00:00,26.1,44,1014.0,14.4,40.7,0.0,100
2025-01-01 09:00:00,26.6,43,1013.0,13.5,39.6,0.0,97
2025-01-01 10:00:00,26.5,43,1012.3,13.4,37.4,0.0,89
2025-01-01 11:00:00,25.9,45,1011.9,13.2,36.0,0.0,76
2025-01-01 12:00:00,24.9,48,1012.4,12.3,34.6,0.0,25
2025-01-01 13:00:00,23.2,54,1013.7,10.2,29.2,0.0,17
2025-01-01 14:00:00,22.1,58,1014.8,10.3,22.7,0.0,42
2025-01-01 15:00:00,21.0,62,1015.8,9.0,22.0,0.0,17
2025-01-01 16:00:00,19.9,68,1016.8,9.7,20.2,0.0,81
2025-01-01 17:00:00,18.9,76,1016.9,9.4,20.2,0.0,96
2025-01-01 18:00:00,18.2,84,1016.7,10.1,20.9,0.0,100
2025-01-01 19:00:00,17.6,92,1016.2,10.1,21.6,0.0,98
2025-01-01 20:00:00,17.1,97,1015.5,9.6,21.2,0.0,100
2025-01-01 21:00:00,16.8,98,1015.0,9.3,20.5,0.0,100
2025-01-01 22:00:00,16.6,99,1014.6,9.3,20.2,0.0,100
2025-01-01 23:00:00,16.3,99,1014.5,9.3,20.5,0.0,100
