time,temperature_2m,relative_humidity_2m,pressure_msl,wind_speed_10m,wind_gusts_10m,precipitation,cloud_cover
2024-01-01 00:00:00,9.2,95,1018.2,12.9,18.7,0.0,0
2024-01-01 01:00:00,8.4,96,1018.8,12.9,18.0,0.0,0
2024-01-01 02:00:00,8.1,96,1019.5,12.2,17.6,0.0,0
2024-01-01 03:00:00,8.7,94,1020.0,11.1,16.9,0.0,0
2024-01-01 04:00:00,10.7,85,1020.7,9.5,17.3,0.0,0
2024-01-01 05:00:00,13.1,72,1021.1,12.8,22.0,0.0,0
2024-01-01 06:00:00,15.6,59,1020.4,14.5,25.6,0.0,0
2024-01-01 07:00:00,17.7,47,1019.0,15.6,27.0,0.0,0
2024-01-01 08:00:00,19.4,39,1017.7,16.9,29.2,0.0,0
2024-01-01 09:00:00,20.5,34,1016.7,18.5,30.6,0.0,0
2024-01-01 10:00:00,20.9,32,1016.1,19.7,31.3,0.0,0
2024-01-01 11:00:00,20.5,33,1015.9,20.0,31.3,0.0,0
2024-01-01 12:00:00,19.2,38,1016.2,16.4,30.2,0.0,0
2024-01-01 13:00:00,15.8,54,1017.4,15.0,22.7,0.0,0
2024-01-01 14:00:00,14.7,59,1018.1,15.3,20.9,0.0,0
2024-01-01 15:00:00,13.9,63,1018.5,14.9,20.9,0.0,0
2024-01-01 16:00:00,13.1,67,1018.9,15.3,21.2,0.0,0
2024-01-01 17:00:00,12.3,70,1019.0,16.0,22.0,0.0,0
2024-01-01 18:00:00,11.5,74,1018.6,16.0,22.3,0.0,0
2024-01-01 19:00:00,10.8,78,1018.2,15.6,22.3,0.0,0
2024-01-01 20:00:00,10.0,81,1017.9,14.5,21.6,0.0,0
2024-01-01 21:00:00,9.3,84,1017.7,13.0,19.8,0.0,0
2024-01-01 22:00:00,8.6,87,1017.4,11.8,17.6,0.0,0
2024-01-01 23:00:00,8.1,89,1017.3,11.6,15.8,0.0,0
2024-01-02 00:00:00,7.6,91,1017.4,11.0,15.1,0.0,0
2024-01-02 01:00:00,7.2,93,1017.6,10.9,14.8,0.0,0
2024-01-02 02:00:00,6.8,94,1018.5,10.5,14.8,0.0,0
2024-01-02 03:00:00,7.4,93,1018.9,10.0,14.0,0.0,0
2024-01-02 04:00:00,9.7,83,1019.5,9.2,16.6,0.0,0
2024-01-02 05:00:00,12.1,72,1019.9,11.6,20.5,0.0,0
2024-01-02 06:00:00,14.5,61,1019.2,13.6,24.5,0.0,0
2024-01-02 07:00:00,16.7,49,1017.8,14.8,26.3,0.0,0
2024-01-02 08:00:00,18.5,39,1016.6,15.6,27.4,0.0,0
2024-01-02 09:00:00,19.7,35,1015.7,15.3,27.4,0.0,0
2024-01-02 10:00:00,20.3,32,1015.2,14.8,26.6,0.0,0
2024-01-02 11:00:00,20.2,32,1015.1,14.3,24.8,0.0,0
2024-01-02 12:00:00,18.9,37,1015.4,12.4,22.3,0.0,0
2024-01-02 13:00:00,15.8,49,1016.0,12.6,16.6,0.0,0
2024-01-02 14:00:00,14.7,53,1016.7,13.5,18.4,0.0,0
2024-01-02 15:00:00,13.8,58,1017.0,13.5,18.4,0.0,0
2024-01-02 16:00:00,12.9,63,1017.2,13.4,18.4,0.0,0
2024-01-02 17:00:00,12.1,66,1017.4,13.4,18.0,0.0,0
2024-01-02 18:00:00,11.4,69,1017.2,13.7,18.4,0.0,0
2024-01-02 19:00:00,10.6,73,1016.9,13.1,18.4,0.0,0
2024-01-02 20:00:00,9.9,78,1016.7,12.3,17.6,0.0,0
2024-01-02 21:00:00,9.2,82,1016.6,11.2,16.6,0.0,0
2024-01-02 22:00:00,8.6,86,1016.4,10.5,14.8,0.0,0
2024-01-02 23:00:00,8.0,89,1016.3,9.3,13.7,0.0,0
2024-01-03 00:00:00,7.5,91,1016.3,9.5,11.9,0.0,0
2024-01-03 01:00:00,6.8,93,1017.2,10.3,13.7,0.0,0
2024-01-03 02:00:00,6.5,94,1018.0,11.2,14.8,0.0,0
2024-01-03 03:00:00,7.3,92,1018.5,11.9,16.6,0.0,0
2024-01-03 04:00:00,9.7,80,1019.3,10.4,19.1,0.0,0
2024-01-03 05:00:00,12.4,68,1019.7,12.0,21.2,0.0,0
2024-01-03 06:00:00,15.2,56,1019.0,13.8,24.5,0.0,0
2024-01-03 07:00:00,17.6,45,1017.7,15.4,27.0,0.0,0
2024-01-03 08:00:00,19.2,39,1016.5,16.1,27.7,0.0,0
2024-01-03 09:00:00,20.2,34,1015.7,16.3,28.1,0.0,0
2024-01-03 10:00:00,20.7,31,1015.1,16.3,27.7,0.0,0
2024-01-03 11:00:00,20.6,29,1015.0,16.1,26.6,0.0,0
2024-01-03 12:00:00,19.4,33,1015.2,13.8,24.8,0.0,0
2024-01-03 13:00:00,16.0,48,1015.8,14.1,18.7,0.0,0
2024-01-03 14:00:00,14.9,52,1016.6,15.2,20.5,0.0,0
2024-01-03 15:00:00,13.8,57,1017.3,15.7,21.6,0.0,0
2024-01-03 16:00:00,12.9,62,1017.9,15.6,22.0,0.0,0
2024-01-03 17:00:00,12.0,67,1018.2,15.5,22.0,0.0,0
2024-01-03 18:00:00,11.2,72,1018.0,15.5,21.6,0.0,0
2024-01-03 19:00:00,10.5,76,1017.7,15.3,22.0,0.0,0
2024-01-03 20:00:00,9.7,80,1017.7,13.8,21.6,0.0,0
2024-01-03 21:00:00,9.1,83,1017.9,12.9,18.7,0.0,0
2024-01-03 22:00:00,8.4,87,1017.9,12.3,17.3,0.0,0
2024-01-03 23:00:00,7.9,90,1017.9,12.2,16.6,0.0,0
2024-01-04 00:00:00,7.3,92,1018.2,11.6,16.2,0.0,0
2024-01-04 01:00:00,7.0,93,1019.2,11.8,16.6,0.0,0
2024-01-04 02:00:00,6.6,94,1019.9,11.7,16.2,0.0,0
2024-01-04 03:00:00,7.2,93,1020.4,11.8,16.9,0.0,0
2024-01-04 04:00:00,9.0,84,1020.9,12.2,19.4,0.0,0
2024-01-04 05:00:00,11.6,72,1021.3,13.5,23.8,0.0,0
2024-01-04 06:00:00,14.2,61,1020.2,14.2,24.8,0.0,0
2024-01-04 07:00:00,16.5,49,1018.7,14.2,25.9,0.0,0
2024-01-04 08:00:00,18.2,40,1017.4,13.4,25.9,0.0,0
2024-01-04 09:00:00,19.3,34,1016.4,13.0,24.8,0.0,0
2024-01-04 10:00:00,19.8,31,1015.9,13.5,23.8,0.0,0
2024-01-04 11:00:00,19.7,30,1015.7,13.8,23.0,0.0,0
2024-01-04 12:00:00,18.5,34,1015.8,12.3,22.0,0.0,0
2024-01-04 13:00:00,15.2,52,1017.0,13.0,17.3,0.0,0
2024-01-04 14:00:00,14.1,57,1017.4,13.7,18.4,0.0,0
2024-01-04 15:00:00,13.1,61,1017.8,13.3,18.4,0.0,0
2024-01-04 16:00:00,12.4,65,1018.1,13.6,18.4,0.0,0
2024-01-04 17:00:00,11.5,68,1018.3,13.2,18.4,0.0,0
2024-01-04 18:00:00,10.8,72,1017.9,13.6,18.7,0.0,0
2024-01-04 19:00:00,10.1,76,1017.8,12.9,18.4,0.0,0
2024-01-04 20:00:00,9.4,80,1017.7,11.9,17.3,0.0,0
2024-01-04 21:00:00,8.9,83,1017.5,11.6,15.8,0.0,0
2024-01-04 22:00:00,8.3,86,1017.3,10.8,15.5,0.0,0
2024-01-04 23:00:00,7.7,89,1017.0,9.4,14.0,0.0,0
2024-01-05 00:00:00,7.2,91,1017.2,8.7,11.9,0.0,0
2024-01-05 01:00:00,6.8,92,1018.0,11.1,14.4,0.0,0
2024-01-05 02:00:00,6.6,93,1018.7,10.2,14.8,0.0,1
2024-01-05 03:00:00,7.4,90,1019.1,10.3,14.4,0.0,2
2024-01-05 04:00:00,9.8,80,1019.8,8.1,16.2,0.0,0
2024-01-05 05:00:00,12.2,70,1020.4,9.5,18.4,0.0,0
2024-01-05 06:00:00,14.6,59,1019.7,12.2,22.3,0.0,1
2024-01-05 07:00:00,16.4,50,1018.3,13.9,24.8,0.0,19
2024-01-05 08:00:00,17.8,42,1017.2,11.1,25.6,0.0,6
2024-01-05 09:00:00,18.8,38,1016.9,10.5,22.0,0.0,6
2024-01-05 10:00:00,19.2,36,1016.6,12.8,22.3,0.0,9
2024-01-05 11:00:00,19.1,35,1016.5,16.1,24.8,0.0,9
2024-01-05 12:00:00,18.2,39,1016.7,13.4,24.8,0.0,9
2024-01-05 13:00:00,16.0,49,1017.4,13.4,19.8,0.0,2
2024-01-05 14:00:00,15.0,53,1018.0,13.4,18.4,0.0,8
2024-01-05 15:00:00,14.1,56,1018.4,13.2,18.4,0.0,8
2024-01-05 16:00:00,13.3,60,1018.7,12.1,18.4,0.0,0
2024-01-05 17:00:00,12.5,64,1019.2,11.0,16.2,0.0,2
2024-01-05 18:00:00,11.7,68,1019.1,11.2,15.1,0.0,5
2024-01-05 19:00:00,11.1,71,1019.0,11.5,15.5,0.0,1
2024-01-05 20:00:00,10.4,75,1019.0,11.1,15.5,0.0,1
2024-01-05 21:00:00,9.7,79,1018.8,10.3,14.8,0.0,0
2024-01-05 22:00:00,9.1,82,1018.5,10.0,13.3,0.0,0
2024-01-05 23:00:00,8.6,85,1018.3,9.9,13.0,0.0,0
2024-01-06 00:00:00,8.1,89,1018.5,9.4,13.0,0.0,0
2024-01-06 01:00:00,8.2,90,1019.5,10.1,13.3,0.0,0
2024-01-06 02:00:00,7.9,92,1020.1,10.8,14.4,0.0,0
2024-01-06 03:00:00,8.6,90,1020.9,10.8,15.5,0.0,0
2024-01-06 04:00:00,10.8,81,1021.4,10.3,17.6,0.0,0
2024-01-06 05:00:00,13.3,70,1021.9,13.1,22.3,0.0,0
2024-01-06 06:00:00,15.8,58,1021.0,14.5,25.6,0.0,0
2024-01-06 07:00:00,17.7,47,1019.6,15.0,26.6,0.0,0
2024-01-06 08:00:00,19.1,38,1018.3,15.1,27.0,0.0,0
2024-01-06 09:00:00,20.0,35,1017.4,15.3,27.0,0.0,0
2024-01-06 10:00:00,20.4,32,1016.9,15.5,26.6,0.0,0
2024-01-06 11:00:00,20.3,32,1017.1,16.1,26.3,0.0,0
2024-01-06 12:00:00,19.1,35,1017.5,14.6,25.2,0.0,0
2024-01-06 13:00:00,16.0,50,1018.8,13.8,20.2,0.0,0
2024-01-06 14:00:00,14.9,55,1019.6,14.8,20.5,0.0,0
2024-01-06 15:00:00,14.0,59,1020.2,15.0,20.5,0.0,0
2024-01-06 16:00:00,13.1,63,1020.6,15.1,20.9,0.0,0
2024-01-06 17:00:00,12.3,67,1020.8,15.0,20.9,0.0,0
2024-01-06 18:00:00,11.6,72,1020.5,14.3,20.5,0.0,0
2024-01-06 19:00:00,10.8,77,1020.2,13.3,19.8,0.0,0
2024-01-06 20:00:00,10.1,81,1019.7,12.3,18.4,0.0,0
2024-01-06 21:00:00,9.4,85,1019.3,11.6,16.2,0.0,0
2024-01-06 22:00:00,8.9,89,1019.1,12.4,16.6,0.0,0
2024-01-06 23:00:00,8.4,92,1019.0,12.9,17.6,0.0,0
2024-01-07 00:00:00,8.0,94,1019.2,12.2,17.6,0.0,0
2024-01-07 01:00:00,7.8,96,1020.2,11.8,16.9,0.0,0
2024-01-07 02:00:00,7.5,97,1020.8,11.9,16.2,0.0,0
2024-01-07 03:00:00,8.1,96,1021.6,11.7,16.9,0.0,0
2024-01-07 04:00:00,10.1,86,1022.3,11.4,18.7,0.0,0
2024-01-07 05:00:00,12.6,74,1022.7,12.9,22.7,0.0,0
2024-01-07 06:00:00,15.1,62,1021.8,13.9,24.5,0.0,0
2024-01-07 07:00:00,16.9,55,1020.5,14.5,26.3,0.0,0
2024-01-07 08:00:00,18.2,48,1019.2,14.8,26.3,0.0,0
2024-01-07 09:00:00,19.1,43,1018.4,15.3,26.6,0.0,0
2024-01-07 10:00:00,19.5,40,1017.6,16.3,27.0,0.0,0
2024-01-07 11:00:00,19.2,41,1017.4,17.1,27.0,0.0,0
2024-01-07 12:00:00,18.2,45,1017.5,14.6,26.3,0.0,0
2024-01-07 13:00:00,15.2,62,1018.2,13.7,20.9,0.0,0
2024-01-07 14:00:00,14.2,66,1018.9,14.7,20.2,0.0,0
2024-01-07 15:00:00,13.4,69,1019.3,15.3,21.2,0.0,0
2024-01-07 16:00:00,12.7,73,1019.9,15.6,21.6,0.0,0
2024-01-07 17:00:00,12.0,76,1020.3,15.8,21.6,0.0,0
2024-01-07 18:00:00,11.3,81,1020.1,15.0,21.6,0.0,0
2024-01-07 19:00:00,10.6,85,1019.6,14.4,20.9,0.0,0
2024-01-07 20:00:00,9.9,89,1019.0,13.1,19.4,0.0,0
2024-01-07 21:00:00,9.3,91,1018.7,12.4,18.0,0.0,0
2024-01-07 22:00:00,8.8,93,1018.6,12.1,16.9,0.0,0
2024-01-07 23:00:00,8.4,94,1018.7,12.1,16.6,0.0,0
2024-01-08 00:00:00,8.1,94,1018.7,12.1,16.6,0.0,0
2024-01-08 01:00:00,8.2,93,1019.4,13.0,17.6,0.0,0
2024-01-08 02:00:00,7.8,93,1019.9,12.4,17.6,0.0,0
2024-01-08 03:00:00,8.3,92,1020.9,11.3,16.9,0.0,0
2024-01-08 04:00:00,10.2,83,1021.5,9.5,16.9,0.0,0
2024-01-08 05:00:00,12.5,73,1021.8,11.1,20.2,0.0,0
2024-01-08 06:00:00,14.7,64,1020.8,12.4,23.4,0.0,0
2024-01-08 07:00:00,16.6,56,1019.6,12.0,23.8,0.0,0
2024-01-08 08:00:00,17.9,50,1018.5,12.9,24.1,0.0,0
2024-01-08 09:00:00,18.9,45,1017.7,13.5,24.5,0.0,0
2024-01-08 10:00:00,19.3,41,1016.9,13.8,24.5,0.0,0
2024-01-08 11:00:00,19.2,41,1016.8,14.5,24.1,0.0,0
2024-01-08 12:00:00,18.2,44,1016.9,14.4,23.4,0.0,0
2024-01-08 13:00:00,14.8,63,1018.7,14.2,19.4,0.0,0
2024-01-08 14:00:00,13.8,68,1019.5,15.9,22.0,0.0,0
2024-01-08 15:00:00,13.1,73,1020.1,16.4,23.4,0.0,2
2024-01-08 16:00:00,12.5,76,1020.5,16.3,23.0,0.0,2
2024-01-08 17:00:00,11.9,81,1020.6,15.0,22.3,0.0,0
2024-01-08 18:00:00,11.1,85,1020.5,13.3,20.9,0.0,0
2024-01-08 19:00:00,10.4,89,1020.5,12.9,18.0,0.0,0
2024-01-08 20:00:00,9.9,91,1020.3,12.6,18.0,0.0,0
2024-01-08 21:00:00,9.4,93,1020.2,12.8,16.9,0.0,0
2024-01-08 22:00:00,8.9,94,1020.2,13.4,18.4,0.0,0
2024-01-08 23:00:00,8.5,95,1020.1,13.9,19.4,0.0,0
2024-01-09 00:00:00,8.1,96,1020.2,13.8,19.4,0.0,0
2024-01-09 01:00:00,7.4,98,1021.0,11.9,17.3,0.0,0
2024-01-09 02:00:00,7.1,98,1021.7,11.2,16.2,0.0,0
2024-01-09 03:00:00,7.7,98,1022.4,10.9,15.8,0.0,0
2024-01-09 04:00:00,9.5,90,1023.4,11.5,18.7,0.0,0
2024-01-09 05:00:00,11.8,81,1023.6,13.3,23.4,0.0,0
2024-01-09 06:00:00,14.1,71,1022.9,16.6,27.7,0.0,0
2024-01-09 07:00:00,15.8,62,1021.6,19.4,32.0,0.0,0
2024-01-09 08:00:00,16.9,56,1020.4,19.3,32.8,0.0,0
2024-01-09 09:00:00,17.6,52,1019.8,19.3,32.4,0.0,0
2024-01-09 10:00:00,18.1,47,1019.3,20.5,32.8,0.0,0
2024-01-09 11:00:00,18.1,45,1019.1,21.1,32.8,0.0,0
2024-01-09 12:00:00,17.4,47,1019.5,17.4,31.7,0.0,0
2024-01-09 13:00:00,14.2,61,1020.6,14.9,23.4,0.0,0
2024-01-09 14:00:00,13.3,65,1021.1,14.0,20.2,0.0,0
2024-01-09 15:00:00,12.6,67,1021.5,13.6,19.1,0.0,0
2024-01-09 16:00:00,11.9,70,1021.8,14.3,19.4,0.0,0
2024-01-09 17:00:00,11.2,73,1022.1,14.8,20.5,0.0,0
2024-01-09 18:00:00,10.4,77,1022.0,13.3,20.2,0.0,0
2024-01-09 19:00:00,9.5,82,1021.8,11.8,17.6,0.0,0
2024-01-09 20:00:00,8.8,86,1021.5,10.9,15.5,0.0,0
2024-01-09 21:00:00,8.4,88,1021.2,11.0,14.0,0.0,0
2024-01-09 22:00:00,7.9,89,1020.7,10.7,14.0,0.0,0
2024-01-09 23:00:00,7.5,90,1020.0,10.7,13.3,0.0,0
2024-01-10 00:00:00,7.0,91,1020.1,9.9,13.3,0.0,0
2024-01-10 01:00:00,6.6,94,1020.9,11.0,14.0,0.0,0
2024-01-10 02:00:00,6.3,95,1021.7,10.9,14.4,0.0,0
2024-01-10 03:00:00,7.0,95,1022.0,9.7,14.0,0.0,0
2024-01-10 04:00:00,9.5,85,1022.8,8.4,15.5,0.0,0
2024-01-10 05:00:00,12.0,75,1023.0,10.0,18.4,0.0,0
2024-01-10 06:00:00,14.5,65,1022.3,13.0,23.4,0.0,0
2024-01-10 07:00:00,16.3,55,1020.5,13.8,24.8,0.0,0
2024-01-10 08:00:00,17.7,47,1018.9,13.5,25.2,0.0,0
2024-01-10 09:00:00,18.7,42,1018.1,13.6,24.8,0.0,0
2024-01-10 10:00:00,19.1,40,1017.5,13.5,24.1,0.0,0
2024-01-10 11:00:00,19.0,39,1017.1,14.2,23.8,0.0,0
2024-01-10 12:00:00,18.0,43,1017.4,11.8,22.0,0.0,0
2024-01-10 13:00:00,15.3,52,1017.7,10.9,15.1,0.0,0
2024-01-10 14:00:00,14.0,56,1018.5,11.9,15.1,0.0,0
2024-01-10 15:00:00,12.9,61,1019.1,11.2,15.1,0.0,0
2024-01-10 16:00:00,11.9,66,1019.5,10.2,13.7,0.0,0
2024-01-10 17:00:00,11.3,67,1019.6,10.5,12.6,0.0,0
2024-01-10 18:00:00,10.9,67,1019.3,12.2,14.8,0.0,0
2024-01-10 19:00:00,10.1,71,1018.9,12.7,16.6,0.0,0
2024-01-10 20:00:00,9.2,75,1018.8,11.3,16.6,0.0,0
2024-01-10 21:00:00,8.6,77,1018.9,11.6,14.4,0.0,0
2024-01-10 22:00:00,8.3,79,1018.8,11.6,14.8,0.0,0
2024-01-10 23:00:00,8.0,80,1018.7,11.5,14.8,0.0,0
2024-01-11 00:00:00,7.7,81,1018.6,11.2,14.4,0.0,0
2024-01-11 01:00:00,7.3,82,1019.5,12.3,15.1,0.0,0
2024-01-11 02:00:00,7.0,83,1020.0,12.0,15.1,0.0,0
2024-01-11 03:00:00,8.2,78,1020.7,11.7,15.8,0.0,0
2024-01-11 04:00:00,11.5,67,1021.5,10.0,15.8,0.0,0
2024-01-11 05:00:00,14.7,56,1021.7,10.2,17.6,0.0,0
2024-01-11 06:00:00,17.3,43,1021.1,10.4,19.8,0.0,0
2024-01-11 07:00:00,19.0,35,1019.9,9.7,19.8,0.0,0
2024-01-11 08:00:00,20.2,28,1018.6,9.3,19.4,0.0,0
2024-01-11 09:00:00,20.9,25,1017.8,8.9,19.1,0.0,0
2024-01-11 10:00:00,21.2,24,1017.1,9.7,18.0,0.0,0
2024-01-11 11:00:00,20.9,24,1017.0,10.3,18.0,0.0,0
2024-01-11 12:00:00,19.2,35,1017.1,9.3,16.6,0.0,0
2024-01-11 13:00:00,16.7,50,1017.7,8.7,10.4,0.0,0
2024-01-11 14:00:00,15.5,52,1018.1,9.0,10.4,0.0,0
2024-01-11 15:00:00,14.5,51,1018.3,11.0,12.6,0.0,0
2024-01-11 16:00:00,13.6,51,1018.9,12.2,15.5,0.0,0
2024-01-11 17:00:00,12.6,52,1018.8,12.5,15.8,0.0,0
2024-01-11 18:00:00,11.6,55,1018.4,11.9,15.8,0.0,0
2024-01-11 19:00:00,10.9,58,1018.0,11.9,14.8,0.0,0
2024-01-11 20:00:00,10.5,58,1017.6,12.6,15.5,0.0,0
2024-01-11 21:00:00,10.1,57,1017.1,13.0,16.6,0.0,0
2024-01-11 22:00:00,9.3,60,1017.1,12.3,16.6,0.0,0
2024-01-11 23:00:00,8.8,62,1016.9,12.3,15.5,0.0,0
2024-01-12 00:00:00,8.4,64,1016.8,12.1,15.8,0.0,0
2024-01-12 01:00:00,7.9,67,1017.5,12.0,15.8,0.0,0
2024-01-12 02:00:00,7.5,69,1018.1,11.8,14.8,0.0,0
2024-01-12 03:00:00,8.7,63,1018.8,11.0,15.1,0.0,0
2024-01-12 04:00:00,11.7,53,1019.6,8.0,14.8,0.0,0
2024-01-12 05:00:00,15.0,46,1020.1,5.9,14.4,0.0,0
2024-01-12 06:00:00,17.6,38,1019.6,6.8,15.5,0.0,0
2024-01-12 07:00:00,19.7,30,1018.5,8.5,18.0,0.0,4
2024-01-12 08:00:00,20.9,25,1017.4,8.4,18.4,0.0,0
2024-01-12 09:00:00,21.7,23,1016.4,8.9,18.4,0.0,3
2024-01-12 10:00:00,22.0,22,1015.8,9.7,18.7,0.0,36
2024-01-12 11:00:00,21.8,22,1015.5,9.9,18.4,0.0,11
2024-01-12 12:00:00,20.1,33,1015.6,8.2,16.6,0.0,44
2024-01-12 13:00:00,17.4,44,1016.0,9.7,11.5,0.0,72
2024-01-12 14:00:00,15.9,49,1016.2,9.4,11.5,0.0,2
2024-01-12 15:00:00,14.7,49,1016.6,11.3,13.7,0.0,1
2024-01-12 16:00:00,13.5,52,1017.1,10.5,14.4,0.0,9
2024-01-12 17:00:00,12.5,55,1017.0,9.7,13.0,0.0,34
2024-01-12 18:00:00,11.9,57,1016.7,9.5,11.5,0.0,100
2024-01-12 19:00:00,11.8,55,1016.1,10.2,11.9,0.0,94
2024-01-12 20:00:00,10.9,58,1015.4,10.4,12.2,0.0,96
2024-01-12 21:00:00,10.5,59,1015.1,10.2,12.6,0.0,98
2024-01-12 22:00:00,10.4,60,1014.7,8.2,11.9,0.0,100
2024-01-12 23:00:00,11.9,51,1014.8,5.6,9.4,0.0,100
2024-01-13 00:00:00,13.3,43,1015.2,2.2,6.5,0.0,100
2024-01-13 01:00:00,12.7,47,1015.9,1.6,7.2,0.0,98
2024-01-13 02:00:00,12.1,49,1016.6,3.3,3.6,0.0,94
2024-01-13 03:00:00,11.6,51,1017.2,1.8,4.3,0.0,73
2024-01-13 04:00:00,12.6,51,1018.0,1.9,5.0,0.0,73
2024-01-13 05:00:00,15.4,46,1018.4,4.1,10.4,0.0,70
2024-01-13 06:00:00,18.0,38,1017.8,3.1,12.6,0.0,63
2024-01-13 07:00:00,20.0,33,1016.9,1.8,11.2,0.0,91
2024-01-13 08:00:00,21.5,27,1015.9,6.8,15.8,0.0,92
2024-01-13 09:00:00,22.3,24,1015.4,9.0,18.4,0.0,56
2024-01-13 10:00:00,22.5,23,1014.9,9.4,18.7,0.0,38
2024-01-13 11:00:00,22.3,25,1014.9,9.3,18.4,0.0,1
2024-01-13 12:00:00,21.0,33,1015.0,7.9,15.8,0.0,19
2024-01-13 13:00:00,18.1,45,1015.4,9.4,11.2,0.0,40
2024-01-13 14:00:00,17.0,45,1015.8,11.5,14.4,0.0,22
2024-01-13 15:00:00,15.7,49,1016.5,11.2,14.8,0.0,27
2024-01-13 16:00:00,14.6,53,1016.9,10.5,14.0,0.0,21
2024-01-13 17:00:00,14.0,53,1017.1,11.2,14.0,0.0,24
2024-01-13 18:00:00,13.0,57,1017.0,10.0,13.7,0.0,19
2024-01-13 19:00:00,12.5,59,1016.7,8.2,11.5,0.0,33
2024-01-13 20:00:00,11.7,61,1016.6,8.2,9.7,0.0,23
2024-01-13 21:00:00,11.4,61,1016.4,6.9,9.7,0.0,9
2024-01-13 22:00:00,11.2,61,1016.1,6.4,7.9,0.0,15
2024-01-13 23:00:00,9.3,70,1016.0,8.5,9.4,0.0,36
2024-01-14 00:00:00,8.7,72,1016.5,8.9,10.8,0.0,25
2024-01-14 01:00:00,8.7,70,1017.4,7.1,7.9,0.0,18
2024-01-14 02:00:00,7.9,74,1018.2,7.7,8.6,0.0,35
2024-01-14 03:00:00,9.2,69,1018.7,8.2,10.1,0.0,0
2024-01-14 04:00:00,12.0,59,1019.4,6.1,11.2,0.0,2
2024-01-14 05:00:00,15.0,51,1019.8,6.9,13.7,0.0,0
2024-01-14 06:00:00,17.5,46,1019.4,9.2,18.0,0.0,0
2024-01-14 07:00:00,19.4,41,1018.6,12.0,22.7,0.0,6
2024-01-14 08:00:00,20.6,36,1017.4,12.7,24.1,0.0,19
2024-01-14 09:00:00,21.2,34,1016.6,11.9,23.8,0.0,70
2024-01-14 10:00:00,21.5,34,1016.2,11.4,22.7,0.0,37
2024-01-14 11:00:00,21.3,34,1016.3,11.1,20.9,0.0,63
2024-01-14 12:00:00,20.4,37,1016.6,10.1,18.7,0.0,86
2024-01-14 13:00:00,17.1,54,1017.2,9.3,12.2,0.0,24
2024-01-14 14:00:00,16.1,56,1017.8,12.0,15.1,0.0,3
2024-01-14 15:00:00,15.0,60,1018.4,11.7,15.8,0.0,1
2024-01-14 16:00:00,13.9,64,1019.0,10.5,15.1,0.0,0
2024-01-14 17:00:00,12.9,70,1019.2,9.4,13.0,0.0,1
2024-01-14 18:00:00,12.1,73,1018.7,9.2,11.2,0.0,1
2024-01-14 19:00:00,11.6,74,1018.2,10.0,11.9,0.0,0
2024-01-14 20:00:00,10.9,77,1017.7,10.0,12.2,0.0,0
2024-01-14 21:00:00,10.2,79,1017.3,9.7,11.9,0.0,2
2024-01-14 22:00:00,9.5,82,1017.1,9.0,11.9,0.0,0
2024-01-14 23:00:00,8.9,84,1016.7,8.7,10.8,0.0,1
2024-01-15 00:00:00,8.6,84,1016.8,8.2,9.7,0.0,2
2024-01-15 01:00:00,8.2,85,1017.8,10.4,12.2,0.0,0
2024-01-15 02:00:00,7.8,86,1018.2,10.2,12.6,0.0,0
2024-01-15 03:00:00,9.2,80,1018.3,9.9,13.3,0.0,0
2024-01-15 04:00:00,12.2,67,1019.3,7.6,13.3,0.0,0
2024-01-15 05:00:00,15.4,56,1019.5,7.6,15.1,0.0,0
2024-01-15 06:00:00,17.6,48,1018.8,8.7,18.4,0.0,0
2024-01-15 07:00:00,19.1,43,1017.6,6.2,18.4,0.0,6
2024-01-15 08:00:00,20.3,38,1016.4,4.7,16.2,0.0,11
2024-01-15 09:00:00,21.1,34,1015.3,4.7,14.4,0.0,3
2024-01-15 10:00:00,21.6,32,1014.4,4.2,14.0,0.0,2
2024-01-15 11:00:00,21.7,31,1014.2,4.2,12.6,0.0,0
2024-01-15 12:00:00,20.8,41,1014.2,4.4,10.4,0.0,2
2024-01-15 13:00:00,19.7,45,1014.4,4.5,5.0,0.0,24
2024-01-15 14:00:00,16.9,57,1015.3,8.2,8.6,0.0,51
2024-01-15 15:00:00,15.8,57,1015.6,9.4,11.2,0.0,28
2024-01-15 16:00:00,14.4,62,1015.9,7.6,11.2,0.0,51
2024-01-15 17:00:00,14.9,56,1015.8,5.8,8.6,0.0,56
2024-01-15 18:00:00,13.6,61,1015.3,7.0,7.9,0.0,7
2024-01-15 19:00:00,12.1,66,1014.4,9.4,10.4,0.0,20
2024-01-15 20:00:00,11.6,67,1013.8,10.7,12.6,0.0,16
2024-01-15 21:00:00,11.1,68,1013.2,11.0,13.0,0.0,31
2024-01-15 22:00:00,10.9,68,1012.8,11.1,13.7,0.0,39
2024-01-15 23:00:00,10.6,69,1012.5,10.9,13.3,0.0,76
2024-01-16 00:00:00,10.6,68,1012.5,10.8,13.0,0.0,84
2024-01-16 01:00:00,9.6,71,1013.6,9.2,11.5,0.0,100
2024-01-16 02:00:00,9.8,70,1013.8,9.7,11.2,0.0,100
2024-01-16 03:00:00,11.6,62,1014.3,10.0,11.9,0.0,100
2024-01-16 04:00:00,14.1,55,1015.0,6.7,12.6,0.0,100
2024-01-16 05:00:00,18.4,45,1015.2,4.6,11.5,0.0,95
2024-01-16 06:00:00,20.6,35,1014.7,2.5,11.5,0.0,89
2024-01-16 07:00:00,21.7,34,1013.5,2.4,10.4,0.0,88
2024-01-16 08:00:00,22.5,36,1012.2,5.1,14.4,0.0,83
2024-01-16 09:00:00,22.9,37,1011.3,6.6,15.8,0.0,36
2024-01-16 10:00:00,23.1,38,1010.8,7.2,16.2,0.0,67
2024-01-16 11:00:00,22.9,38,1010.6,6.3,15.8,0.0,57
2024-01-16 12:00:00,22.3,40,1010.8,6.2,13.3,0.0,58
2024-01-16 13:00:00,20.0,44,1011.6,11.7,14.8,0.0,56
2024-01-16 14:00:00,18.6,45,1012.0,14.3,19.4,0.0,18
2024-01-16 15:00:00,17.4,47,1012.4,13.0,19.4,0.0,8
2024-01-16 16:00:00,16.3,48,1013.0,12.5,17.6,0.0,0
2024-01-16 17:00:00,15.4,49,1013.2,12.5,16.6,0.0,0
2024-01-16 18:00:00,14.4,51,1013.1,10.9,16.2,0.0,0
2024-01-16 19:00:00,13.4,53,1012.7,10.7,14.0,0.0,3
2024-01-16 20:00:00,12.5,56,1012.4,10.2,13.7,0.0,3
2024-01-16 21:00:00,11.8,58,1012.2,10.2,13.0,0.0,8
2024-01-16 22:00:00,11.1,61,1012.1,10.2,13.0,0.0,0
2024-01-16 23:00:00,10.4,64,1012.3,11.2,14.8,0.0,0
2024-01-17 00:00:00,9.6,68,1012.7,11.3,15.5,0.0,28
2024-01-17 01:00:00,8.7,76,1013.6,11.4,16.9,0.0,0
2024-01-17 02:00:00,8.2,81,1014.0,10.9,15.5,0.0,0
2024-01-17 03:00:00,8.8,80,1014.3,10.7,15.1,0.0,0
2024-01-17 04:00:00,10.9,72,1015.0,10.2,17.3,0.0,0
2024-01-17 05:00:00,13.4,61,1015.5,12.3,22.0,0.0,0
2024-01-17 06:00:00,15.8,53,1015.1,13.7,24.5,0.0,0
2024-01-17 07:00:00,17.9,46,1014.0,14.9,26.6,0.0,2
2024-01-17 08:00:00,19.5,41,1013.2,15.6,27.7,0.0,0
2024-01-17 09:00:00,20.5,38,1012.6,15.6,27.7,0.0,0
2024-01-17 10:00:00,20.9,37,1012.4,15.7,27.7,0.0,0
2024-01-17 11:00:00,20.7,36,1012.6,16.4,27.0,0.0,0
2024-01-17 12:00:00,19.9,37,1013.2,15.5,25.9,0.0,0
2024-01-17 13:00:00,17.5,47,1014.2,14.9,23.4,0.0,0
2024-01-17 14:00:00,16.4,51,1015.2,15.3,21.2,0.0,0
2024-01-17 15:00:00,15.5,54,1015.7,15.3,21.2,0.0,0
2024-01-17 16:00:00,14.7,56,1016.2,15.1,21.2,0.0,0
2024-01-17 17:00:00,13.8,59,1016.6,13.8,20.5,0.0,0
2024-01-17 18:00:00,13.0,62,1016.3,13.7,18.7,0.0,0
2024-01-17 19:00:00,12.2,65,1016.0,13.5,18.7,0.0,0
2024-01-17 20:00:00,11.2,70,1016.1,11.5,18.0,0.0,0
2024-01-17 21:00:00,10.4,73,1016.4,11.6,15.1,0.0,0
2024-01-17 22:00:00,9.7,76,1016.4,11.8,15.8,0.0,0
2024-01-17 23:00:00,9.1,78,1016.3,10.9,15.8,0.0,0
2024-01-18 00:00:00,8.6,81,1016.6,10.6,14.8,0.0,0
2024-01-18 01:00:00,7.7,86,1017.1,9.7,14.8,0.0,0
2024-01-18 02:00:00,7.0,89,1017.7,8.4,12.2,0.0,0
2024-01-18 03:00:00,8.1,85,1018.1,8.2,11.2,0.0,0
2024-01-18 04:00:00,10.5,75,1018.8,8.4,14.8,0.0,0
2024-01-18 05:00:00,12.9,67,1019.1,10.8,19.8,0.0,0
2024-01-18 06:00:00,15.3,56,1018.5,12.6,23.0,0.0,0
2024-01-18 07:00:00,17.3,46,1017.3,12.5,24.1,0.0,0
2024-01-18 08:00:00,18.8,39,1016.3,11.9,23.8,0.0,0
2024-01-18 09:00:00,19.9,34,1015.4,11.9,23.4,0.0,0
2024-01-18 10:00:00,20.5,31,1015.0,12.5,23.0,0.0,0
2024-01-18 11:00:00,20.5,30,1015.1,13.7,23.0,0.0,47
2024-01-18 12:00:00,19.7,31,1015.4,13.6,22.7,0.0,83
2024-01-18 13:00:00,17.3,38,1016.1,12.4,19.1,0.0,72
2024-01-18 14:00:00,16.1,40,1016.8,12.7,17.3,0.0,100
2024-01-18 15:00:00,15.0,43,1017.5,11.9,16.9,0.0,85
2024-01-18 16:00:00,14.0,46,1017.9,11.5,15.5,0.0,59
2024-01-18 17:00:00,13.3,48,1018.0,11.8,14.8,0.0,73
2024-01-18 18:00:00,12.6,49,1017.6,12.8,16.2,0.0,44
2024-01-18 19:00:00,12.1,51,1017.0,13.8,18.4,0.0,39
2024-01-18 20:00:00,11.1,55,1016.7,12.0,18.0,0.0,6
2024-01-18 21:00:00,9.8,64,1016.8,9.2,15.8,0.0,2
2024-01-18 22:00:00,9.0,71,1017.0,7.5,10.8,0.0,1
2024-01-18 23:00:00,9.0,70,1016.9,6.4,8.6,0.0,0
2024-01-19 00:00:00,8.6,73,1017.0,6.8,7.9,0.0,0
2024-01-19 01:00:00,7.2,77,1017.6,8.6,9.7,0.0,0
2024-01-19 02:00:00,7.0,78,1018.3,10.3,11.9,0.0,0
2024-01-19 03:00:00,8.2,74,1018.9,9.9,13.3,0.0,0
2024-01-19 04:00:00,11.0,66,1019.6,9.0,15.1,0.0,0
2024-01-19 05:00:00,14.0,61,1019.5,8.4,16.6,0.0,0
2024-01-19 06:00:00,16.8,58,1019.0,9.8,19.4,0.0,0
2024-01-19 07:00:00,18.8,49,1017.7,11.0,21.6,0.0,0
2024-01-19 08:00:00,20.2,39,1016.5,10.2,21.6,0.0,0
2024-01-19 09:00:00,21.2,32,1015.8,9.4,20.9,0.0,0
2024-01-19 10:00:00,21.8,29,1015.5,10.1,19.8,0.0,0
2024-01-19 11:00:00,21.7,28,1015.1,11.0,19.4,0.0,0
2024-01-19 12:00:00,20.9,30,1015.4,10.2,18.7,0.0,0
2024-01-19 13:00:00,18.0,40,1016.2,10.4,15.8,0.0,0
2024-01-19 14:00:00,16.8,41,1016.7,12.0,15.1,0.0,0
2024-01-19 15:00:00,15.5,43,1017.2,11.9,15.8,0.0,0
2024-01-19 16:00:00,14.3,48,1017.6,10.9,15.1,0.0,0
2024-01-19 17:00:00,13.3,53,1017.6,10.8,13.7,0.0,0
2024-01-19 18:00:00,12.6,57,1017.4,11.0,13.3,0.0,0
2024-01-19 19:00:00,12.0,60,1016.8,11.5,14.0,0.0,0
2024-01-19 20:00:00,11.2,64,1016.7,10.9,14.0,0.0,0
2024-01-19 21:00:00,10.4,68,1016.6,10.0,13.0,0.0,0
2024-01-19 22:00:00,10.0,70,1016.1,9.6,11.9,0.0,1
2024-01-19 23:00:00,9.4,73,1016.2,8.4,11.5,0.0,1
2024-01-20 00:00:00,10.8,65,1016.4,5.4,9.7,0.0,0
2024-01-20 01:00:00,9.7,70,1017.2,5.4,7.2,0.0,0
2024-01-20 02:00:00,9.0,73,1018.0,5.8,6.5,0.0,0
2024-01-20 03:00:00,9.9,70,1018.4,9.7,11.5,0.0,0
2024-01-20 04:00:00,13.0,58,1019.1,8.7,14.4,0.0,0
2024-01-20 05:00:00,16.3,49,1019.7,7.3,16.2,0.0,0
2024-01-20 06:00:00,18.8,42,1019.5,7.5,16.2,0.0,0
2024-01-20 07:00:00,20.5,36,1018.5,8.3,18.0,0.0,0
2024-01-20 08:00:00,21.8,29,1017.6,8.7,19.1,0.0,0
2024-01-20 09:00:00,22.6,26,1016.8,9.8,20.2,0.0,0
2024-01-20 10:00:00,22.8,25,1016.3,9.6,20.2,0.0,10
2024-01-20 11:00:00,22.7,25,1016.3,9.5,19.1,0.0,52
2024-01-20 12:00:00,21.9,27,1016.6,9.1,16.9,0.0,84
2024-01-20 13:00:00,19.2,38,1017.4,10.1,12.6,0.0,34
2024-01-20 14:00:00,17.9,41,1018.1,11.2,14.4,0.0,63
2024-01-20 15:00:00,16.8,45,1018.7,11.3,14.8,0.0,27
2024-01-20 16:00:00,15.7,49,1019.1,11.2,14.4,0.0,90
2024-01-20 17:00:00,14.9,52,1019.1,11.7,14.8,0.0,68
2024-01-20 18:00:00,14.2,54,1018.8,11.8,15.5,0.0,31
2024-01-20 19:00:00,13.1,58,1018.7,11.3,15.1,0.0,54
2024-01-20 20:00:00,12.2,62,1018.3,10.7,14.4,0.0,61
2024-01-20 21:00:00,11.1,68,1018.3,8.9,13.7,0.0,29
2024-01-20 22:00:00,10.4,72,1017.9,8.9,10.8,0.0,15
2024-01-20 23:00:00,9.9,75,1017.9,10.0,12.6,0.0,9
2024-01-21 00:00:00,9.0,81,1017.8,8.2,12.2,0.0,20
2024-01-21 01:00:00,7.9,86,1019.0,7.6,11.2,0.0,64
2024-01-21 02:00:00,7.5,88,1019.4,7.4,9.0,0.0,1
2024-01-21 03:00:00,9.1,81,1019.6,8.0,10.4,0.0,0
2024-01-21 04:00:00,11.8,68,1020.3,6.8,12.6,0.0,0
2024-01-21 05:00:00,14.8,57,1020.6,6.4,14.0,0.0,0
2024-01-21 06:00:00,17.5,48,1020.2,7.0,16.6,0.0,0
2024-01-21 07:00:00,19.8,39,1019.4,6.2,16.6,0.0,0
2024-01-21 08:00:00,21.0,34,1018.0,4.1,16.2,0.0,7
2024-01-21 09:00:00,21.8,33,1017.0,3.6,14.0,0.0,21
2024-01-21 10:00:00,22.2,31,1016.3,4.9,13.3,0.0,97
2024-01-21 11:00:00,22.2,31,1016.3,6.6,14.0,0.0,100
2024-01-21 12:00:00,21.6,33,1016.4,7.3,14.0,0.0,49
2024-01-21 13:00:00,18.4,50,1017.8,8.6,12.2,0.0,85
2024-01-21 14:00:00,17.2,53,1018.2,10.1,12.6,0.0,96
2024-01-21 15:00:00,16.0,59,1018.6,10.0,13.3,0.0,13
2024-01-21 16:00:00,14.9,64,1018.8,9.9,12.6,0.0,24
2024-01-21 17:00:00,14.0,67,1018.7,9.8,12.2,0.0,69
2024-01-21 18:00:00,13.3,69,1018.2,10.1,12.2,0.0,2
2024-01-21 19:00:00,12.6,71,1017.4,10.7,13.3,0.0,63
2024-01-21 20:00:00,11.8,74,1016.8,10.7,14.0,0.0,84
2024-01-21 21:00:00,11.4,74,1016.7,10.9,13.7,0.0,96
2024-01-21 22:00:00,11.1,75,1016.2,10.6,13.7,0.0,89
2024-01-21 23:00:00,10.8,75,1015.8,10.5,13.3,0.0,88
2024-01-22 00:00:00,10.5,75,1015.7,10.7,13.0,0.0,99
2024-01-22 01:00:00,9.6,80,1017.2,10.6,13.0,0.0,46
2024-01-22 02:00:00,9.5,79,1017.7,11.2,14.0,0.0,52
2024-01-22 03:00:00,10.7,72,1018.1,10.2,14.4,0.0,80
2024-01-22 04:00:00,14.3,59,1018.8,7.3,13.7,0.0,30
2024-01-22 05:00:00,18.7,44,1019.4,6.9,14.4,0.0,31
2024-01-22 06:00:00,21.4,33,1018.9,8.3,16.9,0.0,1
2024-01-22 07:00:00,22.8,30,1017.7,8.9,18.7,0.0,5
2024-01-22 08:00:00,23.7,30,1016.4,10.2,20.9,0.0,0
2024-01-22 09:00:00,24.3,31,1015.6,11.3,22.0,0.0,0
2024-01-22 10:00:00,24.5,31,1015.1,12.2,22.3,0.0,0
2024-01-22 11:00:00,24.5,31,1015.1,13.1,22.3,0.0,4
2024-01-22 12:00:00,23.9,32,1015.3,13.7,22.0,0.0,31
2024-01-22 13:00:00,22.6,35,1015.8,11.9,18.4,0.0,36
2024-01-22 14:00:00,20.9,41,1016.7,14.3,19.8,0.0,33
2024-01-22 15:00:00,19.4,45,1017.6,13.5,19.4,0.0,18
2024-01-22 16:00:00,18.1,48,1018.1,10.4,18.7,0.0,0
2024-01-22 17:00:00,16.8,53,1018.3,10.9,13.7,0.0,0
2024-01-22 18:00:00,15.8,56,1018.2,10.7,14.8,0.0,0
2024-01-22 19:00:00,14.6,61,1018.0,9.2,13.7,0.0,0
2024-01-22 20:00:00,13.6,68,1017.7,7.3,10.8,0.0,0
2024-01-22 21:00:00,12.8,70,1017.7,7.2,8.3,0.0,0
2024-01-22 22:00:00,12.3,69,1017.6,9.5,11.2,0.0,0
2024-01-22 23:00:00,11.6,72,1017.4,10.8,13.3,0.0,0
2024-01-23 00:00:00,10.7,78,1017.4,11.5,15.8,0.0,0
2024-01-23 01:00:00,9.4,91,1018.9,10.5,14.0,0.0,0
2024-01-23 02:00:00,8.9,95,1019.2,10.0,13.3,0.0,0
2024-01-23 03:00:00,9.5,98,1019.6,8.7,13.0,0.0,0
2024-01-23 04:00:00,11.6,87,1020.5,6.9,14.0,0.0,0
2024-01-23 05:00:00,14.0,75,1020.7,8.9,17.6,0.0,0
2024-01-23 06:00:00,16.4,64,1020.4,11.3,21.6,0.0,0
2024-01-23 07:00:00,18.4,55,1019.2,12.8,24.5,0.0,0
2024-01-23 08:00:00,19.8,49,1018.0,12.4,25.2,0.0,0
2024-01-23 09:00:00,20.7,44,1016.9,11.7,24.5,0.0,0
2024-01-23 10:00:00,21.1,41,1016.4,12.2,23.0,0.0,0
2024-01-23 11:00:00,20.9,43,1016.3,12.2,23.0,0.0,0
2024-01-23 12:00:00,20.2,45,1016.5,11.9,21.2,0.0,0
2024-01-23 13:00:00,16.6,59,1017.7,10.2,16.9,0.0,0
2024-01-23 14:00:00,15.3,65,1018.1,9.9,13.3,0.0,0
2024-01-23 15:00:00,14.0,71,1018.5,8.6,12.6,0.0,0
2024-01-23 16:00:00,12.9,78,1018.8,7.4,10.8,0.0,0
2024-01-23 17:00:00,12.0,81,1018.9,7.4,8.6,0.0,0
2024-01-23 18:00:00,11.6,81,1018.6,9.2,10.4,0.0,0
2024-01-23 19:00:00,10.9,83,1018.1,9.2,11.2,0.0,0
2024-01-23 20:00:00,10.2,86,1017.9,9.0,11.2,0.0,0
2024-01-23 21:00:00,9.5,88,1017.7,9.0,10.8,0.0,0
2024-01-23 22:00:00,8.9,90,1017.7,8.8,10.8,0.0,0
2024-01-23 23:00:00,8.4,92,1017.7,9.5,11.2,0.0,0
2024-01-24 00:00:00,7.9,93,1017.8,9.4,11.5,0.0,0
2024-01-24 01:00:00,6.8,95,1018.7,8.9,10.8,0.0,0
2024-01-24 02:00:00,6.4,96,1019.5,8.7,10.8,0.0,0
2024-01-24 03:00:00,8.2,93,1019.8,9.3,12.2,0.0,0
2024-01-24 04:00:00,11.2,79,1020.8,7.7,13.7,0.0,0
2024-01-24 05:00:00,14.3,65,1021.1,8.9,16.9,0.0,0
2024-01-24 06:00:00,16.8,54,1020.7,11.6,22.0,0.0,0
2024-01-24 07:00:00,18.6,45,1019.5,10.3,22.3,0.0,0
2024-01-24 08:00:00,19.9,38,1018.3,8.1,21.2,0.0,0
2024-01-24 09:00:00,20.8,33,1017.2,6.6,18.7,0.0,0
2024-01-24 10:00:00,21.3,30,1016.7,6.2,16.6,0.0,0
2024-01-24 11:00:00,21.3,28,1016.2,5.7,15.1,0.0,0
2024-01-24 12:00:00,20.9,30,1016.2,4.7,13.0,0.0,0
2024-01-24 13:00:00,17.1,51,1017.3,7.6,8.3,0.0,35
2024-01-24 14:00:00,16.0,51,1018.1,9.7,11.9,0.0,51
2024-01-24 15:00:00,14.8,56,1018.6,10.1,13.0,0.0,61
2024-01-24 16:00:00,13.7,63,1019.0,10.0,12.6,0.0,75
2024-01-24 17:00:00,13.0,65,1019.2,10.4,13.0,0.0,59
2024-01-24 18:00:00,12.5,66,1019.2,11.0,14.0,0.0,9
2024-01-24 19:00:00,11.8,69,1019.0,10.8,14.0,0.0,13
2024-01-24 20:00:00,11.2,73,1018.6,10.8,13.7,0.0,31
2024-01-24 21:00:00,10.7,74,1018.4,11.6,14.4,0.0,83
2024-01-24 22:00:00,10.4,75,1017.9,12.3,15.8,0.0,88
2024-01-24 23:00:00,9.9,76,1017.7,12.4,16.2,0.0,88
2024-01-25 00:00:00,9.6,77,1017.6,12.1,15.8,0.0,100
2024-01-25 01:00:00,8.8,77,1018.2,12.9,16.9,0.0,100
2024-01-25 02:00:00,8.8,77,1018.7,12.9,16.9,0.0,100
2024-01-25 03:00:00,10.0,71,1019.4,11.8,16.6,0.0,99
2024-01-25 04:00:00,13.1,58,1020.4,10.4,16.6,0.0,100
2024-01-25 05:00:00,16.5,47,1020.8,9.2,17.3,0.0,98
2024-01-25 06:00:00,19.6,38,1020.6,11.9,21.2,0.0,100
2024-01-25 07:00:00,21.6,29,1019.5,11.6,23.8,0.0,95
2024-01-25 08:00:00,22.4,24,1018.6,6.6,22.3,0.0,100
2024-01-25 09:00:00,22.8,22,1017.6,3.2,16.6,0.0,100
2024-01-25 10:00:00,23.0,22,1017.1,1.4,12.2,0.0,99
2024-01-25 11:00:00,23.0,22,1017.0,1.8,9.0,0.0,99
2024-01-25 12:00:00,22.5,23,1017.0,4.7,7.9,0.0,88
2024-01-25 13:00:00,19.3,42,1017.5,7.4,8.3,0.0,97
2024-01-25 14:00:00,17.9,41,1018.1,9.2,10.4,0.0,17
2024-01-25 15:00:00,17.0,40,1018.9,12.7,15.8,0.0,0
2024-01-25 16:00:00,15.8,44,1019.0,13.5,18.7,0.0,0
2024-01-25 17:00:00,14.8,48,1019.1,11.2,18.0,0.0,0
2024-01-25 18:00:00,13.5,54,1018.9,10.0,14.4,0.0,0
2024-01-25 19:00:00,12.9,54,1018.8,10.7,13.0,0.0,0
2024-01-25 20:00:00,12.0,57,1018.5,11.0,13.7,0.0,0
2024-01-25 21:00:00,11.1,63,1018.5,10.9,14.4,0.0,22
2024-01-25 22:00:00,10.4,71,1018.3,10.8,14.0,0.0,55
2024-01-25 23:00:00,9.8,77,1018.4,10.8,14.0,0.0,100
2024-01-26 00:00:00,9.3,81,1018.6,10.7,13.7,0.0,87
2024-01-26 01:00:00,8.2,88,1020.0,11.6,15.8,0.0,90
2024-01-26 02:00:00,7.8,91,1020.8,11.1,15.8,0.0,97
2024-01-26 03:00:00,8.5,88,1021.8,10.3,14.8,0.0,96
2024-01-26 04:00:00,10.4,79,1022.7,10.4,17.3,0.0,81
2024-01-26 05:00:00,12.9,68,1023.1,11.9,21.6,0.0,35
2024-01-26 06:00:00,15.6,54,1022.8,12.4,23.4,0.0,49
2024-01-26 07:00:00,17.9,45,1021.6,11.4,23.4,0.0,99
2024-01-26 08:00:00,19.7,39,1020.4,11.9,23.4,0.0,84
2024-01-26 09:00:00,20.9,35,1019.3,14.2,25.6,0.0,100
2024-01-26 10:00:00,21.3,34,1018.9,15.8,27.4,0.0,100
2024-01-26 11:00:00,21.0,35,1018.7,15.8,27.4,0.0,100
2024-01-26 12:00:00,20.5,36,1019.1,16.0,25.6,0.0,65
2024-01-26 13:00:00,18.5,45,1020.3,12.3,21.6,0.0,100
2024-01-26 14:00:00,17.7,47,1020.8,11.9,16.9,0.0,100
2024-01-26 15:00:00,16.6,50,1021.0,10.9,16.2,0.0,100
2024-01-26 16:00:00,15.6,54,1021.1,10.2,14.4,0.0,100
2024-01-26 17:00:00,15.3,54,1021.7,12.9,16.6,0.0,100
2024-01-26 18:00:00,14.6,54,1022.2,13.7,19.1,0.0,94
2024-01-26 19:00:00,13.8,56,1021.9,11.8,18.4,0.0,100
2024-01-26 20:00:00,12.8,60,1021.2,9.4,15.5,0.0,45
2024-01-26 21:00:00,12.0,63,1020.9,10.2,12.6,0.0,20
2024-01-26 22:00:00,11.4,65,1020.8,11.8,15.5,0.0,2
2024-01-26 23:00:00,10.7,70,1020.5,11.4,15.5,0.0,90
2024-01-27 00:00:00,10.1,76,1020.2,11.4,15.1,0.0,86
2024-01-27 01:00:00,9.3,83,1020.9,12.4,16.2,0.0,100
2024-01-27 02:00:00,9.0,88,1021.5,12.0,16.2,0.0,100
2024-01-27 03:00:00,9.7,86,1021.9,10.7,15.8,0.0,96
2024-01-27 04:00:00,11.7,78,1022.4,9.4,16.2,0.0,100
2024-01-27 05:00:00,14.1,68,1022.8,9.9,19.1,0.0,100
2024-01-27 06:00:00,16.8,58,1022.3,10.2,20.2,0.0,100
2024-01-27 07:00:00,19.1,49,1021.0,9.9,21.2,0.0,100
2024-01-27 08:00:00,20.9,42,1019.7,8.8,20.9,0.0,95
2024-01-27 09:00:00,22.1,37,1018.3,7.5,19.8,0.0,94
2024-01-27 10:00:00,22.6,34,1017.4,4.8,17.6,0.0,95
2024-01-27 11:00:00,22.7,33,1017.2,4.8,13.7,0.0,100
2024-01-27 12:00:00,22.3,34,1017.4,6.8,11.9,0.0,92
2024-01-27 13:00:00,19.1,49,1018.1,7.6,10.8,0.0,100
2024-01-27 14:00:00,18.0,53,1018.5,8.8,11.2,0.0,100
2024-01-27 15:00:00,17.0,56,1018.9,9.4,11.9,0.0,99
2024-01-27 16:00:00,15.9,61,1019.2,8.7,11.9,0.0,100
2024-01-27 17:00:00,14.9,67,1019.4,6.9,10.4,0.0,100
2024-01-27 18:00:00,14.5,68,1019.3,6.4,7.9,0.0,94
2024-01-27 19:00:00,14.3,67,1018.9,5.7,7.2,0.0,100
2024-01-27 20:00:00,13.7,68,1018.3,6.2,6.8,0.0,98
2024-01-27 21:00:00,12.9,71,1017.8,6.1,7.6,0.0,95
2024-01-27 22:00:00,13.0,69,1017.1,5.1,7.2,0.0,42
2024-01-27 23:00:00,13.4,67,1016.9,3.9,5.8,0.0,66
2024-01-28 00:00:00,12.8,69,1016.8,4.1,4.7,0.0,100
2024-01-28 01:00:00,11.0,79,1017.2,5.4,6.5,0.0,92
2024-01-28 02:00:00,11.0,78,1017.7,4.7,6.1,0.0,61
2024-01-28 03:00:00,11.2,82,1018.1,4.1,5.4,0.0,21
2024-01-28 04:00:00,14.0,66,1018.7,2.9,7.9,0.0,20
2024-01-28 05:00:00,17.2,53,1019.1,2.6,9.7,0.0,74
2024-01-28 06:00:00,19.7,45,1018.5,2.5,10.8,0.0,53
2024-01-28 07:00:00,21.1,41,1017.4,5.3,14.8,0.0,54
2024-01-28 08:00:00,22.3,39,1016.0,9.1,19.8,0.0,62
2024-01-28 09:00:00,23.2,37,1015.1,13.0,24.1,0.0,75
2024-01-28 10:00:00,23.6,38,1014.9,15.5,26.6,0.0,97
2024-01-28 11:00:00,23.4,39,1014.7,15.2,26.6,0.0,99
2024-01-28 12:00:00,22.8,41,1014.9,14.8,25.2,0.0,91
2024-01-28 13:00:00,21.7,47,1015.0,11.5,21.6,0.0,100
2024-01-28 14:00:00,20.4,52,1015.8,10.7,15.5,0.0,100
2024-01-28 15:00:00,19.0,61,1016.2,7.3,14.0,0.0,100
2024-01-28 16:00:00,18.4,62,1016.6,4.9,8.3,0.0,99
2024-01-28 17:00:00,19.4,55,1016.9,3.2,5.8,0.0,100
2024-01-28 18:00:00,18.8,56,1016.9,2.3,3.6,0.0,99
2024-01-28 19:00:00,18.3,58,1016.6,3.3,3.2,0.0,84
2024-01-28 20:00:00,15.5,72,1016.2,6.7,7.6,0.0,77
2024-01-28 21:00:00,15.0,72,1016.1,6.5,7.9,0.0,8
2024-01-28 22:00:00,15.2,70,1015.9,5.4,7.6,0.0,21
2024-01-28 23:00:00,14.2,74,1015.9,7.2,7.9,0.0,0
2024-01-29 00:00:00,14.0,74,1016.1,7.6,9.0,0.0,56
2024-01-29 01:00:00,12.7,82,1017.0,11.8,14.4,0.0,87
2024-01-29 02:00:00,12.4,83,1018.1,11.8,15.1,0.0,100
2024-01-29 03:00:00,13.7,76,1018.6,11.2,15.5,0.0,100
2024-01-29 04:00:00,17.1,61,1019.2,10.7,16.9,0.0,77
2024-01-29 05:00:00,20.4,49,1019.4,10.2,18.0,0.0,100
2024-01-29 06:00:00,22.5,43,1019.1,11.3,21.6,0.0,100
2024-01-29 07:00:00,23.7,41,1018.1,9.2,21.2,0.0,100
2024-01-29 08:00:00,24.5,39,1016.8,6.9,19.8,0.0,85
2024-01-29 09:00:00,25.0,38,1015.9,4.3,16.9,0.0,97
2024-01-29 10:00:00,25.3,38,1015.4,3.6,14.0,0.0,81
2024-01-29 11:00:00,25.4,38,1015.4,4.2,12.2,0.0,100
2024-01-29 12:00:00,25.1,39,1015.5,6.3,11.5,0.0,100
2024-01-29 13:00:00,22.6,50,1016.5,6.4,9.0,0.0,100
2024-01-29 14:00:00,21.5,51,1017.1,10.0,12.2,0.0,100
2024-01-29 15:00:00,20.6,52,1017.6,11.1,14.8,0.0,100
2024-01-29 16:00:00,19.8,54,1018.0,13.1,17.3,0.0,100
2024-01-29 17:00:00,19.1,56,1018.0,13.2,18.4,0.0,100
2024-01-29 18:00:00,18.4,58,1017.9,12.8,17.6,0.0,100
2024-01-29 19:00:00,17.6,60,1017.6,12.2,17.3,0.0,100
2024-01-29 20:00:00,16.9,62,1017.0,11.9,16.2,0.0,100
2024-01-29 21:00:00,16.4,64,1016.5,11.8,16.2,0.0,100
2024-01-29 22:00:00,15.9,66,1016.0,11.0,15.5,0.0,100
2024-01-29 23:00:00,15.3,68,1015.7,10.1,14.0,0.0,100
2024-01-30 00:00:00,15.0,69,1015.6,10.0,13.3,0.0,100
2024-01-30 01:00:00,14.1,72,1016.6,10.2,13.0,0.0,100
2024-01-30 02:00:00,13.9,73,1017.0,10.6,13.7,0.0,100
2024-01-30 03:00:00,14.9,68,1017.5,10.2,14.4,0.0,100
2024-01-30 04:00:00,17.5,58,1018.0,10.2,16.9,0.0,100
2024-01-30 05:00:00,20.7,48,1018.0,11.4,19.1,0.0,100
2024-01-30 06:00:00,23.6,40,1017.5,16.3,26.3,0.0,100
2024-01-30 07:00:00,24.7,42,1016.4,17.5,29.5,0.0,100
2024-01-30 08:00:00,25.0,43,1015.1,16.0,29.2,0.0,100
2024-01-30 09:00:00,25.7,41,1014.0,17.1,28.1,0.0,100
2024-01-30 10:00:00,25.7,40,1013.3,18.4,29.9,0.0,100
2024-01-30 11:00:00,25.3,41,1013.0,19.0,29.9,0.1,100
2024-01-30 12:00:00,25.0,42,1013.0,16.3,29.2,0.0,100
2024-01-30 13:00:00,23.3,51,1014.3,10.6,21.6,0.0,100
2024-01-30 14:00:00,22.3,56,1014.8,10.5,14.8,0.0,100
2024-01-30 15:00:00,21.4,62,1015.3,9.2,14.4,0.0,100
2024-01-30 16:00:00,20.4,66,1015.9,9.9,13.0,0.0,100
2024-01-30 17:00:00,19.8,69,1016.1,9.7,13.0,0.0,100
2024-01-30 18:00:00,19.0,71,1015.8,8.6,13.0,0.0,100
2024-01-30 19:00:00,18.2,75,1015.3,7.5,11.2,0.0,100
2024-01-30 20:00:00,17.6,77,1014.8,7.7,9.4,0.0,100
2024-01-30 21:00:00,17.1,78,1014.5,7.8,9.7,0.0,100
2024-01-30 22:00:00,16.4,81,1014.0,5.9,9.0,0.0,99
2024-01-30 23:00:00,15.9,83,1013.9,5.9,6.8,0.0,36
2024-01-31 00:00:00,15.7,80,1013.8,4.0,6.8,0.0,57
2024-01-31 01:00:00,16.6,76,1014.6,1.3,2.5,0.0,37
2024-01-31 02:00:00,16.4,76,1015.2,2.9,3.2,0.0,12
2024-01-31 03:00:00,16.0,83,1015.7,3.3,3.6,0.0,0
2024-01-31 04:00:00,18.6,68,1016.3,2.4,7.2,0.0,0
2024-01-31 05:00:00,20.8,58,1016.4,1.5,8.3,0.0,0
2024-01-31 06:00:00,22.6,52,1015.9,4.8,13.3,0.0,0
2024-01-31 07:00:00,24.0,48,1014.8,7.7,17.6,0.0,0
2024-01-31 08:00:00,24.9,45,1013.5,9.4,20.5,0.0,1
2024-01-31 09:00:00,25.5,43,1012.4,11.2,22.3,0.0,16
2024-01-31 10:00:00,25.8,40,1011.6,12.6,23.4,0.0,18
2024-01-31 11:00:00,25.9,39,1011.3,14.1,23.8,0.0,11
2024-01-31 12:00:00,25.6,39,1011.3,14.4,23.8,0.0,46
2024-01-31 13:00:00,24.1,44,1011.5,12.1,20.5,0.0,48
2024-01-31 14:00:00,22.8,49,1012.3,13.0,17.6,0.0,9
2024-01-31 15:00:00,21.9,50,1012.8,13.8,18.7,0.0,1
2024-01-31 16:00:00,20.8,54,1013.5,12.7,18.7,0.0,0
2024-01-31 17:00:00,19.5,60,1013.8,10.2,16.6,0.0,0
2024-01-31 18:00:00,18.1,66,1013.5,8.3,13.0,0.0,0
2024-01-31 19:00:00,17.3,70,1013.2,7.5,10.1,0.0,0
2024-01-31 20:00:00,16.8,71,1013.0,9.5,10.8,0.0,0
2024-01-31 21:00:00,15.9,74,1012.7,8.3,11.2,0.0,0
2024-01-31 22:00:00,15.5,75,1012.4,8.6,9.7,0.0,0
2024-01-31 23:00:00,15.1,76,1012.4,8.4,10.1,0.0,0
2024-02-01 00:00:00,14.7,78,1012.7,9.4,10.8,0.0,0
2024-02-01 01:00:00,13.6,79,1013.5,8.9,9.7,0.0,0
2024-02-01 02:00:00,13.4,80,1014.5,9.2,11.5,0.0,0
2024-02-01 03:00:00,15.3,75,1015.1,6.8,10.4,0.0,0
2024-02-01 04:00:00,19.0,58,1016.0,3.3,7.6,0.0,0
2024-02-01 05:00:00,21.8,49,1016.6,2.3,8.6,0.0,0
2024-02-01 06:00:00,23.6,41,1016.4,7.2,15.8,0.0,0
2024-02-01 07:00:00,24.7,35,1015.5,10.0,20.9,0.0,0
2024-02-01 08:00:00,25.4,31,1014.5,9.4,21.2,0.0,0
2024-02-01 09:00:00,25.9,29,1013.8,9.2,20.5,0.0,0
2024-02-01 10:00:00,26.2,26,1013.4,8.7,20.2,0.0,0
2024-02-01 11:00:00,26.3,25,1013.4,8.2,18.7,0.0,0
2024-02-01 12:00:00,25.9,24,1013.5,9.9,16.6,0.0,0
2024-02-01 13:00:00,23.1,26,1014.7,9.0,10.8,0.0,0
2024-02-01 14:00:00,21.8,26,1015.2,10.6,13.7,0.0,0
2024-02-01 15:00:00,19.8,36,1015.8,7.8,13.7,0.0,0
2024-02-01 16:00:00,21.5,26,1016.5,1.6,9.0,0.0,0
2024-02-01 17:00:00,20.2,30,1016.8,4.8,5.0,0.0,10
2024-02-01 18:00:00,20.4,28,1016.7,4.2,6.1,0.0,73
2024-02-01 19:00:00,18.0,37,1016.4,6.4,6.5,0.0,8
2024-02-01 20:00:00,15.7,43,1016.3,11.7,13.3,0.0,16
2024-02-01 21:00:00,14.7,45,1016.1,11.6,15.1,0.0,31
2024-02-01 22:00:00,14.1,44,1016.0,11.1,14.4,0.0,20
2024-02-01 23:00:00,13.7,43,1015.8,12.6,15.8,0.0,21
2024-02-02 00:00:00,13.0,43,1015.7,13.3,17.6,0.0,0
2024-02-02 01:00:00,12.9,49,1017.0,11.8,15.5,0.0,26
2024-02-02 02:00:00,12.9,49,1017.7,13.6,17.6,0.0,45
2024-02-02 03:00:00,14.4,46,1018.3,14.2,19.4,0.0,87
2024-02-02 04:00:00,17.3,40,1019.0,13.1,22.0,0.0,29
2024-02-02 05:00:00,20.4,35,1019.6,14.0,22.7,0.0,23
2024-02-02 06:00:00,23.5,29,1019.3,19.8,31.3,0.0,16
2024-02-02 07:00:00,25.1,24,1018.3,19.4,33.8,0.0,22
2024-02-02 08:00:00,26.0,21,1017.1,15.8,32.0,0.0,19
2024-02-02 09:00:00,26.7,20,1016.1,11.8,27.7,0.0,26
2024-02-02 10:00:00,26.9,20,1015.3,9.0,22.7,0.0,27
2024-02-02 11:00:00,27.0,21,1014.9,9.7,18.7,0.0,27
2024-02-02 12:00:00,26.6,22,1014.5,12.4,18.7,0.0,38
2024-02-02 13:00:00,25.2,30,1015.3,10.3,13.7,0.0,100
2024-02-02 14:00:00,23.8,32,1015.3,12.7,18.4,0.4,78
2024-02-02 15:00:00,22.7,35,1015.8,13.1,18.0,0.0,99
2024-02-02 16:00:00,21.5,37,1016.7,12.3,17.6,0.0,90
2024-02-02 17:00:00,20.1,49,1017.1,16.2,26.6,0.0,100
2024-02-02 18:00:00,20.2,51,1016.8,9.0,22.7,0.0,92
2024-02-02 19:00:00,19.4,54,1016.8,11.6,15.1,0.0,100
2024-02-02 20:00:00,18.8,62,1016.6,12.4,18.7,0.0,97
2024-02-02 21:00:00,18.0,64,1016.2,10.6,17.6,0.0,100
2024-02-02 22:00:00,17.7,69,1015.7,12.5,19.4,0.0,57
2024-02-02 23:00:00,17.1,80,1014.6,2.7,17.3,0.0,13
2024-02-03 00:00:00,16.1,83,1014.7,6.5,7.2,0.0,54
2024-02-03 01:00:00,14.7,81,1015.8,1.5,2.2,0.0,81
2024-02-03 02:00:00,14.5,86,1016.8,3.0,2.9,0.0,100
2024-02-03 03:00:00,15.5,83,1017.3,4.7,7.6,0.6,100
2024-02-03 04:00:00,16.9,80,1018.1,2.2,7.9,0.4,100
2024-02-03 05:00:00,18.1,76,1018.5,7.5,11.2,0.4,100
2024-02-03 06:00:00,18.7,77,1017.6,10.0,16.6,0.7,100
2024-02-03 07:00:00,20.8,69,1016.6,9.3,20.2,0.0,100
2024-02-03 08:00:00,22.5,65,1015.7,9.8,20.2,0.0,100
2024-02-03 09:00:00,24.0,58,1014.6,13.5,22.3,0.0,97
2024-02-03 10:00:00,25.1,49,1014.2,19.4,29.5,0.0,98
2024-02-03 11:00:00,24.0,53,1014.1,23.1,32.4,0.0,99
2024-02-03 12:00:00,22.1,67,1014.3,12.7,32.8,0.1,100
2024-02-03 13:00:00,19.7,80,1015.6,11.3,24.5,0.0,100
2024-02-03 14:00:00,18.5,84,1016.4,10.2,17.6,0.1,100
2024-02-03 15:00:00,18.2,85,1016.4,9.3,22.7,0.9,100
2024-02-03 16:00:00,18.2,85,1016.6,7.6,13.7,0.0,100
2024-02-03 17:00:00,17.8,88,1016.8,7.5,10.4,0.1,100
2024-02-03 18:00:00,18.0,85,1015.9,12.8,17.3,0.3,97
2024-02-03 19:00:00,18.0,82,1015.3,11.8,18.7,0.1,78
2024-02-03 20:00:00,18.2,80,1015.1,12.6,17.3,0.0,79
2024-02-03 21:00:00,18.0,78,1014.6,13.0,18.4,0.0,100
2024-02-03 22:00:00,18.2,78,1014.1,12.3,17.6,0.0,99
2024-02-03 23:00:00,18.0,81,1013.7,11.6,17.3,0.0,99
2024-02-04 00:00:00,17.3,88,1013.7,8.7,15.8,0.0,100
2024-02-04 01:00:00,15.8,97,1015.0,4.7,11.9,0.0,28
2024-02-04 02:00:00,14.5,99,1015.7,5.1,5.8,0.0,25
2024-02-04 03:00:00,15.5,97,1016.2,4.0,7.9,0.0,100
2024-02-04 04:00:00,16.7,93,1017.0,5.1,7.9,0.1,100
2024-02-04 05:00:00,16.4,86,1017.8,12.3,20.2,0.0,100
2024-02-04 06:00:00,16.7,82,1018.0,10.1,19.8,0.0,100
2024-02-04 07:00:00,17.7,79,1017.4,8.6,18.0,0.0,100
2024-02-04 08:00:00,19.2,74,1016.2,9.2,18.0,0.0,40
2024-02-04 09:00:00,20.7,67,1015.2,15.8,27.0,0.0,81
2024-02-04 10:00:00,21.0,65,1014.6,16.7,27.4,0.0,98
2024-02-04 11:00:00,20.6,65,1014.7,15.8,27.4,0.0,39
2024-02-04 12:00:00,20.1,66,1014.8,14.3,24.8,0.0,6
2024-02-04 13:00:00,18.2,78,1015.8,7.7,15.1,0.0,2
2024-02-04 14:00:00,17.1,82,1016.3,7.9,9.4,0.0,8
2024-02-04 15:00:00,16.1,86,1016.8,6.9,9.4,0.0,69
2024-02-04 16:00:00,16.1,82,1017.3,4.4,7.9,0.0,2
2024-02-04 17:00:00,16.6,78,1017.5,2.8,5.0,0.0,3
2024-02-04 18:00:00,14.8,86,1017.5,4.7,5.4,0.0,0
2024-02-04 19:00:00,14.7,87,1017.2,3.9,5.8,0.0,0
2024-02-04 20:00:00,15.0,84,1016.9,2.9,4.7,0.0,0
2024-02-04 21:00:00,14.0,86,1016.7,4.5,4.7,0.0,0
2024-02-04 22:00:00,12.2,92,1016.6,8.7,10.1,0.0,0
2024-02-04 23:00:00,11.8,93,1016.6,9.2,11.5,0.0,0
2024-02-05 00:00:00,11.3,94,1016.9,8.9,11.5,0.0,0
2024-02-05 01:00:00,11.2,96,1017.6,8.2,11.2,0.0,0
2024-02-05 02:00:00,11.1,96,1018.3,9.4,11.5,0.0,0
2024-02-05 03:00:00,12.3,94,1018.8,9.0,13.0,0.0,2
2024-02-05 04:00:00,14.5,85,1019.5,8.7,15.1,0.0,1
2024-02-05 05:00:00,16.7,74,1020.0,10.1,18.7,0.0,1
2024-02-05 06:00:00,18.4,65,1019.5,11.9,22.0,0.0,12
2024-02-05 07:00:00,19.6,58,1018.8,10.1,22.0,0.0,18
2024-02-05 08:00:00,20.5,50,1017.8,8.8,20.5,0.0,52
2024-02-05 09:00:00,21.2,45,1016.9,7.8,18.7,0.0,81
2024-02-05 10:00:00,21.5,41,1016.2,6.9,17.3,0.0,3
2024-02-05 11:00:00,21.5,39,1015.7,6.8,15.5,0.0,61
2024-02-05 12:00:00,20.9,45,1015.8,6.8,13.7,0.0,80
2024-02-05 13:00:00,18.4,64,1016.4,6.8,7.9,0.0,70
2024-02-05 14:00:00,17.5,63,1017.0,6.9,8.3,0.0,94
2024-02-05 15:00:00,16.7,65,1017.5,8.1,9.0,0.0,99
2024-02-05 16:00:00,16.1,66,1018.0,8.9,10.8,0.0,81
2024-02-05 17:00:00,15.4,65,1018.2,11.1,13.3,0.0,98
2024-02-05 18:00:00,15.2,64,1018.1,13.0,16.9,0.0,99
2024-02-05 19:00:00,14.6,66,1017.9,13.5,18.4,0.0,81
2024-02-05 20:00:00,14.2,65,1017.5,14.2,19.4,0.0,95
2024-02-05 21:00:00,13.7,66,1017.0,15.0,20.2,0.0,100
2024-02-05 22:00:00,13.6,65,1016.7,14.4,20.5,0.0,100
2024-02-05 23:00:00,13.4,63,1016.7,14.4,20.2,0.0,100
2024-02-06 00:00:00,12.7,64,1016.7,13.7,19.8,0.0,100
2024-02-06 01:00:00,13.0,66,1017.9,13.8,20.2,0.0,100
2024-02-06 02:00:00,12.6,68,1018.6,14.4,19.4,0.0,54
2024-02-06 03:00:00,13.3,66,1019.0,14.8,20.9,0.0,18
2024-02-06 04:00:00,15.4,61,1019.8,13.2,22.0,0.0,1
2024-02-06 05:00:00,17.8,53,1020.3,15.0,24.5,0.0,20
2024-02-06 06:00:00,20.2,46,1019.9,16.3,26.6,0.0,69
2024-02-06 07:00:00,21.9,40,1019.0,17.6,29.5,0.0,83
2024-02-06 08:00:00,22.5,41,1017.9,13.9,29.2,0.0,87
2024-02-06 09:00:00,23.1,41,1017.0,10.4,24.8,0.0,68
2024-02-06 10:00:00,23.0,40,1016.2,9.8,20.2,0.0,79
2024-02-06 11:00:00,22.9,40,1015.9,9.4,18.0,0.0,99
2024-02-06 12:00:00,22.3,45,1015.8,9.9,16.2,0.0,100
2024-02-06 13:00:00,20.1,55,1017.0,10.9,15.5,0.0,100
2024-02-06 14:00:00,19.3,53,1017.3,15.1,20.2,0.0,99
2024-02-06 15:00:00,18.5,56,1017.5,16.6,22.3,0.0,100
2024-02-06 16:00:00,17.6,61,1018.1,16.6,23.4,0.0,100
2024-02-06 17:00:00,17.3,62,1018.6,13.7,22.7,0.0,100
2024-02-06 18:00:00,16.4,67,1018.5,13.1,18.7,0.0,99
2024-02-06 19:00:00,15.7,67,1018.2,14.3,19.4,0.0,100
2024-02-06 20:00:00,15.3,65,1018.0,15.0,21.2,0.0,100
2024-02-06 21:00:00,15.0,66,1017.7,14.7,20.9,0.0,100
2024-02-06 22:00:00,14.8,65,1017.3,14.3,20.2,0.0,100
2024-02-06 23:00:00,14.3,65,1017.4,13.5,19.8,0.0,94
2024-02-07 00:00:00,13.4,71,1017.7,7.9,18.4,0.0,96
2024-02-07 01:00:00,14.3,71,1019.2,14.3,20.2,0.1,91
2024-02-07 02:00:00,14.1,70,1019.8,11.2,20.5,0.1,100
2024-02-07 03:00:00,14.6,57,1021.0,11.8,22.7,0.1,99
2024-02-07 04:00:00,15.9,50,1021.7,14.7,22.0,0.0,67
2024-02-07 05:00:00,17.8,45,1022.2,16.0,25.9,0.0,100
2024-02-07 06:00:00,19.4,41,1022.1,14.2,25.9,0.0,68
2024-02-07 07:00:00,20.9,39,1021.3,11.4,24.8,0.0,100
2024-02-07 08:00:00,21.9,39,1020.5,9.1,22.3,0.0,100
2024-02-07 09:00:00,22.7,36,1019.7,15.3,25.9,0.0,98
2024-02-07 10:00:00,22.9,33,1019.3,20.2,32.0,0.0,13
2024-02-07 11:00:00,22.8,32,1019.1,20.9,32.8,0.0,2
2024-02-07 12:00:00,22.0,33,1019.4,19.8,32.0,0.0,11
2024-02-07 13:00:00,20.0,39,1020.5,14.7,25.6,0.0,33
2024-02-07 14:00:00,18.6,43,1021.2,15.8,21.2,0.0,2
2024-02-07 15:00:00,17.8,46,1022.1,16.5,22.7,0.0,11
2024-02-07 16:00:00,17.0,49,1022.6,16.2,22.7,0.0,62
2024-02-07 17:00:00,16.2,52,1023.2,15.0,22.0,0.0,100
2024-02-07 18:00:00,15.2,55,1023.1,14.3,20.2,0.0,99
2024-02-07 19:00:00,14.8,57,1023.0,14.1,19.4,0.0,93
2024-02-07 20:00:00,14.2,60,1022.6,13.8,19.1,0.0,95
2024-02-07 21:00:00,13.5,65,1022.2,12.9,18.7,0.0,100
2024-02-07 22:00:00,13.2,67,1021.9,11.7,16.9,0.0,98
2024-02-07 23:00:00,12.1,73,1021.9,10.0,15.5,0.0,100
2024-02-08 00:00:00,11.3,78,1022.3,7.8,12.2,0.0,99
2024-02-08 01:00:00,11.6,73,1023.1,10.0,12.2,0.0,55
2024-02-08 02:00:00,10.8,76,1023.2,11.1,13.7,0.0,97
2024-02-08 03:00:00,12.2,70,1023.9,9.5,14.4,0.0,100
2024-02-08 04:00:00,14.3,63,1024.4,8.1,14.4,0.0,32
2024-02-08 05:00:00,17.1,56,1025.1,8.8,16.9,0.0,94
2024-02-08 06:00:00,18.8,48,1024.7,10.2,20.5,0.0,97
2024-02-08 07:00:00,19.9,42,1023.5,8.4,20.5,0.0,90
2024-02-08 08:00:00,21.2,34,1022.3,7.7,18.7,0.0,0
2024-02-08 09:00:00,22.2,26,1020.9,8.7,18.7,0.0,0
2024-02-08 10:00:00,22.7,22,1019.8,9.2,19.4,0.0,0
2024-02-08 11:00:00,22.7,21,1019.3,9.1,19.1,0.0,0
2024-02-08 12:00:00,22.2,22,1019.1,8.0,16.9,0.0,0
2024-02-08 13:00:00,19.2,41,1018.9,7.1,9.7,0.0,0
2024-02-08 14:00:00,17.6,37,1019.1,8.9,10.4,0.0,0
2024-02-08 15:00:00,16.5,37,1019.3,9.6,11.2,0.0,0
2024-02-08 16:00:00,16.5,35,1019.6,6.7,11.2,0.0,0
2024-02-08 17:00:00,14.6,45,1019.8,9.0,9.4,0.0,0
2024-02-08 18:00:00,13.6,54,1019.4,12.3,15.5,0.0,0
2024-02-08 19:00:00,12.5,68,1018.9,11.5,15.5,0.0,0
2024-02-08 20:00:00,12.2,73,1018.5,12.4,15.5,0.0,0
2024-02-08 21:00:00,11.8,72,1018.1,12.2,15.5,0.0,0
2024-02-08 22:00:00,11.3,73,1017.7,12.1,15.5,0.0,0
2024-02-08 23:00:00,10.5,75,1017.4,10.7,14.8,0.0,0
2024-02-09 00:00:00,10.1,75,1017.3,9.9,12.6,0.0,0
2024-02-09 01:00:00,10.6,75,1018.4,9.0,10.4,0.0,0
2024-02-09 02:00:00,11.3,68,1018.7,8.2,10.4,0.0,0
2024-02-09 03:00:00,13.9,58,1019.4,5.5,9.0,0.0,0
2024-02-09 04:00:00,16.8,45,1020.1,5.8,9.7,0.0,0
2024-02-09 05:00:00,20.1,25,1020.6,7.9,14.4,0.0,0
2024-02-09 06:00:00,21.3,20,1020.5,11.0,20.9,0.0,0
2024-02-09 07:00:00,22.2,19,1019.9,10.5,22.0,0.0,0
2024-02-09 08:00:00,22.9,17,1018.7,8.6,21.2,0.0,0
2024-02-09 09:00:00,23.4,16,1017.6,7.2,19.4,0.0,0
2024-02-09 10:00:00,23.7,15,1017.0,6.3,17.3,0.0,0
2024-02-09 11:00:00,23.6,15,1016.8,4.8,15.5,0.0,0
2024-02-09 12:00:00,23.2,15,1017.1,2.2,12.2,0.0,0
2024-02-09 13:00:00,23.0,17,1017.2,3.9,4.0,0.0,0
2024-02-09 14:00:00,19.9,26,1018.0,7.2,7.9,0.0,0
2024-02-09 15:00:00,18.2,28,1018.6,9.2,10.8,0.0,0
2024-02-09 16:00:00,21.0,14,1018.9,4.3,10.4,0.0,0
2024-02-09 17:00:00,20.2,15,1019.3,3.6,5.0,0.0,0
2024-02-09 18:00:00,18.7,17,1019.4,4.7,5.0,0.0,0
2024-02-09 19:00:00,13.9,34,1019.3,8.9,9.7,0.0,0
2024-02-09 20:00:00,12.6,38,1019.0,10.1,11.9,0.0,0
2024-02-09 21:00:00,11.8,41,1018.8,9.8,11.9,0.0,0
2024-02-09 22:00:00,11.6,39,1018.7,10.7,12.6,0.0,0
2024-02-09 23:00:00,11.4,39,1018.7,11.5,13.3,0.0,0
2024-02-10 00:00:00,11.1,41,1019.0,12.3,14.8,0.0,0
2024-02-10 01:00:00,11.1,49,1019.8,14.3,19.1,0.0,0
2024-02-10 02:00:00,10.9,48,1020.6,14.6,19.1,0.0,0
2024-02-10 03:00:00,12.6,45,1021.4,13.0,19.1,0.0,0
2024-02-10 04:00:00,15.9,38,1022.1,11.0,18.0,0.0,0
2024-02-10 05:00:00,19.5,31,1022.5,10.1,18.4,0.0,0
2024-02-10 06:00:00,22.6,23,1022.2,14.2,24.1,0.0,0
2024-02-10 07:00:00,24.1,16,1021.7,17.5,29.5,0.0,0
2024-02-10 08:00:00,24.7,14,1020.5,17.9,31.0,0.0,0
2024-02-10 09:00:00,25.1,13,1019.5,16.9,30.6,0.0,0
2024-02-10 10:00:00,25.3,12,1019.0,15.7,29.5,0.0,0
2024-02-10 11:00:00,25.2,12,1018.9,15.4,27.4,0.0,0
2024-02-10 12:00:00,24.6,12,1019.1,15.8,25.2,0.0,0
2024-02-10 13:00:00,22.4,15,1019.6,14.2,21.6,0.0,0
2024-02-10 14:00:00,20.8,16,1020.4,14.7,19.4,0.0,0
2024-02-10 15:00:00,19.7,18,1020.9,14.5,19.8,0.0,0
2024-02-10 16:00:00,18.4,21,1021.4,13.2,19.1,0.0,0
2024-02-10 17:00:00,17.0,24,1021.7,12.2,17.3,0.0,0
2024-02-10 18:00:00,16.0,26,1021.4,12.3,15.5,0.0,0
2024-02-10 19:00:00,14.9,29,1021.1,11.1,15.1,0.0,0
2024-02-10 20:00:00,14.2,31,1020.6,11.3,13.7,0.0,0
2024-02-10 21:00:00,12.8,36,1020.3,9.7,13.3,0.0,0
2024-02-10 22:00:00,12.0,39,1020.0,7.8,11.5,0.0,0
2024-02-10 23:00:00,11.8,39,1020.0,7.9,9.0,0.0,0
2024-02-11 00:00:00,11.0,41,1019.8,9.7,10.8,0.0,0
2024-02-11 01:00:00,11.8,41,1020.4,12.3,15.5,0.0,0
2024-02-11 02:00:00,11.4,41,1021.2,13.2,16.9,0.0,0
2024-02-11 03:00:00,13.0,37,1022.0,13.5,18.7,0.0,0
2024-02-11 04:00:00,16.1,32,1022.9,11.8,20.2,0.0,0
2024-02-11 05:00:00,19.5,27,1023.1,12.2,20.9,0.0,0
2024-02-11 06:00:00,22.6,20,1022.9,14.3,25.2,0.0,0
2024-02-11 07:00:00,23.6,16,1022.0,10.4,25.2,0.0,0
2024-02-11 08:00:00,24.1,15,1021.0,9.7,21.2,0.0,16
2024-02-11 09:00:00,24.6,14,1019.8,10.9,22.3,0.0,57
2024-02-11 10:00:00,24.8,14,1018.9,13.6,24.5,0.0,4
2024-02-11 11:00:00,24.6,14,1018.7,16.0,26.3,0.0,10
2024-02-11 12:00:00,24.0,15,1018.8,16.1,26.3,0.0,2
2024-02-11 13:00:00,22.3,16,1019.1,12.1,22.7,0.0,0
2024-02-11 14:00:00,20.4,19,1020.0,11.7,16.2,0.0,0
2024-02-11 15:00:00,18.9,20,1020.5,11.9,15.1,0.0,0
2024-02-11 16:00:00,17.7,21,1021.0,11.7,15.1,0.0,0
2024-02-11 17:00:00,16.9,23,1021.0,12.5,16.6,0.0,95
2024-02-11 18:00:00,16.1,24,1021.1,12.4,15.8,0.0,92
2024-02-11 19:00:00,14.6,27,1021.0,10.2,15.8,0.0,97
2024-02-11 20:00:00,14.1,28,1020.6,10.8,13.0,0.0,2
2024-02-11 21:00:00,13.3,30,1019.7,11.6,13.7,0.0,92
2024-02-11 22:00:00,13.5,31,1018.8,13.0,16.6,0.0,100
2024-02-11 23:00:00,13.4,32,1018.8,11.7,16.6,0.0,100
2024-02-12 00:00:00,13.2,34,1019.1,10.7,15.1,0.0,100
2024-02-12 01:00:00,11.6,47,1019.8,12.8,16.2,0.0,100
2024-02-12 02:00:00,11.4,49,1020.5,11.9,16.6,0.0,100
2024-02-12 03:00:00,12.9,46,1021.2,10.9,15.5,0.0,100
2024-02-12 04:00:00,15.4,40,1021.6,10.7,16.9,0.0,100
2024-02-12 05:00:00,18.1,36,1021.8,8.0,17.3,0.0,100
2024-02-12 06:00:00,19.5,33,1021.3,10.5,18.0,0.0,100
2024-02-12 07:00:00,21.2,25,1019.8,14.0,24.5,0.0,100
2024-02-12 08:00:00,21.6,22,1018.8,14.3,24.8,0.0,37
2024-02-12 09:00:00,22.5,20,1017.9,14.2,26.6,0.0,70
2024-02-12 10:00:00,22.7,19,1017.3,14.2,26.3,0.0,95
2024-02-12 11:00:00,22.6,19,1016.9,15.8,25.6,0.0,27
2024-02-12 12:00:00,22.0,20,1017.2,16.4,25.9,0.0,7
2024-02-12 13:00:00,20.3,23,1018.1,13.7,25.2,0.0,2
2024-02-12 14:00:00,18.9,26,1018.6,14.6,19.4,0.0,4
2024-02-12 15:00:00,17.7,29,1019.4,14.2,19.4,0.0,93
2024-02-12 16:00:00,17.0,32,1019.8,14.6,20.5,0.0,8
2024-02-12 17:00:00,15.7,36,1020.1,12.2,19.4,0.0,10
2024-02-12 18:00:00,14.8,37,1020.0,12.3,15.8,0.0,11
2024-02-12 19:00:00,14.0,37,1019.5,12.6,16.6,0.0,42
2024-02-12 20:00:00,12.9,41,1019.4,10.1,16.2,0.0,31
2024-02-12 21:00:00,12.9,39,1018.8,11.6,14.4,0.0,5
2024-02-12 22:00:00,12.6,42,1018.3,11.8,14.0,0.0,0
2024-02-12 23:00:00,12.2,43,1018.3,11.9,14.8,0.0,79
2024-02-13 00:00:00,11.6,44,1018.5,12.5,15.8,0.0,69
2024-02-13 01:00:00,11.3,54,1019.4,12.7,16.6,0.0,25
2024-02-13 02:00:00,10.8,56,1020.0,12.2,16.6,0.0,79
2024-02-13 03:00:00,12.4,52,1020.5,11.2,15.8,0.0,41
2024-02-13 04:00:00,15.3,45,1020.9,10.2,17.3,0.0,65
2024-02-13 05:00:00,18.0,40,1021.3,11.4,20.2,0.0,99
2024-02-13 06:00:00,20.0,36,1021.1,14.5,25.2,0.0,100
2024-02-13 07:00:00,20.9,31,1020.4,14.8,26.3,0.0,100
2024-02-13 08:00:00,21.8,26,1019.2,16.4,27.7,0.0,100
2024-02-13 09:00:00,22.1,23,1018.4,15.9,28.1,0.0,100
2024-02-13 10:00:00,22.7,20,1017.9,15.8,27.0,0.0,100
2024-02-13 11:00:00,22.9,19,1017.8,16.5,26.6,0.0,94
2024-02-13 12:00:00,22.2,21,1017.8,16.6,26.3,0.0,80
2024-02-13 13:00:00,19.3,34,1018.6,12.4,17.6,0.0,100
2024-02-13 14:00:00,18.2,38,1019.2,11.7,17.6,0.0,100
2024-02-13 15:00:00,17.2,51,1019.7,7.2,15.5,0.0,100
2024-02-13 16:00:00,17.8,43,1020.3,4.7,8.6,0.0,92
2024-02-13 17:00:00,16.9,47,1020.4,5.4,6.5,0.0,85
2024-02-13 18:00:00,18.0,37,1020.2,4.1,6.5,0.0,45
2024-02-13 19:00:00,17.6,37,1020.0,4.4,5.0,0.0,100
2024-02-13 20:00:00,17.3,38,1019.7,3.4,5.0,0.0,100
2024-02-13 21:00:00,13.9,60,1019.5,8.2,9.0,0.0,0
2024-02-13 22:00:00,12.3,60,1019.4,10.7,12.6,0.0,0
2024-02-13 23:00:00,11.3,64,1019.3,9.2,13.0,0.0,0
2024-02-14 00:00:00,11.1,62,1019.6,7.9,10.8,0.0,0
2024-02-14 01:00:00,13.0,55,1019.9,5.4,6.1,0.0,0
2024-02-14 02:00:00,11.8,59,1020.5,6.1,6.8,0.0,0
2024-02-14 03:00:00,12.4,63,1021.2,6.8,7.9,0.0,0
2024-02-14 04:00:00,15.6,49,1022.0,5.6,11.2,0.0,0
2024-02-14 05:00:00,18.2,41,1022.3,7.1,15.1,0.0,0
2024-02-14 06:00:00,20.4,34,1022.1,9.7,19.4,0.0,0
2024-02-14 07:00:00,22.0,28,1021.2,13.1,24.1,0.0,0
2024-02-14 08:00:00,23.1,24,1020.1,16.0,28.4,0.0,0
2024-02-14 09:00:00,23.7,23,1018.9,15.8,28.8,0.0,0
2024-02-14 10:00:00,24.2,21,1018.1,15.7,28.1,0.0,0
2024-02-14 11:00:00,24.1,21,1017.8,16.5,27.0,0.0,0
2024-02-14 12:00:00,23.5,23,1017.9,14.1,26.6,0.0,0
2024-02-14 13:00:00,20.9,31,1018.4,10.2,22.0,0.0,0
2024-02-14 14:00:00,18.9,41,1018.8,9.3,13.0,0.0,0
2024-02-14 15:00:00,17.9,41,1019.1,10.5,11.9,0.0,0
2024-02-14 16:00:00,16.8,43,1019.5,10.8,13.3,0.0,0
2024-02-14 17:00:00,15.7,48,1019.7,9.8,12.6,0.0,0
2024-02-14 18:00:00,14.8,52,1019.6,9.2,11.2,0.0,0
2024-02-14 19:00:00,14.2,53,1019.5,9.1,10.8,0.0,0
2024-02-14 20:00:00,13.2,55,1019.5,9.1,10.4,0.0,0
2024-02-14 21:00:00,12.5,56,1019.3,8.9,10.8,0.0,0
2024-02-14 22:00:00,12.3,54,1019.2,7.6,10.4,0.0,0
2024-02-14 23:00:00,11.4,56,1019.1,7.4,9.0,0.0,0
2024-02-15 00:00:00,10.7,57,1019.0,7.6,9.0,0.0,0
2024-02-15 01:00:00,9.8,62,1019.4,10.5,11.9,0.0,0
2024-02-15 02:00:00,9.8,60,1020.1,12.3,15.1,0.0,0
2024-02-15 03:00:00,12.0,53,1020.8,12.1,16.2,0.0,0
2024-02-15 04:00:00,16.0,43,1021.5,10.5,16.9,0.0,0
2024-02-15 05:00:00,19.5,35,1021.7,8.9,18.0,0.0,0
2024-02-15 06:00:00,21.5,26,1021.6,9.7,20.2,0.0,0
2024-02-15 07:00:00,22.7,22,1020.7,7.6,19.4,0.0,0
2024-02-15 08:00:00,23.7,19,1019.6,7.8,18.4,0.0,0
2024-02-15 09:00:00,24.6,16,1018.5,8.4,19.1,0.0,0
2024-02-15 10:00:00,25.2,15,1017.7,9.4,19.4,0.0,0
2024-02-15 11:00:00,25.4,14,1017.4,10.9,19.8,0.0,0
2024-02-15 12:00:00,25.0,15,1017.4,12.0,19.8,0.0,0
2024-02-15 13:00:00,22.1,18,1017.9,7.1,13.0,0.0,0
2024-02-15 14:00:00,21.3,19,1018.3,6.1,8.3,0.0,0
2024-02-15 15:00:00,19.8,22,1018.9,7.0,7.9,0.0,0
2024-02-15 16:00:00,18.5,25,1019.4,7.1,8.3,0.0,0
2024-02-15 17:00:00,17.4,27,1019.7,7.4,8.3,0.0,0
2024-02-15 18:00:00,15.8,31,1019.4,8.5,9.7,0.0,0
2024-02-15 19:00:00,14.8,32,1019.5,10.5,11.9,0.0,0
2024-02-15 20:00:00,14.0,33,1019.2,10.5,12.2,0.0,0
2024-02-15 21:00:00,13.5,33,1019.0,10.8,13.0,0.0,0
2024-02-15 22:00:00,13.2,33,1018.6,11.4,13.3,0.0,0
2024-02-15 23:00:00,13.1,33,1018.4,13.0,15.8,0.0,0
2024-02-16 00:00:00,12.5,35,1018.5,12.5,15.8,0.0,0
2024-02-16 01:00:00,12.4,45,1019.1,12.9,16.9,0.0,0
2024-02-16 02:00:00,12.4,45,1019.9,13.7,16.9,0.0,0
2024-02-16 03:00:00,14.3,42,1020.6,12.5,17.3,0.0,0
2024-02-16 04:00:00,18.0,36,1021.6,9.7,16.9,0.0,0
2024-02-16 05:00:00,21.7,31,1021.8,8.7,17.3,0.0,0
2024-02-16 06:00:00,24.4,27,1021.3,10.0,19.4,0.0,0
2024-02-16 07:00:00,26.0,20,1020.8,9.4,20.9,0.0,6
2024-02-16 08:00:00,26.8,17,1019.8,8.9,19.8,0.0,34
2024-02-16 09:00:00,27.4,15,1018.8,10.2,20.9,0.0,42
2024-02-16 10:00:00,27.6,14,1017.7,10.7,21.2,0.0,29
2024-02-16 11:00:00,27.7,14,1017.1,11.1,21.2,0.0,9
2024-02-16 12:00:00,27.1,15,1016.9,11.0,19.8,0.0,0
2024-02-16 13:00:00,23.9,25,1017.2,7.3,11.9,0.0,0
2024-02-16 14:00:00,22.3,24,1017.7,9.8,11.2,0.0,0
2024-02-16 15:00:00,20.9,25,1018.0,10.3,12.6,0.0,0
2024-02-16 16:00:00,19.6,26,1018.2,10.5,12.2,0.0,0
2024-02-16 17:00:00,18.6,27,1018.4,10.7,13.0,0.0,0
2024-02-16 18:00:00,17.5,30,1018.1,10.0,12.6,0.0,0
2024-02-16 19:00:00,17.1,29,1017.5,11.9,14.4,0.0,0
2024-02-16 20:00:00,16.3,32,1017.1,11.9,14.4,0.0,0
2024-02-16 21:00:00,15.5,35,1016.5,11.1,14.0,0.0,0
2024-02-16 22:00:00,15.3,36,1016.2,12.2,14.0,0.0,0
2024-02-16 23:00:00,14.9,38,1015.7,13.6,17.3,0.0,0
2024-02-17 00:00:00,14.3,40,1015.4,13.1,17.3,0.0,0
2024-02-17 01:00:00,13.7,45,1015.9,14.2,18.7,0.0,0
2024-02-17 02:00:00,13.6,47,1016.3,15.0,19.4,0.0,0
2024-02-17 03:00:00,15.6,44,1017.0,13.6,19.8,0.0,0
2024-02-17 04:00:00,19.7,37,1017.4,12.8,19.8,0.0,0
2024-02-17 05:00:00,23.5,31,1017.3,11.6,21.6,0.0,0
2024-02-17 06:00:00,26.2,23,1016.6,12.1,23.4,0.0,0
2024-02-17 07:00:00,27.5,18,1015.6,7.8,22.3,0.0,0
2024-02-17 08:00:00,28.3,16,1014.2,7.6,18.4,0.0,1
2024-02-17 09:00:00,29.0,15,1013.2,8.0,18.7,0.0,0
2024-02-17 10:00:00,29.3,14,1012.5,7.9,18.4,0.0,0
2024-02-17 11:00:00,29.4,14,1012.0,7.9,17.6,0.0,0
2024-02-17 12:00:00,28.9,14,1011.7,7.7,16.2,0.0,66
2024-02-17 13:00:00,25.6,31,1012.0,7.6,12.6,0.0,50
2024-02-17 14:00:00,23.7,30,1012.1,10.2,11.9,0.0,9
2024-02-17 15:00:00,21.9,36,1012.7,9.1,12.2,0.0,0
2024-02-17 16:00:00,21.6,34,1012.7,6.6,10.4,0.0,0
2024-02-17 17:00:00,19.9,34,1012.6,11.3,13.3,0.0,0
2024-02-17 18:00:00,19.1,33,1012.3,12.3,14.0,0.0,0
2024-02-17 19:00:00,18.9,30,1011.6,14.8,19.4,0.0,0
2024-02-17 20:00:00,18.2,32,1011.2,14.5,19.4,0.0,0
2024-02-17 21:00:00,17.6,36,1010.6,15.4,19.4,0.0,0
2024-02-17 22:00:00,17.5,35,1010.1,16.7,22.0,0.0,0
2024-02-17 23:00:00,17.2,35,1009.7,17.9,23.8,0.0,0
2024-02-18 00:00:00,17.1,35,1009.5,18.2,24.5,0.0,18
2024-02-18 01:00:00,16.0,41,1010.2,17.5,24.5,0.0,50
2024-02-18 02:00:00,15.6,43,1011.0,18.3,24.5,0.0,96
2024-02-18 03:00:00,17.3,40,1011.7,18.5,25.9,0.0,80
2024-02-18 04:00:00,20.5,33,1011.8,16.7,27.7,0.0,74
2024-02-18 05:00:00,23.6,24,1011.8,23.2,34.9,0.0,27
2024-02-18 06:00:00,26.2,15,1011.1,30.9,46.4,0.0,55
2024-02-18 07:00:00,28.0,12,1010.0,35.1,52.9,0.0,87
2024-02-18 08:00:00,29.2,9,1008.2,39.0,58.7,0.0,59
2024-02-18 09:00:00,30.0,9,1006.8,40.6,60.5,0.0,38
2024-02-18 10:00:00,30.3,10,1005.8,40.8,60.8,0.0,84
2024-02-18 11:00:00,30.1,13,1005.6,40.2,60.5,0.0,95
2024-02-18 12:00:00,29.2,17,1005.5,37.1,58.7,0.0,100
2024-02-18 13:00:00,27.7,22,1006.5,28.0,49.0,0.0,31
2024-02-18 14:00:00,26.4,25,1007.2,26.2,39.6,0.0,94
2024-02-18 15:00:00,25.5,27,1007.3,25.0,37.1,0.0,42
2024-02-18 16:00:00,24.6,31,1007.5,25.9,36.4,0.0,50
2024-02-18 17:00:00,23.9,31,1007.6,30.4,42.8,0.0,45
2024-02-18 18:00:00,22.9,31,1007.4,32.0,45.4,0.0,0
2024-02-18 19:00:00,21.8,34,1006.8,33.0,46.4,0.0,0
2024-02-18 20:00:00,21.0,38,1006.4,35.0,49.7,0.0,0
2024-02-18 21:00:00,20.3,45,1006.1,35.1,51.1,0.0,0
2024-02-18 22:00:00,19.3,58,1005.9,33.0,50.0,0.0,0
2024-02-18 23:00:00,18.8,72,1005.6,34.5,49.0,0.0,0
2024-02-19 00:00:00,18.4,81,1005.4,35.5,51.1,0.0,0
2024-02-19 01:00:00,18.6,87,1005.7,37.1,52.9,0.0,0
2024-02-19 02:00:00,18.5,91,1006.2,37.3,53.6,0.0,0
2024-02-19 03:00:00,19.6,87,1006.9,37.9,54.4,0.0,0
2024-02-19 04:00:00,21.8,77,1007.9,38.7,59.4,0.0,0
2024-02-19 05:00:00,23.9,66,1008.5,40.5,59.8,0.0,0
2024-02-19 06:00:00,26.2,53,1008.3,41.1,61.2,0.0,0
2024-02-19 07:00:00,27.9,44,1007.6,41.4,62.6,0.0,0
2024-02-19 08:00:00,29.0,39,1006.7,37.9,62.3,0.0,5
2024-02-19 09:00:00,29.9,33,1005.9,37.6,58.0,0.0,10
2024-02-19 10:00:00,30.4,27,1005.4,37.6,57.2,0.0,0
2024-02-19 11:00:00,30.2,24,1005.4,37.1,56.9,0.0,0
2024-02-19 12:00:00,29.2,23,1005.9,33.9,55.1,0.0,0
2024-02-19 13:00:00,28.2,32,1006.9,21.6,45.4,0.0,17
2024-02-19 14:00:00,26.2,35,1007.7,15.1,29.9,0.0,27
2024-02-19 15:00:00,24.7,35,1008.5,10.5,20.9,0.0,18
2024-02-19 16:00:00,22.9,43,1009.2,7.8,13.3,0.0,7
2024-02-19 17:00:00,22.6,40,1009.9,11.1,11.5,0.0,16
2024-02-19 18:00:00,21.7,45,1010.3,12.6,18.4,0.0,1
2024-02-19 19:00:00,21.8,49,1010.2,20.9,28.4,0.0,0
2024-02-19 20:00:00,21.3,50,1009.9,22.1,31.0,0.0,0
2024-02-19 21:00:00,20.4,50,1009.8,21.3,31.0,0.0,0
2024-02-19 22:00:00,19.4,52,1009.7,19.5,29.9,0.0,0
2024-02-19 23:00:00,18.5,55,1009.6,16.5,27.4,0.0,0
2024-02-20 00:00:00,17.7,58,1009.9,14.8,22.7,0.0,0
2024-02-20 01:00:00,17.4,68,1010.6,13.0,20.2,0.0,0
2024-02-20 02:00:00,17.0,73,1011.4,13.2,18.0,0.0,0
2024-02-20 03:00:00,18.2,70,1012.2,11.2,18.0,0.0,0
2024-02-20 04:00:00,20.9,60,1012.6,9.4,16.9,0.0,0
2024-02-20 05:00:00,23.2,47,1013.2,6.4,17.3,0.0,12
2024-02-20 06:00:00,24.9,35,1013.0,3.7,15.5,0.0,0
2024-02-20 07:00:00,26.2,29,1012.0,3.6,13.7,0.0,0
2024-02-20 08:00:00,27.2,24,1010.6,6.6,17.3,0.0,0
2024-02-20 09:00:00,28.0,20,1009.6,10.7,22.0,0.0,0
2024-02-20 10:00:00,28.2,19,1008.8,13.8,25.2,0.0,0
2024-02-20 11:00:00,28.1,19,1008.1,14.3,25.6,0.0,0
2024-02-20 12:00:00,27.9,18,1007.9,13.2,24.5,0.0,2
2024-02-20 13:00:00,25.7,19,1008.9,9.6,17.3,0.0,5
2024-02-20 14:00:00,24.0,21,1009.4,13.4,16.9,0.0,0
2024-02-20 15:00:00,23.0,21,1010.2,15.3,20.9,0.0,0
2024-02-20 16:00:00,22.0,23,1010.6,14.7,20.9,0.0,0
2024-02-20 17:00:00,20.9,24,1010.9,14.1,19.4,0.0,0
2024-02-20 18:00:00,19.7,25,1010.9,13.0,19.1,0.0,0
2024-02-20 19:00:00,18.2,28,1010.6,10.5,17.3,0.0,41
2024-02-20 20:00:00,16.9,33,1010.1,8.8,13.3,0.0,13
2024-02-20 21:00:00,16.4,33,1010.1,9.6,10.8,0.0,68
2024-02-20 22:00:00,15.8,34,1010.0,9.4,12.2,0.0,44
2024-02-20 23:00:00,15.6,33,1009.7,10.5,13.3,0.0,57
2024-02-21 00:00:00,15.2,33,1009.7,10.7,12.6,0.0,19
2024-02-21 01:00:00,15.0,33,1010.4,11.2,14.4,0.0,0
2024-02-21 02:00:00,14.2,37,1011.3,13.0,18.7,0.0,0
2024-02-21 03:00:00,16.3,35,1011.6,8.0,16.9,0.0,1
2024-02-21 04:00:00,20.6,28,1012.1,7.1,12.6,0.0,0
2024-02-21 05:00:00,23.5,20,1012.5,7.8,16.6,0.0,0
2024-02-21 06:00:00,25.0,17,1012.2,4.7,16.6,0.0,5
2024-02-21 07:00:00,25.8,17,1011.4,3.7,14.4,0.0,27
2024-02-21 08:00:00,26.5,18,1010.2,7.4,18.0,0.0,21
2024-02-21 09:00:00,26.9,20,1009.2,11.8,23.0,0.0,15
2024-02-21 10:00:00,27.1,19,1008.5,15.4,27.4,0.0,20
2024-02-21 11:00:00,26.8,19,1008.2,15.8,28.1,0.0,1
2024-02-21 12:00:00,26.4,19,1008.3,15.3,26.6,0.0,6
2024-02-21 13:00:00,25.3,14,1009.4,15.9,23.8,0.0,0
2024-02-21 14:00:00,23.5,16,1010.1,14.5,22.3,0.0,0
2024-02-21 15:00:00,22.1,17,1011.0,14.8,19.8,0.0,0
2024-02-21 16:00:00,20.7,18,1011.6,12.0,20.2,0.0,0
2024-02-21 17:00:00,18.8,24,1012.0,9.3,15.5,0.0,0
2024-02-21 18:00:00,17.7,28,1012.0,9.4,11.5,0.0,0
2024-02-21 19:00:00,16.7,33,1011.9,8.7,11.2,0.0,0
2024-02-21 20:00:00,16.3,35,1011.6,7.6,10.1,0.0,0
2024-02-21 21:00:00,15.8,34,1011.4,10.2,11.2,0.0,5
2024-02-21 22:00:00,17.0,27,1011.1,17.7,22.7,0.0,2
2024-02-21 23:00:00,16.6,25,1011.2,17.9,26.3,0.0,2
2024-02-22 00:00:00,15.5,26,1011.6,14.7,24.5,0.0,7
2024-02-22 01:00:00,15.6,38,1012.5,10.3,11.9,0.0,47
2024-02-22 02:00:00,15.4,35,1013.2,10.7,13.0,0.0,23
2024-02-22 03:00:00,16.7,31,1014.2,8.3,14.4,0.0,11
2024-02-22 04:00:00,18.7,28,1015.1,1.8,11.5,0.0,1
2024-02-22 05:00:00,21.2,22,1015.5,7.1,14.8,0.0,0
2024-02-22 06:00:00,23.1,18,1015.1,11.4,22.0,0.0,0
2024-02-22 07:00:00,24.6,13,1014.4,16.0,28.4,0.0,0
2024-02-22 08:00:00,25.2,13,1013.2,20.7,34.6,0.0,0
2024-02-22 09:00:00,25.4,12,1012.4,21.9,36.7,0.0,0
2024-02-22 10:00:00,25.4,12,1012.0,19.7,36.4,0.0,0
2024-02-22 11:00:00,25.2,12,1011.8,18.8,33.1,0.0,0
2024-02-22 12:00:00,24.6,13,1012.2,18.3,30.6,0.0,0
2024-02-22 13:00:00,23.2,16,1013.3,12.8,24.5,0.0,0
2024-02-22 14:00:00,21.4,19,1014.1,11.2,17.6,0.0,0
2024-02-22 15:00:00,20.0,21,1014.8,10.7,14.4,0.0,0
2024-02-22 16:00:00,19.0,22,1015.5,13.2,16.6,0.0,0
2024-02-22 17:00:00,18.2,26,1016.3,14.8,20.2,0.0,0
2024-02-22 18:00:00,17.3,30,1016.4,14.1,19.8,0.0,0
2024-02-22 19:00:00,16.8,32,1015.9,13.7,19.4,0.0,0
2024-02-22 20:00:00,16.0,34,1015.8,13.0,18.4,0.0,0
2024-02-22 21:00:00,14.8,38,1015.6,11.9,16.6,0.0,0
2024-02-22 22:00:00,14.0,41,1015.2,10.9,15.1,0.0,0
2024-02-22 23:00:00,13.8,42,1015.0,12.3,15.1,0.0,0
2024-02-23 00:00:00,13.2,43,1015.2,12.3,16.2,0.0,0
2024-02-23 01:00:00,13.7,46,1016.2,12.5,16.9,0.0,0
2024-02-23 02:00:00,13.1,48,1016.9,11.5,15.8,0.0,0
2024-02-23 03:00:00,15.1,41,1017.5,10.1,14.8,0.0,0
2024-02-23 04:00:00,18.1,33,1017.7,8.8,16.6,0.0,0
2024-02-23 05:00:00,20.6,25,1017.8,8.0,17.6,0.0,0
2024-02-23 06:00:00,22.8,20,1017.6,4.3,16.9,0.0,0
2024-02-23 07:00:00,24.1,16,1016.5,6.4,16.9,0.0,0
2024-02-23 08:00:00,24.7,14,1015.2,6.2,17.6,0.0,0
2024-02-23 09:00:00,25.1,12,1014.0,6.5,17.6,0.0,0
2024-02-23 10:00:00,25.3,12,1013.4,9.4,19.8,0.0,0
2024-02-23 11:00:00,25.2,11,1013.4,13.0,23.4,0.0,0
2024-02-23 12:00:00,24.7,11,1013.3,13.2,23.4,0.0,0
2024-02-23 13:00:00,23.3,15,1013.8,9.0,18.0,0.0,0
2024-02-23 14:00:00,21.4,23,1014.2,8.0,11.9,0.0,0
2024-02-23 15:00:00,20.8,19,1014.7,12.5,15.5,0.0,0
2024-02-23 16:00:00,19.2,19,1015.3,12.3,16.9,0.0,0
2024-02-23 17:00:00,18.1,20,1015.5,12.0,15.8,0.0,0
2024-02-23 18:00:00,16.1,27,1015.3,8.7,15.1,0.0,0
2024-02-23 19:00:00,15.1,27,1015.4,9.1,11.5,0.0,0
2024-02-23 20:00:00,15.3,27,1014.8,6.0,10.8,0.0,0
2024-02-23 21:00:00,16.5,22,1014.4,4.5,6.8,0.0,0
2024-02-23 22:00:00,13.1,33,1014.1,7.9,9.0,0.0,0
2024-02-23 23:00:00,12.5,35,1013.8,8.6,10.1,0.0,16
2024-02-24 00:00:00,12.2,36,1013.7,8.9,11.2,0.0,0
2024-02-24 01:00:00,11.1,39,1015.0,9.2,15.8,0.0,16
2024-02-24 02:00:00,11.7,35,1015.7,11.3,13.0,0.0,2
2024-02-24 03:00:00,14.6,28,1016.4,10.2,14.4,0.0,0
2024-02-24 04:00:00,18.3,24,1016.9,7.4,13.7,0.0,3
2024-02-24 05:00:00,21.5,20,1017.3,6.5,14.8,0.0,0
2024-02-24 06:00:00,23.3,14,1017.2,4.5,15.1,0.0,0
2024-02-24 07:00:00,24.4,11,1016.3,5.4,15.5,0.0,0
2024-02-24 08:00:00,25.2,10,1015.2,12.6,24.1,0.0,0
2024-02-24 09:00:00,25.6,10,1014.3,16.4,29.2,0.0,0
2024-02-24 10:00:00,25.8,9,1013.5,16.9,29.9,0.0,0
2024-02-24 11:00:00,25.7,9,1013.2,18.4,29.9,0.0,0
2024-02-24 12:00:00,25.0,10,1013.2,20.2,31.0,0.0,0
2024-02-24 13:00:00,23.1,11,1014.2,12.7,23.8,0.0,0
2024-02-24 14:00:00,21.1,13,1014.7,11.6,17.6,0.0,7
2024-02-24 15:00:00,19.7,15,1015.4,12.1,15.5,0.0,12
2024-02-24 16:00:00,18.2,17,1016.0,10.5,15.5,0.0,0
2024-02-24 17:00:00,16.9,21,1016.6,9.6,13.0,0.0,0
2024-02-24 18:00:00,16.1,22,1016.7,10.5,13.3,0.0,1
2024-02-24 19:00:00,14.7,28,1016.5,8.7,12.6,0.0,0
2024-02-24 20:00:00,14.2,31,1015.9,7.7,10.1,0.0,0
2024-02-24 21:00:00,13.6,31,1015.4,9.7,11.2,0.0,0
2024-02-24 22:00:00,13.7,29,1015.4,13.4,15.5,0.0,0
2024-02-24 23:00:00,12.5,33,1015.4,11.8,19.1,0.0,14
2024-02-25 00:00:00,11.0,39,1015.3,9.2,14.8,0.0,18
2024-02-25 01:00:00,10.5,49,1016.2,9.0,10.4,0.0,81
2024-02-25 02:00:00,10.7,47,1016.9,10.0,12.2,0.0,40
2024-02-25 03:00:00,13.1,38,1017.6,9.0,13.0,0.0,7
2024-02-25 04:00:00,16.2,31,1018.4,7.9,15.1,0.0,12
2024-02-25 05:00:00,18.9,24,1018.7,9.7,19.1,0.0,77
2024-02-25 06:00:00,21.7,20,1018.2,10.6,21.6,0.0,62
2024-02-25 07:00:00,24.0,15,1017.1,12.7,24.5,0.0,25
2024-02-25 08:00:00,25.1,13,1016.2,15.3,28.4,0.0,22
2024-02-25 09:00:00,25.7,11,1015.2,14.0,28.1,0.0,80
2024-02-25 10:00:00,26.0,10,1014.7,12.6,26.3,0.0,53
2024-02-25 11:00:00,25.9,10,1014.4,12.7,23.8,0.0,99
2024-02-25 12:00:00,25.5,10,1014.4,12.3,22.7,0.0,88
2024-02-25 13:00:00,23.5,15,1015.3,8.5,15.5,0.0,99
2024-02-25 14:00:00,23.2,15,1015.4,10.1,13.3,0.0,100
2024-02-25 15:00:00,22.7,16,1015.9,12.0,15.8,0.0,97
2024-02-25 16:00:00,21.3,20,1016.2,14.3,19.1,0.0,100
2024-02-25 17:00:00,20.9,21,1016.4,14.4,19.8,0.0,13
2024-02-25 18:00:00,19.2,25,1016.7,10.8,19.8,0.0,90
2024-02-25 19:00:00,18.7,28,1016.6,9.1,13.3,0.0,100
2024-02-25 20:00:00,18.6,27,1016.4,10.0,14.4,0.0,99
2024-02-25 21:00:00,17.9,30,1016.0,9.1,13.0,0.0,97
2024-02-25 22:00:00,17.1,32,1015.4,12.3,15.8,0.0,95
2024-02-25 23:00:00,16.9,33,1015.3,10.1,16.9,0.0,100
2024-02-26 00:00:00,16.7,33,1015.0,10.5,14.4,0.0,100
2024-02-26 01:00:00,16.3,41,1015.6,10.9,16.6,0.0,100
2024-02-26 02:00:00,16.2,42,1016.4,10.8,14.8,0.0,100
2024-02-26 03:00:00,17.1,41,1016.8,10.6,15.1,0.0,100
2024-02-26 04:00:00,18.5,39,1017.5,10.5,15.8,0.0,100
2024-02-26 05:00:00,19.8,37,1017.5,14.9,21.6,0.0,100
2024-02-26 06:00:00,21.1,37,1017.0,22.6,34.9,0.0,100
2024-02-26 07:00:00,23.4,34,1016.1,17.3,36.4,0.0,99
2024-02-26 08:00:00,24.8,30,1015.1,13.0,30.2,0.0,73
2024-02-26 09:00:00,25.3,29,1014.4,9.4,25.6,0.0,96
2024-02-26 10:00:00,24.8,29,1014.2,4.5,20.9,0.1,100
2024-02-26 11:00:00,24.5,30,1013.7,4.1,13.3,0.2,100
2024-02-26 12:00:00,24.4,30,1013.9,5.1,11.5,0.0,100
2024-02-26 13:00:00,23.9,31,1014.7,19.5,25.9,0.0,100
2024-02-26 14:00:00,22.0,41,1015.9,18.4,32.0,0.4,100
2024-02-26 15:00:00,21.0,44,1016.8,20.7,33.5,0.0,100
2024-02-26 16:00:00,17.2,62,1017.9,31.0,55.1,0.0,100
2024-02-26 17:00:00,16.7,66,1018.0,29.7,44.3,0.1,99
2024-02-26 18:00:00,16.8,63,1017.8,30.8,44.3,0.0,98
2024-02-26 19:00:00,16.1,68,1017.9,28.1,43.9,0.0,100
2024-02-26 20:00:00,15.8,68,1017.3,23.4,40.0,0.0,82
2024-02-26 21:00:00,15.4,69,1017.1,20.8,33.5,0.0,43
2024-02-26 22:00:00,14.7,74,1016.9,19.0,29.5,0.0,82
2024-02-26 23:00:00,14.3,75,1017.1,18.9,27.0,0.0,99
2024-02-27 00:00:00,14.2,75,1017.4,20.1,28.4,0.0,99
2024-02-27 01:00:00,14.0,80,1018.7,17.3,27.4,0.0,1
2024-02-27 02:00:00,13.8,80,1019.3,16.9,24.8,0.0,1
2024-02-27 03:00:00,15.1,71,1019.7,15.8,25.9,0.0,2
2024-02-27 04:00:00,17.0,61,1020.4,20.8,32.0,0.0,28
2024-02-27 05:00:00,19.0,53,1020.3,21.7,34.9,0.0,5
2024-02-27 06:00:00,21.0,45,1019.8,21.5,35.6,0.0,0
2024-02-27 07:00:00,22.7,38,1019.0,20.4,36.0,0.0,0
2024-02-27 08:00:00,23.9,34,1018.0,19.2,34.6,0.0,0
2024-02-27 09:00:00,24.5,31,1016.6,18.7,33.5,0.0,0
2024-02-27 10:00:00,24.7,31,1016.0,19.7,33.1,0.0,0
2024-02-27 11:00:00,24.4,32,1015.6,21.0,33.5,0.0,0
2024-02-27 12:00:00,23.5,33,1015.9,21.8,33.8,0.0,0
2024-02-27 13:00:00,22.0,39,1016.7,18.6,32.0,0.0,0
2024-02-27 14:00:00,20.6,45,1017.2,16.7,26.6,0.0,0
2024-02-27 15:00:00,19.5,49,1017.7,16.5,23.8,0.0,0
2024-02-27 16:00:00,18.6,52,1018.1,15.0,23.0,0.0,0
2024-02-27 17:00:00,17.8,55,1018.4,13.0,20.9,0.0,0
2024-02-27 18:00:00,17.0,58,1018.2,13.2,18.0,0.0,0
2024-02-27 19:00:00,16.1,64,1018.0,11.9,18.0,0.0,0
2024-02-27 20:00:00,15.4,68,1017.9,14.3,19.1,0.0,0
2024-02-27 21:00:00,14.9,67,1017.5,14.5,20.2,0.0,1
2024-02-27 22:00:00,14.3,66,1017.1,14.3,19.8,0.0,0
2024-02-27 23:00:00,13.8,66,1016.9,13.8,19.8,0.0,0
2024-02-28 00:00:00,13.3,66,1017.0,13.8,19.1,0.0,1
2024-02-28 01:00:00,13.1,66,1018.3,13.4,20.9,0.0,1
2024-02-28 02:00:00,12.8,67,1018.7,13.0,18.4,0.0,0
2024-02-28 03:00:00,14.5,60,1019.1,10.7,17.6,0.0,3
2024-02-28 04:00:00,16.9,52,1019.7,9.2,16.9,0.0,0
2024-02-28 05:00:00,19.6,44,1019.8,9.5,19.1,0.0,0
2024-02-28 06:00:00,22.3,35,1018.9,13.8,24.5,0.0,1
2024-02-28 07:00:00,23.9,30,1017.9,16.6,29.5,0.0,1
2024-02-28 08:00:00,24.9,28,1016.7,14.5,29.5,0.0,1
2024-02-28 09:00:00,25.6,27,1015.5,12.5,27.0,0.0,0
2024-02-28 10:00:00,26.1,25,1014.7,10.9,24.5,0.0,0
2024-02-28 11:00:00,26.2,25,1014.2,10.3,22.0,0.0,0
2024-02-28 12:00:00,25.9,25,1014.3,10.2,19.8,0.0,0
2024-02-28 13:00:00,23.8,33,1014.6,8.4,15.5,0.0,0
2024-02-28 14:00:00,22.1,38,1014.9,11.0,13.7,0.0,0
2024-02-28 15:00:00,21.0,41,1015.3,14.8,19.8,0.0,0
2024-02-28 16:00:00,19.9,44,1015.9,13.9,20.5,0.0,0
2024-02-28 17:00:00,19.0,48,1016.1,12.2,19.1,0.0,0
2024-02-28 18:00:00,18.0,51,1015.7,11.0,16.6,0.0,0
2024-02-28 19:00:00,17.3,54,1015.2,10.7,14.4,0.0,0
2024-02-28 20:00:00,16.8,55,1014.7,12.0,15.1,0.0,0
2024-02-28 21:00:00,16.3,55,1014.1,12.0,15.8,0.0,0
2024-02-28 22:00:00,15.8,56,1013.7,11.6,15.8,0.0,0
2024-02-28 23:00:00,15.4,56,1013.4,11.9,15.1,0.0,0
2024-02-29 00:00:00,15.1,57,1013.1,13.0,16.9,0.0,0
2024-02-29 01:00:00,15.5,58,1013.7,14.0,19.4,0.0,0
2024-02-29 02:00:00,15.4,57,1014.5,14.6,19.4,0.0,0
2024-02-29 03:00:00,17.4,49,1015.0,15.8,22.3,0.0,0
2024-02-29 04:00:00,20.6,40,1015.5,14.3,23.4,0.0,3
2024-02-29 05:00:00,24.1,32,1015.8,16.6,27.0,0.0,0
2024-02-29 06:00:00,26.7,26,1015.2,18.3,31.0,0.0,0
2024-02-29 07:00:00,28.2,22,1014.3,14.7,30.6,0.0,1
2024-02-29 08:00:00,29.1,21,1013.4,9.7,27.0,0.0,11
2024-02-29 09:00:00,29.7,21,1012.2,8.2,20.9,0.0,6
2024-02-29 10:00:00,30.1,20,1011.4,6.9,19.1,0.0,26
2024-02-29 11:00:00,30.0,20,1011.0,3.9,16.9,0.0,12
2024-02-29 12:00:00,29.8,20,1010.7,1.8,11.9,0.0,20
2024-02-29 13:00:00,27.8,31,1011.8,5.3,6.1,0.0,4
2024-02-29 14:00:00,25.7,32,1012.1,8.9,10.8,0.0,53
2024-02-29 15:00:00,24.5,34,1012.5,10.3,13.3,0.0,86
2024-02-29 16:00:00,23.5,35,1012.8,11.7,14.8,0.0,100
2024-02-29 17:00:00,22.9,35,1013.0,13.5,18.0,0.0,100
2024-02-29 18:00:00,22.3,36,1012.7,13.7,18.4,0.0,81
2024-02-29 19:00:00,21.5,38,1011.9,13.5,19.1,0.0,58
2024-02-29 20:00:00,20.5,40,1011.2,12.6,18.0,0.0,82
2024-02-29 21:00:00,19.6,43,1010.7,11.1,16.2,0.0,99
2024-02-29 22:00:00,19.1,47,1010.3,10.2,14.8,0.0,99
2024-02-29 23:00:00,18.3,51,1009.8,9.2,13.3,0.0,82
2024-03-01 00:00:00,17.4,54,1009.9,11.2,14.4,0.0,28
2024-03-01 01:00:00,17.2,65,1012.1,16.5,23.8,0.0,100
2024-03-01 02:00:00,17.0,66,1012.7,14.9,23.0,0.0,100
2024-03-01 03:00:00,17.9,63,1012.5,12.0,20.9,0.0,83
2024-03-01 04:00:00,20.4,48,1011.3,17.7,28.1,0.0,0
2024-03-01 05:00:00,24.6,33,1010.9,14.2,28.4,0.0,16
2024-03-01 06:00:00,28.1,26,1010.5,10.3,24.8,0.0,100
2024-03-01 07:00:00,30.3,24,1009.4,9.4,21.2,0.0,100
2024-03-01 08:00:00,31.9,21,1008.2,19.0,31.0,0.0,100
2024-03-01 09:00:00,31.7,20,1007.4,24.5,39.2,0.0,100
2024-03-01 10:00:00,31.1,20,1007.2,26.3,40.3,0.0,100
2024-03-01 11:00:00,29.5,24,1007.0,25.6,42.5,0.0,100
2024-03-01 12:00:00,27.9,28,1007.1,20.4,38.9,0.0,100
2024-03-01 13:00:00,24.2,42,1009.6,22.3,32.8,0.0,100
2024-03-01 14:00:00,23.1,45,1009.6,10.1,32.8,0.0,100
2024-03-01 15:00:00,21.9,48,1010.1,10.9,21.2,0.0,100
2024-03-01 16:00:00,20.9,52,1010.8,11.6,16.6,0.0,100
2024-03-01 17:00:00,20.9,52,1010.6,18.6,24.8,0.0,100
2024-03-01 18:00:00,21.4,49,1010.5,25.6,36.0,0.0,100
2024-03-01 19:00:00,20.4,55,1010.1,22.5,36.7,0.0,53
2024-03-01 20:00:00,19.6,62,1009.3,16.4,32.0,0.0,37
2024-03-01 21:00:00,18.7,67,1009.1,18.4,24.5,0.0,75
2024-03-01 22:00:00,18.2,77,1008.7,25.5,36.7,0.0,59
2024-03-01 23:00:00,17.6,82,1008.4,25.4,38.2,0.0,66
2024-03-02 00:00:00,17.6,84,1008.2,27.6,39.2,0.0,78
2024-03-02 01:00:00,18.0,83,1008.9,31.2,48.6,0.0,43
2024-03-02 02:00:00,17.6,85,1009.1,25.8,44.3,0.0,45
2024-03-02 03:00:00,17.9,82,1009.8,25.4,36.7,0.0,42
2024-03-02 04:00:00,18.8,74,1010.1,22.5,37.4,0.0,22
2024-03-02 05:00:00,19.5,66,1010.3,22.1,35.6,0.0,20
2024-03-02 06:00:00,20.3,52,1010.1,21.8,36.7,0.0,27
2024-03-02 07:00:00,20.6,41,1009.9,19.6,36.0,0.0,4
2024-03-02 08:00:00,21.3,35,1009.0,22.0,37.1,0.0,0
2024-03-02 09:00:00,21.5,34,1008.2,28.5,45.7,0.0,0
2024-03-02 10:00:00,22.3,32,1007.4,29.7,45.7,0.0,0
2024-03-02 11:00:00,21.8,23,1007.2,32.3,50.4,0.0,0
2024-03-02 12:00:00,20.8,21,1007.3,32.7,49.0,0.0,0
2024-03-02 13:00:00,19.6,27,1008.7,25.1,45.0,0.0,0
2024-03-02 14:00:00,18.0,27,1009.1,19.2,36.0,0.0,0
2024-03-02 15:00:00,16.9,25,1009.6,17.6,27.0,0.0,0
2024-03-02 16:00:00,15.7,26,1010.4,14.2,24.8,0.0,0
2024-03-02 17:00:00,14.4,28,1010.9,13.2,19.4,0.0,0
2024-03-02 18:00:00,12.8,32,1011.5,12.2,18.4,0.0,0
2024-03-02 19:00:00,11.2,42,1011.7,8.1,16.6,0.0,0
2024-03-02 20:00:00,10.0,52,1011.5,6.0,10.1,0.0,0
2024-03-02 21:00:00,9.5,47,1011.6,8.5,9.7,0.0,0
2024-03-02 22:00:00,8.9,50,1011.6,8.4,10.8,0.0,0
2024-03-02 23:00:00,8.4,51,1011.9,8.4,10.1,0.0,0
2024-03-03 00:00:00,7.7,57,1012.4,6.6,10.1,0.0,0
2024-03-03 01:00:00,10.3,43,1013.3,2.1,7.9,0.0,0
2024-03-03 02:00:00,10.2,43,1013.8,2.5,2.9,0.0,0
2024-03-03 03:00:00,11.0,43,1014.2,4.0,7.6,0.0,0
2024-03-03 04:00:00,13.4,33,1014.9,3.4,9.7,0.0,0
2024-03-03 05:00:00,15.3,26,1015.1,9.7,19.4,0.0,0
2024-03-03 06:00:00,16.8,24,1015.0,9.7,21.6,0.0,0
2024-03-03 07:00:00,18.1,22,1014.5,10.5,22.7,0.0,0
2024-03-03 08:00:00,19.2,19,1013.4,13.0,25.9,0.0,0
2024-03-03 09:00:00,19.8,18,1012.3,15.0,28.1,0.0,0
2024-03-03 10:00:00,20.0,16,1011.9,15.3,28.8,0.0,0
2024-03-03 11:00:00,19.9,15,1011.9,15.1,28.4,0.0,0
2024-03-03 12:00:00,19.4,16,1012.1,14.2,26.6,0.0,0
2024-03-03 13:00:00,18.1,17,1013.1,12.7,23.4,0.0,0
2024-03-03 14:00:00,16.5,22,1013.7,10.4,17.6,0.0,0
2024-03-03 15:00:00,15.2,25,1014.3,10.4,13.7,0.0,0
2024-03-03 16:00:00,14.2,27,1015.0,10.7,13.3,0.0,0
2024-03-03 17:00:00,13.1,31,1015.3,10.3,13.3,0.0,0
2024-03-03 18:00:00,12.1,34,1015.2,10.0,12.6,0.0,0
2024-03-03 19:00:00,11.5,36,1015.3,10.1,12.2,0.0,0
2024-03-03 20:00:00,10.6,39,1015.2,10.2,12.2,0.0,0
2024-03-03 21:00:00,9.9,41,1014.9,10.4,12.6,0.0,2
2024-03-03 22:00:00,9.1,47,1014.8,8.9,12.6,0.0,12
2024-03-03 23:00:00,8.9,48,1014.8,9.4,10.8,0.0,6
2024-03-04 00:00:00,8.6,47,1015.3,10.0,12.2,0.0,0
2024-03-04 01:00:00,9.0,51,1016.2,7.3,8.3,0.0,0
2024-03-04 02:00:00,8.5,53,1016.9,8.5,10.1,0.0,0
2024-03-04 03:00:00,11.4,41,1017.8,7.7,11.2,0.0,0
2024-03-04 04:00:00,14.4,32,1018.9,7.0,14.0,0.0,0
2024-03-04 05:00:00,16.6,25,1019.4,7.2,16.9,0.0,0
2024-03-04 06:00:00,18.3,21,1019.3,7.7,18.4,0.0,0
2024-03-04 07:00:00,19.6,17,1018.8,10.2,22.0,0.0,0
2024-03-04 08:00:00,20.5,15,1018.0,11.0,23.4,0.0,0
2024-03-04 09:00:00,21.2,13,1017.1,11.2,23.8,0.0,0
2024-03-04 10:00:00,21.5,12,1016.4,11.9,24.1,0.0,0
2024-03-04 11:00:00,21.5,12,1016.0,13.0,24.1,0.0,0
2024-03-04 12:00:00,21.1,12,1016.2,12.0,23.8,0.0,0
2024-03-04 13:00:00,20.4,15,1017.6,12.0,20.5,0.0,59
2024-03-04 14:00:00,18.5,19,1017.8,11.4,16.6,0.0,98
2024-03-04 15:00:00,17.6,21,1018.4,13.0,17.3,0.0,95
2024-03-04 16:00:00,17.1,21,1019.0,13.8,18.7,0.0,28
2024-03-04 17:00:00,15.7,23,1018.9,13.6,19.1,0.0,9
2024-03-04 18:00:00,14.7,25,1018.7,12.8,18.0,0.0,0
2024-03-04 19:00:00,13.8,27,1018.5,12.1,16.9,0.0,0
2024-03-04 20:00:00,12.9,29,1018.3,11.4,15.1,0.0,16
2024-03-04 21:00:00,12.2,31,1018.3,12.7,16.2,0.0,0
2024-03-04 22:00:00,11.5,31,1018.1,13.5,17.6,0.0,0
2024-03-04 23:00:00,10.9,33,1018.0,13.1,17.6,0.0,0
2024-03-05 00:00:00,10.4,35,1018.4,13.9,18.4,0.0,0
2024-03-05 01:00:00,10.3,42,1019.2,14.7,19.8,0.0,0
2024-03-05 02:00:00,10.2,43,1019.8,15.0,20.2,0.0,11
2024-03-05 03:00:00,12.2,38,1020.1,14.4,22.7,0.0,0
2024-03-05 04:00:00,14.8,33,1021.2,14.4,23.0,0.0,66
2024-03-05 05:00:00,17.5,28,1021.2,17.4,28.4,0.0,2
2024-03-05 06:00:00,19.7,22,1020.6,19.9,33.8,0.0,32
2024-03-05 07:00:00,21.1,19,1019.7,18.4,34.2,0.0,12
2024-03-05 08:00:00,22.0,17,1018.6,17.2,32.4,0.0,65
2024-03-05 09:00:00,22.5,16,1017.2,16.3,31.3,0.0,100
2024-03-05 10:00:00,22.6,16,1016.2,16.5,29.9,0.0,100
2024-03-05 11:00:00,22.4,16,1015.8,16.1,29.2,0.0,99
2024-03-05 12:00:00,22.0,16,1015.6,17.3,27.7,0.0,100
2024-03-05 13:00:00,20.7,18,1016.9,12.6,22.3,0.0,71
2024-03-05 14:00:00,19.2,21,1017.0,16.2,22.3,0.0,99
2024-03-05 15:00:00,18.6,23,1017.3,18.3,26.6,0.0,100
2024-03-05 16:00:00,17.9,25,1018.0,14.6,25.9,0.0,87
2024-03-05 17:00:00,16.8,28,1018.4,12.4,20.5,0.0,97
2024-03-05 18:00:00,15.9,31,1018.0,10.7,16.9,0.0,9
2024-03-05 19:00:00,14.4,36,1017.9,9.7,14.0,0.0,0
2024-03-05 20:00:00,13.8,38,1017.2,9.9,11.9,0.0,32
2024-03-05 21:00:00,13.4,39,1016.6,10.3,13.0,0.0,51
2024-03-05 22:00:00,12.7,42,1016.4,10.4,13.0,0.0,81
2024-03-05 23:00:00,12.1,44,1016.2,10.5,13.7,0.0,38
2024-03-06 00:00:00,10.9,50,1016.1,8.7,13.3,0.0,96
2024-03-06 01:00:00,13.5,47,1016.6,4.7,12.2,0.0,67
2024-03-06 02:00:00,13.6,44,1017.2,2.4,5.8,0.0,42
2024-03-06 03:00:00,14.0,47,1018.4,4.7,10.4,0.1,58
2024-03-06 04:00:00,16.9,37,1019.1,7.7,15.8,0.0,75
2024-03-06 05:00:00,18.4,33,1019.4,5.9,18.4,0.2,88
2024-03-06 06:00:00,19.6,30,1018.6,4.3,14.8,0.0,16
2024-03-06 07:00:00,21.0,26,1017.5,4.8,15.8,0.0,1
2024-03-06 08:00:00,21.9,25,1016.0,4.7,16.6,0.0,1
2024-03-06 09:00:00,22.8,24,1014.6,7.6,18.7,0.0,1
2024-03-06 10:00:00,23.4,24,1013.7,10.9,22.3,0.0,0
2024-03-06 11:00:00,23.4,25,1013.1,11.5,23.4,0.0,0
2024-03-06 12:00:00,23.2,25,1012.9,8.8,22.0,0.0,1
2024-03-06 13:00:00,24.0,23,1013.0,14.0,24.1,0.0,0
2024-03-06 14:00:00,22.5,25,1013.7,13.4,20.2,0.0,0
2024-03-06 15:00:00,21.4,27,1014.1,11.9,18.4,0.0,0
2024-03-06 16:00:00,19.8,33,1014.5,9.0,15.8,0.0,0
2024-03-06 17:00:00,18.6,39,1014.8,7.8,10.8,0.0,8
2024-03-06 18:00:00,18.7,38,1014.5,5.4,9.0,0.0,29
2024-03-06 19:00:00,17.9,40,1014.2,5.8,6.8,0.0,27
2024-03-06 20:00:00,17.2,42,1013.8,6.2,7.2,0.0,30
2024-03-06 21:00:00,17.9,38,1013.1,4.5,7.2,0.0,26
2024-03-06 22:00:00,18.3,35,1012.9,3.1,5.4,0.0,17
2024-03-06 23:00:00,14.7,53,1012.9,7.6,8.3,0.0,0
2024-03-07 00:00:00,13.9,55,1013.2,8.9,10.4,0.0,0
2024-03-07 01:00:00,14.4,54,1013.7,11.6,15.5,0.0,0
2024-03-07 02:00:00,14.2,57,1014.8,10.1,15.5,0.0,0
2024-03-07 03:00:00,16.0,51,1015.7,6.9,13.3,0.0,0
2024-03-07 04:00:00,18.5,43,1016.6,6.1,13.3,0.0,0
2024-03-07 05:00:00,21.0,38,1016.9,6.9,16.2,0.0,0
2024-03-07 06:00:00,22.8,34,1016.3,6.4,17.3,0.0,0
2024-03-07 07:00:00,24.1,32,1015.5,6.5,18.0,0.0,0
2024-03-07 08:00:00,25.1,29,1014.3,8.3,20.2,0.0,0
2024-03-07 09:00:00,25.8,26,1013.4,10.5,22.7,0.0,0
2024-03-07 10:00:00,26.1,23,1012.8,12.1,24.5,0.0,0
2024-03-07 11:00:00,26.0,22,1012.6,12.2,24.5,0.0,0
2024-03-07 12:00:00,25.6,21,1013.0,12.8,23.0,0.0,0
2024-03-07 13:00:00,24.2,22,1014.3,15.0,25.6,0.0,0
2024-03-07 14:00:00,22.5,26,1014.9,10.7,21.2,0.0,0
2024-03-07 15:00:00,21.0,33,1015.6,8.4,14.4,0.0,0
2024-03-07 16:00:00,20.0,38,1016.2,7.2,9.7,0.0,0
2024-03-07 17:00:00,19.6,32,1016.3,13.2,15.8,0.0,0
2024-03-07 18:00:00,18.5,37,1016.3,16.9,23.4,0.0,0
2024-03-07 19:00:00,17.4,44,1016.0,15.1,23.4,0.0,0
2024-03-07 20:00:00,16.8,48,1015.7,14.8,21.6,0.0,0
2024-03-07 21:00:00,15.8,52,1015.6,12.6,20.5,0.0,0
2024-03-07 22:00:00,14.9,56,1015.6,11.3,16.9,0.0,0
2024-03-07 23:00:00,14.2,59,1015.5,10.8,14.4,0.0,0
2024-03-08 00:00:00,13.8,61,1015.7,11.0,14.4,0.0,0
2024-03-08 01:00:00,13.7,61,1016.8,10.9,14.8,0.0,0
2024-03-08 02:00:00,13.6,62,1017.7,11.2,14.4,0.0,0
2024-03-08 03:00:00,15.6,55,1018.4,8.7,14.4,0.0,0
2024-03-08 04:00:00,18.2,47,1019.0,7.4,14.8,0.0,0
2024-03-08 05:00:00,21.1,38,1018.8,8.1,17.6,0.0,0
2024-03-08 06:00:00,23.1,27,1018.1,11.6,23.4,0.0,0
2024-03-08 07:00:00,24.3,23,1017.5,12.7,25.2,0.0,0
2024-03-08 08:00:00,25.5,19,1016.2,15.1,28.4,0.0,0
2024-03-08 09:00:00,26.2,17,1015.3,16.6,30.2,0.0,0
2024-03-08 10:00:00,26.5,16,1014.6,17.3,30.6,0.0,0
2024-03-08 11:00:00,26.4,15,1014.5,17.3,30.2,0.0,0
2024-03-08 12:00:00,25.8,16,1014.7,16.6,29.2,0.0,0
2024-03-08 13:00:00,24.5,19,1015.4,13.4,24.8,0.0,0
2024-03-08 14:00:00,22.7,23,1015.9,11.5,19.1,0.0,0
2024-03-08 15:00:00,21.6,25,1016.4,11.6,15.5,0.0,0
2024-03-08 16:00:00,20.6,28,1017.2,11.0,14.8,0.0,0
2024-03-08 17:00:00,19.6,31,1017.4,10.5,13.7,0.0,0
2024-03-08 18:00:00,18.5,35,1017.2,9.7,12.6,0.0,0
2024-03-08 19:00:00,17.7,36,1017.1,11.4,13.7,0.0,0
2024-03-08 20:00:00,16.3,39,1017.0,11.5,14.8,0.0,0
2024-03-08 21:00:00,15.5,40,1016.6,11.4,14.8,0.0,0
2024-03-08 22:00:00,15.0,41,1016.3,11.5,14.4,0.0,0
2024-03-08 23:00:00,14.4,42,1016.3,11.2,14.4,0.0,0
2024-03-09 00:00:00,13.6,45,1016.6,10.2,14.4,0.0,0
2024-03-09 01:00:00,14.1,45,1016.6,12.6,16.9,0.0,0
2024-03-09 02:00:00,14.0,46,1017.1,12.1,16.2,0.0,0
2024-03-09 03:00:00,16.3,41,1018.0,10.7,16.2,0.0,95
2024-03-09 04:00:00,19.1,36,1018.8,10.7,18.7,0.0,9
2024-03-09 05:00:00,21.9,30,1019.3,10.5,20.2,0.0,15
2024-03-09 06:00:00,24.0,25,1018.9,11.4,23.0,0.0,90
2024-03-09 07:00:00,25.3,22,1018.0,12.9,24.8,0.0,97
2024-03-09 08:00:00,26.1,20,1016.6,13.0,26.6,0.0,99
2024-03-09 09:00:00,26.7,19,1015.3,12.5,25.9,0.0,100
2024-03-09 10:00:00,27.0,18,1014.8,10.4,25.2,0.0,96
2024-03-09 11:00:00,27.1,17,1014.7,10.6,21.6,0.0,100
2024-03-09 12:00:00,26.7,17,1014.5,10.7,20.5,0.0,100
2024-03-09 13:00:00,26.2,18,1015.3,10.7,17.6,0.0,69
2024-03-09 14:00:00,24.0,22,1015.6,11.2,15.5,0.0,75
2024-03-09 15:00:00,22.8,23,1016.1,13.0,17.3,0.0,100
2024-03-09 16:00:00,22.7,23,1016.4,12.4,18.0,0.0,100
2024-03-09 17:00:00,22.1,24,1016.7,11.1,16.9,0.0,100
2024-03-09 18:00:00,21.3,26,1016.3,10.3,14.8,0.0,100
2024-03-09 19:00:00,20.3,29,1015.7,10.0,13.0,0.0,100
2024-03-09 20:00:00,19.9,29,1015.1,10.2,12.2,0.0,86
2024-03-09 21:00:00,18.3,34,1014.9,9.8,13.0,0.0,38
2024-03-09 22:00:00,17.0,38,1014.4,9.3,11.9,0.0,86
2024-03-09 23:00:00,17.4,38,1014.5,6.1,10.8,0.0,9
2024-03-10 00:00:00,15.6,43,1014.7,8.5,9.7,0.0,2
2024-03-10 01:00:00,15.1,43,1015.3,10.3,12.2,0.0,14
2024-03-10 02:00:00,15.5,40,1015.8,12.4,16.2,0.0,61
2024-03-10 03:00:00,18.1,35,1016.3,11.7,17.3,0.0,100
2024-03-10 04:00:00,21.1,31,1016.9,10.2,18.7,0.0,100
2024-03-10 05:00:00,24.6,25,1016.9,12.4,21.6,0.0,100
2024-03-10 06:00:00,26.2,20,1016.7,12.3,24.5,0.0,54
2024-03-10 07:00:00,27.3,17,1016.3,3.3,22.3,0.0,40
2024-03-10 08:00:00,28.1,15,1015.4,4.7,15.1,0.0,100
2024-03-10 09:00:00,28.4,14,1014.4,8.9,19.1,0.0,100
2024-03-10 10:00:00,27.8,15,1013.7,10.9,19.4,0.0,85
2024-03-10 11:00:00,28.5,15,1013.4,11.8,21.6,0.0,100
2024-03-10 12:00:00,28.0,16,1013.4,12.3,22.0,0.0,100
2024-03-10 13:00:00,25.7,22,1014.0,13.4,22.3,0.0,100
2024-03-10 14:00:00,24.0,26,1014.2,11.8,19.1,0.0,48
2024-03-10 15:00:00,22.4,30,1014.8,10.4,16.2,0.0,5
2024-03-10 16:00:00,21.1,34,1015.7,9.4,13.3,0.0,0
2024-03-10 17:00:00,20.0,39,1016.4,8.7,11.5,0.0,0
2024-03-10 18:00:00,19.3,43,1016.5,7.6,10.1,0.0,3
2024-03-10 19:00:00,18.7,44,1016.3,8.7,10.1,0.0,3
2024-03-10 20:00:00,18.3,46,1016.2,7.2,10.1,0.0,13
2024-03-10 21:00:00,17.9,47,1016.0,7.2,8.6,0.0,6
2024-03-10 22:00:00,17.8,46,1015.4,7.7,9.0,0.0,0
2024-03-10 23:00:00,19.5,39,1015.3,5.9,9.0,0.0,0
2024-03-11 00:00:00,21.1,34,1015.4,4.3,6.8,0.0,0
2024-03-11 01:00:00,17.0,48,1015.8,10.5,11.9,0.0,0
2024-03-11 02:00:00,17.6,46,1016.2,11.8,14.4,0.0,0
2024-03-11 03:00:00,20.1,40,1016.8,9.7,14.4,0.0,0
2024-03-11 04:00:00,24.0,31,1017.2,9.8,17.3,0.0,0
2024-03-11 05:00:00,26.7,23,1017.2,12.4,22.3,0.0,0
2024-03-11 06:00:00,28.2,22,1016.9,14.4,26.3,0.0,4
2024-03-11 07:00:00,29.4,20,1016.1,14.5,27.4,0.0,5
2024-03-11 08:00:00,30.3,20,1014.9,15.3,28.4,0.0,1
2024-03-11 09:00:00,30.9,20,1013.7,16.3,29.5,0.0,0
2024-03-11 10:00:00,31.2,21,1012.8,17.7,30.6,0.0,0
2024-03-11 11:00:00,30.8,23,1012.4,19.0,31.3,0.0,0
2024-03-11 12:00:00,30.2,24,1012.6,18.5,31.0,0.0,0
2024-03-11 13:00:00,29.1,22,1013.7,13.1,23.8,0.0,1
2024-03-11 14:00:00,27.3,26,1014.1,11.9,18.4,0.0,2
2024-03-11 15:00:00,25.9,29,1014.8,11.8,16.2,0.0,2
2024-03-11 16:00:00,24.5,32,1015.6,11.0,15.5,0.0,0
2024-03-11 17:00:00,23.4,35,1015.7,10.9,14.4,0.0,1
2024-03-11 18:00:00,22.6,37,1015.9,12.4,15.1,0.0,0
2024-03-11 19:00:00,21.9,41,1016.0,14.8,20.2,0.0,0
2024-03-11 20:00:00,21.0,47,1015.8,13.4,20.2,0.0,0
2024-03-11 21:00:00,20.1,50,1015.4,12.7,18.0,0.0,0
2024-03-11 22:00:00,19.3,52,1015.1,11.8,16.9,0.0,0
2024-03-11 23:00:00,18.4,55,1014.9,10.7,15.5,0.0,0
2024-03-12 00:00:00,17.9,55,1015.2,11.3,14.8,0.0,0
2024-03-12 01:00:00,17.3,57,1016.0,10.2,14.0,0.0,0
2024-03-12 02:00:00,17.3,55,1016.7,9.5,13.0,0.0,0
2024-03-12 03:00:00,19.5,45,1017.4,7.8,13.0,0.0,0
2024-03-12 04:00:00,22.2,38,1017.9,9.4,17.3,0.0,0
2024-03-12 05:00:00,24.9,34,1017.7,9.4,19.8,0.0,0
2024-03-12 06:00:00,27.4,27,1017.4,9.0,20.5,0.0,0
2024-03-12 07:00:00,28.4,25,1016.6,4.1,20.2,0.0,0
2024-03-12 08:00:00,29.2,23,1015.5,4.7,15.8,0.0,0
2024-03-12 09:00:00,29.8,22,1014.2,6.4,17.6,0.0,0
2024-03-12 10:00:00,30.1,20,1013.1,7.9,18.7,0.0,0
2024-03-12 11:00:00,30.1,20,1012.5,9.4,19.8,0.0,0
2024-03-12 12:00:00,29.8,20,1012.3,10.2,19.8,0.0,0
2024-03-12 13:00:00,29.2,21,1012.8,7.1,17.3,0.0,0
2024-03-12 14:00:00,27.1,26,1012.8,7.4,10.1,0.0,0
2024-03-12 15:00:00,26.0,27,1013.2,9.4,11.9,0.0,0
2024-03-12 16:00:00,24.8,28,1013.7,9.5,12.6,0.0,0
2024-03-12 17:00:00,23.2,34,1013.6,7.6,11.9,0.0,0
2024-03-12 18:00:00,24.7,26,1013.2,3.2,8.6,0.0,1
2024-03-12 19:00:00,23.5,29,1012.6,4.1,4.3,0.0,0
2024-03-12 20:00:00,21.1,38,1012.1,6.8,7.9,0.0,12
2024-03-12 21:00:00,20.2,40,1011.5,8.4,9.0,0.0,22
2024-03-12 22:00:00,19.7,44,1011.7,18.6,25.6,0.0,17
2024-03-12 23:00:00,18.2,60,1011.7,14.5,27.4,0.0,0
2024-03-13 00:00:00,17.4,66,1011.5,10.1,20.2,0.0,0
2024-03-13 01:00:00,17.4,75,1013.0,9.7,27.0,0.0,68
2024-03-13 02:00:00,17.7,74,1012.9,8.2,12.6,0.0,29
2024-03-13 03:00:00,19.4,66,1013.6,4.6,12.6,0.0,1
2024-03-13 04:00:00,22.2,52,1014.3,7.0,13.7,0.0,0
2024-03-13 05:00:00,24.1,45,1014.3,18.0,29.5,0.0,0
2024-03-13 06:00:00,25.5,41,1013.8,22.8,37.4,0.0,0
2024-03-13 07:00:00,26.9,35,1013.0,23.0,38.5,0.0,0
2024-03-13 08:00:00,27.9,31,1011.9,22.7,38.5,0.0,0
2024-03-13 09:00:00,28.6,27,1010.8,22.2,38.2,0.0,0
2024-03-13 10:00:00,28.9,25,1010.0,22.0,37.4,0.0,0
2024-03-13 11:00:00,28.9,25,1009.6,22.7,36.4,0.0,0
2024-03-13 12:00:00,28.5,24,1009.6,22.8,36.4,0.0,0
2024-03-13 13:00:00,27.5,27,1010.9,18.3,33.1,0.0,0
2024-03-13 14:00:00,26.1,28,1011.4,13.8,26.3,0.0,0
2024-03-13 15:00:00,24.6,31,1012.2,11.8,19.1,0.0,0
2024-03-13 16:00:00,23.5,33,1013.2,14.5,19.1,0.0,0
2024-03-13 17:00:00,22.2,35,1013.7,14.0,21.6,0.0,0
2024-03-13 18:00:00,21.2,38,1013.7,13.0,19.4,0.0,0
2024-03-13 19:00:00,20.0,42,1013.8,13.7,19.1,0.0,0
2024-03-13 20:00:00,19.0,41,1013.4,12.2,18.7,0.0,0
2024-03-13 21:00:00,18.0,39,1013.0,10.8,15.8,0.0,0
2024-03-13 22:00:00,17.5,39,1013.0,12.1,15.5,0.0,0
2024-03-13 23:00:00,16.6,42,1013.0,10.0,15.1,0.0,0
2024-03-14 00:00:00,15.7,46,1013.4,8.9,11.9,0.0,0
2024-03-14 01:00:00,18.5,41,1014.4,4.2,5.8,0.0,0
2024-03-14 02:00:00,18.4,42,1015.3,3.3,5.0,0.0,0
2024-03-14 03:00:00,19.1,41,1016.2,2.3,4.0,0.0,0
2024-03-14 04:00:00,21.1,35,1017.0,3.9,9.7,0.0,0
2024-03-14 05:00:00,23.0,30,1017.3,5.9,15.1,0.0,0
2024-03-14 06:00:00,25.2,27,1016.8,7.3,18.0,0.0,0
2024-03-14 07:00:00,26.9,23,1016.2,7.0,19.1,0.0,0
2024-03-14 08:00:00,28.0,18,1015.3,6.2,18.7,0.0,0
2024-03-14 09:00:00,28.7,16,1014.3,6.9,18.4,0.0,0
2024-03-14 10:00:00,29.0,15,1013.3,8.1,19.1,0.0,0
2024-03-14 11:00:00,29.1,16,1012.8,9.4,19.8,0.0,0
2024-03-14 12:00:00,28.7,17,1012.9,10.0,19.4,0.0,0
2024-03-14 13:00:00,28.1,16,1013.8,9.3,16.2,0.0,0
2024-03-14 14:00:00,25.9,21,1014.2,10.2,13.0,0.0,0
2024-03-14 15:00:00,24.7,23,1014.7,11.2,14.4,0.0,0
2024-03-14 16:00:00,23.7,26,1015.3,12.3,16.2,0.0,0
2024-03-14 17:00:00,22.6,29,1015.4,11.8,16.2,0.0,0
2024-03-14 18:00:00,21.4,33,1014.9,10.4,15.8,0.0,0
2024-03-14 19:00:00,20.6,37,1014.4,15.2,19.8,0.0,0
2024-03-14 20:00:00,19.7,48,1014.3,16.4,22.7,0.0,0
2024-03-14 21:00:00,18.8,48,1013.8,14.4,22.7,0.0,0
2024-03-14 22:00:00,17.8,47,1013.5,13.3,19.8,0.0,0
2024-03-14 23:00:00,17.7,37,1013.7,15.8,21.2,0.0,0
2024-03-15 00:00:00,17.3,37,1013.9,14.8,22.0,0.0,19
2024-03-15 01:00:00,17.1,47,1015.1,14.3,20.9,0.0,0
2024-03-15 02:00:00,17.0,48,1016.3,12.4,19.4,0.0,0
2024-03-15 03:00:00,19.0,42,1016.8,11.6,18.7,0.0,0
2024-03-15 04:00:00,21.5,36,1017.3,15.6,25.6,0.0,0
2024-03-15 05:00:00,23.9,31,1017.3,16.6,28.4,0.0,0
2024-03-15 06:00:00,26.4,26,1016.8,17.8,31.0,0.0,0
2024-03-15 07:00:00,28.0,22,1015.8,16.8,31.3,0.0,0
2024-03-15 08:00:00,29.0,19,1014.5,13.2,30.6,0.0,0
2024-03-15 09:00:00,29.5,18,1013.6,10.7,26.3,0.0,0
2024-03-15 10:00:00,29.7,17,1012.6,10.2,23.0,0.0,0
2024-03-15 11:00:00,29.7,16,1012.3,9.9,22.0,0.0,0
2024-03-15 12:00:00,29.4,17,1012.4,10.8,20.2,0.0,0
2024-03-15 13:00:00,28.3,20,1013.0,8.5,17.3,0.0,0
2024-03-15 14:00:00,26.2,23,1013.6,9.8,12.2,0.0,0
2024-03-15 15:00:00,24.9,25,1014.4,11.7,15.5,0.0,25
2024-03-15 16:00:00,24.0,27,1015.0,13.8,18.4,0.0,13
2024-03-15 17:00:00,23.4,28,1014.9,15.5,20.9,0.0,99
2024-03-15 18:00:00,22.4,30,1014.6,13.3,20.9,0.0,99
2024-03-15 19:00:00,21.4,33,1014.4,11.5,18.0,0.0,100
2024-03-15 20:00:00,20.6,35,1014.1,11.3,14.8,0.0,89
2024-03-15 21:00:00,19.4,38,1013.8,10.7,14.4,0.0,62
2024-03-15 22:00:00,18.7,40,1013.8,11.0,14.4,0.0,89
2024-03-15 23:00:00,18.4,40,1013.7,10.9,14.0,0.0,44
2024-03-16 00:00:00,17.6,42,1013.8,10.1,13.7,0.0,15
2024-03-16 01:00:00,18.1,45,1015.0,10.9,13.0,0.0,100
2024-03-16 02:00:00,18.7,40,1016.0,15.5,21.2,0.0,68
2024-03-16 03:00:00,21.0,34,1016.8,15.0,22.3,0.0,0
2024-03-16 04:00:00,24.4,27,1017.4,14.2,23.0,0.0,0
2024-03-16 05:00:00,27.3,22,1017.2,18.5,29.9,0.0,0
2024-03-16 06:00:00,29.0,19,1016.7,15.6,31.7,0.0,0
2024-03-16 07:00:00,29.8,18,1015.9,9.0,28.4,0.0,0
2024-03-16 08:00:00,30.4,16,1014.8,7.2,20.9,0.0,0
2024-03-16 09:00:00,30.9,16,1013.8,7.4,19.4,0.0,0
2024-03-16 10:00:00,31.1,15,1012.8,7.9,19.1,0.0,4
2024-03-16 11:00:00,31.1,14,1012.5,9.2,19.4,0.0,7
2024-03-16 12:00:00,30.7,14,1012.7,10.0,19.1,0.0,0
2024-03-16 13:00:00,29.8,15,1013.5,5.2,11.9,0.0,15
2024-03-16 14:00:00,27.2,24,1014.0,6.1,6.8,0.0,0
2024-03-16 15:00:00,26.3,24,1014.6,5.6,7.6,0.0,0
2024-03-16 16:00:00,24.6,26,1015.0,8.0,8.3,0.0,0
2024-03-16 17:00:00,24.1,23,1015.2,12.5,16.6,0.0,0
2024-03-16 18:00:00,23.1,24,1014.9,12.6,16.6,0.0,0
2024-03-16 19:00:00,22.1,25,1014.6,12.3,16.2,0.0,0
2024-03-16 20:00:00,21.3,25,1014.2,14.0,18.4,0.0,0
2024-03-16 21:00:00,20.6,23,1013.9,14.5,19.4,0.0,92
2024-03-16 22:00:00,20.1,23,1013.7,14.8,19.8,0.0,97
2024-03-16 23:00:00,19.6,24,1013.9,15.2,20.2,0.0,100
2024-03-17 00:00:00,19.1,24,1014.2,15.0,20.5,0.0,69
2024-03-17 01:00:00,19.2,25,1015.2,15.3,21.6,0.0,79
2024-03-17 02:00:00,19.1,25,1016.1,15.3,20.9,0.0,100
2024-03-17 03:00:00,21.0,23,1016.6,14.0,22.3,0.0,100
2024-03-17 04:00:00,23.8,20,1017.3,15.3,24.8,0.0,99
2024-03-17 05:00:00,27.4,16,1017.4,16.3,27.4,0.0,100
2024-03-17 06:00:00,29.7,14,1016.7,17.4,30.6,0.0,100
2024-03-17 07:00:00,30.7,12,1016.0,15.8,29.9,0.0,100
2024-03-17 08:00:00,31.2,12,1015.0,15.1,28.8,0.0,16
2024-03-17 09:00:00,31.5,11,1014.1,14.3,28.4,0.0,0
2024-03-17 10:00:00,31.6,11,1013.4,13.6,27.4,0.0,0
2024-03-17 11:00:00,31.5,11,1013.1,14.1,25.6,0.0,0
2024-03-17 12:00:00,31.0,12,1013.2,14.6,25.2,0.0,0
2024-03-17 13:00:00,29.5,14,1013.8,8.4,17.6,0.0,0
2024-03-17 14:00:00,26.8,19,1014.2,8.4,11.2,0.0,0
2024-03-17 15:00:00,25.6,20,1014.7,10.2,12.6,0.0,0
2024-03-17 16:00:00,24.3,21,1015.3,10.5,12.6,0.0,0
2024-03-17 17:00:00,23.5,20,1015.4,12.0,15.1,0.0,0
2024-03-17 18:00:00,22.8,19,1015.0,14.2,18.7,0.0,0
2024-03-17 19:00:00,22.1,20,1014.6,14.7,19.4,0.0,0
2024-03-17 20:00:00,21.3,20,1014.5,14.1,19.8,0.0,0
2024-03-17 21:00:00,20.5,20,1013.9,13.4,18.7,0.0,0
2024-03-17 22:00:00,19.8,21,1013.8,12.6,17.6,0.0,0
2024-03-17 23:00:00,19.4,21,1013.7,12.7,16.2,0.0,0
2024-03-18 00:00:00,19.0,22,1013.6,12.5,16.2,0.0,0
2024-03-18 01:00:00,18.6,28,1014.3,12.0,14.8,0.0,0
2024-03-18 02:00:00,18.9,28,1015.0,12.2,15.5,0.0,0
2024-03-18 03:00:00,21.6,25,1015.6,10.9,16.2,0.0,0
2024-03-18 04:00:00,24.9,23,1016.1,9.8,18.4,0.0,0
2024-03-18 05:00:00,28.2,20,1016.3,12.2,22.0,0.0,0
2024-03-18 06:00:00,30.0,16,1015.7,9.2,23.4,0.0,0
2024-03-18 07:00:00,30.8,14,1014.9,2.1,20.2,0.0,0
2024-03-18 08:00:00,31.6,13,1013.7,3.3,14.0,0.0,0
2024-03-18 09:00:00,32.2,12,1012.5,6.7,18.0,0.0,0
2024-03-18 10:00:00,32.6,12,1011.6,9.9,20.9,0.0,0
2024-03-18 11:00:00,32.5,11,1011.3,12.2,23.0,0.0,1
2024-03-18 12:00:00,32.1,12,1011.2,11.9,23.0,0.0,1
2024-03-18 13:00:00,31.7,12,1011.4,12.1,20.2,0.0,0
2024-03-18 14:00:00,29.3,15,1012.0,9.7,16.6,0.0,0
2024-03-18 15:00:00,28.3,16,1012.4,12.0,15.5,0.0,0
2024-03-18 16:00:00,27.1,17,1012.9,11.5,15.5,0.0,0
2024-03-18 17:00:00,25.7,20,1013.1,10.8,14.0,0.0,0
2024-03-18 18:00:00,24.9,20,1013.0,13.7,17.6,0.0,0
2024-03-18 19:00:00,24.1,20,1012.6,13.8,18.4,0.0,0
2024-03-18 20:00:00,23.0,22,1012.2,13.0,18.0,0.0,0
2024-03-18 21:00:00,22.2,24,1011.8,11.3,17.3,0.0,0
2024-03-18 22:00:00,21.3,30,1011.3,8.6,14.0,0.0,0
2024-03-18 23:00:00,21.5,29,1011.6,11.8,13.3,0.0,0
2024-03-19 00:00:00,21.0,30,1011.9,12.3,15.5,0.0,0
2024-03-19 01:00:00,24.1,25,1012.4,3.1,5.0,0.0,0
2024-03-19 02:00:00,23.8,26,1013.1,2.9,4.0,0.0,0
2024-03-19 03:00:00,24.6,27,1013.7,6.1,7.6,0.0,0
2024-03-19 04:00:00,28.1,22,1014.3,4.7,10.8,0.0,0
2024-03-19 05:00:00,30.3,19,1014.4,4.6,12.6,0.0,0
2024-03-19 06:00:00,32.0,17,1013.9,8.6,19.1,0.0,0
2024-03-19 07:00:00,33.3,15,1013.1,12.9,24.8,0.0,0
2024-03-19 08:00:00,34.3,14,1011.9,17.1,30.2,0.0,0
2024-03-19 09:00:00,34.9,12,1010.9,19.2,33.5,0.0,0
2024-03-19 10:00:00,35.1,11,1010.1,20.4,34.2,0.0,0
2024-03-19 11:00:00,34.8,11,1009.8,20.9,34.6,0.0,0
2024-03-19 12:00:00,34.3,11,1010.2,20.6,33.8,0.0,0
2024-03-19 13:00:00,32.7,13,1010.7,17.6,31.3,0.0,59
2024-03-19 14:00:00,30.5,16,1011.4,16.9,24.8,0.0,89
2024-03-19 15:00:00,29.3,19,1012.4,17.4,24.5,0.0,20
2024-03-19 16:00:00,28.0,22,1013.0,14.4,24.1,0.0,5
2024-03-19 17:00:00,26.6,25,1013.3,12.3,19.4,0.0,7
2024-03-19 18:00:00,25.3,27,1013.4,13.4,19.1,0.0,6
2024-03-19 19:00:00,24.3,29,1013.0,10.7,18.0,0.0,0
2024-03-19 20:00:00,24.0,28,1013.1,12.8,15.8,0.0,0
2024-03-19 21:00:00,22.7,28,1012.9,13.3,17.3,0.0,17
2024-03-19 22:00:00,22.1,26,1012.7,15.3,20.2,0.0,35
2024-03-19 23:00:00,21.7,26,1012.8,16.9,23.0,0.0,86
2024-03-20 00:00:00,21.2,26,1013.1,15.3,23.0,0.0,95
2024-03-20 01:00:00,20.2,32,1014.0,12.7,20.5,0.0,0
2024-03-20 02:00:00,20.4,32,1014.7,12.8,17.3,0.0,0
2024-03-20 03:00:00,22.8,28,1015.7,11.3,17.3,0.0,1
2024-03-20 04:00:00,25.8,23,1016.2,13.5,22.7,0.0,2
2024-03-20 05:00:00,29.3,19,1016.0,14.0,24.8,0.0,5
2024-03-20 06:00:00,31.6,16,1015.2,16.8,29.9,0.0,3
2024-03-20 07:00:00,32.6,14,1014.3,12.1,29.9,0.0,2
2024-03-20 08:00:00,33.2,13,1013.3,9.4,24.5,0.0,62
2024-03-20 09:00:00,33.7,12,1012.2,9.3,21.6,0.0,65
2024-03-20 10:00:00,34.0,11,1011.4,9.8,21.2,0.0,95
2024-03-20 11:00:00,34.0,10,1011.0,10.9,21.2,0.0,100
2024-03-20 12:00:00,33.4,10,1011.2,12.1,21.2,0.0,100
2024-03-20 13:00:00,32.2,12,1011.3,8.1,14.0,0.0,23
2024-03-20 14:00:00,29.8,14,1011.7,10.1,13.0,0.0,99
2024-03-20 15:00:00,28.5,20,1012.3,6.6,13.0,0.0,99
2024-03-20 16:00:00,28.6,19,1012.7,7.7,8.6,0.0,64
2024-03-20 17:00:00,27.2,20,1012.9,8.8,10.1,0.0,100
2024-03-20 18:00:00,26.2,19,1012.5,12.3,14.8,0.0,97
2024-03-20 19:00:00,25.4,19,1012.3,12.0,15.8,0.0,98
2024-03-20 20:00:00,25.4,17,1011.5,12.7,16.6,0.0,95
2024-03-20 21:00:00,24.4,17,1011.3,14.3,19.1,0.0,99
2024-03-20 22:00:00,23.7,18,1010.9,13.3,19.1,0.0,99
2024-03-20 23:00:00,23.1,19,1010.9,13.1,17.3,0.0,100
2024-03-21 00:00:00,23.3,19,1010.9,14.3,19.1,0.0,100
2024-03-21 01:00:00,23.6,18,1011.4,15.2,24.8,0.0,63
2024-03-21 02:00:00,23.6,19,1012.0,13.4,20.2,0.0,80
2024-03-21 03:00:00,25.7,18,1012.2,17.0,23.0,0.0,97
2024-03-21 04:00:00,27.2,17,1012.3,14.7,26.3,0.0,0
2024-03-21 05:00:00,31.8,12,1012.1,19.3,30.6,0.0,5
2024-03-21 06:00:00,34.0,9,1011.1,19.7,33.8,0.0,2
2024-03-21 07:00:00,35.1,9,1010.1,18.2,33.1,0.0,8
2024-03-21 08:00:00,35.8,9,1009.0,18.7,32.8,0.0,0
2024-03-21 09:00:00,36.4,9,1007.8,19.8,33.5,0.0,5
2024-03-21 10:00:00,36.4,10,1006.9,20.4,34.6,0.0,2
2024-03-21 11:00:00,36.2,10,1006.3,20.0,34.2,0.0,9
2024-03-21 12:00:00,35.7,11,1006.5,20.0,32.4,0.0,41
2024-03-21 13:00:00,34.8,10,1007.1,15.8,26.3,0.0,10
2024-03-21 14:00:00,32.7,11,1007.6,17.3,24.1,0.0,8
2024-03-21 15:00:00,31.1,13,1008.3,15.3,24.1,0.0,2
2024-03-21 16:00:00,29.4,15,1009.1,13.5,20.2,0.0,0
2024-03-21 17:00:00,29.0,15,1009.1,20.1,26.6,0.0,0
2024-03-21 18:00:00,28.4,13,1008.7,23.7,33.1,0.0,3
2024-03-21 19:00:00,27.4,13,1008.5,22.5,32.8,0.0,28
2024-03-21 20:00:00,26.3,15,1008.3,20.6,31.3,0.0,64
2024-03-21 21:00:00,25.3,18,1008.1,19.5,28.8,0.0,51
2024-03-21 22:00:00,24.1,20,1008.0,15.5,26.6,0.0,0
2024-03-21 23:00:00,22.9,23,1007.5,14.5,20.9,0.0,0
2024-03-22 00:00:00,22.1,25,1007.5,13.2,19.4,0.0,0
2024-03-22 01:00:00,20.7,33,1008.1,11.8,20.5,0.0,0
2024-03-22 02:00:00,20.9,34,1008.9,11.3,15.1,0.0,0
2024-03-22 03:00:00,23.5,31,1009.5,10.8,17.6,0.0,0
2024-03-22 04:00:00,26.6,28,1009.9,8.6,17.3,0.0,0
2024-03-22 05:00:00,29.2,24,1009.8,5.4,16.9,0.0,0
2024-03-22 06:00:00,31.5,20,1009.3,2.2,14.8,0.0,0
2024-03-22 07:00:00,33.4,16,1008.8,3.2,14.0,0.0,0
2024-03-22 08:00:00,34.7,14,1007.5,4.6,15.8,0.0,0
2024-03-22 09:00:00,35.4,13,1006.5,4.1,16.2,0.0,0
2024-03-22 10:00:00,35.8,13,1005.8,3.1,15.1,0.0,0
2024-03-22 11:00:00,35.8,13,1005.5,0.8,13.3,0.0,0
2024-03-22 12:00:00,35.7,12,1005.3,2.7,9.0,0.0,1
2024-03-22 13:00:00,33.8,13,1005.7,3.1,9.0,0.0,5
2024-03-22 14:00:00,32.3,18,1006.3,2.9,5.4,0.0,1
2024-03-22 15:00:00,30.0,23,1006.8,6.6,7.2,0.0,0
2024-03-22 16:00:00,28.7,25,1007.6,7.1,8.3,0.0,0
2024-03-22 17:00:00,27.6,28,1007.8,7.3,8.3,0.0,0
2024-03-22 18:00:00,26.8,29,1007.8,8.7,10.4,0.0,0
2024-03-22 19:00:00,26.3,31,1007.5,6.8,10.1,0.0,0
2024-03-22 20:00:00,25.5,32,1007.1,10.1,11.5,0.0,0
2024-03-22 21:00:00,24.6,34,1006.9,9.4,11.5,0.0,0
2024-03-22 22:00:00,24.2,34,1006.8,11.6,17.3,0.0,0
2024-03-22 23:00:00,22.8,37,1006.8,8.8,14.8,0.0,0
2024-03-23 00:00:00,23.6,33,1006.9,5.4,10.4,0.0,0
2024-03-23 01:00:00,23.6,36,1007.9,7.2,8.3,0.0,0
2024-03-23 02:00:00,23.1,41,1008.4,7.9,9.4,0.0,0
2024-03-23 03:00:00,26.0,34,1009.3,3.9,9.0,0.0,3
2024-03-23 04:00:00,29.1,29,1009.6,0.7,7.6,0.0,7
2024-03-23 05:00:00,31.9,25,1010.0,3.2,11.2,0.0,89
2024-03-23 06:00:00,33.7,20,1009.6,3.6,14.0,0.0,86
2024-03-23 07:00:00,34.8,18,1008.8,3.3,14.0,0.0,80
2024-03-23 08:00:00,35.6,18,1007.5,5.0,15.8,0.0,98
2024-03-23 09:00:00,36.5,16,1006.2,7.9,19.1,0.0,100
2024-03-23 10:00:00,37.2,14,1005.2,14.1,24.8,0.0,85
2024-03-23 11:00:00,37.1,14,1004.7,20.7,33.1,0.0,36
2024-03-23 12:00:00,36.4,15,1005.0,21.7,33.8,0.0,43
2024-03-23 13:00:00,35.4,17,1005.6,22.5,31.7,0.0,91
2024-03-23 14:00:00,34.3,17,1006.0,18.5,32.8,0.0,89
2024-03-23 15:00:00,33.3,19,1006.7,16.3,25.9,0.0,73
2024-03-23 16:00:00,32.1,21,1007.7,12.9,22.7,0.0,92
2024-03-23 17:00:00,29.7,27,1008.0,6.4,17.3,0.0,100
2024-03-23 18:00:00,29.4,24,1008.2,13.2,17.3,0.0,99
2024-03-23 19:00:00,28.9,24,1007.7,12.3,17.6,0.0,23
2024-03-23 20:00:00,27.2,27,1007.2,12.1,15.8,0.0,83
2024-03-23 21:00:00,26.9,28,1006.9,16.3,22.0,0.0,98
2024-03-23 22:00:00,26.5,32,1006.5,16.8,23.0,0.0,83
2024-03-23 23:00:00,25.9,34,1006.5,15.5,23.0,0.0,73
2024-03-24 00:00:00,25.2,35,1007.1,17.3,23.4,0.0,96
2024-03-24 01:00:00,24.3,44,1008.1,15.9,21.6,0.0,100
2024-03-24 02:00:00,24.6,41,1009.3,15.8,22.3,0.0,100
2024-03-24 03:00:00,26.7,35,1009.8,10.4,22.3,0.0,49
2024-03-24 04:00:00,29.7,29,1010.5,8.7,17.3,0.0,13
2024-03-24 05:00:00,32.1,26,1010.6,4.8,17.3,0.0,8
2024-03-24 06:00:00,34.0,22,1010.4,10.5,21.2,0.0,0
2024-03-24 07:00:00,34.9,20,1009.6,14.0,27.4,0.0,0
2024-03-24 08:00:00,35.6,18,1008.6,12.0,27.4,0.0,0
2024-03-24 09:00:00,36.1,17,1007.6,10.0,24.8,0.0,16
2024-03-24 10:00:00,36.2,17,1007.3,8.7,22.3,0.0,22
2024-03-24 11:00:00,36.2,17,1007.2,8.9,19.8,0.0,41
2024-03-24 12:00:00,35.9,17,1007.4,8.3,18.7,0.0,66
2024-03-24 13:00:00,34.6,18,1008.5,6.5,12.6,0.0,97
2024-03-24 14:00:00,32.3,23,1008.7,8.0,9.4,0.0,100
2024-03-24 15:00:00,31.4,24,1009.9,11.1,15.1,0.0,100
2024-03-24 16:00:00,30.5,25,1010.8,11.7,15.5,0.0,100
2024-03-24 17:00:00,29.9,26,1011.0,14.6,19.8,0.0,99
2024-03-24 18:00:00,29.1,28,1011.3,14.7,20.9,0.0,97
2024-03-24 19:00:00,28.3,29,1011.4,14.2,20.2,0.0,95
2024-03-24 20:00:00,27.1,31,1011.4,13.3,19.8,0.0,9
2024-03-24 21:00:00,26.3,33,1011.3,12.5,18.0,0.0,0
2024-03-24 22:00:00,25.6,36,1010.8,13.0,16.9,0.0,0
2024-03-24 23:00:00,25.1,38,1010.9,13.2,18.0,0.0,37
2024-03-25 00:00:00,24.6,39,1011.2,14.0,19.1,0.0,94
2024-03-25 01:00:00,23.3,45,1011.8,8.5,11.9,0.0,97
2024-03-25 02:00:00,23.7,45,1012.7,8.4,11.5,0.0,100
2024-03-25 03:00:00,26.0,39,1013.5,6.1,11.5,0.0,22
2024-03-25 04:00:00,29.4,31,1014.1,5.8,13.3,0.0,8
2024-03-25 05:00:00,31.9,27,1013.9,5.0,14.4,0.0,94
2024-03-25 06:00:00,33.9,24,1013.5,6.4,16.9,0.0,100
2024-03-25 07:00:00,35.3,21,1012.5,6.4,18.0,0.0,100
2024-03-25 08:00:00,36.1,19,1011.5,4.3,18.0,0.0,100
2024-03-25 09:00:00,36.3,18,1010.5,2.3,15.5,0.0,100
2024-03-25 10:00:00,36.4,17,1009.7,0.8,11.9,0.0,100
2024-03-25 11:00:00,36.2,17,1009.3,2.4,9.7,0.0,100
2024-03-25 12:00:00,36.3,16,1009.2,7.4,13.7,0.0,87
2024-03-25 13:00:00,35.4,19,1010.2,5.6,9.7,0.0,100
2024-03-25 14:00:00,33.2,27,1010.6,4.1,8.3,0.0,100
2024-03-25 15:00:00,31.2,29,1011.3,6.0,6.8,0.0,3
2024-03-25 16:00:00,31.6,25,1012.0,3.8,7.2,0.0,42
2024-03-25 17:00:00,29.4,31,1012.1,7.2,7.6,0.0,13
2024-03-25 18:00:00,28.7,32,1011.7,9.5,11.2,0.0,98
2024-03-25 19:00:00,27.9,34,1010.9,8.8,11.9,0.0,100
2024-03-25 20:00:00,28.6,32,1010.2,6.2,10.1,0.0,99
2024-03-25 21:00:00,28.1,33,1009.4,5.8,7.6,0.0,96
2024-03-25 22:00:00,26.2,37,1009.1,9.5,9.4,0.0,100
2024-03-25 23:00:00,25.8,37,1009.4,14.3,20.2,0.0,82
2024-03-26 00:00:00,25.1,38,1009.6,11.9,19.4,0.0,93
2024-03-26 01:00:00,25.0,42,1010.0,10.2,12.2,0.0,99
2024-03-26 02:00:00,26.3,37,1010.5,11.1,14.8,0.0,94
2024-03-26 03:00:00,28.9,32,1011.3,7.2,14.8,0.0,94
2024-03-26 04:00:00,32.1,26,1012.0,6.9,14.0,0.0,13
2024-03-26 05:00:00,34.1,23,1012.4,9.0,18.7,0.0,1
2024-03-26 06:00:00,35.6,21,1011.7,9.2,20.2,0.0,8
2024-03-26 07:00:00,37.1,17,1010.9,12.0,24.1,0.0,0
2024-03-26 08:00:00,38.0,16,1010.0,15.7,28.8,0.0,0
2024-03-26 09:00:00,38.5,15,1009.0,16.8,30.6,0.0,14
2024-03-26 10:00:00,38.7,15,1008.2,17.0,30.6,0.0,11
2024-03-26 11:00:00,38.4,15,1007.8,17.0,29.9,0.0,37
2024-03-26 12:00:00,37.9,15,1008.0,13.8,28.4,0.0,18
2024-03-26 13:00:00,37.3,17,1008.3,15.0,29.5,0.0,28
2024-03-26 14:00:00,35.4,19,1008.9,14.0,21.2,0.0,20
2024-03-26 15:00:00,34.3,21,1009.6,16.4,22.7,0.0,38
2024-03-26 16:00:00,33.3,23,1010.3,14.8,23.0,0.0,98
2024-03-26 17:00:00,31.7,26,1010.8,11.7,20.2,0.0,61
2024-03-26 18:00:00,30.8,27,1010.4,12.1,16.2,0.0,97
2024-03-26 19:00:00,30.6,29,1010.0,11.3,15.8,0.0,57
2024-03-26 20:00:00,29.9,30,1009.9,15.2,20.2,0.0,64
2024-03-26 21:00:00,30.0,30,1009.8,19.4,26.6,0.0,37
2024-03-26 22:00:00,29.0,30,1009.8,17.7,27.0,0.0,97
2024-03-26 23:00:00,28.0,30,1009.8,15.2,24.5,0.0,51
2024-03-27 00:00:00,27.0,29,1010.6,14.0,20.5,0.0,61
2024-03-27 01:00:00,26.1,32,1011.5,15.1,20.9,0.0,19
2024-03-27 02:00:00,26.4,31,1012.2,15.1,21.6,0.0,36
2024-03-27 03:00:00,28.2,29,1012.7,12.6,21.2,0.0,20
2024-03-27 04:00:00,30.8,27,1013.0,17.2,27.7,0.0,12
2024-03-27 05:00:00,33.5,23,1012.8,18.2,30.6,0.0,73
2024-03-27 06:00:00,36.3,16,1012.3,19.9,33.1,0.0,74
2024-03-27 07:00:00,38.0,14,1011.7,24.9,40.0,0.0,82
2024-03-27 08:00:00,38.8,14,1010.9,28.8,45.7,0.0,5
2024-03-27 09:00:00,39.2,14,1009.6,29.5,46.4,0.0,15
2024-03-27 10:00:00,39.4,13,1008.7,28.3,46.4,0.0,48
2024-03-27 11:00:00,39.1,13,1008.1,27.7,44.6,0.0,100
2024-03-27 12:00:00,38.4,13,1008.2,26.3,42.5,0.0,100
2024-03-27 13:00:00,36.8,14,1009.4,20.9,38.2,0.0,98
2024-03-27 14:00:00,35.0,15,1009.8,15.4,29.9,0.0,100
2024-03-27 15:00:00,33.3,17,1010.4,13.3,20.9,0.0,100
2024-03-27 16:00:00,32.2,17,1011.2,15.8,20.5,0.0,100
2024-03-27 17:00:00,31.7,16,1011.8,17.9,24.5,0.0,100
2024-03-27 18:00:00,30.6,18,1011.9,16.3,25.6,0.0,100
2024-03-27 19:00:00,29.1,22,1012.0,14.8,22.3,0.0,100
2024-03-27 20:00:00,27.7,29,1011.8,9.9,21.6,0.0,100
2024-03-27 21:00:00,26.8,54,1011.1,13.6,19.1,0.0,100
2024-03-27 22:00:00,25.6,60,1010.5,12.4,18.7,0.0,100
2024-03-27 23:00:00,25.0,62,1010.2,12.9,18.7,0.0,100
2024-03-28 00:00:00,24.3,63,1010.3,11.0,18.4,0.0,100
2024-03-28 01:00:00,23.3,57,1011.8,14.5,22.0,0.0,99
2024-03-28 02:00:00,23.2,58,1012.2,14.3,20.5,0.0,100
2024-03-28 03:00:00,24.5,55,1012.7,16.4,25.2,0.0,100
2024-03-28 04:00:00,26.2,50,1012.7,17.1,28.8,0.0,99
2024-03-28 05:00:00,28.5,43,1012.7,15.5,28.8,0.0,100
2024-03-28 06:00:00,30.9,37,1012.1,13.6,28.1,0.0,100
2024-03-28 07:00:00,32.8,31,1011.4,11.7,26.3,0.0,99
2024-03-28 08:00:00,34.0,28,1010.6,8.4,24.5,0.0,100
2024-03-28 09:00:00,34.7,26,1009.6,4.5,20.5,0.0,60
2024-03-28 10:00:00,35.1,24,1008.8,4.7,15.8,0.0,15
2024-03-28 11:00:00,35.3,23,1008.3,7.2,16.9,0.0,69
2024-03-28 12:00:00,35.1,23,1007.9,9.7,18.0,0.0,72
2024-03-28 13:00:00,34.3,24,1008.5,11.9,18.0,0.0,62
2024-03-28 14:00:00,32.8,27,1008.9,16.2,22.3,0.0,4
2024-03-28 15:00:00,31.3,31,1009.2,20.9,30.2,0.0,92
2024-03-28 16:00:00,30.5,34,1009.9,19.5,30.2,0.0,85
2024-03-28 17:00:00,29.1,41,1010.2,19.5,28.1,0.0,100
2024-03-28 18:00:00,27.5,46,1010.1,19.7,29.2,0.0,100
2024-03-28 19:00:00,26.4,50,1010.0,17.0,28.1,0.0,99
2024-03-28 20:00:00,25.8,51,1009.8,16.5,24.5,0.0,82
2024-03-28 21:00:00,25.1,53,1009.3,16.5,23.8,0.0,6
2024-03-28 22:00:00,24.5,53,1009.0,15.7,23.4,0.0,21
2024-03-28 23:00:00,23.8,55,1008.8,16.1,23.0,0.0,0
2024-03-29 00:00:00,23.1,58,1009.0,15.5,23.0,0.0,0
2024-03-29 01:00:00,22.8,58,1009.7,11.0,16.6,0.0,90
2024-03-29 02:00:00,23.2,57,1010.1,10.5,15.1,0.0,100
2024-03-29 03:00:00,24.9,51,1010.7,12.0,19.4,0.0,65
2024-03-29 04:00:00,26.9,46,1011.3,12.5,23.0,0.0,59
2024-03-29 05:00:00,29.2,41,1011.3,9.9,23.0,0.0,98
2024-03-29 06:00:00,31.0,37,1011.0,5.1,21.2,0.0,100
2024-03-29 07:00:00,32.5,33,1010.2,2.8,16.2,0.0,96
2024-03-29 08:00:00,33.9,27,1009.2,6.1,18.7,0.0,88
2024-03-29 09:00:00,34.9,24,1008.0,10.8,23.4,0.0,65
2024-03-29 10:00:00,35.7,21,1007.0,17.4,30.2,0.0,45
2024-03-29 11:00:00,35.5,19,1006.5,23.5,37.4,0.0,23
2024-03-29 12:00:00,34.8,21,1006.3,24.7,37.4,0.0,43
2024-03-29 13:00:00,34.2,19,1006.8,24.3,34.9,0.0,8
2024-03-29 14:00:00,33.1,21,1007.1,17.4,34.9,0.0,18
2024-03-29 15:00:00,32.0,22,1007.7,17.1,24.5,0.0,3
2024-03-29 16:00:00,30.9,23,1008.4,17.3,25.2,0.0,0
2024-03-29 17:00:00,29.6,25,1009.0,13.7,24.1,0.0,6
2024-03-29 18:00:00,28.8,26,1009.6,17.1,23.0,0.0,0
2024-03-29 19:00:00,27.7,25,1009.8,19.6,27.4,0.0,27
2024-03-29 20:00:00,26.5,27,1009.8,17.3,27.4,0.0,0
2024-03-29 21:00:00,25.2,26,1009.5,16.2,24.5,0.0,0
2024-03-29 22:00:00,24.0,25,1009.5,15.1,22.3,0.0,0
2024-03-29 23:00:00,22.8,27,1009.5,16.5,22.7,0.0,0
2024-03-30 00:00:00,21.9,30,1009.8,17.6,24.5,0.0,0
2024-03-30 01:00:00,21.6,40,1010.4,18.9,29.5,0.0,0
2024-03-30 02:00:00,21.7,43,1011.0,18.4,26.3,0.0,0
2024-03-30 03:00:00,23.5,41,1011.6,19.4,28.1,0.0,0
2024-03-30 04:00:00,25.7,38,1012.0,22.4,35.3,0.0,0
2024-03-30 05:00:00,27.9,33,1012.2,22.7,37.1,0.0,0
2024-03-30 06:00:00,30.0,29,1011.9,22.4,37.4,0.0,0
2024-03-30 07:00:00,31.6,24,1011.2,23.8,39.2,0.0,0
2024-03-30 08:00:00,32.8,21,1010.5,24.9,41.4,0.0,0
2024-03-30 09:00:00,33.6,19,1009.3,24.0,41.4,0.0,0
2024-03-30 10:00:00,34.0,19,1008.4,24.0,39.6,0.0,3
2024-03-30 11:00:00,33.9,18,1007.9,24.6,39.2,0.0,3
2024-03-30 12:00:00,33.4,19,1008.0,24.4,38.5,0.0,4
2024-03-30 13:00:00,33.1,18,1008.5,20.4,31.3,0.0,0
2024-03-30 14:00:00,31.7,18,1009.2,17.1,28.8,0.0,0
2024-03-30 15:00:00,30.5,19,1009.9,17.0,23.8,0.0,0
2024-03-30 16:00:00,29.4,20,1011.0,17.3,24.5,0.0,1
2024-03-30 17:00:00,28.0,21,1012.0,13.0,23.8,0.0,1
2024-03-30 18:00:00,27.1,22,1012.1,14.1,18.0,0.0,0
2024-03-30 19:00:00,25.9,31,1012.0,14.0,19.4,0.0,0
2024-03-30 20:00:00,24.4,41,1011.8,10.6,19.1,0.0,0
2024-03-30 21:00:00,24.0,45,1011.4,14.2,19.8,0.0,0
2024-03-30 22:00:00,22.8,48,1012.2,12.4,19.4,0.0,0
2024-03-30 23:00:00,21.8,45,1012.4,7.8,19.1,0.0,0
2024-03-31 00:00:00,21.2,48,1013.0,7.9,12.2,0.0,0
2024-03-31 01:00:00,21.0,56,1013.3,4.8,8.6,0.0,0
2024-03-31 02:00:00,22.4,50,1014.0,2.2,5.4,0.0,0
2024-03-31 03:00:00,24.2,42,1014.5,4.2,9.0,0.0,0
2024-03-31 04:00:00,26.4,43,1015.2,10.6,19.1,0.0,0
2024-03-31 05:00:00,28.6,36,1015.3,15.1,27.4,0.0,0
2024-03-31 06:00:00,30.4,28,1014.7,12.9,27.7,0.0,0
2024-03-31 07:00:00,31.8,23,1014.0,10.5,25.6,0.0,0
2024-03-31 08:00:00,32.8,20,1013.1,6.6,23.4,0.0,0
2024-03-31 09:00:00,33.4,18,1012.2,4.4,18.7,0.0,0
2024-03-31 10:00:00,33.9,18,1011.2,8.2,19.4,0.0,0
2024-03-31 11:00:00,33.9,17,1010.7,12.7,23.8,0.0,15
2024-03-31 12:00:00,33.4,17,1010.4,14.4,25.2,0.0,2
2024-03-31 13:00:00,32.0,18,1011.3,14.2,24.1,0.0,82
2024-03-31 14:00:00,30.5,20,1011.6,14.3,20.9,0.0,100
2024-03-31 15:00:00,29.5,22,1011.9,16.5,23.4,0.0,100
2024-03-31 16:00:00,28.5,23,1012.3,18.8,25.9,0.0,78
2024-03-31 17:00:00,27.3,27,1012.8,19.1,28.1,0.0,98
2024-03-31 18:00:00,26.2,30,1012.4,17.2,27.0,0.0,97
2024-03-31 19:00:00,25.3,30,1012.1,14.8,24.1,0.0,99
2024-03-31 20:00:00,24.4,31,1011.8,13.0,20.2,0.0,78
2024-03-31 21:00:00,23.3,33,1011.4,11.9,18.0,0.0,47
2024-03-31 22:00:00,22.4,36,1011.2,10.7,16.2,0.0,24
2024-03-31 23:00:00,21.4,39,1011.2,9.9,14.4,0.0,6
2024-04-01 00:00:00,20.6,42,1011.4,8.8,12.6,0.0,14
2024-04-01 01:00:00,20.9,48,1012.0,10.8,14.4,0.0,24
2024-04-01 02:00:00,21.4,47,1012.4,10.7,14.8,0.0,98
2024-04-01 03:00:00,23.6,41,1012.6,9.1,15.8,0.0,86
2024-04-01 04:00:00,26.2,36,1012.7,11.0,20.2,0.0,21
2024-04-01 05:00:00,28.5,29,1012.5,9.6,22.7,0.0,97
2024-04-01 06:00:00,29.7,23,1011.8,3.7,20.5,0.0,65
2024-04-01 07:00:00,30.9,19,1011.2,3.7,14.8,0.0,20
2024-04-01 08:00:00,32.2,15,1010.2,9.8,21.6,0.0,40
2024-04-01 09:00:00,32.9,14,1009.2,13.4,26.3,0.0,100
2024-04-01 10:00:00,33.1,13,1008.5,12.9,27.0,0.0,100
2024-04-01 11:00:00,33.3,13,1007.6,11.8,24.8,0.0,98
2024-04-01 12:00:00,33.3,11,1007.2,13.9,23.0,0.0,100
2024-04-01 13:00:00,32.3,13,1008.0,14.2,20.5,0.0,100
2024-04-01 14:00:00,31.3,14,1008.4,14.0,21.2,0.0,100
2024-04-01 15:00:00,30.3,15,1008.7,11.2,19.8,0.0,52
2024-04-01 16:00:00,28.4,17,1009.2,10.4,15.5,0.0,56
2024-04-01 17:00:00,27.0,20,1009.3,8.5,13.3,0.0,90
2024-04-01 18:00:00,26.3,20,1009.0,9.8,11.9,0.0,24
2024-04-01 19:00:00,24.6,25,1008.7,7.8,11.9,0.0,26
2024-04-01 20:00:00,24.9,24,1008.2,5.5,9.0,0.0,84
2024-04-01 21:00:00,24.1,25,1007.9,6.5,7.2,0.0,100
2024-04-01 22:00:00,24.0,25,1007.3,5.8,7.9,0.0,98
2024-04-01 23:00:00,24.6,23,1006.9,4.7,6.8,0.0,78
2024-04-02 00:00:00,25.2,20,1006.9,4.4,5.4,0.0,7
2024-04-02 01:00:00,25.3,23,1007.7,3.5,4.7,0.0,17
2024-04-02 02:00:00,23.1,35,1008.1,6.5,6.8,0.0,3
2024-04-02 03:00:00,26.4,22,1008.5,6.7,11.5,0.0,31
2024-04-02 04:00:00,29.4,18,1009.0,8.3,15.8,0.0,12
2024-04-02 05:00:00,31.6,16,1009.1,9.2,19.4,0.0,77
2024-04-02 06:00:00,33.0,14,1008.5,7.9,19.8,0.0,100
2024-04-02 07:00:00,34.1,12,1007.7,6.7,19.1,0.0,100
2024-04-02 08:00:00,34.9,11,1006.9,6.5,18.0,0.0,100
2024-04-02 09:00:00,35.2,10,1005.7,6.9,18.0,0.0,100
2024-04-02 10:00:00,36.1,9,1004.5,8.0,18.4,0.0,100
2024-04-02 11:00:00,36.2,10,1003.8,13.8,23.8,0.0,100
2024-04-02 12:00:00,35.7,11,1003.7,18.4,28.8,0.0,89
2024-04-02 13:00:00,34.5,11,1004.7,17.7,26.6,0.0,75
2024-04-02 14:00:00,33.0,13,1005.1,11.6,24.5,0.0,58
2024-04-02 15:00:00,30.8,18,1005.7,6.6,15.8,0.0,80
2024-04-02 16:00:00,30.6,17,1006.4,4.0,7.9,0.0,1
2024-04-02 17:00:00,28.9,20,1006.6,5.8,6.5,0.0,1
2024-04-02 18:00:00,27.3,22,1006.5,6.6,7.9,0.0,6
2024-04-02 19:00:00,28.2,17,1006.6,3.9,7.6,0.0,6
2024-04-02 20:00:00,25.5,21,1006.3,10.5,8.6,0.0,0
2024-04-02 21:00:00,24.9,30,1006.1,14.3,21.2,0.0,23
2024-04-02 22:00:00,24.0,46,1006.1,18.6,25.2,0.0,100
2024-04-02 23:00:00,23.8,51,1006.3,19.6,28.1,0.0,100
2024-04-03 00:00:00,23.1,54,1006.4,19.4,27.4,0.0,99
2024-04-03 01:00:00,22.8,59,1007.2,17.8,26.3,0.0,100
2024-04-03 02:00:00,23.1,60,1007.8,17.6,25.2,0.0,100
2024-04-03 03:00:00,24.6,58,1008.6,17.1,26.6,0.0,100
2024-04-03 04:00:00,26.8,52,1008.9,16.1,27.7,0.0,100
2024-04-03 05:00:00,29.3,43,1009.0,14.5,27.4,0.0,100
2024-04-03 06:00:00,31.6,35,1008.7,12.9,26.3,0.0,100
2024-04-03 07:00:00,33.1,27,1008.0,10.5,25.2,0.0,100
2024-04-03 08:00:00,34.4,20,1007.0,8.3,22.7,0.0,98
2024-04-03 09:00:00,34.7,18,1005.9,6.9,20.2,0.0,100
2024-04-03 10:00:00,35.0,17,1005.4,6.9,18.0,0.0,100
2024-04-03 11:00:00,35.2,16,1004.9,6.2,17.3,0.0,95
2024-04-03 12:00:00,34.9,16,1005.0,7.9,15.8,0.0,85
2024-04-03 13:00:00,34.4,15,1006.3,9.9,18.4,0.0,97
2024-04-03 14:00:00,32.4,19,1006.5,7.4,14.4,0.0,90
2024-04-03 15:00:00,31.9,18,1007.1,16.1,21.2,0.0,91
2024-04-03 16:00:00,30.8,19,1007.7,14.7,22.7,0.0,92
2024-04-03 17:00:00,29.5,22,1008.2,15.6,20.9,0.0,95
2024-04-03 18:00:00,29.2,25,1008.0,16.5,22.7,0.0,97
2024-04-03 19:00:00,28.6,25,1007.8,13.9,23.0,0.0,91
2024-04-03 20:00:00,27.3,27,1007.7,11.5,18.7,0.0,99
2024-04-03 21:00:00,26.2,30,1007.4,8.7,15.1,0.0,100
2024-04-03 22:00:00,25.6,32,1007.2,6.9,10.4,0.0,97
2024-04-03 23:00:00,25.2,30,1007.4,12.7,16.2,0.0,75
2024-04-04 00:00:00,23.9,33,1007.6,12.6,18.7,0.0,3
2024-04-04 01:00:00,23.0,42,1008.2,8.7,16.9,0.0,8
2024-04-04 02:00:00,24.8,37,1008.7,9.8,12.6,0.0,89
2024-04-04 03:00:00,27.5,35,1009.4,7.8,13.3,0.0,100
2024-04-04 04:00:00,30.7,26,1010.1,8.1,16.9,0.0,100
2024-04-04 05:00:00,33.1,17,1010.0,4.7,16.2,0.0,98
2024-04-04 06:00:00,34.3,17,1009.8,2.5,14.0,0.0,100
2024-04-04 07:00:00,35.5,15,1009.3,5.1,16.2,0.0,100
2024-04-04 08:00:00,36.2,14,1008.4,7.7,18.7,0.0,100
2024-04-04 09:00:00,36.5,14,1007.5,12.0,23.0,0.0,100
2024-04-04 10:00:00,36.3,15,1006.9,13.1,24.5,0.0,100
2024-04-04 11:00:00,35.8,16,1006.4,14.1,25.2,0.0,100
2024-04-04 12:00:00,35.3,17,1006.5,11.1,24.8,0.0,83
2024-04-04 13:00:00,34.8,15,1007.1,13.8,23.4,0.0,90
2024-04-04 14:00:00,33.4,17,1007.7,10.7,19.8,0.0,100
2024-04-04 15:00:00,32.0,24,1008.6,23.0,31.7,0.0,99
2024-04-04 16:00:00,31.9,25,1009.0,23.4,33.1,0.0,100
2024-04-04 17:00:00,31.1,26,1009.4,17.0,32.8,0.0,100
2024-04-04 18:00:00,30.5,27,1009.2,13.8,23.4,0.0,99
2024-04-04 19:00:00,28.7,29,1009.3,12.6,19.1,0.0,100
2024-04-04 20:00:00,28.0,28,1008.6,13.0,19.4,0.0,73
2024-04-04 21:00:00,26.8,32,1008.6,12.4,18.0,0.0,69
2024-04-04 22:00:00,25.9,35,1008.1,11.3,17.3,0.0,38
2024-04-04 23:00:00,25.2,37,1007.9,12.4,16.2,0.0,78
2024-04-05 00:00:00,24.9,37,1008.4,14.0,19.1,0.0,88
2024-04-05 01:00:00,24.4,41,1009.4,8.7,15.8,0.0,95
2024-04-05 02:00:00,25.2,39,1009.7,11.2,14.8,0.0,26
2024-04-05 03:00:00,27.0,36,1010.0,10.2,19.1,0.0,45
2024-04-05 04:00:00,29.3,30,1010.2,13.4,23.0,0.0,70
2024-04-05 05:00:00,32.3,21,1010.0,11.2,23.8,0.0,98
2024-04-05 06:00:00,32.8,21,1009.7,9.7,22.7,0.0,28
2024-04-05 07:00:00,34.2,19,1008.9,8.7,22.3,0.0,40
2024-04-05 08:00:00,34.7,18,1008.0,9.1,20.9,0.0,40
2024-04-05 09:00:00,34.6,17,1007.4,8.7,21.2,0.0,42
2024-04-05 10:00:00,34.5,17,1006.9,6.9,20.2,0.0,34
2024-04-05 11:00:00,34.3,17,1006.4,9.0,18.7,0.0,49
2024-04-05 12:00:00,34.0,17,1006.4,10.8,20.5,0.0,39
2024-04-05 13:00:00,33.3,19,1007.4,9.1,18.7,0.0,100
2024-04-05 14:00:00,32.7,19,1007.9,7.5,15.1,0.0,24
2024-04-05 15:00:00,31.5,20,1008.3,10.5,13.7,0.0,60
2024-04-05 16:00:00,30.1,21,1008.9,8.3,15.1,0.0,85
2024-04-05 17:00:00,28.3,28,1009.4,5.9,10.8,0.0,15
2024-04-05 18:00:00,27.4,28,1009.0,8.0,9.0,0.0,0
2024-04-05 19:00:00,27.4,29,1008.7,4.6,9.7,0.0,0
2024-04-05 20:00:00,26.8,31,1008.4,5.5,5.8,0.0,0
2024-04-05 21:00:00,27.4,28,1008.0,4.0,6.5,0.0,0
2024-04-05 22:00:00,26.8,28,1007.6,4.8,5.4,0.0,0
2024-04-05 23:00:00,27.5,26,1007.5,4.0,5.8,0.0,0
2024-04-06 00:00:00,26.6,27,1007.9,3.8,4.7,0.0,0
2024-04-06 01:00:00,22.6,45,1009.2,9.2,9.7,0.0,1
2024-04-06 02:00:00,23.9,40,1010.2,10.0,14.0,0.0,0
2024-04-06 03:00:00,26.7,34,1010.5,5.0,12.6,0.0,0
2024-04-06 04:00:00,29.7,28,1011.1,4.4,12.2,0.0,0
2024-04-06 05:00:00,31.5,24,1010.9,1.1,12.2,0.0,0
2024-04-06 06:00:00,32.9,19,1010.4,1.1,13.0,0.0,1
2024-04-06 07:00:00,34.0,16,1009.7,3.6,15.1,0.0,2
2024-04-06 08:00:00,34.9,14,1008.6,6.9,18.7,0.0,1
2024-04-06 09:00:00,35.3,13,1007.5,8.8,20.9,0.0,30
2024-04-06 10:00:00,35.5,12,1006.6,9.2,20.9,0.0,6
2024-04-06 11:00:00,35.5,12,1005.9,10.4,21.2,0.0,1
2024-04-06 12:00:00,35.1,12,1005.8,11.3,21.2,0.0,1
2024-04-06 13:00:00,34.6,13,1006.4,5.8,12.2,0.0,25
2024-04-06 14:00:00,32.1,17,1006.8,6.5,9.4,0.0,12
2024-04-06 15:00:00,30.5,20,1007.5,6.3,8.3,0.0,15
2024-04-06 16:00:00,30.3,21,1008.1,4.3,7.6,0.0,19
2024-04-06 17:00:00,30.2,20,1008.6,4.1,5.0,0.0,1
2024-04-06 18:00:00,29.1,21,1008.2,5.5,6.5,0.0,0
2024-04-06 19:00:00,29.7,18,1007.9,2.6,6.1,0.0,0
2024-04-06 20:00:00,26.1,25,1007.6,11.2,12.6,0.0,0
2024-04-06 21:00:00,25.3,25,1007.2,10.4,15.5,0.0,0
2024-04-06 22:00:00,28.1,20,1006.9,3.7,12.6,0.0,0
2024-04-06 23:00:00,26.1,24,1007.0,5.4,5.8,0.0,0
2024-04-07 00:00:00,24.4,27,1007.2,7.6,8.6,0.0,0
2024-04-07 01:00:00,22.4,31,1008.3,10.0,11.5,0.0,0
2024-04-07 02:00:00,25.1,26,1009.0,12.3,17.6,0.0,0
2024-04-07 03:00:00,27.7,24,1010.1,4.3,16.2,0.0,0
2024-04-07 04:00:00,30.3,19,1010.6,6.2,14.8,0.0,0
2024-04-07 05:00:00,32.9,15,1010.1,5.2,14.8,0.0,0
2024-04-07 06:00:00,34.4,13,1009.6,4.3,15.1,0.0,0
2024-04-07 07:00:00,35.5,11,1008.7,1.8,15.1,0.0,4
2024-04-07 08:00:00,36.0,11,1007.7,0.7,13.0,0.0,3
2024-04-07 09:00:00,36.6,10,1006.7,4.3,15.1,0.0,3
2024-04-07 10:00:00,37.1,10,1005.7,9.4,20.5,0.0,4
2024-04-07 11:00:00,37.0,10,1005.3,15.8,27.4,0.0,6
2024-04-07 12:00:00,36.3,10,1005.4,20.0,31.7,0.0,13
2024-04-07 13:00:00,35.8,9,1006.0,11.2,22.7,0.0,42
2024-04-07 14:00:00,33.7,11,1006.4,9.7,16.6,0.0,6
2024-04-07 15:00:00,32.0,12,1006.8,10.8,13.3,0.0,4
2024-04-07 16:00:00,30.8,13,1007.4,12.0,15.5,0.0,2
2024-04-07 17:00:00,30.1,14,1008.0,15.5,19.8,0.0,0
2024-04-07 18:00:00,28.9,15,1007.8,16.6,23.4,0.0,0
2024-04-07 19:00:00,28.0,15,1007.5,13.6,22.7,0.0,0
2024-04-07 20:00:00,26.7,16,1007.3,14.2,19.1,0.0,0
2024-04-07 21:00:00,26.1,15,1007.1,12.3,19.1,0.0,0
2024-04-07 22:00:00,25.2,15,1007.0,13.3,17.3,0.0,0
2024-04-07 23:00:00,24.9,16,1007.1,13.3,17.6,0.0,0
2024-04-08 00:00:00,25.0,18,1007.1,13.8,18.0,0.0,0
2024-04-08 01:00:00,24.0,22,1007.9,13.7,16.6,0.0,0
2024-04-08 02:00:00,25.6,21,1008.8,13.8,19.4,0.0,0
2024-04-08 03:00:00,29.0,17,1009.6,11.8,18.4,0.0,0
2024-04-08 04:00:00,32.4,14,1010.1,11.3,19.8,0.0,0
2024-04-08 05:00:00,35.0,11,1010.3,10.2,20.5,0.0,93
2024-04-08 06:00:00,36.5,10,1010.4,9.0,20.5,0.0,8
2024-04-08 07:00:00,37.3,9,1009.7,8.3,20.5,0.0,1
2024-04-08 08:00:00,37.8,8,1008.7,7.7,19.8,0.0,0
2024-04-08 09:00:00,38.2,8,1007.6,9.1,20.5,0.0,0
2024-04-08 10:00:00,38.5,8,1006.7,14.9,27.0,0.0,9
2024-04-08 11:00:00,38.5,7,1006.2,21.5,34.6,0.0,90
2024-04-08 12:00:00,37.8,7,1006.0,22.2,35.6,0.0,100
2024-04-08 13:00:00,36.8,8,1006.5,20.9,34.2,0.0,34
2024-04-08 14:00:00,34.8,9,1007.0,14.7,29.2,0.0,33
2024-04-08 15:00:00,33.7,9,1007.5,15.0,20.5,0.0,98
2024-04-08 16:00:00,32.6,9,1008.2,12.4,20.5,0.0,82
2024-04-08 17:00:00,30.4,12,1008.7,10.0,16.6,0.0,44
2024-04-08 18:00:00,29.4,13,1008.6,11.8,14.4,0.0,48
2024-04-08 19:00:00,28.3,14,1008.1,10.6,14.4,0.0,39
2024-04-08 20:00:00,30.3,12,1007.4,5.2,12.2,0.0,98
2024-04-08 21:00:00,28.0,15,1007.1,9.7,10.8,0.0,100
2024-04-08 22:00:00,27.3,16,1007.0,9.7,11.2,0.0,100
2024-04-08 23:00:00,27.6,15,1007.3,15.4,22.0,0.0,100
2024-04-09 00:00:00,26.5,16,1007.6,16.7,22.7,0.0,31
2024-04-09 01:00:00,24.9,24,1008.6,14.6,19.8,0.0,86
2024-04-09 02:00:00,25.9,23,1009.2,11.7,19.1,0.0,100
2024-04-09 03:00:00,29.0,19,1009.6,9.0,15.8,0.0,100
2024-04-09 04:00:00,32.0,15,1010.0,9.9,18.0,0.0,100
2024-04-09 05:00:00,34.4,12,1009.9,10.9,21.2,0.0,94
2024-04-09 06:00:00,36.4,10,1009.7,10.5,22.0,0.0,100
2024-04-09 07:00:00,37.8,9,1009.4,9.9,22.0,0.0,51
2024-04-09 08:00:00,38.6,8,1008.4,11.2,23.8,0.0,37
2024-04-09 09:00:00,39.0,7,1007.3,12.0,24.5,0.0,51
2024-04-09 10:00:00,39.4,7,1006.2,18.1,29.9,0.0,92
2024-04-09 11:00:00,38.4,7,1005.8,24.8,37.4,0.0,99
2024-04-09 12:00:00,37.7,7,1005.8,20.1,37.4,0.0,100
2024-04-09 13:00:00,36.9,9,1006.7,13.0,28.8,0.0,100
2024-04-09 14:00:00,34.5,13,1006.9,7.0,18.0,0.0,100
2024-04-09 15:00:00,33.6,13,1007.1,9.4,10.4,0.0,100
2024-04-09 16:00:00,32.2,13,1008.0,10.1,12.6,0.0,100
2024-04-09 17:00:00,31.3,16,1008.4,5.8,12.6,0.0,100
2024-04-09 18:00:00,30.4,16,1008.2,9.4,9.7,0.0,100
2024-04-09 19:00:00,30.1,14,1007.9,13.8,18.0,0.0,100
2024-04-09 20:00:00,29.3,15,1007.3,14.9,20.2,0.0,100
2024-04-09 21:00:00,29.0,15,1007.6,17.5,24.5,0.0,98
2024-04-09 22:00:00,28.6,15,1007.2,16.1,24.1,0.0,100
2024-04-09 23:00:00,28.6,15,1007.1,15.4,21.6,0.0,100
2024-04-10 00:00:00,28.1,17,1007.2,14.1,20.2,0.0,99
2024-04-10 01:00:00,27.1,20,1008.2,13.0,17.6,0.0,100
2024-04-10 02:00:00,27.9,19,1008.6,11.8,17.3,0.0,68
2024-04-10 03:00:00,30.6,17,1009.0,8.9,15.8,0.0,64
2024-04-10 04:00:00,33.1,14,1009.4,8.0,16.9,0.0,87
2024-04-10 05:00:00,34.5,13,1009.3,5.0,16.6,0.0,95
2024-04-10 06:00:00,35.9,11,1008.9,4.7,14.8,0.0,16
2024-04-10 07:00:00,38.0,9,1007.9,9.2,20.9,0.0,14
2024-04-10 08:00:00,39.0,8,1007.0,8.8,21.6,0.0,0
2024-04-10 09:00:00,39.3,8,1006.2,7.4,20.9,0.0,93
2024-04-10 10:00:00,38.8,8,1005.5,7.6,19.1,0.0,72
2024-04-10 11:00:00,39.5,8,1004.8,13.0,23.0,0.0,75
2024-04-10 12:00:00,38.2,9,1004.7,21.1,32.0,0.0,79
2024-04-10 13:00:00,37.2,9,1005.8,13.0,23.4,0.0,96
2024-04-10 14:00:00,34.8,12,1006.1,6.9,18.4,0.0,34
2024-04-10 15:00:00,33.8,13,1006.5,4.6,8.3,0.0,40
2024-04-10 16:00:00,31.9,14,1007.4,9.9,10.8,0.0,2
2024-04-10 17:00:00,30.1,16,1007.9,8.5,12.6,0.0,4
2024-04-10 18:00:00,30.5,16,1008.0,6.2,9.7,0.0,1
2024-04-10 19:00:00,32.1,14,1008.0,1.9,7.6,0.0,21
2024-04-10 20:00:00,29.0,17,1008.1,17.2,23.0,0.0,0
2024-04-10 21:00:00,28.5,19,1007.7,13.8,23.4,0.0,0
2024-04-10 22:00:00,26.9,23,1007.6,11.3,18.0,0.0,0
2024-04-10 23:00:00,26.3,24,1007.7,13.9,18.7,0.0,0
2024-04-11 00:00:00,25.5,27,1008.0,13.0,18.4,0.0,0
2024-04-11 01:00:00,25.6,32,1008.7,13.4,18.0,0.0,0
2024-04-11 02:00:00,26.5,32,1009.4,11.2,17.6,0.0,0
2024-04-11 03:00:00,29.3,28,1009.9,7.9,15.5,0.0,0
2024-04-11 04:00:00,32.1,23,1010.3,12.2,20.9,0.0,0
2024-04-11 05:00:00,34.5,17,1010.3,11.8,23.4,0.0,12
2024-04-11 06:00:00,36.3,15,1010.0,12.5,25.2,0.0,32
2024-04-11 07:00:00,37.3,13,1009.4,4.8,24.8,0.0,48
2024-04-11 08:00:00,38.1,10,1008.7,5.9,16.6,0.0,38
2024-04-11 09:00:00,38.6,10,1007.7,7.4,18.7,0.0,17
2024-04-11 10:00:00,38.7,9,1006.9,8.0,19.8,0.0,62
2024-04-11 11:00:00,38.6,9,1006.4,10.1,19.4,0.0,6
2024-04-11 12:00:00,38.4,9,1006.0,16.6,25.9,0.0,3
2024-04-11 13:00:00,37.9,8,1006.7,3.3,9.0,0.0,7
2024-04-11 14:00:00,36.9,9,1006.8,2.8,4.3,0.0,21
2024-04-11 15:00:00,35.4,10,1007.2,5.4,5.8,0.0,14
2024-04-11 16:00:00,35.6,10,1007.7,3.2,6.5,0.0,47
2024-04-11 17:00:00,32.4,13,1008.2,5.5,5.8,0.0,57
2024-04-11 18:00:00,30.6,14,1008.2,10.2,10.8,0.0,85
2024-04-11 19:00:00,30.2,14,1008.1,17.3,23.0,0.0,0
2024-04-11 20:00:00,28.4,18,1007.5,18.3,26.3,0.0,1
2024-04-11 21:00:00,27.4,21,1007.2,12.4,25.6,0.0,3
2024-04-11 22:00:00,26.4,22,1007.0,13.7,18.0,0.0,0
2024-04-11 23:00:00,26.0,23,1006.5,13.9,19.4,0.0,0
2024-04-12 00:00:00,24.5,24,1006.6,9.5,18.4,0.0,16
2024-04-12 01:00:00,26.9,26,1007.8,21.7,29.9,0.0,90
2024-04-12 02:00:00,28.5,27,1008.3,22.6,31.3,0.0,98
2024-04-12 03:00:00,30.1,30,1008.9,20.2,32.8,0.0,93
2024-04-12 04:00:00,32.9,27,1009.1,22.4,34.6,0.0,81
2024-04-12 05:00:00,35.2,22,1008.9,21.5,36.4,0.0,13
2024-04-12 06:00:00,36.8,19,1008.5,18.9,35.3,0.0,26
2024-04-12 07:00:00,36.2,20,1008.5,24.5,41.0,0.0,32
2024-04-12 08:00:00,37.6,13,1007.4,10.5,40.7,0.0,42
2024-04-12 09:00:00,38.2,13,1006.2,10.5,22.7,0.0,6
2024-04-12 10:00:00,38.6,13,1005.2,14.2,25.9,0.0,9
2024-04-12 11:00:00,38.4,14,1004.3,16.2,28.8,0.0,9
2024-04-12 12:00:00,37.8,15,1004.0,18.9,29.9,0.0,37
2024-04-12 13:00:00,34.3,25,1006.0,25.5,38.9,0.7,71
2024-04-12 14:00:00,34.7,21,1006.2,22.0,37.4,0.0,60
2024-04-12 15:00:00,32.5,25,1006.8,23.7,33.1,0.0,53
2024-04-12 16:00:00,32.3,27,1007.5,25.3,40.0,0.0,13
2024-04-12 17:00:00,31.3,29,1007.7,18.0,35.6,0.0,61
2024-04-12 18:00:00,30.3,32,1007.5,16.9,25.2,0.0,57
2024-04-12 19:00:00,29.3,34,1006.9,13.7,23.8,0.0,100
2024-04-12 20:00:00,28.8,35,1006.5,12.7,18.7,0.0,100
2024-04-12 21:00:00,28.5,36,1006.3,10.8,17.3,0.0,100
2024-04-12 22:00:00,29.0,30,1006.3,16.9,23.8,0.0,100
2024-04-12 23:00:00,28.1,32,1006.2,15.5,23.0,0.0,100
2024-04-13 00:00:00,27.6,34,1006.7,14.4,21.2,0.0,99
2024-04-13 01:00:00,26.6,39,1007.5,12.6,16.6,0.0,98
2024-04-13 02:00:00,27.4,37,1008.1,12.0,17.3,0.0,94
2024-04-13 03:00:00,29.5,33,1008.3,9.8,17.3,0.0,38
2024-04-13 04:00:00,31.9,28,1008.5,9.5,19.1,0.0,4
2024-04-13 05:00:00,33.6,25,1008.4,8.1,20.9,0.0,82
2024-04-13 06:00:00,35.3,20,1007.5,10.1,21.6,0.0,5
2024-04-13 07:00:00,36.7,16,1006.5,17.8,30.6,0.0,11
2024-04-13 08:00:00,37.0,17,1005.6,23.7,39.2,0.0,23
2024-04-13 09:00:00,37.2,19,1004.7,25.1,41.4,0.0,60
2024-04-13 10:00:00,36.7,21,1003.9,27.2,43.9,0.0,100
2024-04-13 11:00:00,36.5,24,1003.6,22.4,43.6,0.0,100
2024-04-13 12:00:00,35.7,26,1003.8,21.1,36.4,0.0,100
2024-04-13 13:00:00,34.6,24,1005.6,24.4,37.4,0.0,99
2024-04-13 14:00:00,29.6,41,1007.2,31.8,45.4,0.0,99
2024-04-13 15:00:00,28.0,45,1007.9,38.7,58.0,0.0,70
2024-04-13 16:00:00,26.6,52,1009.0,30.6,55.4,0.0,93
2024-04-13 17:00:00,25.6,56,1009.4,25.7,44.3,0.0,97
2024-04-13 18:00:00,25.3,58,1009.3,17.6,37.1,0.0,100
2024-04-13 19:00:00,24.8,60,1009.7,13.6,25.6,0.0,100
2024-04-13 20:00:00,24.6,61,1009.5,12.3,24.8,0.0,100
2024-04-13 21:00:00,24.4,62,1009.4,10.7,18.4,0.0,100
2024-04-13 22:00:00,23.9,64,1009.0,12.8,20.9,0.0,100
2024-04-13 23:00:00,23.5,66,1009.4,16.2,22.7,0.0,100
2024-04-14 00:00:00,22.6,70,1010.0,22.5,31.7,0.0,100
2024-04-14 01:00:00,21.0,78,1011.1,16.9,33.1,0.0,90
2024-04-14 02:00:00,21.4,76,1011.8,12.9,23.8,0.0,84
2024-04-14 03:00:00,22.8,70,1012.5,12.3,21.2,0.0,100
2024-04-14 04:00:00,24.3,64,1013.0,10.0,21.2,0.0,100
2024-04-14 05:00:00,25.9,58,1013.1,9.8,20.9,0.0,100
2024-04-14 06:00:00,27.4,53,1012.7,9.4,20.5,0.0,100
2024-04-14 07:00:00,29.0,47,1012.1,10.5,22.3,0.0,100
2024-04-14 08:00:00,30.1,43,1011.3,13.3,25.2,0.0,100
2024-04-14 09:00:00,30.8,41,1010.4,14.0,26.3,0.0,100
2024-04-14 10:00:00,31.2,39,1009.9,15.4,27.4,0.0,100
2024-04-14 11:00:00,31.0,39,1009.3,14.7,27.0,0.0,100
2024-04-14 12:00:00,31.0,38,1009.6,16.1,25.9,0.0,100
2024-04-14 13:00:00,29.5,43,1011.2,19.7,27.7,0.0,100
2024-04-14 14:00:00,28.2,48,1012.1,20.2,31.0,0.0,100
2024-04-14 15:00:00,27.2,54,1011.9,10.5,28.4,0.0,100
2024-04-14 16:00:00,26.4,60,1012.3,7.0,14.4,0.0,100
2024-04-14 17:00:00,25.8,67,1012.9,4.9,9.4,0.0,100
2024-04-14 18:00:00,25.3,67,1012.9,7.7,9.4,0.0,100
2024-04-14 19:00:00,24.6,71,1012.7,7.3,11.2,0.0,100
2024-04-14 20:00:00,24.2,73,1012.2,6.6,9.4,0.0,100
2024-04-14 21:00:00,24.0,73,1011.8,7.0,9.0,0.0,100
2024-04-14 22:00:00,23.6,72,1012.0,9.2,12.2,0.0,100
2024-04-14 23:00:00,23.3,71,1011.7,9.3,12.2,0.0,100
2024-04-15 00:00:00,22.9,71,1012.0,8.3,12.2,0.0,100
2024-04-15 01:00:00,22.8,76,1012.8,10.0,13.0,0.0,99
2024-04-15 02:00:00,23.7,70,1013.3,10.2,15.8,0.0,100
2024-04-15 03:00:00,25.5,61,1013.6,12.0,19.4,0.0,100
2024-04-15 04:00:00,26.7,54,1014.2,13.8,22.7,0.0,100
2024-04-15 05:00:00,28.3,49,1013.9,16.1,27.7,0.0,100
2024-04-15 06:00:00,29.6,45,1013.2,16.1,28.1,0.0,100
2024-04-15 07:00:00,31.3,39,1012.7,20.0,33.1,0.0,100
2024-04-15 08:00:00,31.3,37,1011.8,21.6,34.9,0.0,99
2024-04-15 09:00:00,32.7,33,1010.6,22.6,37.1,0.0,99
2024-04-15 10:00:00,33.2,30,1009.5,22.8,37.1,0.0,100
2024-04-15 11:00:00,33.2,30,1009.1,25.2,38.5,0.0,100
2024-04-15 12:00:00,32.6,31,1009.0,23.7,38.9,0.0,100
2024-04-15 13:00:00,31.7,32,1010.8,16.8,29.9,0.0,100
2024-04-15 14:00:00,30.2,36,1010.9,14.4,24.1,0.0,100
2024-04-15 15:00:00,29.2,40,1011.4,11.7,20.2,0.0,100
2024-04-15 16:00:00,28.6,42,1012.0,13.0,16.9,0.0,100
2024-04-15 17:00:00,28.4,40,1012.3,13.8,18.4,0.0,97
2024-04-15 18:00:00,27.1,45,1012.7,12.4,19.1,0.0,40
2024-04-15 19:00:00,26.2,49,1012.4,12.4,16.6,0.0,99
2024-04-15 20:00:00,25.9,52,1011.8,9.9,16.6,0.0,99
2024-04-15 21:00:00,25.3,55,1011.2,9.5,12.6,0.0,90
2024-04-15 22:00:00,24.7,57,1010.9,11.5,15.1,0.0,100
2024-04-15 23:00:00,24.8,58,1010.9,10.7,15.8,0.0,100
2024-04-16 00:00:00,24.1,64,1011.2,8.6,14.0,0.0,100
2024-04-16 01:00:00,24.2,66,1012.1,9.7,17.6,0.0,35
2024-04-16 02:00:00,25.1,64,1012.5,6.3,12.2,0.0,99
2024-04-16 03:00:00,26.7,56,1012.9,5.0,10.4,0.0,100
2024-04-16 04:00:00,28.0,46,1013.2,7.7,13.7,0.0,34
2024-04-16 05:00:00,30.9,33,1013.6,11.3,22.0,0.0,64
2024-04-16 06:00:00,32.4,27,1012.9,12.1,24.1,0.0,52
2024-04-16 07:00:00,33.4,25,1012.2,11.2,24.8,0.0,90
2024-04-16 08:00:00,34.0,24,1011.4,9.8,23.8,0.0,97
2024-04-16 09:00:00,34.5,23,1010.7,11.6,24.1,0.0,11
2024-04-16 10:00:00,34.6,23,1009.8,11.5,24.5,0.0,8
2024-04-16 11:00:00,34.6,23,1009.5,10.9,23.4,0.0,27
2024-04-16 12:00:00,34.4,24,1009.5,10.7,21.6,0.0,65
2024-04-16 13:00:00,33.9,26,1010.0,9.4,18.7,0.0,40
2024-04-16 14:00:00,32.2,34,1010.3,7.4,14.0,0.0,52
2024-04-16 15:00:00,31.2,34,1010.8,10.6,13.3,0.0,100
2024-04-16 16:00:00,31.0,33,1011.6,15.3,20.9,0.0,100
2024-04-16 17:00:00,30.5,34,1012.1,12.2,21.2,0.0,100
2024-04-16 18:00:00,29.8,36,1011.7,9.6,16.6,0.0,89
2024-04-16 19:00:00,28.9,38,1011.0,11.2,15.1,0.0,99
2024-04-16 20:00:00,28.4,41,1010.4,8.1,15.1,0.0,88
2024-04-16 21:00:00,28.1,46,1009.4,3.3,10.4,0.0,100
2024-04-16 22:00:00,27.1,43,1009.3,9.6,11.9,0.0,73
2024-04-16 23:00:00,26.0,41,1009.3,10.7,13.7,0.0,9
2024-04-17 00:00:00,25.4,40,1009.4,11.6,15.5,0.0,74
2024-04-17 01:00:00,24.7,43,1009.8,12.0,16.6,0.0,90
2024-04-17 02:00:00,25.9,40,1010.7,11.0,16.6,0.0,100
2024-04-17 03:00:00,28.1,35,1011.0,11.3,18.0,0.0,100
2024-04-17 04:00:00,29.8,32,1011.1,10.5,19.8,0.0,100
2024-04-17 05:00:00,32.8,26,1011.1,8.6,20.5,0.0,100
2024-04-17 06:00:00,33.6,22,1011.0,4.7,18.4,0.0,100
2024-04-17 07:00:00,33.7,22,1010.8,11.5,19.8,0.0,100
2024-04-17 08:00:00,34.1,21,1010.1,14.2,25.6,0.0,100
2024-04-17 09:00:00,33.9,21,1009.0,11.5,25.6,0.0,99
2024-04-17 10:00:00,34.2,21,1008.3,5.1,21.6,0.0,21
2024-04-17 11:00:00,34.6,20,1007.5,7.9,16.9,0.0,16
2024-04-17 12:00:00,34.7,20,1006.6,18.9,28.1,0.0,85
2024-04-17 13:00:00,33.8,23,1006.8,13.2,24.5,0.0,35
2024-04-17 14:00:00,32.0,25,1006.9,14.8,19.8,0.0,15
2024-04-17 15:00:00,30.5,27,1007.8,16.6,24.8,0.0,11
2024-04-17 16:00:00,29.4,29,1008.6,14.1,23.0,0.0,23
2024-04-17 17:00:00,28.2,32,1009.2,10.5,19.4,0.0,2
2024-04-17 18:00:00,27.3,35,1008.9,9.5,14.0,0.0,2
2024-04-17 19:00:00,26.8,36,1008.7,11.3,15.1,0.0,18
2024-04-17 20:00:00,26.1,37,1008.0,10.3,15.1,0.0,17
2024-04-17 21:00:00,25.2,40,1007.4,9.0,13.3,0.0,30
2024-04-17 22:00:00,24.8,40,1007.1,10.1,12.6,0.0,74
2024-04-17 23:00:00,24.7,40,1006.8,12.0,15.5,0.0,99
2024-04-18 00:00:00,24.0,41,1006.9,10.2,15.5,0.0,100
2024-04-18 01:00:00,26.8,36,1007.2,15.3,19.1,0.0,72
2024-04-18 02:00:00,26.9,36,1007.9,14.5,23.0,0.0,20
2024-04-18 03:00:00,27.9,35,1008.4,11.8,20.9,0.0,33
2024-04-18 04:00:00,30.3,30,1008.8,13.9,23.8,0.0,29
2024-04-18 05:00:00,32.3,27,1008.9,18.1,30.2,0.0,37
2024-04-18 06:00:00,33.7,26,1008.7,22.6,36.0,0.0,73
2024-04-18 07:00:00,33.4,30,1008.2,22.4,42.1,0.0,100
2024-04-18 08:00:00,34.4,29,1007.3,29.3,45.4,0.0,75
2024-04-18 09:00:00,32.9,33,1007.1,37.4,57.2,0.4,100
2024-04-18 10:00:00,31.1,40,1006.8,34.2,58.3,0.4,93
2024-04-18 11:00:00,30.1,44,1005.9,19.4,50.4,0.0,73
2024-04-18 12:00:00,30.8,43,1005.4,19.1,31.3,0.0,66
2024-04-18 13:00:00,29.7,46,1005.9,26.4,43.2,0.0,15
2024-04-18 14:00:00,30.0,41,1005.4,21.1,38.2,0.0,5
2024-04-18 15:00:00,28.9,44,1006.1,23.0,32.8,0.0,1
2024-04-18 16:00:00,28.1,50,1006.6,22.2,33.1,0.0,0
2024-04-18 17:00:00,27.3,55,1006.8,22.3,32.0,0.0,0
2024-04-18 18:00:00,26.9,56,1006.5,22.7,33.1,0.0,0
2024-04-18 19:00:00,26.7,54,1006.1,21.6,32.4,0.0,0
2024-04-18 20:00:00,26.2,57,1005.8,22.1,31.3,0.0,0
2024-04-18 21:00:00,25.4,62,1005.3,21.9,31.7,0.0,1
2024-04-18 22:00:00,24.7,65,1005.0,25.4,36.0,0.0,0
2024-04-18 23:00:00,23.8,71,1004.9,25.3,36.7,0.0,1
2024-04-19 00:00:00,23.1,77,1005.1,23.9,36.4,0.0,0
2024-04-19 01:00:00,23.1,75,1005.3,25.5,38.2,0.0,0
2024-04-19 02:00:00,23.6,71,1005.8,24.8,37.1,0.0,0
2024-04-19 03:00:00,25.0,62,1006.0,29.4,43.6,0.0,0
2024-04-19 04:00:00,27.0,50,1006.3,32.4,49.0,0.0,0
2024-04-19 05:00:00,29.1,38,1006.1,33.4,51.5,0.0,0
2024-04-19 06:00:00,30.9,28,1005.6,33.4,52.2,0.0,0
2024-04-19 07:00:00,32.1,24,1004.8,33.0,52.2,0.0,0
2024-04-19 08:00:00,32.8,26,1003.8,33.3,52.9,0.0,0
2024-04-19 09:00:00,33.5,26,1002.9,33.7,52.6,0.0,1
2024-04-19 10:00:00,34.0,24,1001.8,34.3,53.6,0.0,0
2024-04-19 11:00:00,34.0,23,1001.2,35.0,54.0,0.0,1
2024-04-19 12:00:00,33.8,23,1001.2,34.5,52.9,0.0,1
2024-04-19 13:00:00,32.5,23,1002.6,27.1,44.3,0.0,2
2024-04-19 14:00:00,31.2,25,1003.1,23.0,39.6,0.0,1
2024-04-19 15:00:00,30.5,26,1003.9,22.2,32.4,0.0,8
2024-04-19 16:00:00,30.1,27,1004.6,23.3,33.1,0.0,0
2024-04-19 17:00:00,29.2,29,1004.9,19.2,33.1,0.0,13
2024-04-19 18:00:00,27.7,33,1005.1,16.1,26.6,0.0,32
2024-04-19 19:00:00,27.1,43,1005.2,27.8,38.5,0.0,1
2024-04-19 20:00:00,25.9,47,1005.3,21.6,40.3,0.0,0
2024-04-19 21:00:00,24.7,51,1005.3,15.5,30.2,0.0,0
2024-04-19 22:00:00,23.9,54,1005.2,14.4,21.6,0.0,0
2024-04-19 23:00:00,23.3,59,1005.3,14.6,20.2,0.0,0
2024-04-20 00:00:00,22.8,63,1005.6,15.0,21.6,0.0,0
2024-04-20 01:00:00,22.6,66,1006.6,9.4,13.0,0.0,0
2024-04-20 02:00:00,23.5,65,1007.0,9.8,15.5,0.0,5
2024-04-20 03:00:00,25.3,60,1007.5,10.3,19.1,0.0,12
2024-04-20 04:00:00,27.1,51,1008.1,5.8,19.1,0.0,5
2024-04-20 05:00:00,28.6,45,1008.0,2.9,15.1,0.0,0
2024-04-20 06:00:00,30.2,39,1007.6,4.0,15.1,0.0,100
2024-04-20 07:00:00,31.9,31,1006.8,6.2,18.0,0.0,100
2024-04-20 08:00:00,32.9,27,1005.9,7.1,19.1,0.0,100
2024-04-20 09:00:00,33.9,24,1004.8,8.2,19.8,0.0,99
2024-04-20 10:00:00,34.5,23,1003.8,11.3,22.7,0.0,37
2024-04-20 11:00:00,34.6,22,1003.5,14.5,25.6,0.0,96
2024-04-20 12:00:00,34.1,23,1003.5,16.6,27.0,0.0,100
2024-04-20 13:00:00,33.5,24,1004.6,13.0,23.4,0.0,99
2024-04-20 14:00:00,33.1,24,1005.1,14.5,20.9,0.0,93
2024-04-20 15:00:00,31.9,26,1005.4,15.2,21.2,0.0,81
2024-04-20 16:00:00,30.9,28,1006.2,10.5,21.2,0.0,100
2024-04-20 17:00:00,29.4,32,1006.8,8.3,14.0,0.0,98
2024-04-20 18:00:00,28.6,35,1006.5,7.6,10.8,0.0,98
2024-04-20 19:00:00,28.1,35,1006.6,13.6,16.9,0.0,91
2024-04-20 20:00:00,27.4,38,1006.2,17.2,24.8,0.0,96
2024-04-20 21:00:00,26.5,40,1006.1,12.0,23.8,0.0,97
2024-04-20 22:00:00,25.5,43,1005.9,11.9,16.2,0.0,49
2024-04-20 23:00:00,24.9,45,1005.9,12.2,16.9,0.0,72
2024-04-21 00:00:00,24.4,46,1006.2,11.0,16.9,0.0,65
2024-04-21 01:00:00,24.2,47,1007.2,9.5,14.8,0.0,32
2024-04-21 02:00:00,25.5,43,1007.6,8.9,13.7,0.0,0
2024-04-21 03:00:00,27.5,37,1008.2,10.9,18.4,0.0,0
2024-04-21 04:00:00,29.4,32,1008.7,13.6,24.1,0.0,0
2024-04-21 05:00:00,31.3,28,1008.5,15.5,28.1,0.0,0
2024-04-21 06:00:00,32.6,26,1008.2,11.9,28.4,0.0,6
2024-04-21 07:00:00,33.4,23,1007.4,7.1,24.5,0.0,17
2024-04-21 08:00:00,34.2,20,1006.6,5.4,19.4,0.0,21
2024-04-21 09:00:00,34.7,19,1005.7,7.9,19.4,0.0,18
2024-04-21 10:00:00,34.7,19,1005.0,9.4,20.9,0.0,25
2024-04-21 11:00:00,34.4,19,1004.7,11.2,22.0,0.0,12
2024-04-21 12:00:00,34.0,19,1004.4,10.8,22.0,0.0,17
2024-04-21 13:00:00,33.9,17,1004.9,13.8,22.3,0.0,11
2024-04-21 14:00:00,33.2,18,1005.0,10.6,21.2,0.0,17
2024-04-21 15:00:00,32.1,21,1005.4,7.9,14.8,0.0,16
2024-04-21 16:00:00,30.8,24,1006.0,7.5,9.7,0.0,31
2024-04-21 17:00:00,30.3,24,1006.6,9.7,12.2,0.0,5
2024-04-21 18:00:00,29.2,27,1006.8,8.0,12.2,0.0,13
2024-04-21 19:00:00,28.0,31,1006.7,5.1,10.1,0.0,11
2024-04-21 20:00:00,27.4,30,1006.3,5.1,6.1,0.0,16
2024-04-21 21:00:00,26.3,29,1006.0,8.8,10.1,0.0,22
2024-04-21 22:00:00,26.1,28,1006.1,10.1,13.3,0.0,15
2024-04-21 23:00:00,25.0,31,1006.4,8.9,13.0,0.0,19
2024-04-22 00:00:00,25.1,30,1006.7,11.2,14.0,0.0,25
2024-04-22 01:00:00,24.9,32,1007.3,12.3,15.5,0.0,12
2024-04-22 02:00:00,26.1,30,1008.1,13.2,19.1,0.0,1
2024-04-22 03:00:00,28.3,26,1008.8,11.5,20.2,0.0,1
2024-04-22 04:00:00,30.9,22,1009.2,9.4,19.4,0.0,0
2024-04-22 05:00:00,32.8,20,1009.0,9.2,20.5,0.0,0
2024-04-22 06:00:00,34.0,17,1008.7,5.9,20.2,0.0,0
2024-04-22 07:00:00,34.9,16,1008.1,3.7,17.3,0.0,3
2024-04-22 08:00:00,35.5,15,1007.2,3.7,15.5,0.0,14
2024-04-22 09:00:00,36.1,15,1006.2,4.8,16.6,0.0,13
2024-04-22 10:00:00,36.2,14,1005.3,6.5,18.0,0.0,19
2024-04-22 11:00:00,36.2,14,1004.6,7.5,18.4,0.0,2
2024-04-22 12:00:00,36.1,14,1004.2,9.7,18.4,0.0,5
2024-04-22 13:00:00,35.2,16,1005.2,17.5,26.6,0.0,16
2024-04-22 14:00:00,34.3,16,1005.6,14.6,27.0,0.0,22
2024-04-22 15:00:00,33.3,18,1006.4,11.9,20.5,0.0,31
2024-04-22 16:00:00,32.3,19,1007.0,12.0,16.9,0.0,20
2024-04-22 17:00:00,31.5,20,1007.4,8.8,16.2,0.0,4
2024-04-22 18:00:00,30.3,24,1007.2,5.7,10.8,0.0,2
2024-04-22 19:00:00,29.1,25,1006.6,10.2,11.5,0.0,0
2024-04-22 20:00:00,28.0,26,1006.1,11.7,15.5,0.0,0
2024-04-22 21:00:00,26.9,27,1005.7,10.0,15.5,0.0,0
2024-04-22 22:00:00,25.8,30,1005.4,7.8,12.6,0.0,2
2024-04-22 23:00:00,27.1,26,1005.3,4.8,8.6,0.0,0
2024-04-23 00:00:00,24.7,30,1006.0,13.7,18.4,0.0,0
2024-04-23 01:00:00,23.5,37,1006.7,7.2,11.9,0.0,0
2024-04-23 02:00:00,25.3,33,1007.1,8.7,11.9,0.0,0
2024-04-23 03:00:00,28.3,31,1007.8,5.6,13.0,0.0,0
2024-04-23 04:00:00,30.8,27,1008.2,2.9,11.9,0.0,0
2024-04-23 05:00:00,33.2,21,1008.3,6.6,16.2,0.0,0
2024-04-23 06:00:00,35.1,18,1007.9,6.4,20.9,0.0,0
2024-04-23 07:00:00,36.6,12,1007.2,7.8,19.8,0.0,4
2024-04-23 08:00:00,37.4,11,1006.3,9.8,22.3,0.0,1
2024-04-23 09:00:00,37.8,10,1005.3,12.2,24.8,0.0,1
2024-04-23 10:00:00,38.0,10,1004.3,15.8,28.8,0.0,0
2024-04-23 11:00:00,37.6,10,1003.9,16.2,29.5,0.0,0
2024-04-23 12:00:00,37.2,10,1003.5,10.1,28.1,0.0,0
2024-04-23 13:00:00,36.8,12,1003.8,13.7,28.4,0.0,21
2024-04-23 14:00:00,35.1,14,1004.1,10.8,20.5,0.0,2
2024-04-23 15:00:00,33.5,16,1004.5,9.9,14.4,0.0,2
2024-04-23 16:00:00,32.5,17,1005.1,10.9,13.0,0.0,2
2024-04-23 17:00:00,32.1,16,1005.8,15.9,21.2,0.0,1
2024-04-23 18:00:00,30.9,17,1006.0,13.9,22.0,0.0,1
2024-04-23 19:00:00,29.6,19,1005.7,16.6,22.3,0.0,0
2024-04-23 20:00:00,29.1,20,1005.3,15.3,24.1,0.0,0
2024-04-23 21:00:00,28.3,21,1004.8,15.8,21.6,0.0,0
2024-04-23 22:00:00,27.8,21,1004.6,16.7,22.7,0.0,0
2024-04-23 23:00:00,26.7,22,1004.7,15.3,22.7,0.0,0
2024-04-24 00:00:00,26.0,23,1005.0,14.7,21.2,0.0,0
2024-04-24 01:00:00,25.4,25,1006.0,14.9,21.6,0.0,0
2024-04-24 02:00:00,27.1,22,1006.6,13.0,20.5,0.0,0
2024-04-24 03:00:00,29.9,18,1007.1,12.7,19.8,0.0,0
2024-04-24 04:00:00,32.9,15,1007.5,14.6,24.8,0.0,0
2024-04-24 05:00:00,35.3,13,1007.4,14.1,26.3,0.0,0
2024-04-24 06:00:00,36.8,12,1007.1,7.1,25.9,0.0,0
2024-04-24 07:00:00,37.6,10,1006.5,2.3,18.4,0.0,0
2024-04-24 08:00:00,38.3,9,1005.6,3.8,15.1,0.0,2
2024-04-24 09:00:00,39.0,8,1004.5,6.8,17.6,0.0,51
2024-04-24 10:00:00,39.8,7,1003.1,11.8,23.4,0.0,96
2024-04-24 11:00:00,39.2,8,1002.5,13.7,25.2,0.0,90
2024-04-24 12:00:00,38.8,8,1002.3,11.6,24.5,0.0,75
2024-04-24 13:00:00,38.1,9,1003.4,6.5,13.0,0.0,52
2024-04-24 14:00:00,35.9,12,1004.0,9.0,11.9,0.0,16
2024-04-24 15:00:00,33.7,14,1004.4,8.2,12.2,0.0,26
2024-04-24 16:00:00,34.8,12,1005.1,2.3,10.1,0.0,5
2024-04-24 17:00:00,31.5,18,1006.0,5.8,6.5,0.0,1
2024-04-24 18:00:00,31.9,17,1006.0,3.7,6.8,0.0,27
2024-04-24 19:00:00,29.4,23,1005.8,5.9,6.5,0.0,84
2024-04-24 20:00:00,28.4,26,1005.3,5.5,7.2,0.0,98
2024-04-24 21:00:00,27.3,29,1005.2,5.9,6.8,0.0,98
2024-04-24 22:00:00,25.9,32,1005.1,7.9,7.9,0.0,46
2024-04-24 23:00:00,26.8,26,1005.4,17.7,24.5,0.0,13
2024-04-25 00:00:00,26.0,27,1005.5,14.1,24.5,0.0,100
2024-04-25 01:00:00,27.0,37,1006.3,17.6,24.8,0.0,18
2024-04-25 02:00:00,28.2,43,1006.7,16.9,24.5,0.0,17
2024-04-25 03:00:00,30.5,40,1007.1,15.3,23.8,0.0,99
2024-04-25 04:00:00,33.4,30,1007.4,17.6,29.2,0.0,96
2024-04-25 05:00:00,35.7,22,1007.3,16.4,29.2,0.0,59
2024-04-25 06:00:00,37.2,17,1006.7,12.1,28.8,0.0,53
2024-04-25 07:00:00,38.0,15,1006.0,9.1,24.1,0.0,56
2024-04-25 08:00:00,38.8,13,1005.1,10.2,22.3,0.0,31
2024-04-25 09:00:00,39.4,12,1004.1,14.0,26.6,0.0,12
2024-04-25 10:00:00,39.6,11,1003.2,18.9,32.0,0.0,2
2024-04-25 11:00:00,39.4,11,1002.6,19.0,33.5,0.0,5
2024-04-25 12:00:00,39.0,11,1002.1,15.9,31.3,0.0,13
2024-04-25 13:00:00,38.1,12,1002.7,11.6,18.7,0.0,14
2024-04-25 14:00:00,35.7,16,1002.9,11.8,16.6,0.0,20
2024-04-25 15:00:00,34.3,17,1003.7,12.8,17.3,0.0,23
2024-04-25 16:00:00,33.3,18,1004.5,14.8,19.4,0.0,3
2024-04-25 17:00:00,32.4,19,1005.0,15.3,20.2,0.0,2
2024-04-25 18:00:00,31.9,20,1005.3,20.5,27.7,0.0,0
2024-04-25 19:00:00,30.8,21,1005.3,18.8,29.9,0.0,1
2024-04-25 20:00:00,29.5,21,1004.9,18.4,25.9,0.0,3
2024-04-25 21:00:00,28.5,24,1004.8,21.4,29.9,0.0,0
2024-04-25 22:00:00,27.3,40,1004.7,20.7,31.3,0.0,1
2024-04-25 23:00:00,26.5,51,1004.6,18.2,29.2,0.0,0
2024-04-26 00:00:00,25.9,55,1004.7,17.3,25.2,0.0,0
2024-04-26 01:00:00,25.1,63,1005.7,15.3,21.6,0.0,0
2024-04-26 02:00:00,25.5,63,1005.8,15.0,21.6,0.0,0
2024-04-26 03:00:00,26.5,66,1006.4,20.5,31.3,0.0,0
2024-04-26 04:00:00,28.4,62,1006.5,22.9,36.7,0.0,0
2024-04-26 05:00:00,30.9,51,1006.3,20.8,37.1,0.0,0
2024-04-26 06:00:00,32.9,41,1005.8,20.1,35.3,0.0,0
2024-04-26 07:00:00,35.1,28,1005.2,20.1,34.9,0.0,14
2024-04-26 08:00:00,36.4,23,1004.3,23.7,39.2,0.0,13
2024-04-26 09:00:00,37.1,19,1003.4,25.0,42.5,0.0,9
2024-04-26 10:00:00,37.7,16,1002.5,26.0,42.1,0.0,5
2024-04-26 11:00:00,37.8,14,1001.8,26.0,42.5,0.0,6
2024-04-26 12:00:00,37.5,13,1001.7,30.2,45.0,0.0,8
2024-04-26 13:00:00,36.2,14,1002.3,26.5,39.6,0.0,14
2024-04-26 14:00:00,34.8,15,1002.9,26.6,38.5,0.0,1
2024-04-26 15:00:00,33.7,18,1003.9,26.9,40.0,0.0,0
2024-04-26 16:00:00,32.8,19,1004.7,19.1,38.2,0.0,0
2024-04-26 17:00:00,31.2,20,1005.3,12.3,26.6,0.0,75
2024-04-26 18:00:00,30.2,21,1005.6,18.7,24.1,0.0,94
2024-04-26 19:00:00,30.2,19,1005.6,28.2,41.4,0.0,97
2024-04-26 20:00:00,29.3,20,1005.3,22.4,40.0,0.0,76
2024-04-26 21:00:00,28.1,22,1005.3,21.4,31.3,0.0,2
2024-04-26 22:00:00,27.3,26,1004.9,21.7,31.0,0.0,0
2024-04-26 23:00:00,26.5,28,1004.9,21.4,31.0,0.0,0
2024-04-27 00:00:00,25.7,32,1005.4,21.4,30.2,0.0,0
2024-04-27 01:00:00,24.4,47,1007.9,10.0,14.4,0.0,0
2024-04-27 02:00:00,25.3,44,1008.4,9.5,14.8,0.0,0
2024-04-27 03:00:00,27.2,38,1008.8,13.0,22.0,0.0,0
2024-04-27 04:00:00,29.5,31,1008.8,11.8,23.4,0.0,0
2024-04-27 05:00:00,31.2,28,1008.5,8.0,22.3,0.0,0
2024-04-27 06:00:00,32.8,27,1008.1,9.5,20.9,0.0,0
2024-04-27 07:00:00,34.1,25,1007.7,14.0,27.7,0.0,27
2024-04-27 08:00:00,34.4,23,1007.1,15.9,29.5,0.0,18
2024-04-27 09:00:00,35.1,23,1006.2,16.6,30.6,0.0,10
2024-04-27 10:00:00,35.5,21,1005.2,17.6,31.3,0.0,10
2024-04-27 11:00:00,35.3,20,1004.8,17.8,32.0,0.0,6
2024-04-27 12:00:00,35.4,19,1004.3,14.1,30.6,0.0,3
2024-04-27 13:00:00,35.4,18,1005.1,15.7,25.2,0.0,21
2024-04-27 14:00:00,34.2,19,1005.3,17.2,24.5,0.0,82
2024-04-27 15:00:00,33.3,20,1006.0,23.8,33.8,0.0,9
2024-04-27 16:00:00,32.3,21,1006.7,18.4,34.2,0.0,2
2024-04-27 17:00:00,30.8,24,1007.1,10.5,25.2,0.0,3
2024-04-27 18:00:00,30.1,25,1007.2,11.5,15.5,0.0,0
2024-04-27 19:00:00,29.1,27,1007.1,10.8,15.5,0.0,1
2024-04-27 20:00:00,27.8,30,1006.7,8.7,14.0,0.0,55
2024-04-27 21:00:00,26.6,35,1006.5,5.6,11.2,0.0,99
2024-04-27 22:00:00,26.6,35,1006.4,5.1,6.5,0.0,98
2024-04-27 23:00:00,26.2,32,1006.7,13.8,20.5,0.0,98
2024-04-28 00:00:00,25.7,32,1007.2,12.3,18.7,0.0,97
2024-04-28 01:00:00,25.4,38,1008.1,12.7,17.3,0.0,77
2024-04-28 02:00:00,26.8,37,1008.5,12.0,17.3,0.0,39
2024-04-28 03:00:00,29.1,35,1008.8,12.4,19.8,0.0,90
2024-04-28 04:00:00,30.9,34,1008.8,10.8,20.9,0.0,89
2024-04-28 05:00:00,33.2,30,1008.5,10.6,21.6,0.0,70
2024-04-28 06:00:00,35.4,22,1008.0,13.3,25.2,0.0,100
2024-04-28 07:00:00,36.1,19,1007.5,16.7,29.2,0.0,100
2024-04-28 08:00:00,36.3,19,1007.0,18.4,31.0,0.0,100
2024-04-28 09:00:00,36.7,18,1006.0,18.2,32.0,0.0,100
2024-04-28 10:00:00,36.9,18,1005.2,18.8,32.0,0.0,19
2024-04-28 11:00:00,36.8,17,1004.9,20.5,33.5,0.0,30
2024-04-28 12:00:00,36.0,17,1004.6,22.1,33.8,0.0,58
2024-04-28 13:00:00,35.5,18,1005.3,16.6,26.6,0.0,16
2024-04-28 14:00:00,34.2,19,1005.5,13.4,24.5,0.0,7
2024-04-28 15:00:00,32.9,21,1006.2,12.9,18.7,0.0,27
2024-04-28 16:00:00,31.8,22,1007.0,12.3,17.6,0.0,9
2024-04-28 17:00:00,30.4,24,1007.3,9.9,16.9,0.0,1
2024-04-28 18:00:00,29.1,28,1007.0,8.4,12.2,0.0,1
2024-04-28 19:00:00,28.3,29,1006.7,9.0,10.4,0.0,1
2024-04-28 20:00:00,27.2,32,1006.5,8.1,13.3,0.0,0
2024-04-28 21:00:00,28.3,27,1006.1,1.8,9.4,0.0,0
2024-04-28 22:00:00,27.9,28,1006.0,3.4,3.6,0.0,18
2024-04-28 23:00:00,25.6,33,1006.7,13.0,15.5,0.0,14
2024-04-29 00:00:00,24.6,32,1007.4,10.1,18.0,0.0,4
2024-04-29 01:00:00,25.3,27,1008.2,10.7,17.3,0.0,7
2024-04-29 02:00:00,26.5,25,1008.9,9.4,14.4,0.0,0
2024-04-29 03:00:00,28.4,22,1009.4,12.6,19.8,0.0,0
2024-04-29 04:00:00,30.3,19,1009.8,16.1,27.4,0.0,0
2024-04-29 05:00:00,31.9,16,1009.8,18.6,31.3,0.0,0
2024-04-29 06:00:00,33.0,12,1009.6,20.6,35.6,0.0,0
2024-04-29 07:00:00,34.1,9,1008.9,20.8,35.6,0.0,0
2024-04-29 08:00:00,35.1,7,1008.1,23.7,39.2,0.0,0
2024-04-29 09:00:00,35.5,7,1007.2,26.8,43.6,0.0,0
2024-04-29 10:00:00,35.6,8,1006.5,25.2,43.9,0.0,0
2024-04-29 11:00:00,35.7,7,1006.1,23.3,41.0,0.0,0
2024-04-29 12:00:00,35.3,7,1005.9,23.9,37.1,0.0,0
2024-04-29 13:00:00,34.7,7,1006.8,15.0,28.1,0.0,0
2024-04-29 14:00:00,32.4,8,1007.4,13.2,21.2,0.0,0
2024-04-29 15:00:00,30.8,9,1008.1,12.8,18.0,0.0,0
2024-04-29 16:00:00,29.9,8,1008.6,14.4,18.7,0.0,0
2024-04-29 17:00:00,29.0,9,1008.9,15.0,20.5,0.0,0
2024-04-29 18:00:00,26.9,10,1008.9,12.4,20.2,0.0,0
2024-04-29 19:00:00,25.0,13,1008.4,9.1,16.2,0.0,0
2024-04-29 20:00:00,24.5,13,1007.9,10.7,12.2,0.0,0
2024-04-29 21:00:00,24.1,12,1007.5,12.3,15.8,0.0,0
2024-04-29 22:00:00,23.1,14,1007.3,11.9,15.8,0.0,0
2024-04-29 23:00:00,22.4,15,1007.5,11.4,15.1,0.0,0
2024-04-30 00:00:00,22.1,18,1008.5,6.0,14.4,0.0,0
2024-04-30 01:00:00,21.4,19,1009.5,9.6,17.3,0.0,0
2024-04-30 02:00:00,23.5,16,1010.0,8.7,12.2,0.0,0
2024-04-30 03:00:00,26.7,12,1010.0,6.9,13.3,0.0,0
2024-04-30 04:00:00,29.3,9,1009.9,9.8,19.1,0.0,0
2024-04-30 05:00:00,30.9,8,1009.4,9.2,21.2,0.0,0
2024-04-30 06:00:00,32.5,8,1008.4,5.5,20.2,0.0,0
2024-04-30 07:00:00,33.9,7,1007.6,4.7,16.9,0.0,0
2024-04-30 08:00:00,35.3,7,1006.4,14.2,27.0,0.0,0
2024-04-30 09:00:00,35.8,6,1005.2,20.8,35.3,0.0,0
2024-04-30 10:00:00,36.1,6,1004.3,22.5,37.1,0.0,0
2024-04-30 11:00:00,35.9,6,1003.6,23.1,37.1,0.0,0
2024-04-30 12:00:00,35.0,7,1003.3,26.6,40.3,0.0,0
2024-04-30 13:00:00,34.2,7,1003.8,25.2,37.4,0.0,0
2024-04-30 14:00:00,32.6,8,1004.3,21.6,36.4,0.0,0
2024-04-30 15:00:00,31.1,10,1004.9,22.5,31.7,0.0,0
2024-04-30 16:00:00,29.9,12,1005.4,18.7,32.0,0.0,0
2024-04-30 17:00:00,28.6,12,1006.0,20.3,29.2,0.0,0
2024-04-30 18:00:00,26.8,12,1005.8,12.5,28.4,0.0,0
2024-04-30 19:00:00,25.3,12,1005.6,10.9,16.6,0.0,18
2024-04-30 20:00:00,24.1,13,1005.1,10.5,14.0,0.0,13
2024-04-30 21:00:00,23.6,12,1004.5,12.9,16.2,0.0,1
2024-04-30 22:00:00,22.6,13,1004.3,13.6,18.4,0.0,4
2024-04-30 23:00:00,21.2,22,1004.5,11.2,18.0,0.0,0
2024-05-01 00:00:00,19.9,32,1004.8,9.2,14.8,0.0,0
2024-05-01 01:00:00,22.6,17,1005.8,1.5,5.8,0.0,0
2024-05-01 02:00:00,22.8,18,1006.4,0.4,1.8,0.0,0
2024-05-01 03:00:00,24.7,16,1006.7,4.1,9.4,0.0,0
2024-05-01 04:00:00,26.8,14,1007.0,7.9,16.9,0.0,0
2024-05-01 05:00:00,28.9,16,1007.0,8.1,19.1,0.0,0
2024-05-01 06:00:00,30.5,15,1006.6,8.0,20.2,0.0,0
2024-05-01 07:00:00,31.7,14,1006.0,6.1,20.2,0.0,0
2024-05-01 08:00:00,32.6,12,1005.3,5.8,18.4,0.0,0
2024-05-01 09:00:00,33.3,12,1004.5,8.1,20.5,0.0,0
2024-05-01 10:00:00,33.7,11,1003.9,10.8,23.0,0.0,0
2024-05-01 11:00:00,33.7,11,1003.7,12.6,24.5,0.0,0
2024-05-01 12:00:00,33.4,11,1003.4,12.2,24.5,0.0,0
2024-05-01 13:00:00,32.5,11,1003.8,13.4,23.0,0.0,0
2024-05-01 14:00:00,31.2,13,1004.5,11.9,20.9,0.0,0
2024-05-01 15:00:00,30.0,14,1005.1,10.8,16.6,0.0,0
2024-05-01 16:00:00,28.7,17,1005.7,9.0,14.0,0.0,0
2024-05-01 17:00:00,28.0,18,1006.3,11.2,13.7,0.0,0
2024-05-01 18:00:00,26.6,20,1006.4,10.2,14.4,0.0,0
2024-05-01 19:00:00,25.4,23,1006.2,9.2,12.6,0.0,0
2024-05-01 20:00:00,24.1,25,1005.8,8.7,11.5,0.0,0
2024-05-01 21:00:00,23.1,27,1005.5,8.6,10.1,0.0,0
2024-05-01 22:00:00,22.7,26,1005.4,10.5,12.6,0.0,0
2024-05-01 23:00:00,22.2,27,1005.4,10.5,13.3,0.0,78
2024-05-02 00:00:00,22.0,27,1005.7,11.3,14.4,0.0,100
2024-05-02 01:00:00,22.3,28,1006.4,13.0,17.3,0.0,95
2024-05-02 02:00:00,24.0,26,1007.2,12.0,16.9,0.0,62
2024-05-02 03:00:00,27.2,22,1007.5,10.7,19.1,0.0,4
2024-05-02 04:00:00,30.4,17,1007.9,13.5,23.4,0.0,92
2024-05-02 05:00:00,32.4,14,1007.8,11.5,24.5,0.0,44
2024-05-02 06:00:00,33.6,12,1007.4,6.8,22.7,0.0,99
2024-05-02 07:00:00,34.5,11,1006.5,3.8,18.4,0.0,100
2024-05-02 08:00:00,35.1,10,1005.6,2.7,15.1,0.0,98
2024-05-02 09:00:00,35.8,10,1004.5,3.2,14.0,0.0,100
2024-05-02 10:00:00,36.2,9,1003.7,2.5,14.4,0.0,69
2024-05-02 11:00:00,36.5,9,1003.4,1.8,13.0,0.0,39
2024-05-02 12:00:00,36.4,9,1003.2,2.3,10.8,0.0,4
2024-05-02 13:00:00,36.1,8,1004.2,10.8,16.6,0.0,89
2024-05-02 14:00:00,34.3,9,1004.7,10.8,16.6,0.0,98
2024-05-02 15:00:00,32.1,13,1005.3,6.8,14.4,0.0,100
2024-05-02 16:00:00,30.9,15,1006.1,6.1,7.9,0.0,100
2024-05-02 17:00:00,29.2,17,1006.1,8.3,9.7,0.0,98
2024-05-02 18:00:00,28.4,17,1005.9,10.0,11.9,0.0,98
2024-05-02 19:00:00,27.5,17,1005.5,12.2,15.5,0.0,73
2024-05-02 20:00:00,27.1,16,1005.1,13.3,17.6,0.0,10
2024-05-02 21:00:00,26.8,16,1004.7,14.1,18.4,0.0,27
2024-05-02 22:00:00,26.4,16,1004.8,14.5,19.1,0.0,50
2024-05-02 23:00:00,26.1,16,1004.9,15.8,20.9,0.0,97
2024-05-03 00:00:00,26.3,15,1005.8,19.0,27.0,0.0,77
2024-05-03 01:00:00,24.2,25,1006.0,13.7,21.2,0.0,62
2024-05-03 02:00:00,25.5,23,1006.1,13.5,18.7,0.0,100
2024-05-03 03:00:00,27.7,22,1006.2,14.0,19.8,0.0,100
2024-05-03 04:00:00,29.9,22,1006.3,14.4,21.2,0.0,100
2024-05-03 05:00:00,32.1,21,1006.2,14.6,22.3,0.0,97
2024-05-03 06:00:00,36.2,17,1005.6,22.3,34.6,0.0,100
2024-05-03 07:00:00,38.0,12,1004.8,25.4,40.3,0.0,100
2024-05-03 08:00:00,39.0,10,1003.9,26.6,41.4,0.0,100
2024-05-03 09:00:00,39.6,9,1003.1,25.0,41.8,0.0,100
2024-05-03 10:00:00,40.0,9,1002.6,24.1,39.6,0.0,100
2024-05-03 11:00:00,39.8,10,1002.3,22.2,38.2,0.0,96
2024-05-03 12:00:00,39.1,13,1002.3,19.1,34.2,0.0,100
2024-05-03 13:00:00,38.3,11,1003.1,10.7,25.6,0.0,100
2024-05-03 14:00:00,35.9,14,1003.4,8.2,14.8,0.0,100
2024-05-03 15:00:00,35.2,15,1003.4,12.2,15.1,0.0,100
2024-05-03 16:00:00,34.8,17,1004.1,15.5,21.2,0.0,100
2024-05-03 17:00:00,34.5,19,1004.7,22.5,28.1,0.0,100
2024-05-03 18:00:00,33.3,26,1005.4,27.2,44.6,0.0,100
2024-05-03 19:00:00,32.1,30,1005.4,23.9,38.2,0.0,100
2024-05-03 20:00:00,31.2,34,1005.6,22.7,37.8,0.0,100
2024-05-03 21:00:00,30.6,36,1005.2,16.8,31.7,0.0,100
2024-05-03 22:00:00,29.9,39,1005.3,17.9,25.6,0.0,100
2024-05-03 23:00:00,29.1,41,1005.5,16.3,24.8,0.0,85
2024-05-04 00:00:00,28.3,44,1006.0,16.2,23.0,0.0,99
2024-05-04 01:00:00,28.0,49,1006.8,18.6,25.9,0.0,44
2024-05-04 02:00:00,28.5,51,1007.5,18.4,27.7,0.0,11
2024-05-04 03:00:00,29.7,51,1008.0,22.6,34.2,0.0,95
2024-05-04 04:00:00,31.2,48,1008.0,23.4,37.1,0.0,0
2024-05-04 05:00:00,33.0,42,1007.7,22.8,37.8,0.0,0
2024-05-04 06:00:00,34.5,35,1007.0,21.4,37.8,0.0,29
2024-05-04 07:00:00,36.0,26,1006.4,21.5,37.1,0.0,98
2024-05-04 08:00:00,37.0,21,1005.6,21.7,37.4,0.0,0
2024-05-04 09:00:00,37.7,18,1004.6,21.3,37.4,0.0,0
2024-05-04 10:00:00,38.1,18,1003.7,19.4,36.4,0.0,1
2024-05-04 11:00:00,38.1,19,1003.2,18.1,33.5,0.0,2
2024-05-04 12:00:00,37.5,21,1002.9,20.1,31.7,0.0,1
2024-05-04 13:00:00,36.8,20,1004.0,21.6,31.7,0.0,0
2024-05-04 14:00:00,35.7,24,1004.1,17.4,31.7,0.0,43
2024-05-04 15:00:00,34.6,26,1004.6,10.7,24.1,0.0,32
2024-05-04 16:00:00,33.6,27,1005.2,10.9,17.3,0.0,2
2024-05-04 17:00:00,32.8,27,1005.6,12.4,16.2,0.0,0
2024-05-04 18:00:00,32.1,27,1005.7,13.7,19.1,0.0,0
2024-05-04 19:00:00,31.1,29,1005.4,13.9,18.7,0.0,0
2024-05-04 20:00:00,29.6,32,1005.0,9.8,18.7,0.0,0
2024-05-04 21:00:00,28.4,35,1004.5,9.0,12.6,0.0,5
2024-05-04 22:00:00,27.6,37,1004.6,8.0,11.2,0.0,23
2024-05-04 23:00:00,27.2,37,1004.6,8.9,10.4,0.0,0
2024-05-05 00:00:00,26.6,38,1005.0,9.2,13.0,0.0,4
2024-05-05 01:00:00,26.4,41,1005.4,8.4,14.4,0.0,20
2024-05-05 02:00:00,28.0,38,1006.0,4.6,10.8,0.0,79
2024-05-05 03:00:00,30.3,31,1006.5,7.4,14.0,0.0,41
2024-05-05 04:00:00,32.0,28,1006.7,7.5,16.9,0.0,0
2024-05-05 05:00:00,33.4,27,1006.5,6.9,17.6,0.0,0
2024-05-05 06:00:00,34.9,24,1006.1,6.9,18.4,0.0,2
2024-05-05 07:00:00,36.4,21,1005.2,9.4,21.6,0.0,6
2024-05-05 08:00:00,37.5,19,1004.3,10.5,23.8,0.0,43
2024-05-05 09:00:00,38.1,18,1003.1,9.5,23.8,0.0,98
2024-05-05 10:00:00,38.4,17,1002.3,9.7,22.0,0.0,68
2024-05-05 11:00:00,38.4,16,1001.8,9.5,21.6,0.0,0
2024-05-05 12:00:00,38.2,16,1001.5,7.4,20.2,0.0,0
2024-05-05 13:00:00,37.9,16,1002.1,9.6,18.4,0.0,17
2024-05-05 14:00:00,36.8,19,1002.4,3.8,15.8,0.0,20
2024-05-05 15:00:00,36.4,19,1002.8,2.5,4.7,0.0,15
2024-05-05 16:00:00,34.6,22,1003.4,5.1,5.4,0.0,20
2024-05-05 17:00:00,33.4,22,1003.8,8.4,10.1,0.0,18
2024-05-05 18:00:00,32.1,25,1003.7,5.9,10.1,0.0,0
2024-05-05 19:00:00,31.6,23,1003.4,10.2,12.6,0.0,0
2024-05-05 20:00:00,30.5,24,1003.0,8.2,13.0,0.0,0
2024-05-05 21:00:00,29.9,24,1002.9,10.1,11.2,0.0,0
2024-05-05 22:00:00,29.3,26,1003.1,10.1,14.0,0.0,0
2024-05-05 23:00:00,28.9,27,1003.4,17.7,23.8,0.0,0
2024-05-06 00:00:00,28.5,31,1003.8,17.3,24.8,0.0,0
2024-05-06 01:00:00,27.7,37,1004.4,14.3,19.4,0.0,0
2024-05-06 02:00:00,29.0,38,1005.3,13.0,19.4,0.0,0
2024-05-06 03:00:00,31.1,40,1005.8,12.0,19.8,0.0,0
2024-05-06 04:00:00,33.6,35,1006.2,11.9,22.0,0.0,0
2024-05-06 05:00:00,35.9,28,1006.2,10.5,22.0,0.0,0
2024-05-06 06:00:00,37.7,22,1006.0,9.9,22.0,0.0,3
2024-05-06 07:00:00,39.0,17,1005.3,9.1,22.0,0.0,12
2024-05-06 08:00:00,39.7,15,1004.6,9.9,22.0,0.0,21
2024-05-06 09:00:00,39.9,15,1003.7,9.6,22.3,0.0,2
2024-05-06 10:00:00,40.3,14,1003.0,9.9,21.6,0.0,2
2024-05-06 11:00:00,40.3,14,1002.4,12.1,22.7,0.0,2
2024-05-06 12:00:00,39.9,14,1002.3,15.0,24.5,0.0,1
2024-05-06 13:00:00,39.6,14,1002.6,16.5,24.8,0.0,1
2024-05-06 14:00:00,38.2,16,1003.2,15.5,24.8,0.0,3
2024-05-06 15:00:00,37.0,16,1003.6,17.9,26.6,0.0,5
2024-05-06 16:00:00,35.6,18,1004.0,10.2,24.8,0.0,2
2024-05-06 17:00:00,34.2,20,1004.4,11.9,15.8,0.0,0
2024-05-06 18:00:00,33.9,20,1004.4,14.5,19.4,0.0,0
2024-05-06 19:00:00,33.4,22,1004.3,18.6,25.6,0.0,0
2024-05-06 20:00:00,33.0,24,1003.7,18.5,25.9,0.0,0
2024-05-06 21:00:00,32.4,24,1003.3,16.4,25.6,0.0,0
2024-05-06 22:00:00,31.6,25,1003.3,14.2,22.3,0.0,0
2024-05-06 23:00:00,30.9,26,1003.5,14.3,19.1,0.0,0
2024-05-07 00:00:00,30.1,27,1004.3,17.9,24.5,0.0,0
2024-05-07 01:00:00,30.1,35,1004.7,17.1,26.6,0.0,0
2024-05-07 02:00:00,31.0,36,1005.5,14.0,23.8,0.0,0
2024-05-07 03:00:00,33.1,36,1006.2,15.1,24.1,0.0,0
2024-05-07 04:00:00,35.9,30,1006.4,16.3,27.7,0.0,0
2024-05-07 05:00:00,38.6,23,1006.3,17.3,29.5,0.0,4
2024-05-07 06:00:00,40.5,16,1006.1,13.3,30.2,0.0,34
2024-05-07 07:00:00,41.4,14,1005.5,10.3,25.9,0.0,19
2024-05-07 08:00:00,42.2,13,1004.9,11.6,24.1,0.0,1
2024-05-07 09:00:00,42.7,13,1004.0,13.4,25.9,0.0,3
2024-05-07 10:00:00,42.8,12,1003.2,15.2,27.7,0.0,17
2024-05-07 11:00:00,42.6,13,1002.9,15.0,27.7,0.0,11
2024-05-07 12:00:00,42.1,13,1002.7,14.5,26.3,0.0,10
2024-05-07 13:00:00,41.2,14,1003.5,15.7,25.2,0.0,20
2024-05-07 14:00:00,40.2,14,1003.8,15.1,23.8,0.0,11
2024-05-07 15:00:00,38.8,16,1004.3,18.5,25.9,0.0,0
2024-05-07 16:00:00,37.8,17,1004.9,19.5,27.4,0.0,0
2024-05-07 17:00:00,36.6,17,1005.4,16.9,27.4,0.0,2
2024-05-07 18:00:00,35.5,18,1005.4,12.9,23.4,0.0,0
2024-05-07 19:00:00,34.7,19,1004.8,11.0,17.3,0.0,0
2024-05-07 20:00:00,33.7,20,1004.2,11.3,13.7,0.0,0
2024-05-07 21:00:00,32.5,22,1003.8,13.1,15.8,0.0,0
2024-05-07 22:00:00,31.8,23,1004.0,18.8,26.3,0.0,0
2024-05-07 23:00:00,30.9,27,1004.3,17.1,26.6,0.0,0
2024-05-08 00:00:00,30.0,32,1004.9,18.2,25.6,0.0,0
2024-05-08 01:00:00,29.4,34,1005.7,19.1,27.7,0.0,0
2024-05-08 02:00:00,30.6,33,1006.3,16.7,26.6,0.0,0
2024-05-08 03:00:00,33.1,30,1006.3,15.3,24.5,0.0,0
2024-05-08 04:00:00,35.8,23,1006.6,15.9,27.0,0.0,0
2024-05-08 05:00:00,38.3,19,1006.2,15.6,28.1,0.0,0
2024-05-08 06:00:00,40.5,15,1005.7,14.7,28.1,0.0,0
2024-05-08 07:00:00,41.8,13,1005.0,9.5,27.4,0.0,0
2024-05-08 08:00:00,42.4,11,1004.0,3.7,21.6,0.0,1
2024-05-08 09:00:00,42.7,11,1002.9,3.3,15.1,0.0,2
2024-05-08 10:00:00,42.8,10,1002.3,4.4,14.8,0.0,1
2024-05-08 11:00:00,42.6,10,1001.7,5.5,15.1,0.0,1
2024-05-08 12:00:00,42.2,9,1001.4,4.7,14.8,0.0,1
2024-05-08 13:00:00,43.3,9,1001.8,9.8,13.7,0.0,4
2024-05-08 14:00:00,41.2,10,1001.5,18.8,25.6,0.0,0
2024-05-08 15:00:00,40.0,12,1002.1,19.0,28.4,0.0,0
2024-05-08 16:00:00,38.9,13,1002.9,18.2,26.3,0.0,0
2024-05-08 17:00:00,37.9,13,1003.0,18.7,25.9,0.0,0
2024-05-08 18:00:00,37.7,13,1002.4,17.4,25.9,0.0,0
2024-05-08 19:00:00,36.8,13,1002.3,16.3,23.4,0.0,0
2024-05-08 20:00:00,35.1,15,1001.7,17.2,22.3,0.0,0
2024-05-08 21:00:00,33.8,20,1001.9,22.0,35.6,0.0,0
2024-05-08 22:00:00,32.4,27,1002.1,16.9,31.0,0.0,0
2024-05-08 23:00:00,31.5,31,1002.4,15.6,23.8,0.0,0
2024-05-09 00:00:00,30.8,34,1002.8,13.7,21.6,0.0,0
2024-05-09 01:00:00,30.3,44,1004.0,19.8,29.2,0.0,0
2024-05-09 02:00:00,31.6,42,1004.7,18.3,29.9,0.0,0
2024-05-09 03:00:00,34.2,35,1005.0,20.1,30.2,0.0,0
2024-05-09 04:00:00,37.1,25,1004.9,23.8,37.1,0.0,0
2024-05-09 05:00:00,39.4,19,1004.3,26.3,41.0,0.0,0
2024-05-09 06:00:00,41.3,15,1003.8,26.6,43.2,0.0,0
2024-05-09 07:00:00,42.4,13,1003.7,23.0,42.8,0.0,26
2024-05-09 08:00:00,42.9,11,1002.9,17.3,38.5,0.0,30
2024-05-09 09:00:00,43.4,11,1002.0,14.8,30.6,0.0,6
2024-05-09 10:00:00,43.6,11,1001.3,15.3,28.1,0.0,2
2024-05-09 11:00:00,43.4,11,1000.6,16.1,28.1,0.0,2
2024-05-09 12:00:00,42.8,12,1000.8,17.7,28.4,0.0,10
2024-05-09 13:00:00,42.7,10,1001.0,18.8,27.4,0.0,5
2024-05-09 14:00:00,40.6,11,1001.1,17.9,27.4,0.0,2
2024-05-09 15:00:00,38.9,13,1001.8,16.9,24.8,0.0,0
2024-05-09 16:00:00,37.9,16,1002.7,21.3,29.5,0.0,0
2024-05-09 17:00:00,36.9,18,1002.8,22.9,32.0,0.0,0
2024-05-09 18:00:00,36.2,18,1002.8,23.2,33.5,0.0,0
2024-05-09 19:00:00,35.9,19,1003.0,27.4,37.1,0.0,0
2024-05-09 20:00:00,34.2,28,1003.1,27.1,42.5,0.0,0
2024-05-09 21:00:00,33.2,32,1002.9,25.3,38.5,0.0,0
2024-05-09 22:00:00,32.5,35,1002.8,26.0,37.1,0.0,0
2024-05-09 23:00:00,31.6,38,1003.0,24.4,37.1,0.0,0
2024-05-10 00:00:00,30.7,40,1003.7,20.7,34.2,0.0,0
2024-05-10 01:00:00,30.5,47,1005.4,21.5,32.4,0.0,25
2024-05-10 02:00:00,31.2,43,1005.9,17.4,30.6,0.0,15
2024-05-10 03:00:00,32.8,38,1006.6,18.6,29.2,0.0,15
2024-05-10 04:00:00,34.9,32,1006.8,18.8,30.6,0.0,10
2024-05-10 05:00:00,37.3,26,1006.4,21.1,34.6,0.0,13
2024-05-10 06:00:00,39.3,21,1006.0,22.7,37.8,0.0,5
2024-05-10 07:00:00,40.9,18,1005.6,21.8,38.2,0.0,1
2024-05-10 08:00:00,41.7,16,1004.8,19.9,37.1,0.0,25
2024-05-10 09:00:00,41.9,15,1003.6,18.1,34.6,0.0,23
2024-05-10 10:00:00,42.2,15,1002.7,17.6,31.7,0.0,30
2024-05-10 11:00:00,41.9,15,1002.1,21.4,34.2,0.0,37
2024-05-10 12:00:00,41.3,15,1002.1,22.5,35.6,0.0,19
2024-05-10 13:00:00,40.9,14,1003.3,21.7,32.0,0.0,1
2024-05-10 14:00:00,39.3,16,1003.7,15.1,31.3,0.0,0
2024-05-10 15:00:00,37.8,18,1004.6,12.1,20.5,0.0,6
2024-05-10 16:00:00,36.9,20,1005.9,14.5,20.2,0.0,15
2024-05-10 17:00:00,36.0,22,1006.1,16.5,22.0,0.0,8
2024-05-10 18:00:00,35.0,25,1006.4,22.3,31.0,0.0,0
2024-05-10 19:00:00,33.6,30,1006.5,26.2,37.4,0.0,0
2024-05-10 20:00:00,32.3,34,1006.4,24.5,37.4,0.0,0
2024-05-10 21:00:00,31.2,37,1006.4,21.0,34.9,0.0,1
2024-05-10 22:00:00,30.3,40,1006.9,17.6,29.5,0.0,22
2024-05-10 23:00:00,29.5,44,1007.3,5.5,24.8,0.0,1
2024-05-11 00:00:00,28.8,45,1007.6,7.2,9.4,0.0,0
2024-05-11 01:00:00,28.8,52,1009.6,11.6,15.8,0.0,16
2024-05-11 02:00:00,29.7,50,1009.9,11.7,18.0,0.0,17
2024-05-11 03:00:00,30.3,50,1010.4,11.7,20.9,0.0,2
2024-05-11 04:00:00,31.6,46,1010.5,9.4,20.9,0.0,18
2024-05-11 05:00:00,33.5,40,1009.9,11.8,23.0,0.0,17
2024-05-11 06:00:00,35.7,30,1009.0,15.3,28.1,0.0,0
2024-05-11 07:00:00,37.6,25,1008.6,17.3,31.3,0.0,0
2024-05-11 08:00:00,39.0,22,1007.5,19.1,33.5,0.0,2
2024-05-11 09:00:00,39.5,20,1006.3,19.8,35.3,0.0,11
2024-05-11 10:00:00,40.1,19,1005.5,21.5,35.6,0.0,41
2024-05-11 11:00:00,39.9,18,1004.7,18.9,36.0,0.0,79
2024-05-11 12:00:00,39.5,17,1004.4,22.6,33.8,0.0,78
2024-05-11 13:00:00,39.8,15,1005.3,28.1,41.0,0.0,0
2024-05-11 14:00:00,38.5,17,1005.6,24.1,41.0,0.0,0
2024-05-11 15:00:00,37.2,19,1006.3,22.0,34.6,0.0,0
2024-05-11 16:00:00,35.8,22,1007.2,21.1,31.3,0.0,0
2024-05-11 17:00:00,34.8,24,1007.3,19.2,29.9,0.0,1
2024-05-11 18:00:00,34.1,26,1007.5,18.2,27.0,0.0,6
2024-05-11 19:00:00,33.4,27,1007.2,17.3,25.6,0.0,28
2024-05-11 20:00:00,32.3,30,1007.1,18.9,26.3,0.0,6
2024-05-11 21:00:00,31.4,35,1006.5,19.7,27.7,0.0,11
2024-05-11 22:00:00,30.5,34,1006.5,17.2,27.7,0.0,95
2024-05-11 23:00:00,29.7,35,1006.6,14.4,23.8,0.0,62
2024-05-12 00:00:00,29.1,36,1007.3,13.1,20.2,0.0,0
2024-05-12 01:00:00,27.9,53,1008.8,14.0,19.8,0.0,2
2024-05-12 02:00:00,29.0,54,1009.3,12.0,19.8,0.0,0
2024-05-12 03:00:00,30.9,52,1009.9,14.8,24.1,0.0,0
2024-05-12 04:00:00,33.0,47,1010.1,15.5,27.0,0.0,0
2024-05-12 05:00:00,35.2,38,1009.4,16.4,29.2,0.0,0
2024-05-12 06:00:00,36.8,30,1008.7,17.5,31.3,0.0,0
2024-05-12 07:00:00,38.2,25,1008.0,20.2,36.7,0.0,6
2024-05-12 08:00:00,39.5,21,1007.1,23.0,39.2,0.0,24
2024-05-12 09:00:00,40.2,17,1006.0,24.9,40.7,0.0,16
2024-05-12 10:00:00,40.5,15,1005.2,25.6,41.8,0.0,1
2024-05-12 11:00:00,40.5,13,1004.7,23.2,41.4,0.0,22
2024-05-12 12:00:00,40.0,13,1004.4,24.0,37.1,0.0,33
2024-05-12 13:00:00,39.3,14,1005.5,21.7,33.1,0.0,83
2024-05-12 14:00:00,37.6,16,1006.0,18.4,32.0,0.0,18
2024-05-12 15:00:00,36.4,17,1006.6,17.7,26.3,0.0,0
2024-05-12 16:00:00,35.5,18,1007.2,16.4,24.8,0.0,0
2024-05-12 17:00:00,34.4,20,1007.2,14.8,22.7,0.0,0
2024-05-12 18:00:00,33.4,22,1007.2,14.8,20.2,0.0,0
2024-05-12 19:00:00,32.6,24,1007.1,15.3,20.5,0.0,0
2024-05-12 20:00:00,31.9,26,1006.7,17.1,23.8,0.0,0
2024-05-12 21:00:00,31.0,29,1006.5,16.9,24.1,0.0,0
2024-05-12 22:00:00,30.6,30,1006.6,17.0,23.4,0.0,0
2024-05-12 23:00:00,29.9,33,1006.6,18.9,26.3,0.0,0
2024-05-13 00:00:00,28.8,36,1007.3,19.3,27.0,0.0,0
2024-05-13 01:00:00,28.6,50,1008.6,17.1,24.5,0.0,0
2024-05-13 02:00:00,29.6,53,1009.6,7.2,24.1,0.0,0
2024-05-13 03:00:00,31.2,52,1009.8,6.5,13.7,0.0,0
2024-05-13 04:00:00,33.9,45,1009.9,9.9,19.8,0.0,0
2024-05-13 05:00:00,36.2,33,1009.1,11.0,22.7,0.0,0
2024-05-13 06:00:00,37.6,26,1008.5,8.7,23.0,0.0,3
2024-05-13 07:00:00,38.8,21,1008.1,7.1,20.5,0.0,26
2024-05-13 08:00:00,39.5,18,1007.4,5.0,19.1,0.0,40
2024-05-13 09:00:00,40.2,16,1006.6,5.2,16.6,0.0,72
2024-05-13 10:00:00,40.6,14,1005.6,9.0,18.7,0.0,55
2024-05-13 11:00:00,41.1,13,1005.0,15.6,26.6,0.0,74
2024-05-13 12:00:00,40.5,12,1005.0,16.8,27.4,0.0,67
2024-05-13 13:00:00,40.9,10,1005.3,18.4,27.0,0.0,22
2024-05-13 14:00:00,39.5,11,1005.7,14.2,27.0,0.0,78
2024-05-13 15:00:00,37.3,14,1006.3,6.3,19.4,0.0,15
2024-05-13 16:00:00,35.5,15,1006.9,7.0,7.2,0.0,4
2024-05-13 17:00:00,33.9,16,1007.0,6.8,11.5,0.0,14
2024-05-13 18:00:00,33.7,15,1007.4,10.3,11.9,0.0,8
2024-05-13 19:00:00,33.0,16,1007.3,10.3,15.8,0.0,7
2024-05-13 20:00:00,32.1,17,1006.7,9.7,13.0,0.0,0
2024-05-13 21:00:00,31.7,17,1006.6,11.4,16.2,0.0,0
2024-05-13 22:00:00,30.5,21,1007.2,18.1,25.6,0.0,0
2024-05-13 23:00:00,29.5,24,1006.8,13.0,25.2,0.0,0
2024-05-14 00:00:00,28.4,26,1007.2,12.7,18.0,0.0,0
2024-05-14 01:00:00,28.8,49,1010.0,17.8,26.3,0.0,5
2024-05-14 02:00:00,29.5,53,1010.4,15.1,25.6,0.0,1
2024-05-14 03:00:00,31.2,51,1011.1,20.3,31.3,0.0,0
2024-05-14 04:00:00,33.5,43,1011.1,21.7,34.6,0.0,0
2024-05-14 05:00:00,35.7,35,1010.3,23.9,38.5,0.0,0
2024-05-14 06:00:00,37.7,28,1009.8,23.4,39.6,0.0,0
2024-05-14 07:00:00,39.3,21,1009.4,19.0,38.9,0.0,5
2024-05-14 08:00:00,40.2,17,1008.6,11.5,33.5,0.0,20
2024-05-14 09:00:00,40.6,14,1007.4,7.2,24.1,0.0,67
2024-05-14 10:00:00,40.8,13,1006.4,9.8,20.5,0.0,56
2024-05-14 11:00:00,40.9,14,1005.7,11.8,22.3,0.0,27
2024-05-14 12:00:00,40.8,14,1005.8,12.6,22.3,0.0,60
2024-05-14 13:00:00,40.8,12,1006.6,16.3,23.8,0.0,45
2024-05-14 14:00:00,39.4,13,1006.6,12.1,24.1,0.0,56
2024-05-14 15:00:00,37.4,18,1007.0,20.7,29.2,0.0,100
2024-05-14 16:00:00,36.6,18,1007.3,13.2,29.5,0.0,27
2024-05-14 17:00:00,35.6,19,1007.4,18.9,25.6,0.0,4
2024-05-14 18:00:00,35.4,21,1007.5,19.9,28.8,0.0,0
2024-05-14 19:00:00,33.7,24,1007.4,18.0,27.7,0.0,0
2024-05-14 20:00:00,33.0,25,1007.1,17.1,25.2,0.0,0
2024-05-14 21:00:00,32.4,26,1006.8,19.6,27.4,0.0,0
2024-05-14 22:00:00,31.9,27,1006.8,19.0,28.4,0.0,0
2024-05-14 23:00:00,31.3,28,1006.8,20.1,27.7,0.0,0
2024-05-15 00:00:00,30.7,29,1007.6,20.9,29.5,0.0,0
2024-05-15 01:00:00,29.2,42,1009.2,18.2,25.2,0.0,0
2024-05-15 02:00:00,30.5,43,1009.8,17.7,27.7,0.0,0
2024-05-15 03:00:00,33.0,42,1010.4,17.8,27.4,0.0,0
2024-05-15 04:00:00,35.9,36,1010.4,19.5,31.0,0.0,0
2024-05-15 05:00:00,38.6,25,1009.8,19.1,32.8,0.0,0
2024-05-15 06:00:00,40.5,15,1009.1,12.6,32.4,0.0,26
2024-05-15 07:00:00,41.2,13,1008.6,8.7,24.5,0.0,15
2024-05-15 08:00:00,42.0,13,1007.6,12.6,24.5,0.0,58
2024-05-15 09:00:00,42.0,12,1006.7,16.0,28.8,0.0,34
2024-05-15 10:00:00,42.2,11,1005.8,17.7,30.6,0.0,40
2024-05-15 11:00:00,42.0,11,1005.5,19.0,31.7,0.0,26
2024-05-15 12:00:00,41.4,11,1005.6,19.5,31.3,0.0,15
2024-05-15 13:00:00,40.4,12,1006.5,17.6,28.8,0.0,32
2024-05-15 14:00:00,38.7,13,1007.0,15.0,25.6,0.0,27
2024-05-15 15:00:00,37.7,14,1007.4,15.5,21.6,0.0,0
2024-05-15 16:00:00,36.8,15,1007.9,12.2,21.2,0.0,1
2024-05-15 17:00:00,35.4,17,1008.1,12.2,15.8,0.0,0
2024-05-15 18:00:00,34.7,17,1008.3,14.3,19.1,0.0,0
2024-05-15 19:00:00,33.7,18,1008.2,15.8,21.2,0.0,0
2024-05-15 20:00:00,33.4,20,1008.1,24.1,32.8,0.0,0
2024-05-15 21:00:00,32.5,24,1008.1,26.9,38.2,0.0,0
2024-05-15 22:00:00,31.7,27,1008.1,25.8,38.5,0.0,0
2024-05-15 23:00:00,31.0,26,1008.2,23.3,36.4,0.0,0
2024-05-16 00:00:00,30.6,26,1008.4,22.2,33.1,0.0,0
2024-05-16 01:00:00,29.4,40,1009.4,15.8,26.3,0.0,0
2024-05-16 02:00:00,30.4,39,1010.1,15.3,22.0,0.0,0
2024-05-16 03:00:00,32.9,35,1010.4,13.2,22.3,0.0,0
2024-05-16 04:00:00,35.8,28,1010.5,15.8,25.9,0.0,0
2024-05-16 05:00:00,37.9,23,1010.2,16.2,27.7,0.0,0
2024-05-16 06:00:00,39.9,18,1009.3,16.6,28.8,0.0,0
2024-05-16 07:00:00,41.2,14,1008.3,12.0,29.2,0.0,14
2024-05-16 08:00:00,41.9,12,1007.3,9.8,24.8,0.0,4
2024-05-16 09:00:00,42.7,11,1006.2,10.5,22.0,0.0,6
2024-05-16 10:00:00,43.0,10,1005.1,11.5,22.7,0.0,4
2024-05-16 11:00:00,43.0,10,1004.5,15.3,25.6,0.0,10
2024-05-16 12:00:00,42.4,11,1004.3,20.0,31.0,0.0,27
2024-05-16 13:00:00,41.2,13,1004.6,16.9,27.0,0.0,75
2024-05-16 14:00:00,39.1,15,1004.9,13.8,24.1,0.0,67
2024-05-16 15:00:00,37.8,16,1005.6,13.8,18.7,0.0,54
2024-05-16 16:00:00,36.5,18,1006.4,13.6,18.7,0.0,14
2024-05-16 17:00:00,35.7,19,1006.8,14.0,18.7,0.0,1
2024-05-16 18:00:00,35.3,19,1006.5,14.4,19.1,0.0,0
2024-05-16 19:00:00,34.2,20,1005.9,15.5,19.8,0.0,0
2024-05-16 20:00:00,33.3,21,1005.8,18.7,26.6,0.0,0
2024-05-16 21:00:00,32.5,22,1005.7,16.9,25.9,0.0,0
2024-05-16 22:00:00,32.2,22,1005.9,20.1,27.4,0.0,0
2024-05-16 23:00:00,31.4,23,1006.2,19.5,28.4,0.0,0
2024-05-17 00:00:00,30.8,24,1006.3,18.4,27.0,0.0,0
2024-05-17 01:00:00,29.4,35,1006.9,13.0,19.8,0.0,0
2024-05-17 02:00:00,31.0,34,1007.4,11.2,16.9,0.0,0
2024-05-17 03:00:00,33.5,29,1007.6,9.4,16.6,0.0,0
2024-05-17 04:00:00,35.9,24,1007.5,11.2,20.2,0.0,0
2024-05-17 05:00:00,38.4,20,1007.4,10.5,20.5,0.0,0
2024-05-17 06:00:00,40.5,17,1006.8,10.7,21.6,0.0,0
2024-05-17 07:00:00,41.7,14,1006.0,5.8,21.6,0.0,24
2024-05-17 08:00:00,42.4,12,1005.0,0.4,16.6,0.0,7
2024-05-17 09:00:00,42.9,11,1003.8,0.7,11.9,0.0,15
2024-05-17 10:00:00,43.3,10,1002.8,2.0,11.9,0.0,3
2024-05-17 11:00:00,43.6,10,1002.2,6.1,14.8,0.0,9
2024-05-17 12:00:00,43.5,10,1001.9,11.7,19.8,0.0,19
2024-05-17 13:00:00,42.7,11,1002.3,5.1,13.0,0.0,61
2024-05-17 14:00:00,40.9,12,1002.9,8.6,10.8,0.0,46
2024-05-17 15:00:00,39.2,16,1003.4,5.2,11.5,0.0,52
2024-05-17 16:00:00,37.6,17,1004.1,7.2,7.6,0.0,41
2024-05-17 17:00:00,37.2,15,1004.5,11.8,14.8,0.0,25
2024-05-17 18:00:00,36.0,17,1004.4,11.4,15.5,0.0,9
2024-05-17 19:00:00,35.3,17,1004.4,16.7,22.0,0.0,1
2024-05-17 20:00:00,35.3,17,1004.1,24.8,34.2,0.0,1
2024-05-17 21:00:00,34.6,19,1003.9,26.4,39.2,0.0,0
2024-05-17 22:00:00,33.5,20,1003.9,21.8,37.4,0.0,0
2024-05-17 23:00:00,32.7,20,1003.9,20.5,30.6,0.0,0
2024-05-18 00:00:00,31.9,20,1004.2,19.9,28.8,0.0,0
2024-05-18 01:00:00,31.1,27,1004.8,16.4,23.4,0.0,2
2024-05-18 02:00:00,32.7,24,1005.1,15.6,22.3,0.0,0
2024-05-18 03:00:00,35.1,20,1005.3,17.4,25.6,0.0,0
2024-05-18 04:00:00,37.4,17,1005.3,21.5,33.5,0.0,0
2024-05-18 05:00:00,39.4,15,1005.1,22.7,36.4,0.0,6
2024-05-18 06:00:00,41.6,12,1004.6,24.5,39.2,0.0,22
2024-05-18 07:00:00,42.7,11,1003.7,22.3,39.6,0.0,43
2024-05-18 08:00:00,43.4,10,1002.9,16.6,36.7,0.0,21
2024-05-18 09:00:00,44.0,10,1001.6,15.5,29.5,0.0,6
2024-05-18 10:00:00,44.5,9,1000.6,19.5,32.0,0.0,2
2024-05-18 11:00:00,44.1,9,1000.0,24.9,38.5,0.0,10
2024-05-18 12:00:00,43.4,10,999.8,21.9,38.9,0.0,4
2024-05-18 13:00:00,42.8,10,999.9,13.4,20.9,0.0,50
2024-05-18 14:00:00,41.1,11,1000.3,13.8,19.4,0.0,31
2024-05-18 15:00:00,40.2,12,1000.8,15.6,21.6,0.0,40
2024-05-18 16:00:00,38.9,13,1001.4,14.0,21.6,0.0,38
2024-05-18 17:00:00,37.7,14,1001.9,15.5,20.9,0.0,8
2024-05-18 18:00:00,36.5,14,1002.1,20.3,27.4,0.0,0
2024-05-18 19:00:00,35.5,15,1002.3,28.2,41.0,0.0,44
2024-05-18 20:00:00,34.6,21,1001.8,21.3,39.2,0.0,0
2024-05-18 21:00:00,33.8,23,1001.5,19.2,29.9,0.0,0
2024-05-18 22:00:00,32.6,25,1001.8,17.3,26.6,0.0,0
2024-05-18 23:00:00,31.8,26,1001.9,18.0,26.6,0.0,0
2024-05-19 00:00:00,31.0,27,1002.2,16.1,25.2,0.0,0
2024-05-19 01:00:00,30.4,35,1002.8,11.5,18.0,0.0,0
2024-05-19 02:00:00,31.8,33,1003.3,10.0,15.8,0.0,0
2024-05-19 03:00:00,34.4,28,1003.6,8.1,15.1,0.0,0
2024-05-19 04:00:00,37.2,23,1003.6,9.4,18.0,0.0,0
2024-05-19 05:00:00,39.3,19,1003.5,8.4,19.1,0.0,0
2024-05-19 06:00:00,41.0,15,1002.9,8.9,19.1,0.0,1
2024-05-19 07:00:00,42.3,12,1002.1,16.6,30.2,0.0,27
2024-05-19 08:00:00,43.0,11,1001.2,20.2,34.2,0.0,13
2024-05-19 09:00:00,43.3,11,1000.4,22.1,36.7,0.0,15
2024-05-19 10:00:00,43.5,10,999.6,21.5,37.8,0.0,54
2024-05-19 11:00:00,43.4,9,998.9,16.5,35.6,0.0,75
2024-05-19 12:00:00,43.0,9,998.0,29.3,41.0,0.0,65
2024-05-19 13:00:00,41.9,11,999.2,13.2,25.2,0.0,42
2024-05-19 14:00:00,39.9,12,999.2,7.9,19.1,0.0,24
2024-05-19 15:00:00,37.7,15,999.8,7.7,10.1,0.0,14
2024-05-19 16:00:00,36.6,15,1000.6,9.7,10.4,0.0,0
2024-05-19 17:00:00,35.4,16,1001.3,9.8,15.1,0.0,0
2024-05-19 18:00:00,34.5,18,1001.4,10.3,13.0,0.0,0
2024-05-19 19:00:00,33.7,20,1001.1,11.3,14.0,0.0,0
2024-05-19 20:00:00,33.3,23,1000.6,14.8,19.4,0.0,0
2024-05-19 21:00:00,32.4,26,1000.5,15.8,22.0,0.0,0
2024-05-19 22:00:00,31.5,31,1000.7,17.4,24.1,0.0,0
2024-05-19 23:00:00,30.6,38,1001.1,19.8,27.7,0.0,0
2024-05-20 00:00:00,29.6,46,1001.7,19.7,28.4,0.0,0
2024-05-20 01:00:00,28.6,52,1002.2,17.6,26.3,0.0,30
2024-05-20 02:00:00,29.5,51,1002.7,15.8,25.6,0.0,39
2024-05-20 03:00:00,31.1,48,1003.2,18.4,28.1,0.0,38
2024-05-20 04:00:00,33.6,41,1003.4,19.5,31.3,0.0,23
2024-05-20 05:00:00,36.0,34,1003.5,20.4,33.5,0.0,30
2024-05-20 06:00:00,38.2,28,1003.2,21.9,36.0,0.0,5
2024-05-20 07:00:00,39.9,23,1002.4,21.9,36.7,0.0,0
2024-05-20 08:00:00,41.2,20,1001.6,23.7,38.9,0.0,0
2024-05-20 09:00:00,41.9,19,1000.4,27.5,43.2,0.0,26
2024-05-20 10:00:00,42.7,15,999.2,27.7,45.4,0.0,9
2024-05-20 11:00:00,43.3,12,998.5,26.2,44.3,0.0,7
2024-05-20 12:00:00,42.5,13,998.0,27.5,41.4,0.0,4
2024-05-20 13:00:00,41.5,11,999.5,25.5,42.8,0.0,2
2024-05-20 14:00:00,39.7,13,999.9,18.9,36.0,0.0,1
2024-05-20 15:00:00,38.0,14,1000.4,16.1,25.9,0.0,1
2024-05-20 16:00:00,36.8,16,1001.2,19.1,27.4,0.0,1
2024-05-20 17:00:00,35.3,19,1001.6,13.0,26.3,0.0,1
2024-05-20 18:00:00,34.0,21,1001.6,13.2,16.9,0.0,1
2024-05-20 19:00:00,33.5,21,1001.5,15.3,19.8,0.0,0
2024-05-20 20:00:00,32.7,27,1001.5,20.3,29.9,0.0,0
2024-05-20 21:00:00,31.4,43,1001.3,20.2,29.2,0.0,0
2024-05-20 22:00:00,30.6,48,1001.3,20.8,29.2,0.0,0
2024-05-20 23:00:00,30.2,49,1001.4,21.0,29.9,0.0,0
2024-05-21 00:00:00,29.7,48,1001.6,19.7,29.9,0.0,0
2024-05-21 01:00:00,28.3,63,1002.4,11.8,16.2,0.0,0
2024-05-21 02:00:00,29.5,60,1002.9,9.4,16.2,0.0,0
2024-05-21 03:00:00,31.9,50,1003.2,9.4,16.9,0.0,0
2024-05-21 04:00:00,34.4,41,1003.2,7.9,17.3,0.0,0
2024-05-21 05:00:00,36.7,32,1003.0,6.4,16.9,0.0,0
2024-05-21 06:00:00,39.0,25,1002.4,8.1,18.7,0.0,0
2024-05-21 07:00:00,40.7,19,1001.7,8.2,19.8,0.0,0
2024-05-21 08:00:00,41.7,16,1000.8,4.9,19.4,0.0,0
2024-05-21 09:00:00,42.3,14,1000.0,3.7,15.8,0.0,0
2024-05-21 10:00:00,42.8,13,999.4,6.4,16.6,0.0,1
2024-05-21 11:00:00,43.0,12,999.0,8.4,18.0,0.0,4
2024-05-21 12:00:00,43.0,11,998.6,8.0,18.0,0.0,0
2024-05-21 13:00:00,42.9,12,999.2,1.9,7.6,0.0,1
2024-05-21 14:00:00,40.4,21,999.6,3.5,4.3,0.0,1
2024-05-21 15:00:00,38.4,23,1000.2,4.3,4.3,0.0,1
2024-05-21 16:00:00,37.4,17,1000.9,11.2,14.4,0.0,1
2024-05-21 17:00:00,36.9,16,1001.2,13.0,16.9,0.0,1
2024-05-21 18:00:00,35.5,18,1001.2,12.1,16.9,0.0,0
2024-05-21 19:00:00,34.7,18,1000.9,12.9,16.9,0.0,0
2024-05-21 20:00:00,34.2,18,1000.2,13.7,18.0,0.0,0
2024-05-21 21:00:00,32.7,22,1000.1,9.4,17.6,0.0,0
2024-05-21 22:00:00,34.2,19,1000.2,3.4,11.2,0.0,0
2024-05-21 23:00:00,31.9,24,1000.5,5.8,6.5,0.0,0
2024-05-22 00:00:00,30.5,25,1000.8,9.2,10.1,0.0,0
2024-05-22 01:00:00,32.0,24,1002.0,12.5,15.8,0.0,0
2024-05-22 02:00:00,33.7,23,1002.5,6.8,16.9,0.0,0
2024-05-22 03:00:00,36.5,21,1002.5,7.9,13.7,0.0,0
2024-05-22 04:00:00,38.8,19,1002.6,14.1,23.8,0.0,0
2024-05-22 05:00:00,40.7,17,1002.4,15.6,27.7,0.0,0
2024-05-22 06:00:00,42.4,14,1001.8,15.8,29.2,0.0,0
2024-05-22 07:00:00,43.8,12,1000.9,12.1,29.2,0.0,0
2024-05-22 08:00:00,44.6,10,1000.1,7.9,24.8,0.0,0
2024-05-22 09:00:00,45.1,9,999.1,7.7,19.8,0.0,0
2024-05-22 10:00:00,45.3,9,998.4,10.6,21.6,0.0,0
2024-05-22 11:00:00,45.1,9,997.9,18.0,29.2,0.0,9
2024-05-22 12:00:00,44.2,9,997.5,19.7,32.4,0.0,5
2024-05-22 13:00:00,43.8,10,998.4,16.8,29.5,0.0,100
2024-05-22 14:00:00,42.2,13,998.4,7.3,24.1,0.0,76
2024-05-22 15:00:00,40.3,14,998.8,8.7,10.8,0.0,98
2024-05-22 16:00:00,39.3,18,999.7,2.8,10.8,0.0,100
2024-05-22 17:00:00,37.6,17,1000.0,10.7,12.2,0.0,92
2024-05-22 18:00:00,36.8,16,999.9,9.8,15.5,0.0,0
2024-05-22 19:00:00,36.6,14,999.4,12.4,15.1,0.0,0
2024-05-22 20:00:00,34.7,16,998.5,9.7,15.5,0.0,0
2024-05-22 21:00:00,34.5,18,998.4,6.9,11.2,0.0,0
2024-05-22 22:00:00,36.6,14,998.5,3.6,9.7,0.0,0
2024-05-22 23:00:00,32.7,17,999.4,20.4,26.3,0.0,0
2024-05-23 00:00:00,32.4,19,999.7,16.0,29.5,0.0,0
2024-05-23 01:00:00,30.9,28,1000.6,7.6,20.2,0.0,2
2024-05-23 02:00:00,33.3,24,1001.1,8.7,11.5,0.0,6
2024-05-23 03:00:00,35.7,22,1001.3,7.9,15.1,0.0,0
2024-05-23 04:00:00,38.8,19,1001.2,7.3,15.8,0.0,0
2024-05-23 05:00:00,41.3,15,1001.2,6.6,16.9,0.0,0
2024-05-23 06:00:00,43.0,12,1000.8,7.2,18.0,0.0,0
2024-05-23 07:00:00,44.2,11,1000.1,8.4,19.8,0.0,0
2024-05-23 08:00:00,45.1,9,999.2,7.6,20.2,0.0,0
2024-05-23 09:00:00,45.3,8,998.2,7.3,19.4,0.0,0
2024-05-23 10:00:00,45.2,8,997.5,7.1,19.1,0.0,0
2024-05-23 11:00:00,44.6,8,997.1,4.9,18.0,0.0,0
2024-05-23 12:00:00,44.4,7,996.6,5.5,14.4,0.0,0
2024-05-23 13:00:00,44.3,8,997.3,10.6,27.4,0.0,100
2024-05-23 14:00:00,43.1,9,997.5,8.9,15.8,0.0,85
2024-05-23 15:00:00,41.6,10,997.6,6.8,12.2,0.0,23
2024-05-23 16:00:00,39.3,12,998.1,7.8,8.3,0.0,16
2024-05-23 17:00:00,38.0,12,998.3,8.8,11.5,0.0,1
2024-05-23 18:00:00,36.6,14,998.3,7.9,10.4,0.0,0
2024-05-23 19:00:00,36.5,14,998.0,5.9,9.0,0.0,0
2024-05-23 20:00:00,34.9,15,997.6,7.6,9.0,0.0,0
2024-05-23 21:00:00,37.7,11,997.3,3.3,9.0,0.0,0
2024-05-23 22:00:00,36.0,13,997.8,3.3,7.6,0.0,0
2024-05-23 23:00:00,33.2,16,998.3,14.8,20.2,0.0,0
2024-05-24 00:00:00,33.4,17,998.5,5.8,19.4,0.0,0
2024-05-24 01:00:00,30.9,35,999.0,11.8,20.9,0.0,0
2024-05-24 02:00:00,32.1,44,999.9,10.2,15.8,0.0,0
2024-05-24 03:00:00,34.8,42,1000.1,7.2,15.5,0.0,0
2024-05-24 04:00:00,38.5,31,1000.1,4.4,15.5,0.0,0
2024-05-24 05:00:00,41.1,21,1000.1,5.0,14.4,0.0,0
2024-05-24 06:00:00,43.3,14,999.8,1.9,14.4,0.0,0
2024-05-24 07:00:00,45.0,10,999.0,3.4,14.4,0.0,0
2024-05-24 08:00:00,45.8,8,998.3,2.3,14.4,0.0,3
2024-05-24 09:00:00,47.1,7,997.1,5.8,15.8,0.0,66
2024-05-24 10:00:00,48.3,6,995.5,24.9,36.4,0.0,100
2024-05-24 11:00:00,45.9,8,995.6,31.5,55.4,0.0,39
2024-05-24 12:00:00,46.5,7,995.3,6.9,47.5,0.0,71
2024-05-24 13:00:00,45.2,8,996.3,12.5,19.1,0.0,22
2024-05-24 14:00:00,43.0,9,996.8,9.1,19.1,0.0,21
2024-05-24 15:00:00,40.6,10,997.3,7.7,11.5,0.0,16
2024-05-24 16:00:00,39.5,12,997.9,7.8,9.0,0.0,0
2024-05-24 17:00:00,38.1,13,998.1,8.2,9.7,0.0,0
2024-05-24 18:00:00,36.9,13,998.4,9.5,11.9,0.0,0
2024-05-24 19:00:00,36.8,14,998.3,4.7,11.5,0.0,0
2024-05-24 20:00:00,34.8,16,998.4,7.2,9.0,0.0,0
2024-05-24 21:00:00,37.2,13,998.1,0.0,8.3,0.0,0
2024-05-24 22:00:00,33.7,16,998.3,10.9,9.0,0.0,0
2024-05-24 23:00:00,33.4,19,998.4,17.3,23.0,0.0,0
2024-05-25 00:00:00,32.4,31,998.9,19.7,27.4,0.0,0
2024-05-25 01:00:00,32.1,41,999.6,16.4,26.6,0.0,0
2024-05-25 02:00:00,33.6,41,1000.4,15.1,23.4,0.0,0
2024-05-25 03:00:00,36.1,37,1000.7,10.1,22.0,0.0,0
2024-05-25 04:00:00,38.8,31,1000.9,10.4,19.8,0.0,0
2024-05-25 05:00:00,41.0,25,1001.0,10.0,20.9,0.0,0
2024-05-25 06:00:00,42.6,21,1000.6,9.6,22.7,0.0,0
2024-05-25 07:00:00,44.0,17,1000.0,3.4,21.2,0.0,15
2024-05-25 08:00:00,45.2,12,999.2,4.6,15.1,0.0,20
2024-05-25 09:00:00,45.8,11,998.4,8.2,19.1,0.0,21
2024-05-25 10:00:00,46.0,10,997.7,12.6,24.1,0.0,20
2024-05-25 11:00:00,45.8,10,997.2,12.3,25.2,0.0,9
2024-05-25 12:00:00,45.9,10,996.8,12.3,23.4,0.0,22
2024-05-25 13:00:00,45.5,9,997.0,10.8,20.5,0.0,11
2024-05-25 14:00:00,43.7,10,997.3,25.7,34.2,0.0,0
2024-05-25 15:00:00,42.9,10,997.6,28.4,45.7,0.0,1
2024-05-25 16:00:00,41.7,11,998.4,15.0,39.6,0.0,7
2024-05-25 17:00:00,39.8,13,999.0,14.8,20.2,0.0,7
2024-05-25 18:00:00,38.6,14,999.3,13.5,20.9,0.0,0
2024-05-25 19:00:00,38.3,15,999.1,11.6,18.4,0.0,0
2024-05-25 20:00:00,37.4,16,998.6,6.0,14.8,0.0,0
2024-05-25 21:00:00,38.7,14,998.5,3.6,7.2,0.0,0
2024-05-25 22:00:00,35.2,18,998.7,14.6,17.3,0.0,0
2024-05-25 23:00:00,35.1,18,999.0,14.0,23.0,0.0,0
2024-05-26 00:00:00,34.4,20,999.4,14.8,19.8,0.0,0
2024-05-26 01:00:00,33.8,32,1000.2,19.5,24.8,0.0,0
2024-05-26 02:00:00,32.9,46,1001.1,16.6,31.3,0.0,0
2024-05-26 03:00:00,34.6,51,1001.1,16.8,25.6,0.0,0
2024-05-26 04:00:00,36.9,43,1001.4,20.1,32.8,0.0,1
2024-05-26 05:00:00,38.8,37,1001.2,19.9,33.1,0.0,1
2024-05-26 06:00:00,41.3,30,1000.5,16.9,33.1,0.0,0
2024-05-26 07:00:00,43.8,22,999.6,13.3,29.9,0.0,4
2024-05-26 08:00:00,45.7,13,998.8,15.8,29.2,0.0,21
2024-05-26 09:00:00,46.2,11,997.7,15.8,29.2,0.0,37
2024-05-26 10:00:00,46.4,10,996.9,15.7,28.4,0.0,36
2024-05-26 11:00:00,45.9,10,996.4,21.2,33.5,0.0,19
2024-05-26 12:00:00,45.3,10,995.8,16.7,33.8,0.0,10
2024-05-26 13:00:00,45.9,10,995.2,22.6,33.8,0.0,80
2024-05-26 14:00:00,44.5,9,995.6,23.2,32.4,0.0,1
2024-05-26 15:00:00,42.4,9,996.2,17.6,34.2,0.0,0
2024-05-26 16:00:00,40.6,10,996.5,15.5,24.5,0.0,0
2024-05-26 17:00:00,40.6,10,996.8,17.7,26.6,0.0,0
2024-05-26 18:00:00,39.1,11,996.9,16.1,24.1,0.0,0
2024-05-26 19:00:00,36.6,21,997.4,27.6,37.4,0.0,0
2024-05-26 20:00:00,36.3,31,996.8,30.3,44.3,0.0,0
2024-05-26 21:00:00,35.7,31,996.6,31.4,47.2,0.0,0
2024-05-26 22:00:00,34.7,34,996.5,29.5,44.6,0.0,0
2024-05-26 23:00:00,33.9,36,996.7,30.1,44.3,0.0,0
2024-05-27 00:00:00,33.0,37,997.0,27.7,42.8,0.0,0
2024-05-27 01:00:00,31.2,51,998.2,24.5,34.6,0.0,0
2024-05-27 02:00:00,32.3,48,998.3,21.8,34.6,0.0,0
2024-05-27 03:00:00,34.4,43,998.3,21.3,32.8,0.0,0
2024-05-27 04:00:00,37.4,31,998.2,25.2,38.5,0.0,0
2024-05-27 05:00:00,40.7,21,997.8,25.0,40.0,0.0,0
2024-05-27 06:00:00,43.6,14,997.2,25.2,40.0,0.0,0
2024-05-27 07:00:00,45.7,7,996.6,29.2,45.4,0.0,0
2024-05-27 08:00:00,46.5,6,995.8,29.0,45.7,0.0,0
2024-05-27 09:00:00,46.9,6,994.8,28.5,45.7,0.0,0
2024-05-27 10:00:00,47.0,5,994.1,29.6,46.1,0.0,0
2024-05-27 11:00:00,47.1,5,993.4,26.4,46.1,0.0,0
2024-05-27 12:00:00,47.0,4,992.9,27.0,40.7,0.0,0
2024-05-27 13:00:00,44.9,6,993.7,23.0,40.0,0.0,0
2024-05-27 14:00:00,43.2,6,994.1,24.2,34.6,0.0,0
2024-05-27 15:00:00,42.1,7,994.4,24.6,34.6,0.0,0
2024-05-27 16:00:00,41.5,7,995.1,22.4,35.3,0.0,0
2024-05-27 17:00:00,39.6,9,995.3,16.6,31.3,0.0,0
2024-05-27 18:00:00,37.7,10,995.3,13.5,22.3,0.0,0
2024-05-27 19:00:00,37.1,10,995.0,15.9,20.2,0.0,0
2024-05-27 20:00:00,36.0,15,995.2,28.0,36.4,0.0,0
2024-05-27 21:00:00,34.2,35,995.1,29.9,44.6,0.0,0
2024-05-27 22:00:00,33.5,37,994.9,28.9,42.8,0.0,0
2024-05-27 23:00:00,32.8,37,995.1,25.3,40.7,0.0,0
2024-05-28 00:00:00,32.1,39,995.1,23.8,36.0,0.0,0
2024-05-28 01:00:00,30.7,54,996.0,24.5,34.6,0.0,0
2024-05-28 02:00:00,31.5,54,996.6,21.5,37.8,0.0,0
2024-05-28 03:00:00,33.8,47,996.7,23.7,35.3,0.0,0
2024-05-28 04:00:00,36.8,37,996.8,25.5,38.9,0.0,0
2024-05-28 05:00:00,39.5,27,996.6,26.6,41.4,0.0,0
2024-05-28 06:00:00,41.5,21,996.1,27.5,43.2,0.0,0
2024-05-28 07:00:00,43.2,17,995.5,27.4,43.6,0.0,0
2024-05-28 08:00:00,44.8,12,994.9,26.0,43.6,0.0,0
2024-05-28 09:00:00,45.7,10,993.7,25.9,41.8,0.0,0
2024-05-28 10:00:00,46.2,8,992.7,25.3,41.4,0.0,0
2024-05-28 11:00:00,46.3,8,992.0,23.6,40.3,0.0,0
2024-05-28 12:00:00,46.0,7,991.7,21.6,36.7,0.0,0
2024-05-28 13:00:00,44.8,7,992.3,19.4,33.8,0.0,0
2024-05-28 14:00:00,42.3,7,992.8,20.0,27.7,0.0,0
2024-05-28 15:00:00,40.2,7,993.2,14.8,27.7,0.0,0
2024-05-28 16:00:00,38.4,8,993.7,15.3,19.8,0.0,0
2024-05-28 17:00:00,37.4,9,994.0,16.5,23.0,0.0,0
2024-05-28 18:00:00,37.0,9,994.0,16.4,22.3,0.0,0
2024-05-28 19:00:00,34.5,32,994.3,34.1,47.9,0.0,0
2024-05-28 20:00:00,33.3,44,994.3,29.0,48.6,0.0,0
2024-05-28 21:00:00,32.2,47,994.1,32.2,46.1,0.0,0
2024-05-28 22:00:00,31.1,50,994.1,30.4,46.1,0.0,0
2024-05-28 23:00:00,30.1,52,994.7,29.8,43.2,0.0,0
2024-05-29 00:00:00,29.2,56,995.3,29.7,42.5,0.0,0
2024-05-29 01:00:00,28.6,62,996.0,29.2,42.8,0.0,0
2024-05-29 02:00:00,29.3,62,996.6,26.9,41.8,0.0,0
2024-05-29 03:00:00,31.0,59,996.8,31.0,45.7,0.0,0
2024-05-29 04:00:00,33.1,53,997.0,31.5,47.9,0.0,0
2024-05-29 05:00:00,35.4,47,996.8,30.0,48.2,0.0,0
2024-05-29 06:00:00,37.8,38,996.3,28.0,46.8,0.0,0
2024-05-29 07:00:00,39.9,31,995.6,26.9,44.6,0.0,0
2024-05-29 08:00:00,41.6,26,995.2,25.5,43.2,0.0,0
2024-05-29 09:00:00,42.9,22,994.5,23.8,41.4,0.0,0
2024-05-29 10:00:00,43.7,18,994.0,22.0,39.2,0.0,0
2024-05-29 11:00:00,44.0,15,993.6,20.4,36.4,0.0,4
2024-05-29 12:00:00,43.8,14,993.4,19.4,32.8,0.0,0
2024-05-29 13:00:00,43.0,14,994.6,17.3,28.8,0.0,0
2024-05-29 14:00:00,41.3,16,994.7,12.0,25.2,0.0,0
2024-05-29 15:00:00,40.0,18,995.1,14.7,20.9,0.0,0
2024-05-29 16:00:00,38.5,22,995.6,17.6,23.8,0.0,0
2024-05-29 17:00:00,37.6,30,996.1,23.3,32.0,0.0,0
2024-05-29 18:00:00,36.1,38,996.7,32.6,43.9,0.0,0
2024-05-29 19:00:00,33.9,52,996.9,34.0,48.6,0.0,0
2024-05-29 20:00:00,32.5,55,996.8,38.0,54.7,0.0,0
2024-05-29 21:00:00,31.7,55,996.7,35.4,54.4,0.0,0
2024-05-29 22:00:00,30.7,59,997.0,32.4,50.4,0.0,0
2024-05-29 23:00:00,29.9,60,997.6,30.9,46.4,0.0,0
2024-05-30 00:00:00,29.0,65,997.9,29.7,44.3,0.0,0
2024-05-30 01:00:00,28.3,75,998.9,29.2,42.1,0.0,0
2024-05-30 02:00:00,28.7,76,999.3,29.7,43.2,0.0,0
2024-05-30 03:00:00,30.5,69,1000.0,29.0,44.6,0.0,0
2024-05-30 04:00:00,32.7,59,1000.2,31.3,47.5,0.0,0
2024-05-30 05:00:00,35.1,50,1000.0,31.7,49.3,0.0,0
2024-05-30 06:00:00,37.4,42,999.6,30.9,49.3,0.0,0
2024-05-30 07:00:00,39.4,35,999.2,30.1,48.6,0.0,0
2024-05-30 08:00:00,41.1,29,998.3,28.2,47.5,0.0,0
2024-05-30 09:00:00,42.5,24,997.6,27.0,45.4,0.0,0
2024-05-30 10:00:00,43.4,20,996.8,25.8,43.2,0.0,0
2024-05-30 11:00:00,43.7,16,996.7,25.5,41.0,0.0,5
2024-05-30 12:00:00,43.4,15,996.6,23.7,39.6,0.0,13
2024-05-30 13:00:00,42.1,17,997.9,23.2,34.6,0.0,0
2024-05-30 14:00:00,40.2,22,998.6,20.0,33.5,0.0,0
2024-05-30 15:00:00,39.1,24,999.5,19.2,28.1,0.0,0
2024-05-30 16:00:00,38.2,26,1000.0,19.7,27.4,0.0,0
2024-05-30 17:00:00,37.2,30,1000.4,21.2,29.9,0.0,0
2024-05-30 18:00:00,36.4,34,1000.6,23.6,33.5,0.0,0
2024-05-30 19:00:00,35.5,38,1000.5,26.8,36.7,0.0,0
2024-05-30 20:00:00,33.0,55,1000.5,32.4,45.4,0.0,0
2024-05-30 21:00:00,31.3,63,1000.3,33.3,47.5,0.0,0
2024-05-30 22:00:00,30.5,64,1000.2,33.0,47.9,0.0,0
2024-05-30 23:00:00,29.9,65,1000.3,31.0,47.5,0.0,0
2024-05-31 00:00:00,29.1,69,1000.6,29.5,44.6,0.0,0
2024-05-31 01:00:00,29.0,72,1001.4,27.6,40.0,0.0,0
2024-05-31 02:00:00,29.3,74,1001.9,26.3,40.0,0.0,0
2024-05-31 03:00:00,31.0,69,1002.3,28.2,42.5,0.0,0
2024-05-31 04:00:00,33.3,60,1002.3,31.2,47.2,0.0,0
2024-05-31 05:00:00,35.6,49,1002.3,33.2,50.8,0.0,0
2024-05-31 06:00:00,37.8,41,1001.7,33.0,51.5,0.0,0
2024-05-31 07:00:00,39.7,34,1001.0,31.6,51.1,0.0,0
2024-05-31 08:00:00,41.4,27,1000.1,30.3,49.7,0.0,0
2024-05-31 09:00:00,42.5,21,998.9,26.8,47.5,0.0,0
2024-05-31 10:00:00,43.1,17,998.1,25.7,43.2,0.0,8
2024-05-31 11:00:00,43.1,15,997.7,24.5,40.7,0.0,14
2024-05-31 12:00:00,42.5,16,997.5,24.6,38.5,0.0,27
2024-05-31 13:00:00,41.2,16,998.7,21.3,32.8,0.0,1
2024-05-31 14:00:00,39.5,21,999.0,18.0,31.0,0.0,0
2024-05-31 15:00:00,38.1,26,999.3,19.0,26.6,0.0,0
2024-05-31 16:00:00,37.1,30,1000.1,20.9,29.2,0.0,0
2024-05-31 17:00:00,36.2,35,1000.5,21.9,30.6,0.0,0
2024-05-31 18:00:00,35.2,40,1000.9,25.6,36.0,0.0,0
2024-05-31 19:00:00,33.7,47,1000.8,28.5,40.0,0.0,0
2024-05-31 20:00:00,32.1,54,1000.6,31.1,44.3,0.0,0
2024-05-31 21:00:00,30.3,64,1000.5,31.1,47.2,0.0,0
2024-05-31 22:00:00,29.1,71,1000.5,27.9,44.6,0.0,0
2024-05-31 23:00:00,28.2,76,1000.5,24.1,40.3,0.0,0
2024-06-01 00:00:00,27.4,80,1001.0,24.7,36.0,0.0,0
2024-06-01 01:00:00,27.6,79,1001.8,25.8,38.5,0.0,0
2024-06-01 02:00:00,28.2,76,1002.2,27.3,40.0,0.0,0
2024-06-01 03:00:00,29.8,66,1002.7,28.9,43.6,0.0,0
2024-06-01 04:00:00,31.9,55,1002.9,28.5,44.6,0.0,0
2024-06-01 05:00:00,34.1,45,1002.7,27.7,44.6,0.0,0
2024-06-01 06:00:00,36.2,37,1002.3,26.6,43.9,0.0,0
2024-06-01 07:00:00,38.0,31,1001.4,25.3,43.2,0.0,0
2024-06-01 08:00:00,39.3,27,1000.4,25.0,42.1,0.0,0
2024-06-01 09:00:00,40.2,25,999.6,24.0,41.4,0.0,0
2024-06-01 10:00:00,40.8,23,999.0,21.4,39.6,0.0,19
2024-06-01 11:00:00,41.2,21,998.5,19.9,36.0,0.0,35
2024-06-01 12:00:00,41.0,19,998.4,18.1,33.1,0.0,29
2024-06-01 13:00:00,40.2,20,999.2,16.5,25.9,0.0,31
2024-06-01 14:00:00,38.8,25,1000.0,20.6,29.2,0.0,39
2024-06-01 15:00:00,37.7,29,1000.5,17.6,29.2,0.0,11
2024-06-01 16:00:00,36.8,33,1000.9,16.6,24.8,0.0,4
2024-06-01 17:00:00,35.9,38,1001.5,20.0,28.4,0.0,8
2024-06-01 18:00:00,34.9,42,1001.7,20.9,29.5,0.0,3
2024-06-01 19:00:00,33.8,48,1001.5,22.0,31.3,0.0,0
2024-06-01 20:00:00,32.6,53,1001.3,24.2,34.2,0.0,0
2024-06-01 21:00:00,31.6,57,1001.7,26.4,37.4,0.0,0
2024-06-01 22:00:00,30.6,61,1001.9,26.8,38.5,0.0,0
2024-06-01 23:00:00,29.6,65,1002.4,25.7,38.5,0.0,0
2024-06-02 00:00:00,28.7,70,1002.7,24.4,36.7,0.0,0
2024-06-02 01:00:00,29.5,69,1003.5,20.3,28.8,0.0,2
2024-06-02 02:00:00,29.8,69,1004.4,24.5,36.4,0.0,0
2024-06-02 03:00:00,31.0,64,1004.8,25.1,38.5,0.0,0
2024-06-02 04:00:00,32.8,56,1005.0,26.9,42.1,0.0,0
2024-06-02 05:00:00,34.7,47,1004.8,27.1,43.6,0.0,0
2024-06-02 06:00:00,36.4,41,1004.4,26.2,43.6,0.0,0
2024-06-02 07:00:00,38.1,35,1003.5,24.5,42.5,0.0,0
2024-06-02 08:00:00,39.6,29,1002.5,22.6,40.7,0.0,0
2024-06-02 09:00:00,40.6,23,1001.8,18.4,38.5,0.0,21
2024-06-02 10:00:00,41.1,18,1001.2,12.7,32.8,0.0,15
2024-06-02 11:00:00,41.2,16,1000.8,8.4,24.5,0.0,5
2024-06-02 12:00:00,41.1,16,1000.4,7.6,18.4,0.0,5
2024-06-02 13:00:00,40.3,14,1001.5,12.2,20.5,0.0,1
2024-06-02 14:00:00,38.9,15,1001.7,11.3,19.1,0.0,0
2024-06-02 15:00:00,37.5,17,1002.1,12.7,17.3,0.0,0
2024-06-02 16:00:00,36.4,19,1002.8,11.9,17.3,0.0,0
2024-06-02 17:00:00,35.2,22,1003.2,11.6,15.8,0.0,0
2024-06-02 18:00:00,34.3,25,1003.1,12.4,16.2,0.0,0
2024-06-02 19:00:00,33.8,29,1002.7,16.5,22.3,0.0,0
2024-06-02 20:00:00,33.4,32,1002.2,20.0,27.7,0.0,0
2024-06-02 21:00:00,32.5,40,1002.4,24.8,34.2,0.0,0
2024-06-02 22:00:00,31.2,55,1002.6,25.2,36.7,0.0,0
2024-06-02 23:00:00,30.5,59,1003.1,24.8,36.0,0.0,0
2024-06-03 00:00:00,29.8,62,1003.5,23.7,35.3,0.0,0
2024-06-03 01:00:00,29.3,66,1003.8,20.9,30.6,0.0,0
2024-06-03 02:00:00,30.3,61,1004.2,18.9,29.9,0.0,0
2024-06-03 03:00:00,32.8,49,1004.4,19.6,30.6,0.0,0
2024-06-03 04:00:00,35.7,34,1004.5,21.5,34.6,0.0,0
2024-06-03 05:00:00,37.5,30,1004.3,22.3,36.7,0.0,0
2024-06-03 06:00:00,38.7,28,1004.0,22.9,37.8,0.0,0
2024-06-03 07:00:00,39.7,26,1003.3,25.0,41.0,0.0,0
2024-06-03 08:00:00,40.9,21,1002.4,25.0,41.8,0.0,0
2024-06-03 09:00:00,41.7,17,1001.5,23.4,41.4,0.0,0
2024-06-03 10:00:00,42.0,15,1000.8,21.9,38.9,0.0,1
2024-06-03 11:00:00,42.0,14,1000.1,21.1,36.4,0.0,3
2024-06-03 12:00:00,41.7,14,999.7,21.4,34.2,0.0,5
2024-06-03 13:00:00,40.1,17,1000.7,21.4,32.8,0.0,0
2024-06-03 14:00:00,38.9,18,1001.0,18.1,31.7,0.0,0
2024-06-03 15:00:00,37.6,20,1001.7,16.6,25.6,0.0,0
2024-06-03 16:00:00,36.6,21,1002.2,15.1,22.7,0.0,0
2024-06-03 17:00:00,35.6,22,1002.6,16.3,22.0,0.0,0
2024-06-03 18:00:00,34.7,23,1002.5,18.1,24.8,0.0,0
2024-06-03 19:00:00,34.2,24,1002.0,24.0,32.8,0.0,0
2024-06-03 20:00:00,32.7,34,1001.9,26.5,37.4,0.0,0
2024-06-03 21:00:00,31.2,46,1001.9,27.3,39.2,0.0,0
2024-06-03 22:00:00,30.0,55,1002.0,26.6,38.9,0.0,0
2024-06-03 23:00:00,28.9,62,1002.5,26.5,38.2,0.0,0
2024-06-04 00:00:00,27.8,65,1003.0,26.3,37.8,0.0,0
2024-06-04 01:00:00,27.9,71,1003.2,24.5,39.2,0.0,0
2024-06-04 02:00:00,28.4,69,1003.8,26.7,39.2,0.0,0
2024-06-04 03:00:00,29.9,62,1004.2,28.6,43.2,0.0,0
2024-06-04 04:00:00,32.1,51,1004.3,31.4,47.9,0.0,0
2024-06-04 05:00:00,34.6,39,1004.0,32.7,50.8,0.0,0
2024-06-04 06:00:00,37.1,27,1003.4,35.6,54.4,0.0,0
2024-06-04 07:00:00,39.0,19,1002.4,37.2,57.2,0.0,0
2024-06-04 08:00:00,40.2,17,1001.7,37.1,57.6,0.0,0
2024-06-04 09:00:00,40.9,17,1000.8,35.2,56.9,0.0,0
2024-06-04 10:00:00,41.1,17,999.9,33.1,54.4,0.0,0
2024-06-04 11:00:00,41.0,17,999.2,31.9,50.8,0.0,0
2024-06-04 12:00:00,40.6,18,999.0,30.9,48.6,0.0,0
2024-06-04 13:00:00,39.2,21,1000.1,27.3,43.2,0.0,0
2024-06-04 14:00:00,38.1,24,1000.1,21.7,40.0,0.0,0
2024-06-04 15:00:00,37.0,27,1000.7,20.7,31.0,0.0,0
2024-06-04 16:00:00,36.3,31,1001.1,21.9,31.0,0.0,0
2024-06-04 17:00:00,35.0,40,1001.9,26.0,36.4,0.0,0
2024-06-04 18:00:00,33.0,46,1002.6,31.1,43.9,0.0,0
2024-06-04 19:00:00,31.5,51,1003.0,33.5,49.0,0.0,0
2024-06-04 20:00:00,30.2,56,1003.1,29.8,47.9,0.0,0
2024-06-04 21:00:00,29.3,60,1002.8,29.0,42.5,0.0,0
2024-06-04 22:00:00,28.5,63,1002.4,27.7,42.1,0.0,0
2024-06-04 23:00:00,27.6,67,1002.7,25.0,39.6,0.0,0
2024-06-05 00:00:00,26.8,71,1003.2,26.9,38.2,0.0,0
2024-06-05 01:00:00,27.7,72,1003.2,27.5,39.6,0.0,0
2024-06-05 02:00:00,28.3,69,1003.7,32.2,46.4,0.0,0
2024-06-05 03:00:00,29.5,64,1004.1,36.7,53.6,0.0,0
2024-06-05 04:00:00,31.1,58,1004.2,40.0,59.4,0.0,0
2024-06-05 05:00:00,33.0,51,1003.8,40.5,61.6,0.0,0
2024-06-05 06:00:00,34.9,44,1003.2,38.8,61.6,0.0,0
2024-06-05 07:00:00,36.8,37,1002.5,37.5,59.0,0.0,0
2024-06-05 08:00:00,38.2,34,1001.5,37.1,58.0,0.0,0
2024-06-05 09:00:00,39.2,32,1000.6,35.6,57.2,0.0,0
2024-06-05 10:00:00,39.6,31,999.7,34.2,55.1,0.0,0
2024-06-05 11:00:00,39.6,31,999.0,32.6,52.9,0.0,0
2024-06-05 12:00:00,39.2,32,998.8,31.7,49.7,0.0,2
2024-06-05 13:00:00,37.8,34,999.9,32.1,50.0,0.0,25
2024-06-05 14:00:00,37.1,37,1000.6,28.1,46.8,0.0,49
2024-06-05 15:00:00,36.3,39,1001.3,24.1,40.3,0.0,4
2024-06-05 16:00:00,35.3,42,1002.0,22.2,34.6,0.0,0
2024-06-05 17:00:00,34.1,45,1002.4,23.2,32.8,0.0,0
2024-06-05 18:00:00,32.9,48,1002.9,24.9,34.9,0.0,0
2024-06-05 19:00:00,31.8,52,1003.1,28.9,41.0,0.0,0
2024-06-05 20:00:00,30.6,56,1003.1,31.1,44.6,0.0,0
2024-06-05 21:00:00,29.6,60,1002.9,33.2,47.9,0.0,0
2024-06-05 22:00:00,28.8,64,1003.4,29.7,47.9,0.0,0
2024-06-05 23:00:00,28.2,66,1004.0,27.2,42.5,0.0,0
2024-06-06 00:00:00,27.5,69,1004.2,29.0,41.4,0.0,0
2024-06-06 01:00:00,28.1,70,1006.0,14.7,32.4,0.0,0
2024-06-06 02:00:00,28.6,69,1006.1,22.4,32.8,0.0,0
2024-06-06 03:00:00,29.7,65,1006.3,25.7,38.9,0.0,0
2024-06-06 04:00:00,31.3,60,1006.5,27.1,42.1,0.0,0
2024-06-06 05:00:00,33.3,53,1006.2,26.6,42.5,0.0,0
2024-06-06 06:00:00,34.9,48,1005.8,23.0,42.5,0.0,0
2024-06-06 07:00:00,36.3,44,1005.7,16.6,38.5,0.0,0
2024-06-06 08:00:00,37.6,40,1004.4,19.1,33.5,0.0,0
2024-06-06 09:00:00,38.7,37,1003.4,21.4,36.4,0.0,0
2024-06-06 10:00:00,39.3,35,1002.6,20.2,36.4,0.0,0
2024-06-06 11:00:00,39.5,34,1002.0,18.4,34.6,0.0,0
2024-06-06 12:00:00,39.4,33,1001.2,18.0,31.3,0.0,0
2024-06-06 13:00:00,38.8,32,1002.5,13.5,22.7,0.0,70
2024-06-06 14:00:00,37.8,35,1003.1,12.3,21.6,0.0,94
2024-06-06 15:00:00,28.8,54,1004.7,30.7,64.4,0.1,32
2024-06-06 16:00:00,31.8,47,1004.1,11.1,42.8,0.0,1
2024-06-06 17:00:00,32.2,47,1004.2,12.6,19.1,0.0,0
2024-06-06 18:00:00,32.0,48,1003.9,15.0,20.9,0.0,0
2024-06-06 19:00:00,32.0,47,1003.5,16.5,23.8,0.0,0
2024-06-06 20:00:00,32.2,47,1002.7,15.6,23.0,0.0,0
2024-06-06 21:00:00,32.0,48,1002.5,19.4,26.6,0.0,0
2024-06-06 22:00:00,31.4,50,1002.7,22.3,31.3,0.0,0
2024-06-06 23:00:00,29.8,67,1003.6,28.7,41.0,0.0,0
2024-06-07 00:00:00,29.0,71,1003.9,25.5,41.4,0.0,5
2024-06-07 01:00:00,28.2,71,1004.6,16.4,29.2,0.0,4
2024-06-07 02:00:00,29.2,67,1005.1,16.8,25.6,0.0,0
2024-06-07 03:00:00,31.1,59,1005.4,16.5,26.6,0.0,0
2024-06-07 04:00:00,33.2,52,1005.4,17.2,29.2,0.0,0
2024-06-07 05:00:00,35.0,46,1005.2,17.6,31.0,0.0,0
2024-06-07 06:00:00,36.6,41,1004.7,16.8,30.6,0.0,0
2024-06-07 07:00:00,37.9,37,1004.0,16.2,30.6,0.0,0
2024-06-07 08:00:00,39.0,33,1002.8,14.1,30.2,0.0,6
2024-06-07 09:00:00,39.7,30,1001.8,13.4,27.7,0.0,10
2024-06-07 10:00:00,39.8,28,1000.5,11.7,26.3,0.0,23
2024-06-07 11:00:00,39.5,25,1000.2,13.6,25.9,0.0,77
2024-06-07 12:00:00,39.0,25,999.8,11.8,25.2,0.0,49
2024-06-07 13:00:00,39.0,23,1000.2,12.0,18.7,0.0,82
2024-06-07 14:00:00,37.7,26,1001.0,20.9,31.3,0.0,67
2024-06-07 15:00:00,34.7,34,1001.9,25.2,34.2,0.0,2
2024-06-07 16:00:00,33.1,37,1002.2,4.9,37.8,0.0,1
2024-06-07 17:00:00,33.1,41,1002.6,3.3,8.3,0.0,7
2024-06-07 18:00:00,32.7,44,1002.2,3.7,4.0,0.0,4
2024-06-07 19:00:00,32.5,38,1001.7,10.0,13.0,0.0,31
2024-06-07 20:00:00,31.9,38,1001.3,11.1,14.8,0.0,58
2024-06-07 21:00:00,31.5,38,1000.8,11.9,17.3,0.0,74
2024-06-07 22:00:00,31.2,38,1001.0,12.1,17.6,0.0,13
2024-06-07 23:00:00,30.9,38,1001.7,19.3,26.3,0.0,3
2024-06-08 00:00:00,29.4,63,1002.3,22.9,32.8,0.0,0
2024-06-08 01:00:00,26.2,73,1004.1,11.2,20.2,0.0,0
2024-06-08 02:00:00,27.1,75,1004.2,10.0,15.8,0.0,1
2024-06-08 03:00:00,28.7,71,1005.0,9.9,18.4,0.0,26
2024-06-08 04:00:00,30.4,64,1005.0,11.6,20.5,0.0,0
2024-06-08 05:00:00,32.1,54,1004.4,14.9,26.3,0.0,25
2024-06-08 06:00:00,33.4,50,1004.0,14.6,26.3,0.0,23
2024-06-08 07:00:00,34.7,46,1003.2,13.2,26.3,0.0,16
2024-06-08 08:00:00,35.8,43,1002.1,11.5,25.2,0.0,8
2024-06-08 09:00:00,36.3,40,1001.1,12.6,24.5,0.0,17
2024-06-08 10:00:00,36.6,37,1000.1,10.5,24.5,0.0,21
2024-06-08 11:00:00,37.1,34,999.4,10.0,21.2,0.0,48
2024-06-08 12:00:00,36.7,34,999.2,10.7,19.8,0.0,31
2024-06-08 13:00:00,36.1,32,999.7,7.8,14.4,0.0,90
2024-06-08 14:00:00,34.4,41,1000.2,11.8,15.1,0.0,9
2024-06-08 15:00:00,33.3,44,1001.1,14.8,21.6,0.0,2
2024-06-08 16:00:00,31.4,46,1002.2,23.5,31.3,0.0,5
2024-06-08 17:00:00,30.2,53,1002.1,5.2,33.5,0.0,0
2024-06-08 18:00:00,29.8,56,1002.1,6.6,8.3,0.0,0
2024-06-08 19:00:00,29.9,54,1001.7,9.2,10.8,0.0,0
2024-06-08 20:00:00,29.7,56,1001.0,9.0,14.0,0.0,0
2024-06-08 21:00:00,30.3,49,1001.1,2.2,11.2,0.0,0
2024-06-08 22:00:00,28.0,65,1001.4,7.3,8.6,0.0,0
2024-06-08 23:00:00,27.1,70,1001.6,5.9,10.1,0.0,0
2024-06-09 00:00:00,28.4,58,1001.8,3.1,7.2,0.0,0
2024-06-09 01:00:00,27.6,66,1003.4,10.7,14.4,0.0,0
2024-06-09 02:00:00,28.6,65,1004.0,10.2,15.5,0.0,0
2024-06-09 03:00:00,30.1,65,1004.2,12.5,20.9,0.0,0
2024-06-09 04:00:00,32.0,58,1004.2,13.8,24.1,0.0,0
2024-06-09 05:00:00,34.0,49,1004.0,13.3,24.8,0.0,0
2024-06-09 06:00:00,35.8,40,1003.5,12.0,24.8,0.0,0
2024-06-09 07:00:00,37.2,34,1002.8,11.9,24.1,0.0,2
2024-06-09 08:00:00,38.1,30,1001.9,12.7,25.2,0.0,9
2024-06-09 09:00:00,38.9,27,1001.1,12.5,25.2,0.0,14
2024-06-09 10:00:00,39.3,24,1000.2,12.2,24.8,0.0,23
2024-06-09 11:00:00,39.3,21,999.9,10.5,23.8,0.0,18
2024-06-09 12:00:00,39.2,20,999.5,8.0,20.5,0.0,10
2024-06-09 13:00:00,38.5,19,1000.0,6.4,13.7,0.0,10
2024-06-09 14:00:00,36.7,26,1000.4,4.6,10.4,0.0,6
2024-06-09 15:00:00,35.5,28,1000.9,8.4,10.4,0.0,11
2024-06-09 16:00:00,34.7,29,1001.3,12.5,16.2,0.0,10
2024-06-09 17:00:00,33.3,38,1001.8,10.7,16.9,0.0,6
2024-06-09 18:00:00,32.3,42,1002.2,9.6,14.0,0.0,4
2024-06-09 19:00:00,32.2,37,1001.9,11.0,14.8,0.0,4
2024-06-09 20:00:00,31.8,38,1001.4,9.7,14.4,0.0,3
2024-06-09 21:00:00,31.6,35,1001.2,12.4,15.5,0.0,0
2024-06-09 22:00:00,30.8,35,1001.1,11.9,16.6,0.0,0
2024-06-09 23:00:00,30.8,33,1001.5,18.1,24.8,0.0,0
2024-06-10 00:00:00,29.6,37,1002.0,17.3,24.8,0.0,0
2024-06-10 01:00:00,28.3,51,1003.2,10.2,15.1,0.0,1
2024-06-10 02:00:00,30.0,44,1003.4,11.8,16.6,0.0,0
2024-06-10 03:00:00,32.2,38,1003.8,13.2,20.9,0.0,0
2024-06-10 04:00:00,34.0,37,1003.7,13.0,23.4,0.0,0
2024-06-10 05:00:00,35.8,33,1003.7,10.5,22.7,0.0,0
2024-06-10 06:00:00,37.6,28,1003.4,8.9,20.9,0.0,0
2024-06-10 07:00:00,38.9,23,1002.7,7.5,19.8,0.0,15
2024-06-10 08:00:00,39.7,21,1001.7,6.2,18.7,0.0,8
2024-06-10 09:00:00,40.4,18,1000.8,6.2,17.3,0.0,5
2024-06-10 10:00:00,41.0,17,1000.0,7.3,18.0,0.0,4
2024-06-10 11:00:00,41.5,16,999.5,8.4,18.0,0.0,2
2024-06-10 12:00:00,41.4,16,999.1,11.7,20.9,0.0,13
2024-06-10 13:00:00,40.1,15,1000.2,2.8,10.4,0.0,5
2024-06-10 14:00:00,37.5,26,1000.8,5.4,5.8,0.0,8
2024-06-10 15:00:00,36.0,22,1001.2,11.3,15.5,0.0,4
2024-06-10 16:00:00,34.7,25,1001.6,12.8,17.3,0.0,3
2024-06-10 17:00:00,33.6,27,1001.9,10.1,17.3,0.0,2
2024-06-10 18:00:00,34.2,27,1001.9,3.2,12.6,0.0,0
2024-06-10 19:00:00,31.9,37,1001.7,7.3,7.6,0.0,0
2024-06-10 20:00:00,31.8,29,1001.2,12.0,15.1,0.0,0
2024-06-10 21:00:00,31.1,29,1000.9,14.7,18.7,0.0,0
2024-06-10 22:00:00,31.2,30,1001.0,22.0,29.5,0.0,0
2024-06-10 23:00:00,29.3,60,1001.8,22.5,31.7,0.0,0
2024-06-11 00:00:00,28.3,71,1002.3,21.3,32.0,0.0,0
2024-06-11 01:00:00,28.2,77,1003.3,18.2,29.9,0.0,0
2024-06-11 02:00:00,28.8,73,1003.5,18.6,27.7,0.0,0
2024-06-11 03:00:00,30.7,65,1003.4,19.6,30.6,0.0,0
2024-06-11 04:00:00,32.9,55,1003.5,21.6,34.6,0.0,0
2024-06-11 05:00:00,35.3,45,1003.2,23.4,37.8,0.0,0
2024-06-11 06:00:00,37.5,35,1002.6,22.5,38.5,0.0,0
2024-06-11 07:00:00,39.4,27,1002.0,18.9,37.1,0.0,0
2024-06-11 08:00:00,40.7,22,1001.2,14.3,33.1,0.0,11
2024-06-11 09:00:00,41.4,19,1000.5,11.6,27.7,0.0,34
2024-06-11 10:00:00,41.7,18,999.8,9.8,23.8,0.0,37
2024-06-11 11:00:00,41.5,18,999.3,9.3,20.9,0.0,42
2024-06-11 12:00:00,41.0,19,998.8,9.2,19.1,0.0,18
2024-06-11 13:00:00,40.8,18,999.3,2.7,8.3,0.0,15
2024-06-11 14:00:00,39.2,24,999.4,4.2,6.8,0.0,28
2024-06-11 15:00:00,37.8,24,999.9,6.8,7.6,0.0,30
2024-06-11 16:00:00,37.1,22,1000.5,11.2,14.4,0.0,22
2024-06-11 17:00:00,36.4,22,1000.8,12.4,15.5,0.0,5
2024-06-11 18:00:00,35.4,25,1000.9,14.3,19.4,0.0,5
2024-06-11 19:00:00,34.9,25,1000.5,15.9,20.9,0.0,0
2024-06-11 20:00:00,33.0,40,1000.7,27.1,37.8,0.0,0
2024-06-11 21:00:00,31.1,59,1000.8,26.6,38.9,0.0,0
2024-06-11 22:00:00,29.9,64,1001.5,28.7,40.3,0.0,0
2024-06-11 23:00:00,28.8,69,1002.2,29.5,43.2,0.0,0
2024-06-12 00:00:00,28.1,73,1002.5,28.7,42.1,0.0,0
2024-06-12 01:00:00,27.7,76,1003.1,26.8,42.1,0.0,0
2024-06-12 02:00:00,28.1,75,1003.8,27.8,41.0,0.0,0
2024-06-12 03:00:00,29.3,70,1004.0,27.2,42.5,0.0,0
2024-06-12 04:00:00,31.3,63,1004.1,26.2,41.8,0.0,0
2024-06-12 05:00:00,33.7,52,1003.8,26.2,42.1,0.0,0
2024-06-12 06:00:00,36.0,43,1003.2,25.7,42.1,0.0,0
2024-06-12 07:00:00,38.0,35,1002.5,26.3,42.8,0.0,0
2024-06-12 08:00:00,39.4,30,1001.5,26.0,43.2,0.0,0
2024-06-12 09:00:00,40.5,25,1000.8,23.9,42.5,0.0,0
2024-06-12 10:00:00,41.1,21,1000.0,20.6,39.6,0.0,2
2024-06-12 11:00:00,41.2,19,999.4,17.1,34.6,0.0,4
2024-06-12 12:00:00,40.9,19,999.0,17.1,29.2,0.0,11
2024-06-12 13:00:00,39.0,20,999.6,17.4,26.6,0.0,0
2024-06-12 14:00:00,37.9,22,1000.0,14.7,26.3,0.0,0
2024-06-12 15:00:00,36.7,25,1000.6,13.8,20.5,0.0,0
2024-06-12 16:00:00,35.8,27,1001.4,12.2,19.1,0.0,0
2024-06-12 17:00:00,35.0,30,1001.6,13.0,17.6,0.0,0
2024-06-12 18:00:00,34.3,32,1001.7,13.8,19.1,0.0,0
2024-06-12 19:00:00,33.7,36,1001.9,17.4,23.4,0.0,0
2024-06-12 20:00:00,31.8,55,1001.5,27.5,38.5,0.0,0
2024-06-12 21:00:00,30.5,60,1001.5,31.3,44.6,0.0,0
2024-06-12 22:00:00,29.4,64,1001.6,33.0,47.5,0.0,0
2024-06-12 23:00:00,28.5,69,1002.1,33.9,49.3,0.0,0
2024-06-13 00:00:00,27.7,72,1002.4,31.8,49.0,0.0,0
2024-06-13 01:00:00,27.7,75,1003.5,26.2,37.4,0.0,0
2024-06-13 02:00:00,28.1,74,1003.5,29.3,43.2,0.0,0
2024-06-13 03:00:00,29.5,68,1003.6,31.1,46.8,0.0,5
2024-06-13 04:00:00,31.3,61,1003.5,31.3,48.2,0.0,1
2024-06-13 05:00:00,33.1,54,1003.2,30.4,47.9,0.0,0
2024-06-13 06:00:00,34.9,48,1002.8,28.3,47.5,0.0,0
2024-06-13 07:00:00,36.5,42,1002.2,28.0,45.0,0.0,0
2024-06-13 08:00:00,37.8,37,1001.0,27.6,45.4,0.0,0
2024-06-13 09:00:00,38.9,33,999.9,26.6,44.6,0.0,2
2024-06-13 10:00:00,39.4,31,998.8,26.3,43.2,0.0,0
2024-06-13 11:00:00,39.5,29,998.0,25.5,42.1,0.0,0
2024-06-13 12:00:00,39.2,30,997.4,25.5,40.3,0.0,0
2024-06-13 13:00:00,38.1,27,998.6,18.5,39.6,0.0,18
2024-06-13 14:00:00,37.5,27,998.8,15.3,27.7,0.0,1
2024-06-13 15:00:00,36.6,30,999.4,13.0,21.6,0.0,1
2024-06-13 16:00:00,35.7,32,1000.0,12.2,17.6,0.0,0
2024-06-13 17:00:00,35.3,34,1000.2,18.2,24.1,0.0,2
2024-06-13 18:00:00,34.8,37,1000.4,23.8,33.8,0.0,0
2024-06-13 19:00:00,33.7,43,1000.1,25.6,36.4,0.0,0
2024-06-13 20:00:00,32.1,53,1000.1,28.3,40.3,0.0,0
2024-06-13 21:00:00,30.9,58,1000.4,29.3,41.8,0.0,0
2024-06-13 22:00:00,30.0,62,1000.6,29.8,42.5,0.0,0
2024-06-13 23:00:00,29.1,66,1000.8,30.8,43.9,0.0,0
2024-06-14 00:00:00,28.5,70,1001.1,29.8,44.3,0.0,0
2024-06-14 01:00:00,28.4,74,1001.6,24.6,35.6,0.0,0
2024-06-14 02:00:00,28.8,72,1002.0,25.7,38.5,0.0,0
2024-06-14 03:00:00,30.0,67,1002.2,26.1,39.6,0.0,4
2024-06-14 04:00:00,31.5,60,1002.3,27.2,42.1,0.0,7
2024-06-14 05:00:00,33.1,53,1001.9,29.0,45.4,0.0,3
2024-06-14 06:00:00,35.0,46,1001.2,30.3,47.9,0.0,0
2024-06-14 07:00:00,36.4,41,1000.6,29.6,48.2,0.0,0
2024-06-14 08:00:00,37.7,36,999.8,27.9,47.2,0.0,0
2024-06-14 09:00:00,38.6,33,999.1,25.5,45.4,0.0,0
2024-06-14 10:00:00,39.2,30,998.2,23.6,42.1,0.0,0
2024-06-14 11:00:00,39.4,28,997.6,22.6,38.9,0.0,0
2024-06-14 12:00:00,39.2,28,997.2,20.8,36.4,0.0,0
2024-06-14 13:00:00,37.9,29,998.2,17.1,29.5,0.0,0
2024-06-14 14:00:00,37.0,31,998.7,14.9,26.3,0.0,0
2024-06-14 15:00:00,36.2,33,999.4,11.4,20.9,0.0,0
2024-06-14 16:00:00,35.4,34,999.9,11.5,15.8,0.0,0
2024-06-14 17:00:00,34.8,35,1000.3,14.1,19.4,0.0,0
2024-06-14 18:00:00,34.1,37,1000.5,17.2,23.8,0.0,0
2024-06-14 19:00:00,33.7,41,1000.4,21.3,29.9,0.0,0
2024-06-14 20:00:00,32.9,47,1000.2,30.8,43.9,0.0,0
2024-06-14 21:00:00,31.6,54,1000.3,28.5,43.9,0.0,0
2024-06-14 22:00:00,30.6,59,1000.9,28.0,40.7,0.0,0
2024-06-14 23:00:00,29.6,64,1001.4,26.6,40.3,0.0,0
2024-06-15 00:00:00,28.9,67,1001.7,24.8,37.8,0.0,0
2024-06-15 01:00:00,28.4,72,1002.2,20.9,32.4,0.0,0
2024-06-15 02:00:00,28.8,71,1002.4,20.6,31.0,0.0,0
2024-06-15 03:00:00,30.2,65,1002.5,22.5,34.6,0.0,0
2024-06-15 04:00:00,31.9,57,1002.3,24.4,38.9,0.0,0
2024-06-15 05:00:00,33.7,48,1002.3,24.2,39.6,0.0,0
2024-06-15 06:00:00,35.1,42,1001.7,24.3,40.3,0.0,0
2024-06-15 07:00:00,36.4,37,1001.1,23.7,40.7,0.0,1
2024-06-15 08:00:00,37.5,35,1000.3,22.8,40.3,0.0,0
2024-06-15 09:00:00,38.3,33,999.5,21.7,38.9,0.0,0
2024-06-15 10:00:00,38.9,31,998.6,20.6,36.7,0.0,0
2024-06-15 11:00:00,39.3,30,998.1,18.7,34.9,0.0,0
2024-06-15 12:00:00,39.2,29,997.6,18.0,31.7,0.0,0
2024-06-15 13:00:00,37.8,32,998.5,12.5,22.7,0.0,3
2024-06-15 14:00:00,37.3,33,999.0,12.2,20.5,0.0,2
2024-06-15 15:00:00,36.7,35,999.4,12.5,18.0,0.0,6
2024-06-15 16:00:00,36.0,37,1000.1,15.1,21.2,0.0,2
2024-06-15 17:00:00,35.3,39,1000.7,17.7,24.5,0.0,0
2024-06-15 18:00:00,34.4,44,1001.1,20.6,29.5,0.0,0
2024-06-15 19:00:00,33.8,45,1001.0,21.6,30.6,0.0,0
2024-06-15 20:00:00,33.4,46,1000.7,22.1,31.3,0.0,0
2024-06-15 21:00:00,32.7,48,1000.7,25.3,35.6,0.0,0
2024-06-15 22:00:00,31.7,55,1001.1,27.3,40.0,0.0,0
2024-06-15 23:00:00,30.7,64,1001.4,24.4,39.2,0.0,0
2024-06-16 00:00:00,30.0,67,1001.7,24.1,34.9,0.0,0
2024-06-16 01:00:00,30.0,67,1002.5,22.7,32.4,0.0,0
2024-06-16 02:00:00,30.4,65,1003.1,23.0,35.3,0.0,0
2024-06-16 03:00:00,31.6,60,1003.4,21.9,34.2,0.0,0
2024-06-16 04:00:00,33.3,53,1003.2,22.1,36.0,0.0,0
2024-06-16 05:00:00,35.2,45,1002.9,21.9,36.4,0.0,0
2024-06-16 06:00:00,37.0,38,1002.3,22.8,37.8,0.0,0
2024-06-16 07:00:00,38.3,34,1001.8,23.4,39.2,0.0,0
2024-06-16 08:00:00,39.4,31,1000.7,22.9,39.2,0.0,0
2024-06-16 09:00:00,40.3,27,999.7,21.9,38.5,0.0,19
2024-06-16 10:00:00,40.7,25,998.8,21.5,37.4,0.0,13
2024-06-16 11:00:00,40.6,24,998.6,21.8,36.4,0.0,10
2024-06-16 12:00:00,40.1,24,997.9,19.6,35.3,0.0,1
2024-06-16 13:00:00,38.7,29,998.8,17.5,28.1,0.0,2
2024-06-16 14:00:00,37.8,32,999.3,18.1,27.4,0.0,0
2024-06-16 15:00:00,37.2,34,1000.0,15.3,26.3,0.0,0
2024-06-16 16:00:00,36.4,37,1000.6,15.6,22.3,0.0,0
2024-06-16 17:00:00,35.7,39,1000.9,16.5,23.4,0.0,0
2024-06-16 18:00:00,35.1,41,1000.9,17.2,24.1,0.0,0
2024-06-16 19:00:00,34.6,43,1000.7,19.6,27.4,0.0,0
2024-06-16 20:00:00,33.9,46,1000.2,22.8,32.4,0.0,0
2024-06-16 21:00:00,33.3,49,1000.4,25.2,35.6,0.0,0
2024-06-16 22:00:00,32.3,56,1000.7,26.0,37.4,0.0,0
2024-06-16 23:00:00,31.3,65,1001.1,25.7,37.4,0.0,0
2024-06-17 00:00:00,30.5,68,1001.6,24.3,36.4,0.0,0
2024-06-17 01:00:00,29.8,71,1002.6,23.3,33.8,0.0,0
2024-06-17 02:00:00,30.0,70,1003.4,22.0,33.5,0.0,0
2024-06-17 03:00:00,31.2,65,1003.5,22.1,34.6,0.0,0
2024-06-17 04:00:00,33.0,56,1003.3,22.3,35.6,0.0,0
2024-06-17 05:00:00,34.8,49,1003.0,24.4,39.2,0.0,0
2024-06-17 06:00:00,36.5,43,1002.6,27.5,43.9,0.0,0
2024-06-17 07:00:00,38.0,37,1001.9,29.7,47.2,0.0,0
2024-06-17 08:00:00,39.2,33,1000.9,29.5,47.5,0.0,0
2024-06-17 09:00:00,40.1,29,999.9,29.7,47.2,0.0,0
2024-06-17 10:00:00,40.6,27,999.4,29.7,47.2,0.0,0
2024-06-17 11:00:00,40.5,27,998.8,29.2,46.4,0.0,0
2024-06-17 12:00:00,40.0,27,998.4,28.2,45.4,0.0,0
2024-06-17 13:00:00,38.7,34,998.9,25.4,39.2,0.0,0
2024-06-17 14:00:00,37.6,38,999.5,25.0,38.2,0.0,0
2024-06-17 15:00:00,36.9,40,1000.0,22.5,36.4,0.0,0
2024-06-17 16:00:00,36.5,42,1000.6,18.8,32.0,0.0,0
2024-06-17 17:00:00,35.9,43,1000.9,16.5,26.6,0.0,0
2024-06-17 18:00:00,35.4,44,1001.0,18.6,25.9,0.0,0
2024-06-17 19:00:00,34.5,46,1000.6,29.8,40.7,0.0,0
2024-06-17 20:00:00,32.7,54,1000.2,32.3,49.3,0.0,0
2024-06-17 21:00:00,31.8,57,1000.0,30.6,46.4,0.0,0
2024-06-17 22:00:00,31.2,60,1000.4,28.7,43.9,0.0,0
2024-06-17 23:00:00,30.7,61,1000.7,27.9,41.4,0.0,0
2024-06-18 00:00:00,30.1,62,1000.8,27.9,40.7,0.0,0
2024-06-18 01:00:00,29.6,65,1001.5,23.7,36.0,0.0,0
2024-06-18 02:00:00,29.7,66,1001.8,26.0,38.5,0.0,0
2024-06-18 03:00:00,30.6,61,1001.8,27.4,41.8,0.0,0
2024-06-18 04:00:00,32.3,53,1001.8,29.6,45.4,0.0,0
2024-06-18 05:00:00,34.2,46,1001.1,32.7,50.0,0.0,0
2024-06-18 06:00:00,35.9,41,1000.4,34.9,54.0,0.0,0
2024-06-18 07:00:00,37.4,38,999.5,35.2,54.7,0.0,0
2024-06-18 08:00:00,38.6,36,998.4,35.1,54.7,0.0,0
2024-06-18 09:00:00,39.5,34,997.3,34.0,54.4,0.0,0
2024-06-18 10:00:00,40.2,32,996.4,33.3,52.9,0.0,0
2024-06-18 11:00:00,40.3,31,995.5,33.0,51.8,0.0,0
2024-06-18 12:00:00,39.8,32,994.9,32.4,50.4,0.0,86
2024-06-18 13:00:00,38.2,36,996.3,27.4,42.1,0.0,14
2024-06-18 14:00:00,37.5,38,996.5,25.1,40.7,0.0,49
2024-06-18 15:00:00,36.8,40,996.8,23.5,35.6,0.0,72
2024-06-18 16:00:00,36.2,43,997.5,23.7,33.8,0.0,86
2024-06-18 17:00:00,35.5,44,998.0,28.8,40.7,0.0,57
2024-06-18 18:00:00,33.4,51,998.5,35.8,60.5,0.0,58
2024-06-18 19:00:00,32.7,52,998.2,39.4,56.2,0.0,40
2024-06-18 20:00:00,31.3,59,997.5,39.3,57.2,0.0,84
2024-06-18 21:00:00,30.5,62,997.2,35.8,56.5,0.0,65
2024-06-18 22:00:00,29.8,67,997.0,33.9,51.1,0.0,73
2024-06-18 23:00:00,29.2,70,997.0,30.8,48.6,0.0,0
2024-06-19 00:00:00,28.6,73,997.5,29.2,44.3,0.0,0
2024-06-19 01:00:00,28.5,76,997.9,26.8,38.2,0.0,4
2024-06-19 02:00:00,29.0,74,997.7,31.6,46.1,0.0,5
2024-06-19 03:00:00,30.3,68,997.5,34.0,50.4,0.0,3
2024-06-19 04:00:00,32.0,60,997.7,33.2,51.1,0.0,1
2024-06-19 05:00:00,33.8,53,997.4,32.2,50.8,0.0,0
2024-06-19 06:00:00,35.7,48,996.9,32.8,50.8,0.0,0
2024-06-19 07:00:00,37.4,43,995.9,33.8,52.9,0.0,0
2024-06-19 08:00:00,38.6,39,995.0,33.2,53.3,0.0,0
2024-06-19 09:00:00,39.7,36,994.0,32.6,52.6,0.0,0
2024-06-19 10:00:00,40.3,33,993.2,32.5,51.1,0.0,0
2024-06-19 11:00:00,40.7,30,992.6,32.0,50.8,0.0,0
2024-06-19 12:00:00,40.4,31,992.1,31.9,49.0,0.0,0
2024-06-19 13:00:00,39.4,33,992.8,29.7,45.7,0.0,0
2024-06-19 14:00:00,38.4,36,993.2,29.4,43.6,0.0,0
2024-06-19 15:00:00,37.4,40,993.8,25.4,42.1,0.0,49
2024-06-19 16:00:00,36.5,44,994.9,27.3,38.5,0.0,59
2024-06-19 17:00:00,35.3,48,995.8,30.3,43.6,0.0,59
2024-06-19 18:00:00,34.1,51,996.1,30.7,44.6,0.0,55
2024-06-19 19:00:00,32.9,55,995.8,31.8,45.0,0.0,34
2024-06-19 20:00:00,31.5,61,995.3,34.7,50.0,0.0,1
2024-06-19 21:00:00,30.3,66,995.3,34.7,50.4,0.0,0
2024-06-19 22:00:00,29.4,71,995.5,32.2,50.4,0.0,0
2024-06-19 23:00:00,28.6,75,995.4,31.9,46.4,0.0,0
2024-06-20 00:00:00,28.0,78,995.6,31.1,46.4,0.0,1
2024-06-20 01:00:00,27.7,81,995.4,29.4,42.8,0.0,0
2024-06-20 02:00:00,28.2,78,996.2,31.4,46.1,0.0,0
2024-06-20 03:00:00,29.7,70,996.5,34.1,50.8,0.0,1
2024-06-20 04:00:00,31.4,62,996.5,35.0,52.9,0.0,4
2024-06-20 05:00:00,33.6,52,996.3,35.7,54.7,0.0,0
2024-06-20 06:00:00,35.6,45,996.0,35.7,55.4,0.0,0
2024-06-20 07:00:00,37.6,38,995.3,34.2,55.1,0.0,0
2024-06-20 08:00:00,38.9,33,994.7,32.2,53.3,0.0,0
2024-06-20 09:00:00,39.9,30,994.2,29.4,50.8,0.0,0
2024-06-20 10:00:00,40.5,28,993.4,27.8,46.8,0.0,0
2024-06-20 11:00:00,40.7,28,992.6,28.5,44.6,0.0,0
2024-06-20 12:00:00,40.4,27,992.3,28.9,44.6,0.0,0
2024-06-20 13:00:00,38.4,33,992.9,23.0,36.7,0.0,0
2024-06-20 14:00:00,37.6,35,993.2,21.9,33.8,0.0,0
2024-06-20 15:00:00,36.7,39,993.8,21.2,31.0,0.0,1
2024-06-20 16:00:00,36.1,41,994.7,20.4,30.2,0.0,2
2024-06-20 17:00:00,35.3,44,995.9,16.0,29.2,0.0,2
2024-06-20 18:00:00,34.5,47,996.9,13.5,22.3,0.0,2
2024-06-20 19:00:00,33.7,50,997.0,17.0,23.4,0.0,1
2024-06-20 20:00:00,32.7,53,997.0,18.7,25.9,0.0,1
2024-06-20 21:00:00,31.3,62,996.8,27.1,38.2,0.0,0
2024-06-20 22:00:00,29.9,71,996.8,26.5,38.9,0.0,0
2024-06-20 23:00:00,29.2,73,997.2,25.9,38.2,0.0,0
2024-06-21 00:00:00,28.5,76,998.5,20.4,37.4,0.0,1
2024-06-21 01:00:00,28.2,78,998.7,18.8,30.6,0.0,5
2024-06-21 02:00:00,28.6,75,999.7,15.4,27.4,0.0,16
2024-06-21 03:00:00,29.5,69,1000.0,19.8,30.6,0.0,24
2024-06-21 04:00:00,30.8,62,1000.2,20.7,33.8,0.0,9
2024-06-21 05:00:00,32.3,53,1000.2,20.3,34.9,0.0,10
2024-06-21 06:00:00,33.6,48,1000.4,15.9,34.2,0.0,6
2024-06-21 07:00:00,34.6,44,999.8,8.7,29.5,0.0,3
2024-06-21 08:00:00,35.7,40,998.7,7.2,21.2,0.0,2
2024-06-21 09:00:00,36.9,35,997.5,9.7,22.0,0.0,0
2024-06-21 10:00:00,38.0,32,996.3,13.0,24.8,0.0,0
2024-06-21 11:00:00,38.5,31,995.6,16.2,28.8,0.0,0
2024-06-21 12:00:00,39.0,28,995.2,15.8,28.8,0.0,0
2024-06-21 13:00:00,37.9,32,996.2,9.2,18.0,0.0,15
2024-06-21 14:00:00,37.6,29,996.7,10.7,16.6,0.1,58
2024-06-21 15:00:00,36.7,33,997.2,12.6,18.7,0.0,6
2024-06-21 16:00:00,35.9,36,998.0,10.7,17.6,0.0,6
2024-06-21 17:00:00,35.2,38,998.5,10.2,14.8,0.0,10
2024-06-21 18:00:00,33.8,46,998.9,18.7,26.3,0.0,7
2024-06-21 19:00:00,33.0,49,998.4,10.9,27.0,0.0,1
2024-06-21 20:00:00,32.5,51,997.9,8.3,15.1,0.0,2
2024-06-21 21:00:00,32.0,52,997.6,7.5,11.9,0.0,3
2024-06-21 22:00:00,31.5,53,997.4,9.9,13.0,0.0,73
2024-06-21 23:00:00,31.2,54,997.8,9.1,14.8,0.0,27
2024-06-22 00:00:00,30.3,63,998.0,3.1,12.6,0.0,0
2024-06-22 01:00:00,28.3,68,1000.0,10.0,15.1,0.0,96
2024-06-22 02:00:00,28.6,68,1000.2,9.2,13.7,0.0,98
2024-06-22 03:00:00,28.8,69,1000.3,13.1,24.1,0.0,31
2024-06-22 04:00:00,31.4,60,1000.4,8.1,20.5,0.0,18
2024-06-22 05:00:00,33.3,52,1000.2,9.2,18.7,0.0,1
2024-06-22 06:00:00,34.9,47,999.9,7.4,19.4,0.0,0
2024-06-22 07:00:00,36.1,43,999.3,5.0,17.6,0.0,36
2024-06-22 08:00:00,36.7,40,998.8,2.9,15.8,0.0,45
2024-06-22 09:00:00,37.0,39,997.8,4.1,13.3,0.0,45
2024-06-22 10:00:00,37.4,37,997.2,4.7,13.3,0.0,30
2024-06-22 11:00:00,37.7,36,996.6,6.8,15.1,0.0,38
2024-06-22 12:00:00,37.7,35,996.2,9.4,16.9,0.0,22
2024-06-22 13:00:00,36.4,33,997.2,1.4,7.9,0.0,11
2024-06-22 14:00:00,35.3,44,997.7,4.0,5.0,0.0,8
2024-06-22 15:00:00,33.9,51,998.2,5.6,7.6,0.0,16
2024-06-22 16:00:00,32.8,53,999.1,6.6,7.9,0.0,11
2024-06-22 17:00:00,32.2,52,999.6,9.5,12.6,0.0,5
2024-06-22 18:00:00,31.6,59,999.5,6.4,12.6,0.0,1
2024-06-22 19:00:00,31.6,56,999.3,9.7,12.2,0.0,1
2024-06-22 20:00:00,30.9,64,998.9,6.8,12.6,0.0,0
2024-06-22 21:00:00,30.4,67,998.7,6.0,7.9,0.0,0
2024-06-22 22:00:00,30.1,65,998.8,7.3,8.6,0.0,0
2024-06-22 23:00:00,29.8,63,999.3,9.0,10.8,0.0,0
2024-06-23 00:00:00,29.5,62,999.4,10.5,13.3,0.0,0
2024-06-23 01:00:00,29.3,70,1000.7,6.1,8.3,0.0,0
2024-06-23 02:00:00,31.0,61,1001.1,4.8,7.9,0.0,0
2024-06-23 03:00:00,33.0,52,1001.0,6.0,12.2,0.0,0
2024-06-23 04:00:00,34.9,43,1001.1,5.2,14.4,0.0,3
2024-06-23 05:00:00,36.3,38,1001.0,4.0,13.3,0.0,16
2024-06-23 06:00:00,37.6,34,1000.7,5.3,16.6,0.0,9
2024-06-23 07:00:00,38.5,30,999.9,5.9,17.6,0.0,4
2024-06-23 08:00:00,39.6,27,999.1,6.9,19.1,0.0,4
2024-06-23 09:00:00,40.5,24,997.7,10.0,21.2,0.0,2
2024-06-23 10:00:00,40.8,22,996.7,14.3,26.3,0.0,3
2024-06-23 11:00:00,40.9,21,996.0,12.0,27.0,0.0,10
2024-06-23 12:00:00,41.0,21,995.3,8.2,23.4,0.0,19
2024-06-23 13:00:00,41.3,18,995.3,9.1,14.0,0.0,50
2024-06-23 14:00:00,39.8,21,996.1,17.4,24.8,0.0,15
2024-06-23 15:00:00,38.4,24,996.9,12.8,25.2,0.0,21
2024-06-23 16:00:00,37.2,26,997.8,13.0,17.6,0.0,11
2024-06-23 17:00:00,36.4,28,998.2,15.4,21.6,0.0,14
2024-06-23 18:00:00,35.8,29,998.2,14.7,22.0,0.0,7
2024-06-23 19:00:00,34.8,30,998.0,11.9,20.5,0.0,0
2024-06-23 20:00:00,33.9,32,997.5,10.7,15.8,0.0,0
2024-06-23 21:00:00,33.7,32,997.1,11.9,15.1,0.0,0
2024-06-23 22:00:00,33.1,33,996.8,12.3,16.2,0.0,1
2024-06-23 23:00:00,31.7,37,997.2,9.0,16.2,0.0,0
2024-06-24 00:00:00,30.7,41,997.5,7.3,11.2,0.0,0
2024-06-24 01:00:00,31.2,45,998.1,8.2,13.0,0.0,0
2024-06-24 02:00:00,32.9,41,998.7,8.0,12.2,0.0,0
2024-06-24 03:00:00,35.3,36,998.9,10.1,16.9,0.0,0
2024-06-24 04:00:00,37.2,32,998.9,11.5,21.6,0.0,0
2024-06-24 05:00:00,38.9,28,998.5,8.5,21.6,0.0,0
2024-06-24 06:00:00,40.1,24,998.2,5.4,19.1,0.0,1
2024-06-24 07:00:00,41.1,21,997.5,4.4,16.6,0.0,17
2024-06-24 08:00:00,41.9,19,996.5,7.7,18.7,0.0,14
2024-06-24 09:00:00,42.7,17,995.6,11.6,24.1,0.0,10
2024-06-24 10:00:00,42.9,16,994.7,12.6,25.6,0.0,16
2024-06-24 11:00:00,42.7,16,993.8,9.7,25.2,0.0,11
2024-06-24 12:00:00,43.0,16,993.0,4.7,20.2,0.0,16
2024-06-24 13:00:00,41.5,17,993.8,12.6,21.2,0.0,12
2024-06-24 14:00:00,40.7,18,994.2,14.5,21.2,0.0,7
2024-06-24 15:00:00,39.7,19,994.7,16.4,23.0,0.0,3
2024-06-24 16:00:00,38.8,20,995.3,11.7,23.0,0.0,4
2024-06-24 17:00:00,37.9,22,995.6,10.0,16.2,0.0,5
2024-06-24 18:00:00,36.8,23,995.6,9.8,13.3,0.0,1
2024-06-24 19:00:00,35.5,26,995.2,6.6,12.2,0.0,1
2024-06-24 20:00:00,34.9,26,995.0,9.2,10.1,0.0,16
2024-06-24 21:00:00,34.3,28,994.8,10.5,14.4,0.0,19
2024-06-24 22:00:00,33.6,31,994.7,4.3,13.3,0.0,32
2024-06-24 23:00:00,32.8,30,995.0,11.2,12.2,0.0,49
2024-06-25 00:00:00,32.3,46,994.9,19.1,26.3,0.0,0
2024-06-25 01:00:00,32.5,56,996.5,14.2,23.4,0.0,62
2024-06-25 02:00:00,33.3,54,996.8,10.5,20.5,0.0,0
2024-06-25 03:00:00,34.7,50,997.0,12.6,21.2,0.0,0
2024-06-25 04:00:00,36.1,46,997.0,13.4,24.5,0.0,0
2024-06-25 05:00:00,37.5,40,996.4,10.7,24.8,0.0,0
2024-06-25 06:00:00,39.0,36,995.7,7.4,22.3,0.0,0
2024-06-25 07:00:00,40.4,31,994.9,2.7,22.0,0.0,17
2024-06-25 08:00:00,41.5,26,994.4,5.1,15.8,0.0,18
2024-06-25 09:00:00,42.0,24,993.7,8.8,20.5,0.0,31
2024-06-25 10:00:00,41.8,23,992.9,9.0,21.2,0.0,10
2024-06-25 11:00:00,41.8,22,992.2,7.6,20.9,0.0,19
2024-06-25 12:00:00,42.2,20,991.7,6.2,18.0,0.0,58
2024-06-25 13:00:00,43.0,19,992.0,11.0,19.8,0.0,29
2024-06-25 14:00:00,35.5,43,993.8,35.7,52.2,0.0,98
2024-06-25 15:00:00,33.5,51,995.0,30.3,52.6,0.0,100
2024-06-25 16:00:00,32.8,58,996.0,32.9,54.4,0.0,100
2024-06-25 17:00:00,32.1,59,996.2,28.5,51.5,0.0,96
2024-06-25 18:00:00,32.4,56,996.2,21.3,41.8,0.0,100
2024-06-25 19:00:00,32.6,57,995.9,19.5,31.3,0.0,100
2024-06-25 20:00:00,32.4,57,995.4,16.5,28.8,0.0,100
2024-06-25 21:00:00,32.1,59,995.7,15.2,24.5,0.0,100
2024-06-25 22:00:00,31.7,62,996.0,17.3,24.8,0.0,100
2024-06-25 23:00:00,31.4,64,996.3,15.7,25.9,0.0,70
2024-06-26 00:00:00,31.1,67,996.1,11.6,23.0,0.0,100
2024-06-26 01:00:00,30.6,72,997.3,13.1,23.0,0.0,100
2024-06-26 02:00:00,30.9,70,997.5,10.4,19.8,0.0,44
2024-06-26 03:00:00,32.1,66,997.5,8.7,17.6,0.0,24
2024-06-26 04:00:00,33.9,59,997.1,6.8,17.3,0.0,18
2024-06-26 05:00:00,35.6,51,996.8,4.3,16.2,0.0,100
2024-06-26 06:00:00,36.7,45,996.5,7.2,16.2,0.0,100
2024-06-26 07:00:00,37.9,41,995.8,8.2,18.7,0.0,32
2024-06-26 08:00:00,39.5,36,995.3,9.5,24.1,0.0,34
2024-06-26 09:00:00,40.4,33,994.4,11.3,24.5,0.0,18
2024-06-26 10:00:00,40.9,30,993.4,11.7,24.5,0.0,23
2024-06-26 11:00:00,41.3,29,992.6,10.6,24.5,0.0,34
2024-06-26 12:00:00,41.2,28,992.4,12.1,22.3,0.0,85
2024-06-26 13:00:00,40.7,30,993.5,8.5,18.0,0.0,92
2024-06-26 14:00:00,40.6,30,994.3,6.8,16.6,0.0,100
2024-06-26 15:00:00,34.0,51,997.0,34.8,45.4,0.3,100
2024-06-26 16:00:00,33.7,54,997.6,29.8,52.2,0.1,100
2024-06-26 17:00:00,32.7,62,998.1,23.2,43.9,0.0,100
2024-06-26 18:00:00,32.2,63,997.9,20.8,35.3,0.0,100
2024-06-26 19:00:00,31.7,65,997.3,20.9,31.7,0.0,100
2024-06-26 20:00:00,31.4,66,996.5,18.5,31.0,0.0,88
2024-06-26 21:00:00,31.0,67,996.4,15.1,27.4,0.0,45
2024-06-26 22:00:00,30.5,69,996.6,17.9,25.9,0.0,87
2024-06-26 23:00:00,29.9,72,996.9,16.8,27.0,0.0,96
2024-06-27 00:00:00,29.7,73,997.1,12.3,24.8,0.0,51
2024-06-27 01:00:00,30.5,69,997.3,9.7,16.9,0.0,68
2024-06-27 02:00:00,31.2,66,997.9,7.3,15.5,0.0,10
2024-06-27 03:00:00,32.6,61,998.2,9.2,17.6,0.0,16
2024-06-27 04:00:00,34.2,55,998.3,11.9,22.0,0.0,29
2024-06-27 05:00:00,35.5,51,998.4,15.5,28.8,0.0,32
2024-06-27 06:00:00,36.7,46,998.2,10.4,28.4,0.0,20
2024-06-27 07:00:00,37.7,42,998.0,11.2,26.6,0.0,11
2024-06-27 08:00:00,38.6,39,996.9,12.2,25.6,0.0,22
2024-06-27 09:00:00,39.4,37,996.0,12.3,27.0,0.0,87
2024-06-27 10:00:00,38.0,40,995.7,21.8,36.4,0.0,98
2024-06-27 11:00:00,37.2,43,995.9,15.7,37.4,0.1,100
2024-06-27 12:00:00,33.7,61,996.5,30.2,47.9,0.0,100
2024-06-27 13:00:00,32.8,63,997.2,29.5,47.9,0.0,100
2024-06-27 14:00:00,31.2,71,997.8,22.2,43.9,0.3,100
2024-06-27 15:00:00,31.2,70,998.1,15.3,33.8,0.2,100
2024-06-27 16:00:00,31.0,72,999.2,18.2,27.0,0.0,100
2024-06-27 17:00:00,31.0,73,999.2,16.9,28.4,0.0,100
2024-06-27 18:00:00,30.7,73,999.3,14.8,25.2,0.0,100
2024-06-27 19:00:00,30.2,76,999.1,14.9,22.7,0.0,100
2024-06-27 20:00:00,29.6,79,998.5,14.8,22.7,0.0,100
2024-06-27 21:00:00,28.9,82,998.3,17.9,26.6,0.0,100
2024-06-27 22:00:00,28.7,81,998.5,19.2,28.8,0.0,94
2024-06-27 23:00:00,28.4,83,998.4,15.3,28.4,0.0,26
2024-06-28 00:00:00,28.2,84,998.8,15.1,22.7,0.0,14
2024-06-28 01:00:00,27.8,86,999.6,7.9,13.0,0.0,66
2024-06-28 02:00:00,28.3,83,1000.3,7.2,13.7,0.0,99
2024-06-28 03:00:00,29.4,77,1000.5,6.8,14.8,0.0,98
2024-06-28 04:00:00,30.9,70,1000.3,8.0,16.9,0.0,95
2024-06-28 05:00:00,32.2,65,1000.0,10.7,22.0,0.0,35
2024-06-28 06:00:00,33.2,61,999.7,11.4,23.8,0.1,100
2024-06-28 07:00:00,34.1,55,999.0,12.0,23.4,0.0,100
2024-06-28 08:00:00,31.2,68,998.8,17.1,29.9,2.4,95
2024-06-28 09:00:00,32.4,63,997.9,9.9,28.1,0.1,98
2024-06-28 10:00:00,32.7,62,997.2,4.3,18.7,0.1,100
2024-06-28 11:00:00,33.4,59,996.6,3.3,12.6,0.0,100
2024-06-28 12:00:00,34.0,58,995.8,5.0,11.5,0.0,100
2024-06-28 13:00:00,34.5,52,996.2,13.0,21.2,0.0,57
2024-06-28 14:00:00,33.4,55,996.8,16.6,25.2,0.0,69
2024-06-28 15:00:00,32.6,57,997.2,18.3,27.4,0.0,100
2024-06-28 16:00:00,31.9,60,998.0,18.9,28.1,0.0,100
2024-06-28 17:00:00,31.5,61,998.3,17.8,28.1,0.0,100
2024-06-28 18:00:00,31.1,63,998.3,19.6,28.1,0.0,100
2024-06-28 19:00:00,30.7,65,998.0,19.4,28.4,0.0,100
2024-06-28 20:00:00,30.0,70,997.4,22.0,32.0,0.0,100
2024-06-28 21:00:00,29.5,75,997.2,19.4,31.7,0.0,100
2024-06-28 22:00:00,29.1,78,997.2,20.5,29.9,0.0,100
2024-06-28 23:00:00,29.0,78,997.5,21.3,30.6,0.0,99
2024-06-29 00:00:00,28.5,81,997.7,23.8,34.2,0.0,100
2024-06-29 01:00:00,28.5,79,998.3,18.9,27.4,0.0,73
2024-06-29 02:00:00,28.9,77,998.7,17.2,29.9,0.0,36
2024-06-29 03:00:00,30.1,72,999.2,16.7,27.4,0.0,55
2024-06-29 04:00:00,31.6,65,999.5,16.4,28.4,0.0,29
2024-06-29 05:00:00,33.2,58,999.1,14.0,28.4,0.0,30
2024-06-29 06:00:00,34.4,53,999.1,15.1,28.4,0.0,44
2024-06-29 07:00:00,34.9,52,998.5,13.4,28.8,0.0,99
2024-06-29 08:00:00,35.2,51,997.8,12.3,26.6,0.0,59
2024-06-29 09:00:00,35.9,50,996.8,10.8,24.8,0.0,93
2024-06-29 10:00:00,36.2,49,995.9,9.8,23.4,0.0,94
2024-06-29 11:00:00,36.9,47,995.6,14.6,25.9,0.0,72
2024-06-29 12:00:00,35.7,50,996.2,23.1,36.4,0.1,95
2024-06-29 13:00:00,36.2,45,995.8,7.9,18.7,0.0,61
2024-06-29 14:00:00,36.0,45,996.1,7.9,15.8,0.0,94
2024-06-29 15:00:00,35.7,46,996.7,15.8,22.3,0.0,100
2024-06-29 16:00:00,34.9,49,997.6,16.6,27.7,0.0,100
2024-06-29 17:00:00,34.6,50,997.9,15.9,24.1,0.0,68
2024-06-29 18:00:00,32.0,65,998.5,28.1,40.0,0.0,98
2024-06-29 19:00:00,30.7,72,998.5,27.7,41.8,0.0,100
2024-06-29 20:00:00,30.0,77,998.2,25.7,40.7,0.0,97
2024-06-29 21:00:00,29.6,79,997.9,25.6,38.2,0.0,100
2024-06-29 22:00:00,29.2,80,997.9,25.3,37.8,0.0,81
2024-06-29 23:00:00,28.9,80,998.2,23.6,36.4,0.0,8
2024-06-30 00:00:00,28.7,81,998.4,22.7,34.6,0.0,0
2024-06-30 01:00:00,29.0,81,998.4,20.3,30.2,0.0,28
2024-06-30 02:00:00,29.7,78,998.8,20.4,31.0,0.0,100
2024-06-30 03:00:00,31.1,71,998.9,18.4,31.7,0.0,25
2024-06-30 04:00:00,32.7,64,998.9,15.1,29.5,0.0,6
2024-06-30 05:00:00,34.4,57,998.7,13.0,26.6,0.0,6
2024-06-30 06:00:00,35.8,51,998.4,13.4,27.4,0.0,9
2024-06-30 07:00:00,36.8,48,997.5,15.0,29.2,0.0,5
2024-06-30 08:00:00,37.9,43,996.7,15.3,29.5,0.0,3
2024-06-30 09:00:00,38.9,40,995.4,11.9,29.2,0.0,7
2024-06-30 10:00:00,39.3,38,994.4,11.3,25.2,0.0,5
2024-06-30 11:00:00,39.6,37,993.6,12.3,23.8,0.0,6
2024-06-30 12:00:00,39.4,38,993.4,14.3,25.2,0.0,12
2024-06-30 13:00:00,38.8,36,994.3,16.4,25.9,0.0,28
2024-06-30 14:00:00,37.8,39,994.6,18.5,27.7,0.0,28
2024-06-30 15:00:00,36.2,45,995.3,23.7,34.6,0.0,3
2024-06-30 16:00:00,35.4,48,995.7,25.5,36.7,0.0,0
2024-06-30 17:00:00,32.4,62,996.6,33.6,48.2,0.0,1
2024-06-30 18:00:00,30.6,70,996.9,33.1,49.3,0.0,2
2024-06-30 19:00:00,29.6,76,996.7,28.3,47.9,0.0,3
2024-06-30 20:00:00,29.0,79,996.4,24.7,41.4,0.0,2
2024-06-30 21:00:00,28.6,81,996.1,24.5,36.0,0.0,0
2024-06-30 22:00:00,28.2,83,996.0,25.0,36.0,0.0,67
2024-06-30 23:00:00,27.8,85,995.9,24.4,36.7,0.0,10
2024-07-01 00:00:00,27.6,86,996.0,23.1,35.6,0.0,9
2024-07-01 01:00:00,28.2,84,996.1,20.5,31.3,0.0,4
2024-07-01 02:00:00,28.9,80,996.6,21.8,33.1,0.0,9
2024-07-01 03:00:00,30.0,74,997.0,21.7,34.2,0.0,2
2024-07-01 04:00:00,31.6,66,996.9,21.4,34.9,0.0,1
2024-07-01 05:00:00,33.4,58,996.6,22.0,36.4,0.0,1
2024-07-01 06:00:00,35.2,50,996.1,20.5,37.1,0.0,1
2024-07-01 07:00:00,37.0,44,994.9,19.8,35.6,0.0,63
2024-07-01 08:00:00,38.4,39,993.5,19.5,34.9,0.0,70
2024-07-01 09:00:00,39.3,37,992.2,19.7,34.9,0.0,27
2024-07-01 10:00:00,39.7,36,991.5,22.2,36.7,0.0,13
2024-07-01 11:00:00,39.3,38,991.5,26.9,41.8,0.0,0
2024-07-01 12:00:00,37.9,42,991.4,30.7,46.8,0.0,0
2024-07-01 13:00:00,37.1,42,991.8,22.7,36.7,0.0,27
2024-07-01 14:00:00,36.4,44,992.6,22.8,34.6,0.0,38
2024-07-01 15:00:00,36.0,44,993.3,23.3,33.5,0.0,52
2024-07-01 16:00:00,33.7,57,994.3,29.9,44.6,0.0,43
2024-07-01 17:00:00,32.8,60,994.5,29.2,43.6,0.0,93
2024-07-01 18:00:00,31.9,66,994.6,28.8,42.1,0.0,87
2024-07-01 19:00:00,30.7,71,994.0,29.3,42.5,0.0,56
2024-07-01 20:00:00,30.0,73,993.2,28.7,42.8,0.0,100
2024-07-01 21:00:00,29.2,76,992.8,25.9,41.8,0.0,100
2024-07-01 22:00:00,28.6,80,992.9,23.2,37.8,0.0,97
2024-07-01 23:00:00,28.1,84,993.2,24.6,36.0,0.0,14
2024-07-02 00:00:00,27.9,84,993.4,24.1,37.1,0.0,14
2024-07-02 01:00:00,28.7,81,993.5,21.1,33.8,0.0,20
2024-07-02 02:00:00,29.2,79,994.1,22.2,33.5,0.0,74
2024-07-02 03:00:00,30.5,72,994.6,24.1,37.8,0.0,95
2024-07-02 04:00:00,32.3,64,994.4,22.3,37.8,0.0,100
2024-07-02 05:00:00,34.2,56,994.1,20.8,36.4,0.0,91
2024-07-02 06:00:00,36.0,50,993.9,19.6,35.3,0.0,19
2024-07-02 07:00:00,37.6,44,993.0,18.8,34.6,0.0,77
2024-07-02 08:00:00,38.8,41,992.2,20.5,35.6,0.0,44
2024-07-02 09:00:00,39.6,39,991.3,22.9,38.5,0.0,89
2024-07-02 10:00:00,40.1,37,990.8,24.3,40.0,0.0,96
2024-07-02 11:00:00,40.4,35,990.5,23.2,40.0,0.0,38
2024-07-02 12:00:00,40.5,33,990.0,22.1,37.4,0.0,61
2024-07-02 13:00:00,39.2,36,990.9,17.2,28.8,0.0,2
2024-07-02 14:00:00,39.0,36,991.1,15.4,26.6,0.0,51
2024-07-02 15:00:00,38.4,37,991.7,18.4,25.6,0.0,99
2024-07-02 16:00:00,37.3,41,992.8,22.0,34.9,0.0,98
2024-07-02 17:00:00,33.3,61,994.1,32.7,46.8,0.0,56
2024-07-02 18:00:00,32.2,65,994.7,33.5,48.2,0.0,73
2024-07-02 19:00:00,31.0,69,994.7,33.7,49.3,0.0,12
2024-07-02 20:00:00,30.2,71,994.2,31.0,49.3,0.0,3
2024-07-02 21:00:00,29.5,74,994.0,28.7,45.0,0.0,55
2024-07-02 22:00:00,29.0,78,994.2,26.3,41.4,0.0,100
2024-07-02 23:00:00,28.4,81,994.6,26.1,38.5,0.0,100
2024-07-03 00:00:00,28.0,84,995.0,23.0,38.2,0.0,87
2024-07-03 01:00:00,28.4,83,995.6,22.0,33.5,0.0,100
2024-07-03 02:00:00,29.1,79,996.0,21.7,33.1,0.0,78
2024-07-03 03:00:00,30.5,71,996.1,23.6,36.7,0.0,30
2024-07-03 04:00:00,32.3,63,996.0,24.6,38.9,0.0,23
2024-07-03 05:00:00,34.4,54,995.9,24.9,40.3,0.0,21
2024-07-03 06:00:00,36.2,49,995.8,23.2,40.3,0.0,17
2024-07-03 07:00:00,37.9,43,995.3,22.5,38.9,0.0,37
2024-07-03 08:00:00,39.2,40,994.4,23.7,39.6,0.0,0
2024-07-03 09:00:00,39.8,39,993.6,24.4,40.3,0.0,0
2024-07-03 10:00:00,40.4,37,993.0,23.1,40.3,0.0,0
2024-07-03 11:00:00,40.8,35,992.5,22.7,38.2,0.0,41
2024-07-03 12:00:00,40.7,35,992.0,23.7,37.4,0.0,17
2024-07-03 13:00:00,39.2,38,993.3,21.4,33.8,0.0,3
2024-07-03 14:00:00,38.6,38,993.8,19.1,32.8,0.0,4
2024-07-03 15:00:00,38.5,38,994.5,17.7,27.7,0.0,42
2024-07-03 16:00:00,36.5,48,995.6,27.1,44.3,0.0,59
2024-07-03 17:00:00,34.9,56,996.5,31.0,46.1,0.0,100
2024-07-03 18:00:00,34.4,58,996.9,28.9,45.0,0.0,99
2024-07-03 19:00:00,33.0,65,997.0,31.6,45.4,0.0,100
2024-07-03 20:00:00,32.2,67,996.5,32.7,47.2,0.0,100
2024-07-03 21:00:00,31.3,68,996.3,31.3,47.2,0.0,99
2024-07-03 22:00:00,30.6,70,996.5,30.1,45.7,0.0,52
2024-07-03 23:00:00,30.1,72,997.1,26.4,43.6,0.0,85
2024-07-04 00:00:00,29.6,74,997.8,23.3,38.2,0.0,55
2024-07-04 01:00:00,29.6,77,998.5,19.2,31.3,0.0,99
2024-07-04 02:00:00,30.0,75,998.8,18.6,28.8,0.0,100
2024-07-04 03:00:00,31.2,70,999.0,20.7,32.4,0.0,100
2024-07-04 04:00:00,32.7,64,999.2,22.3,36.0,0.0,100
2024-07-04 05:00:00,34.4,57,999.1,22.5,37.1,0.0,100
2024-07-04 06:00:00,36.0,51,998.7,23.9,39.2,0.0,100
2024-07-04 07:00:00,37.4,46,997.8,25.6,42.1,0.0,36
2024-07-04 08:00:00,38.3,43,996.8,27.3,44.6,0.0,100
2024-07-04 09:00:00,38.5,41,996.1,25.9,44.6,0.0,100
2024-07-04 10:00:00,38.9,39,995.4,24.8,41.8,0.0,100
2024-07-04 11:00:00,39.8,37,994.7,25.0,39.6,0.0,100
2024-07-04 12:00:00,38.9,39,994.5,28.7,45.4,0.0,96
2024-07-04 13:00:00,37.7,42,995.9,18.7,29.9,0.0,21
2024-07-04 14:00:00,36.8,44,995.9,18.7,29.5,0.0,85
2024-07-04 15:00:00,36.6,44,996.5,14.3,27.7,0.0,100
2024-07-04 16:00:00,35.1,50,997.2,26.2,35.6,0.0,100
2024-07-04 17:00:00,34.2,53,997.9,26.4,40.7,0.0,100
2024-07-04 18:00:00,33.6,55,997.6,27.4,39.6,0.0,100
2024-07-04 19:00:00,32.9,60,997.3,28.5,40.7,0.0,100
2024-07-04 20:00:00,32.1,64,996.6,28.4,42.1,0.0,61
2024-07-04 21:00:00,31.4,68,996.7,27.7,41.0,0.0,99
2024-07-04 22:00:00,30.8,69,996.5,25.7,40.3,0.0,98
2024-07-04 23:00:00,30.4,68,996.7,24.3,37.1,0.0,97
2024-07-05 00:00:00,30.0,69,996.9,23.8,35.6,0.0,99
2024-07-05 01:00:00,29.7,68,997.1,24.2,34.9,0.0,99
2024-07-05 02:00:00,30.0,67,997.2,24.8,37.1,0.0,100
2024-07-05 03:00:00,31.0,63,997.4,24.0,37.4,0.0,100
2024-07-05 04:00:00,32.4,57,997.6,22.7,37.1,0.0,100
2024-07-05 05:00:00,33.9,51,997.5,23.2,37.8,0.0,100
2024-07-05 06:00:00,35.4,46,996.9,25.2,40.7,0.0,100
2024-07-05 07:00:00,36.7,42,995.7,27.5,44.6,0.0,100
2024-07-05 08:00:00,37.8,40,994.6,28.2,45.4,0.0,80
2024-07-05 09:00:00,38.7,38,993.4,29.8,47.5,0.0,100
2024-07-05 10:00:00,39.3,37,992.7,29.8,47.5,0.0,100
2024-07-05 11:00:00,39.1,37,991.9,28.0,47.2,0.0,100
2024-07-05 12:00:00,38.8,38,991.3,29.5,44.6,0.0,100
2024-07-05 13:00:00,37.2,39,992.4,25.7,40.0,0.0,100
2024-07-05 14:00:00,36.4,42,992.9,25.5,38.5,0.0,100
2024-07-05 15:00:00,35.3,46,993.8,26.4,39.6,0.0,100
2024-07-05 16:00:00,35.0,48,994.5,22.9,37.8,0.0,100
2024-07-05 17:00:00,34.5,50,994.2,29.2,40.7,0.0,100
2024-07-05 18:00:00,33.8,53,994.1,29.8,42.5,0.0,100
2024-07-05 19:00:00,32.1,61,993.9,30.6,47.2,0.0,100
2024-07-05 20:00:00,31.4,62,993.3,30.5,44.6,0.0,100
2024-07-05 21:00:00,30.8,63,992.9,32.5,46.4,0.0,80
2024-07-05 22:00:00,30.1,65,992.7,36.8,52.6,0.0,93
2024-07-05 23:00:00,29.0,72,992.8,36.0,54.4,0.0,100
2024-07-06 00:00:00,28.3,77,993.3,30.3,51.8,0.0,100
2024-07-06 01:00:00,28.6,76,993.9,32.0,46.1,0.0,100
2024-07-06 02:00:00,29.0,73,994.2,32.7,48.2,0.0,100
2024-07-06 03:00:00,29.7,69,994.3,31.7,47.9,0.0,100
2024-07-06 04:00:00,31.0,63,993.9,31.7,48.6,0.0,100
2024-07-06 05:00:00,32.8,57,993.9,31.7,49.0,0.0,99
2024-07-06 06:00:00,35.0,50,993.5,31.1,49.7,0.0,100
2024-07-06 07:00:00,36.7,45,993.0,30.9,49.0,0.0,92
2024-07-06 08:00:00,38.1,42,992.3,32.3,51.1,0.0,99
2024-07-06 09:00:00,39.2,39,991.4,33.3,51.8,0.0,82
2024-07-06 10:00:00,39.5,38,990.4,35.1,54.0,0.0,77
2024-07-06 11:00:00,39.6,37,989.8,34.8,54.4,0.0,100
2024-07-06 12:00:00,39.2,38,989.6,35.2,52.9,0.0,99
2024-07-06 13:00:00,38.5,40,990.8,26.9,43.6,0.0,100
2024-07-06 14:00:00,37.7,41,991.2,27.2,40.0,0.0,100
2024-07-06 15:00:00,37.1,43,991.9,25.0,39.2,0.0,100
2024-07-06 16:00:00,35.5,48,993.0,31.3,46.1,0.0,94
2024-07-06 17:00:00,34.6,50,993.7,30.5,45.4,0.0,75
2024-07-06 18:00:00,33.6,53,994.1,35.9,52.2,0.0,3
2024-07-06 19:00:00,33.1,54,994.9,27.2,51.5,0.0,10
2024-07-06 20:00:00,31.7,63,994.3,31.5,45.0,0.0,2
2024-07-06 21:00:00,30.9,68,994.3,30.4,45.4,0.0,21
2024-07-06 22:00:00,30.1,71,994.5,29.4,44.3,0.0,39
2024-07-06 23:00:00,29.3,76,994.6,26.6,42.1,0.0,2
2024-07-07 00:00:00,29.0,77,995.0,22.7,38.5,0.0,58
2024-07-07 01:00:00,29.5,75,995.6,22.4,36.4,0.0,100
2024-07-07 02:00:00,30.0,72,995.9,22.5,34.2,0.0,92
2024-07-07 03:00:00,30.9,68,996.9,20.3,33.5,0.0,100
2024-07-07 04:00:00,32.3,61,997.4,18.2,32.4,0.0,100
2024-07-07 05:00:00,33.6,55,997.4,15.5,31.0,0.0,100
2024-07-07 06:00:00,33.6,54,997.3,15.5,28.4,0.0,99
2024-07-07 07:00:00,34.2,52,996.7,15.5,27.7,0.0,100
2024-07-07 08:00:00,35.2,49,996.2,14.2,27.7,0.0,57
2024-07-07 09:00:00,37.0,43,995.3,13.4,27.0,0.0,48
2024-07-07 10:00:00,37.6,41,994.8,14.8,26.6,0.0,26
2024-07-07 11:00:00,37.0,43,994.4,20.8,33.1,0.0,66
2024-07-07 12:00:00,36.7,45,994.2,22.5,36.4,0.0,42
2024-07-07 13:00:00,35.2,48,995.4,9.3,18.7,0.0,48
2024-07-07 14:00:00,35.0,48,996.2,10.3,17.3,0.0,66
2024-07-07 15:00:00,34.4,51,996.9,13.6,19.8,0.0,69
2024-07-07 16:00:00,33.6,55,997.9,17.8,25.9,0.0,45
2024-07-07 17:00:00,33.3,56,998.7,16.3,26.3,0.0,33
2024-07-07 18:00:00,32.7,59,999.0,19.3,27.4,0.0,34
2024-07-07 19:00:00,31.7,63,998.9,19.8,30.6,0.0,34
2024-07-07 20:00:00,31.4,64,998.7,15.7,28.8,0.0,14
2024-07-07 21:00:00,31.1,66,998.5,15.8,23.0,0.0,17
2024-07-07 22:00:00,30.7,69,998.6,14.1,23.0,0.0,58
2024-07-07 23:00:00,30.4,70,998.7,14.5,21.2,0.0,87
2024-07-08 00:00:00,30.1,71,999.0,15.1,22.0,0.0,94
2024-07-08 01:00:00,30.4,70,999.3,13.8,21.6,0.0,100
2024-07-08 02:00:00,30.5,71,1000.0,12.8,20.5,0.0,99
2024-07-08 03:00:00,31.1,70,1000.4,12.6,21.6,0.0,92
2024-07-08 04:00:00,32.1,65,1000.9,10.7,22.3,0.1,29
2024-07-08 05:00:00,33.4,60,1000.6,7.3,20.9,0.1,18
2024-07-08 06:00:00,34.7,55,1000.5,4.5,18.7,0.0,17
2024-07-08 07:00:00,35.7,50,1000.0,3.2,16.6,0.0,35
2024-07-08 08:00:00,37.3,43,999.1,4.0,14.8,0.0,100
2024-07-08 09:00:00,32.4,66,999.1,25.5,38.5,3.2,100
2024-07-08 10:00:00,32.9,63,998.3,3.1,40.7,1.1,58
2024-07-08 11:00:00,34.3,60,998.1,4.0,12.2,0.0,99
2024-07-08 12:00:00,34.2,59,997.8,6.6,13.7,0.0,99
2024-07-08 13:00:00,34.8,53,998.3,15.5,26.3,0.0,100
2024-07-08 14:00:00,33.6,59,998.9,16.8,27.0,0.0,61
2024-07-08 15:00:00,33.3,60,999.5,13.7,26.3,0.0,86
2024-07-08 16:00:00,33.3,60,999.9,11.3,21.2,0.0,12
2024-07-08 17:00:00,33.2,60,1000.4,9.4,16.9,0.0,21
2024-07-08 18:00:00,33.1,60,1000.4,6.9,14.0,0.0,100
2024-07-08 19:00:00,32.7,62,1000.2,7.2,10.8,0.0,100
2024-07-08 20:00:00,32.4,63,1000.1,6.9,10.8,0.0,98
2024-07-08 21:00:00,32.0,65,999.7,5.4,10.1,0.0,60
2024-07-08 22:00:00,31.6,68,999.7,3.4,7.6,0.0,96
2024-07-08 23:00:00,31.2,71,1000.0,4.0,5.0,0.0,73
2024-07-09 00:00:00,31.0,72,1000.6,4.2,6.1,0.0,55
2024-07-09 01:00:00,30.2,71,1000.9,5.6,9.0,0.0,91
2024-07-09 02:00:00,30.9,68,1001.1,7.6,13.3,0.0,98
2024-07-09 03:00:00,32.2,62,1002.0,8.4,15.5,0.0,95
2024-07-09 04:00:00,33.5,55,1002.3,10.0,20.5,0.0,100
2024-07-09 05:00:00,33.8,55,1002.1,11.6,22.7,0.0,93
2024-07-09 06:00:00,34.9,52,1002.0,7.9,23.8,0.0,91
2024-07-09 07:00:00,36.5,46,1001.6,5.5,19.8,0.0,93
2024-07-09 08:00:00,37.8,42,1000.5,8.7,20.5,0.0,100
2024-07-09 09:00:00,38.3,40,999.5,13.7,25.9,0.0,99
2024-07-09 10:00:00,38.8,38,999.0,14.3,27.4,0.0,85
2024-07-09 11:00:00,39.0,36,998.5,12.0,27.0,0.0,64
2024-07-09 12:00:00,39.2,35,997.8,9.7,23.0,0.0,39
2024-07-09 13:00:00,38.6,35,998.3,18.3,29.9,0.0,9
2024-07-09 14:00:00,37.9,37,998.7,19.8,28.8,0.0,13
2024-07-09 15:00:00,37.0,41,999.2,18.5,28.8,0.0,29
2024-07-09 16:00:00,36.6,43,1000.3,13.0,26.3,0.0,19
2024-07-09 17:00:00,35.4,49,1001.3,10.5,18.0,0.0,27
2024-07-09 18:00:00,32.9,67,1001.7,15.9,25.9,0.0,3
2024-07-09 19:00:00,32.2,71,1001.5,12.0,23.0,0.0,1
2024-07-09 20:00:00,31.8,72,1001.4,14.8,21.6,0.0,5
2024-07-09 21:00:00,31.3,74,1001.1,12.5,21.6,0.0,14
2024-07-09 22:00:00,30.6,77,1001.0,17.7,24.8,0.0,40
2024-07-09 23:00:00,29.7,83,1001.3,17.3,26.3,0.0,0
2024-07-10 00:00:00,29.0,85,1002.0,17.2,25.6,0.0,2
2024-07-10 01:00:00,28.9,84,1002.8,17.7,27.0,0.0,92
2024-07-10 02:00:00,29.6,79,1003.4,15.3,26.3,0.0,11
2024-07-10 03:00:00,31.0,72,1003.3,14.8,24.8,0.0,36
2024-07-10 04:00:00,32.8,64,1003.4,13.8,25.2,0.0,83
2024-07-10 05:00:00,34.5,56,1003.2,13.0,24.8,0.0,9
2024-07-10 06:00:00,36.0,50,1002.7,11.3,24.8,0.0,29
2024-07-10 07:00:00,37.3,46,1002.0,10.1,23.4,0.0,10
2024-07-10 08:00:00,38.2,42,1001.2,9.2,22.7,0.0,11
2024-07-10 09:00:00,39.1,39,1000.2,10.9,23.0,0.0,5
2024-07-10 10:00:00,39.7,37,999.5,13.7,26.3,0.0,13
2024-07-10 11:00:00,38.7,38,999.0,14.0,26.6,0.0,42
2024-07-10 12:00:00,38.6,39,999.0,14.1,25.9,0.0,7
2024-07-10 13:00:00,38.6,37,999.5,14.3,30.2,0.0,21
2024-07-10 14:00:00,38.0,39,999.7,15.6,23.0,0.0,9
2024-07-10 15:00:00,36.4,48,1000.2,20.1,29.5,0.0,81
2024-07-10 16:00:00,35.1,55,1001.0,24.8,35.6,0.0,100
2024-07-10 17:00:00,33.9,59,1001.5,30.7,43.9,0.0,98
2024-07-10 18:00:00,32.6,65,1001.7,30.6,45.7,0.0,100
2024-07-10 19:00:00,31.4,69,1001.3,30.0,44.6,0.0,99
2024-07-10 20:00:00,30.7,72,1000.9,28.2,43.6,0.0,3
2024-07-10 21:00:00,30.2,73,1000.8,27.0,41.0,0.0,64
2024-07-10 22:00:00,29.7,75,1000.7,27.5,40.0,0.0,72
2024-07-10 23:00:00,29.3,77,1000.8,25.2,39.6,0.0,92
2024-07-11 00:00:00,29.0,80,1000.9,24.0,36.7,0.0,71
2024-07-11 01:00:00,29.2,80,1001.2,21.7,32.8,0.0,94
2024-07-11 02:00:00,29.8,78,1001.6,23.0,34.2,0.0,99
2024-07-11 03:00:00,30.9,72,1001.6,23.9,36.7,0.0,99
2024-07-11 04:00:00,32.5,64,1001.3,24.2,38.5,0.0,4
2024-07-11 05:00:00,34.4,56,1000.9,24.8,40.0,0.0,27
2024-07-11 06:00:00,36.2,49,1000.5,25.5,41.4,0.0,91
2024-07-11 07:00:00,37.6,45,999.8,26.6,43.2,0.0,91
2024-07-11 08:00:00,38.6,42,998.4,27.9,45.4,0.0,96
2024-07-11 09:00:00,39.1,40,997.4,29.2,46.8,0.0,97
2024-07-11 10:00:00,39.3,39,996.2,29.2,47.2,0.0,43
2024-07-11 11:00:00,39.3,38,995.2,29.2,46.4,0.0,97
2024-07-11 12:00:00,38.9,39,994.7,28.6,45.4,0.0,55
2024-07-11 13:00:00,37.6,41,995.3,25.6,38.9,0.0,36
2024-07-11 14:00:00,36.5,45,995.7,26.2,38.5,0.0,7
2024-07-11 15:00:00,35.8,47,996.3,26.2,38.5,0.0,1
2024-07-11 16:00:00,35.4,48,996.7,26.0,38.2,0.0,0
2024-07-11 17:00:00,34.5,52,997.3,29.0,41.8,0.0,0
2024-07-11 18:00:00,33.3,58,997.3,32.0,45.7,0.0,10
2024-07-11 19:00:00,32.1,64,996.9,32.9,49.0,0.0,100
2024-07-11 20:00:00,30.5,71,996.9,36.5,52.9,0.0,81
2024-07-11 21:00:00,29.6,74,996.6,35.2,52.9,0.0,28
2024-07-11 22:00:00,28.8,77,996.5,33.6,50.8,0.0,6
2024-07-11 23:00:00,28.3,79,996.4,30.8,48.6,0.0,3
2024-07-12 00:00:00,27.9,82,996.1,32.0,46.1,0.0,10
2024-07-12 01:00:00,28.7,79,996.7,33.0,47.5,0.0,100
2024-07-12 02:00:00,29.4,75,996.9,34.6,51.1,0.0,81
2024-07-12 03:00:00,30.5,69,997.0,38.3,56.5,0.0,60
2024-07-12 04:00:00,31.9,63,996.6,36.9,56.5,0.0,33
2024-07-12 05:00:00,33.7,56,996.2,36.1,56.2,0.0,35
2024-07-12 06:00:00,35.3,50,995.8,35.5,55.4,0.0,20
2024-07-12 07:00:00,36.5,46,995.1,35.6,55.4,0.0,12
2024-07-12 08:00:00,37.2,45,994.3,36.3,56.5,0.0,1
2024-07-12 09:00:00,38.5,41,993.2,35.9,56.2,0.0,0
2024-07-12 10:00:00,39.1,39,992.5,36.4,56.2,0.0,0
2024-07-12 11:00:00,38.7,39,991.9,36.3,56.9,0.0,15
2024-07-12 12:00:00,38.7,39,991.4,35.4,55.1,0.0,68
2024-07-12 13:00:00,37.1,41,992.8,29.5,45.4,0.0,91
2024-07-12 14:00:00,36.4,43,993.4,28.0,43.6,0.0,21
2024-07-12 15:00:00,35.8,45,994.4,26.0,40.7,0.0,19
2024-07-12 16:00:00,34.8,49,995.0,28.8,40.7,0.0,12
2024-07-12 17:00:00,32.7,61,995.1,36.5,52.2,0.0,3
2024-07-12 18:00:00,31.7,65,995.4,35.7,52.6,0.0,0
2024-07-12 19:00:00,30.4,71,996.0,32.9,53.3,0.0,1
2024-07-12 20:00:00,29.7,73,996.7,28.5,47.5,0.0,68
2024-07-12 21:00:00,29.4,73,996.5,25.2,41.0,0.0,100
2024-07-12 22:00:00,29.3,72,996.7,22.8,36.7,0.0,100
2024-07-12 23:00:00,29.2,71,996.2,24.1,34.2,0.0,95
2024-07-13 00:00:00,28.2,78,996.0,26.7,38.9,0.0,14
2024-07-13 01:00:00,29.0,75,997.6,22.7,32.4,0.0,30
2024-07-13 02:00:00,28.9,76,998.1,24.4,36.0,0.0,11
2024-07-13 03:00:00,30.0,69,998.4,27.2,40.3,0.0,50
2024-07-13 04:00:00,31.0,65,998.1,27.7,43.6,0.1,100
2024-07-13 05:00:00,32.5,58,997.6,28.9,44.3,0.0,44
2024-07-13 06:00:00,34.4,50,997.0,28.4,46.4,0.0,59
2024-07-13 07:00:00,35.5,46,996.7,22.7,45.0,0.0,81
2024-07-13 08:00:00,35.5,46,996.2,20.6,37.8,0.0,96
2024-07-13 09:00:00,36.1,44,995.6,17.7,34.6,0.0,100
2024-07-13 10:00:00,37.4,40,994.9,15.5,29.9,0.0,83
2024-07-13 11:00:00,37.6,39,994.2,19.8,32.0,0.0,100
2024-07-13 12:00:00,37.3,40,993.5,18.9,33.1,0.0,49
2024-07-13 13:00:00,36.6,43,993.9,17.3,27.7,0.0,86
2024-07-13 14:00:00,36.1,45,994.3,19.3,28.4,0.0,34
2024-07-13 15:00:00,35.6,46,994.8,16.5,28.4,0.0,7
2024-07-13 16:00:00,35.4,46,995.6,17.3,23.8,0.0,4
2024-07-13 17:00:00,34.7,50,996.1,17.7,27.0,0.0,4
2024-07-13 18:00:00,34.1,52,996.3,20.9,29.2,0.0,2
2024-07-13 19:00:00,32.7,59,996.3,26.7,37.8,0.0,1
2024-07-13 20:00:00,31.8,63,995.9,31.0,43.9,0.0,0
2024-07-13 21:00:00,30.4,70,996.1,32.3,47.5,0.0,0
2024-07-13 22:00:00,29.5,75,996.2,30.0,46.8,0.0,1
2024-07-13 23:00:00,28.9,77,996.7,25.8,43.6,0.0,4
2024-07-14 00:00:00,28.4,80,996.9,23.4,37.4,0.0,0
2024-07-14 01:00:00,28.7,79,997.6,20.6,29.9,0.0,0
2024-07-14 02:00:00,29.1,77,997.7,23.1,33.8,0.0,0
2024-07-14 03:00:00,30.3,72,997.6,23.8,37.4,0.0,0
2024-07-14 04:00:00,32.1,64,997.6,22.6,36.7,0.0,1
2024-07-14 05:00:00,33.9,56,997.3,22.2,37.1,0.0,1
2024-07-14 06:00:00,35.6,50,996.9,20.9,37.1,0.0,0
2024-07-14 07:00:00,36.9,46,996.2,17.7,35.6,0.0,15
2024-07-14 08:00:00,38.0,42,995.3,14.5,32.0,0.0,18
2024-07-14 09:00:00,39.0,38,994.3,14.4,28.1,0.0,12
2024-07-14 10:00:00,39.4,37,993.5,12.9,27.7,0.0,15
2024-07-14 11:00:00,39.6,36,992.8,14.5,26.6,0.0,33
2024-07-14 12:00:00,39.4,35,992.4,14.3,26.3,0.0,19
2024-07-14 13:00:00,36.5,42,994.5,15.9,24.8,0.0,35
2024-07-14 14:00:00,35.2,46,995.3,15.8,31.0,0.0,100
2024-07-14 15:00:00,29.6,67,996.6,22.1,37.1,0.7,42
2024-07-14 16:00:00,30.5,66,997.2,14.5,33.5,0.2,43
2024-07-14 17:00:00,30.5,68,997.6,10.6,22.7,0.0,47
2024-07-14 18:00:00,29.9,71,998.4,15.0,22.7,0.0,85
2024-07-14 19:00:00,30.0,70,998.0,14.2,23.0,0.0,15
2024-07-14 20:00:00,30.4,66,997.3,14.5,20.9,0.0,9
2024-07-14 21:00:00,31.5,60,997.0,14.8,23.4,0.0,12
2024-07-14 22:00:00,31.7,58,996.9,16.3,22.7,0.0,1
2024-07-14 23:00:00,31.2,62,997.3,17.7,24.5,0.0,2
2024-07-15 00:00:00,30.5,69,998.2,21.2,29.5,0.0,4
2024-07-15 01:00:00,28.6,76,999.0,7.6,13.7,0.0,6
2024-07-15 02:00:00,29.7,72,999.6,8.5,14.8,0.0,8
2024-07-15 03:00:00,31.3,66,999.8,9.3,18.0,0.0,6
2024-07-15 04:00:00,33.0,59,999.9,9.2,19.4,0.0,6
2024-07-15 05:00:00,34.3,53,999.8,6.4,19.4,0.0,11
2024-07-15 06:00:00,35.8,48,999.7,5.8,21.6,0.0,2
2024-07-15 07:00:00,37.2,44,999.2,7.2,22.3,0.0,5
2024-07-15 08:00:00,38.6,40,998.2,7.2,22.0,0.0,16
2024-07-15 09:00:00,39.6,36,997.1,6.6,20.5,0.0,49
2024-07-15 10:00:00,40.2,34,996.2,7.2,18.7,0.0,26
2024-07-15 11:00:00,40.4,32,995.6,9.4,20.2,0.0,23
2024-07-15 12:00:00,40.4,31,995.3,11.8,22.0,0.0,17
2024-07-15 13:00:00,38.8,32,996.4,11.2,20.9,0.0,31
2024-07-15 14:00:00,38.6,31,996.9,12.0,19.4,0.0,16
2024-07-15 15:00:00,38.2,31,997.2,9.2,18.7,0.0,7
2024-07-15 16:00:00,37.2,37,998.1,3.4,13.3,0.0,7
2024-07-15 17:00:00,36.2,39,998.5,8.8,11.5,0.0,19
2024-07-15 18:00:00,33.9,57,998.6,11.2,15.8,0.0,29
2024-07-15 19:00:00,33.1,63,998.7,2.1,16.6,0.0,100
2024-07-15 20:00:00,33.4,54,998.4,10.1,16.6,0.0,100
2024-07-15 21:00:00,32.7,59,997.8,7.7,13.7,0.0,2
2024-07-15 22:00:00,31.5,68,997.8,7.8,10.8,0.0,5
2024-07-15 23:00:00,30.8,73,998.0,7.4,11.9,0.0,4
2024-07-16 00:00:00,30.6,74,998.6,7.0,11.2,0.0,0
2024-07-16 01:00:00,29.9,75,999.3,6.3,9.7,0.0,97
2024-07-16 02:00:00,30.8,69,999.7,5.6,10.8,0.0,37
2024-07-16 03:00:00,32.4,62,1000.0,6.1,13.7,0.0,0
2024-07-16 04:00:00,34.3,52,1000.1,3.1,13.7,0.0,5
2024-07-16 05:00:00,36.6,44,999.8,11.1,21.2,0.0,13
2024-07-16 06:00:00,38.4,37,999.3,19.3,32.8,0.0,8
2024-07-16 07:00:00,39.7,32,998.6,20.7,35.6,0.0,14
2024-07-16 08:00:00,40.9,28,997.4,21.6,36.7,0.0,34
2024-07-16 09:00:00,41.5,27,996.4,22.5,38.2,0.0,29
2024-07-16 10:00:00,42.0,26,995.4,23.5,38.9,0.0,56
2024-07-16 11:00:00,42.0,26,994.4,25.6,40.3,0.0,99
2024-07-16 12:00:00,41.4,27,993.9,27.1,41.8,0.0,97
2024-07-16 13:00:00,39.7,32,994.9,29.3,43.2,0.0,60
2024-07-16 14:00:00,38.6,37,995.3,30.7,44.3,0.0,32
2024-07-16 15:00:00,37.7,39,996.2,24.3,44.6,0.0,34
2024-07-16 16:00:00,37.7,40,997.0,19.5,34.9,0.0,71
2024-07-16 17:00:00,37.3,41,997.5,14.5,27.7,0.0,70
2024-07-16 18:00:00,36.8,43,997.7,15.2,20.9,0.0,91
2024-07-16 19:00:00,34.7,49,997.4,25.4,36.7,0.0,94
2024-07-16 20:00:00,32.5,59,997.3,23.7,36.4,0.0,95
2024-07-16 21:00:00,31.6,64,997.4,21.5,34.6,0.0,100
2024-07-16 22:00:00,30.9,68,997.1,19.4,31.7,0.0,100
2024-07-16 23:00:00,30.4,71,997.8,18.3,29.2,0.0,100
2024-07-17 00:00:00,30.1,74,998.3,16.4,27.0,0.0,100
2024-07-17 01:00:00,31.5,67,998.8,16.9,24.5,0.0,100
2024-07-17 02:00:00,30.0,75,1000.1,20.1,37.8,0.0,100
2024-07-17 03:00:00,31.2,69,1000.2,13.0,30.2,0.0,100
2024-07-17 04:00:00,32.7,62,999.9,4.0,21.6,0.0,100
2024-07-17 05:00:00,34.4,55,999.3,2.9,12.2,0.0,73
2024-07-17 06:00:00,36.5,49,999.3,9.7,20.9,0.0,78
2024-07-17 07:00:00,37.9,46,999.1,12.1,29.2,0.0,39
2024-07-17 08:00:00,39.0,43,998.1,16.2,30.2,0.0,5
2024-07-17 09:00:00,39.4,41,997.2,18.2,32.8,0.0,76
2024-07-17 10:00:00,39.5,40,996.3,17.7,32.8,0.0,79
2024-07-17 11:00:00,39.4,41,995.8,18.4,31.7,0.0,86
2024-07-17 12:00:00,38.9,41,995.4,18.0,31.7,0.0,71
2024-07-17 13:00:00,34.3,57,996.8,5.4,19.1,0.0,99
2024-07-17 14:00:00,34.6,56,996.7,4.3,13.0,0.0,100
2024-07-17 15:00:00,34.7,54,997.3,9.5,14.8,0.0,100
2024-07-17 16:00:00,34.8,53,998.2,16.4,23.0,0.0,100
2024-07-17 17:00:00,33.6,63,998.5,21.4,30.6,0.0,100
2024-07-17 18:00:00,32.5,68,998.6,20.6,32.0,0.0,100
2024-07-17 19:00:00,31.4,72,998.2,20.3,30.2,0.0,100
2024-07-17 20:00:00,30.3,76,998.1,21.2,32.8,0.0,100
2024-07-17 21:00:00,30.0,79,997.7,19.1,31.0,0.0,100
2024-07-17 22:00:00,29.9,80,997.5,17.2,27.7,0.0,99
2024-07-17 23:00:00,29.7,82,997.8,16.6,25.2,0.0,2
2024-07-18 00:00:00,29.5,83,997.9,15.5,24.1,0.0,0
2024-07-18 01:00:00,29.2,83,998.5,9.4,14.0,0.0,10
2024-07-18 02:00:00,29.9,80,999.1,12.2,18.7,0.0,4
2024-07-18 03:00:00,31.4,73,999.2,13.5,22.7,0.0,0
2024-07-18 04:00:00,33.0,65,999.2,13.2,23.4,0.0,10
2024-07-18 05:00:00,34.4,59,999.0,11.9,23.8,0.0,67
2024-07-18 06:00:00,35.7,54,998.4,10.2,23.4,0.0,40
2024-07-18 07:00:00,36.8,50,997.8,9.6,22.0,0.0,3
2024-07-18 08:00:00,38.2,46,997.1,10.4,22.7,0.0,13
2024-07-18 09:00:00,39.0,43,995.7,11.2,23.4,0.0,4
2024-07-18 10:00:00,39.8,40,994.5,10.5,23.4,0.0,9
2024-07-18 11:00:00,39.9,38,993.7,13.5,24.1,0.0,18
2024-07-18 12:00:00,34.7,56,994.9,19.2,30.6,2.2,64
2024-07-18 13:00:00,33.7,57,995.5,27.2,37.1,1.0,93
2024-07-18 14:00:00,30.7,73,995.9,11.7,44.6,4.8,100
2024-07-18 15:00:00,30.5,77,997.7,6.3,18.7,6.8,100
2024-07-18 16:00:00,29.5,83,998.2,19.6,33.8,2.3,100
2024-07-18 17:00:00,29.5,85,999.1,19.5,27.7,0.4,100
2024-07-18 18:00:00,28.9,87,998.1,14.4,28.1,0.8,100
2024-07-18 19:00:00,28.8,89,997.8,12.7,21.2,0.2,100
2024-07-18 20:00:00,28.7,90,996.9,16.6,23.4,0.0,100
2024-07-18 21:00:00,28.5,91,996.1,15.9,25.2,0.0,100
2024-07-18 22:00:00,28.2,92,996.2,13.9,23.0,0.0,100
2024-07-18 23:00:00,28.0,92,996.2,14.2,20.9,0.0,100
2024-07-19 00:00:00,28.0,92,996.4,11.8,20.9,0.0,100
2024-07-19 01:00:00,28.5,86,997.3,8.4,14.4,0.0,100
2024-07-19 02:00:00,28.9,84,997.9,6.4,12.6,0.0,90
2024-07-19 03:00:00,30.0,78,998.0,6.2,13.7,0.0,100
2024-07-19 04:00:00,31.2,72,997.9,5.1,13.7,0.0,96
2024-07-19 05:00:00,32.7,65,997.4,2.3,14.0,0.0,80
2024-07-19 06:00:00,34.1,60,996.9,3.1,18.7,0.0,19
2024-07-19 07:00:00,35.7,54,996.4,7.9,20.2,0.0,13
2024-07-19 08:00:00,37.1,49,995.5,11.5,24.8,0.0,12
2024-07-19 09:00:00,38.0,45,994.5,15.7,29.2,0.0,11
2024-07-19 10:00:00,38.4,43,993.2,15.5,30.2,0.0,21
2024-07-19 11:00:00,38.8,42,992.3,15.8,28.4,0.0,13
2024-07-19 12:00:00,38.1,42,992.7,22.9,34.6,0.0,50
2024-07-19 13:00:00,37.3,41,994.0,10.5,18.0,0.0,73
2024-07-19 14:00:00,31.4,67,996.4,39.0,52.6,0.0,90
2024-07-19 15:00:00,30.6,69,996.0,9.8,58.0,0.0,100
2024-07-19 16:00:00,31.1,71,996.5,13.5,24.5,0.0,96
2024-07-19 17:00:00,31.3,72,996.7,11.2,20.5,0.0,98
2024-07-19 18:00:00,31.0,76,996.7,11.4,17.3,0.0,98
2024-07-19 19:00:00,30.8,79,996.2,10.7,17.6,0.0,98
2024-07-19 20:00:00,30.9,79,996.1,11.6,17.3,0.0,97
2024-07-19 21:00:00,30.6,80,995.8,11.6,17.6,0.0,89
2024-07-19 22:00:00,30.3,82,996.0,13.0,18.7,0.0,100
2024-07-19 23:00:00,29.9,84,996.6,11.5,19.1,0.0,100
2024-07-20 00:00:00,29.6,85,996.8,12.8,18.4,0.0,100
2024-07-20 01:00:00,30.8,78,997.4,9.4,13.3,0.0,100
2024-07-20 02:00:00,31.1,74,998.2,13.9,22.0,0.0,60
2024-07-20 03:00:00,31.8,68,998.3,14.8,24.5,0.0,7
2024-07-20 04:00:00,33.1,61,998.3,11.4,24.8,0.0,4
2024-07-20 05:00:00,34.5,56,998.2,6.5,21.6,0.0,3
2024-07-20 06:00:00,35.8,52,997.6,4.2,22.0,0.0,8
2024-07-20 07:00:00,37.3,47,997.0,9.9,25.2,0.0,22
2024-07-20 08:00:00,38.4,43,996.5,11.3,26.3,0.0,11
2024-07-20 09:00:00,39.2,41,995.4,13.0,26.3,0.0,10
2024-07-20 10:00:00,40.0,38,994.4,13.4,27.0,0.0,21
2024-07-20 11:00:00,40.0,37,993.9,11.9,25.9,0.0,11
2024-07-20 12:00:00,39.9,37,994.1,9.7,23.0,0.0,31
2024-07-20 13:00:00,32.7,65,996.8,6.7,20.2,1.9,47
2024-07-20 14:00:00,33.0,63,997.8,5.7,14.8,0.1,48
2024-07-20 15:00:00,32.3,67,998.2,7.7,14.4,0.0,84
2024-07-20 16:00:00,32.2,68,998.9,3.1,13.3,0.0,94
2024-07-20 17:00:00,32.0,70,999.3,3.9,8.3,0.0,98
2024-07-20 18:00:00,31.6,72,999.1,5.6,9.4,0.0,100
2024-07-20 19:00:00,31.1,75,998.2,6.8,11.5,0.0,99
2024-07-20 20:00:00,30.7,77,997.7,5.4,10.8,0.0,100
2024-07-20 21:00:00,30.4,79,997.2,6.4,10.4,0.0,93
2024-07-20 22:00:00,30.3,80,997.1,2.5,9.7,0.0,92
2024-07-20 23:00:00,30.1,82,997.3,4.6,6.5,0.0,8
2024-07-21 00:00:00,29.9,83,997.5,6.6,9.4,0.0,8
2024-07-21 01:00:00,30.5,79,997.7,5.5,8.6,0.0,1
2024-07-21 02:00:00,31.1,74,998.2,6.3,11.9,0.0,27
2024-07-21 03:00:00,32.6,64,998.6,6.5,14.4,0.0,69
2024-07-21 04:00:00,34.1,58,998.7,5.9,15.5,0.0,11
2024-07-21 05:00:00,35.3,53,998.4,4.1,17.6,0.0,19
2024-07-21 06:00:00,36.4,50,998.0,2.3,16.9,0.0,81
2024-07-21 07:00:00,37.2,47,997.6,1.1,16.2,0.1,54
2024-07-21 08:00:00,38.1,44,996.9,2.5,13.3,0.1,53
2024-07-21 09:00:00,39.2,41,995.8,3.4,14.8,0.0,49
2024-07-21 10:00:00,37.8,45,995.4,5.1,14.8,0.1,49
2024-07-21 11:00:00,35.4,54,995.4,7.6,18.7,1.3,92
2024-07-21 12:00:00,30.6,77,996.7,7.7,25.2,12.5,97
2024-07-21 13:00:00,36.6,48,995.6,2.7,12.2,0.0,44
2024-07-21 14:00:00,36.7,49,995.6,4.1,12.6,0.0,38
2024-07-21 15:00:00,36.1,50,996.6,11.2,16.6,0.0,86
2024-07-21 16:00:00,32.0,69,998.4,12.1,21.2,2.4,100
2024-07-21 17:00:00,31.9,69,998.1,10.9,19.8,0.1,99
2024-07-21 18:00:00,32.2,67,997.7,9.7,17.3,0.0,99
2024-07-21 19:00:00,32.1,68,997.6,11.1,15.8,0.0,88
2024-07-21 20:00:00,31.6,72,997.1,13.4,19.1,0.0,13
2024-07-21 21:00:00,31.3,72,996.9,15.1,20.9,0.0,15
2024-07-21 22:00:00,30.9,73,996.5,13.0,22.3,0.0,20
2024-07-21 23:00:00,30.8,74,996.7,11.4,18.7,0.0,21
2024-07-22 00:00:00,30.8,75,996.9,12.4,17.6,0.0,19
2024-07-22 01:00:00,31.0,71,997.7,16.6,25.9,0.0,98
2024-07-22 02:00:00,31.2,72,998.4,23.2,33.1,0.0,41
2024-07-22 03:00:00,31.2,66,998.6,27.2,41.4,0.0,85
2024-07-22 04:00:00,32.3,62,998.8,20.0,41.0,0.0,63
2024-07-22 05:00:00,34.1,57,999.0,21.3,34.9,0.0,25
2024-07-22 06:00:00,35.3,54,998.7,19.1,35.6,0.0,95
2024-07-22 07:00:00,36.6,50,997.9,15.9,33.1,0.0,5
2024-07-22 08:00:00,37.6,47,997.3,12.7,29.5,0.0,7
2024-07-22 09:00:00,38.6,44,996.1,8.0,25.6,0.0,20
2024-07-22 10:00:00,38.9,42,995.1,6.1,20.2,0.0,33
2024-07-22 11:00:00,39.1,41,994.4,5.9,16.9,0.0,31
2024-07-22 12:00:00,38.6,42,994.2,5.6,15.8,0.0,45
2024-07-22 13:00:00,31.4,73,996.2,12.2,28.8,8.4,100
2024-07-22 14:00:00,29.4,84,998.3,11.4,20.9,16.5,100
2024-07-22 15:00:00,28.9,86,999.0,20.1,34.2,8.2,100
2024-07-22 16:00:00,29.2,86,998.8,21.4,32.8,1.4,100
2024-07-22 17:00:00,29.1,87,998.9,14.0,30.6,0.0,100
2024-07-22 18:00:00,28.8,91,998.7,14.3,22.3,0.0,100
2024-07-22 19:00:00,28.7,91,998.7,16.1,23.0,0.0,100
2024-07-22 20:00:00,28.6,92,998.1,16.0,23.4,0.0,100
2024-07-22 21:00:00,28.7,90,997.6,19.1,27.4,0.0,100
2024-07-22 22:00:00,28.6,91,997.2,19.5,28.1,0.0,100
2024-07-22 23:00:00,28.5,92,997.7,19.5,28.1,0.0,100
2024-07-23 00:00:00,28.2,93,997.6,20.4,29.2,0.0,99
2024-07-23 01:00:00,28.0,88,997.7,21.5,31.7,0.5,99
2024-07-23 02:00:00,28.3,87,997.8,19.6,31.3,0.0,100
2024-07-23 03:00:00,28.6,86,998.9,17.1,31.0,2.9,100
2024-07-23 04:00:00,29.1,83,999.3,18.7,29.9,0.2,99
2024-07-23 05:00:00,29.8,80,999.1,21.8,32.8,2.1,97
2024-07-23 06:00:00,30.3,79,998.8,19.2,34.2,0.5,74
2024-07-23 07:00:00,30.8,77,998.2,15.1,31.0,0.0,67
2024-07-23 08:00:00,32.2,72,997.3,15.0,26.3,0.0,65
2024-07-23 09:00:00,33.4,66,996.1,13.4,26.3,0.0,73
2024-07-23 10:00:00,34.7,60,995.0,13.4,24.1,0.0,72
2024-07-23 11:00:00,34.7,59,994.1,13.4,23.4,0.0,55
2024-07-23 12:00:00,34.9,59,993.4,14.8,22.0,0.0,100
2024-07-23 13:00:00,35.5,56,994.6,20.2,29.9,0.0,100
2024-07-23 14:00:00,34.7,60,994.7,20.1,29.9,0.0,100
2024-07-23 15:00:00,33.8,65,995.0,21.2,29.9,0.0,100
2024-07-23 16:00:00,32.7,69,996.0,20.4,29.9,0.0,100
2024-07-23 17:00:00,31.8,72,996.5,24.9,34.6,0.0,100
2024-07-23 18:00:00,31.0,76,996.5,26.3,37.1,0.0,100
2024-07-23 19:00:00,30.3,79,996.4,26.0,40.3,0.0,100
2024-07-23 20:00:00,29.9,80,995.9,22.7,37.1,0.0,100
2024-07-23 21:00:00,29.4,82,995.7,22.3,33.1,0.0,100
2024-07-23 22:00:00,29.2,82,995.3,21.9,32.8,0.0,99
2024-07-23 23:00:00,29.0,81,995.2,21.1,31.7,0.0,98
2024-07-24 00:00:00,28.7,81,995.1,20.7,30.6,0.0,100
2024-07-24 01:00:00,29.0,79,995.3,18.6,27.4,0.0,100
2024-07-24 02:00:00,29.3,78,995.5,18.9,28.1,0.0,99
2024-07-24 03:00:00,30.3,74,996.0,18.0,28.4,0.0,81
2024-07-24 04:00:00,31.5,68,996.0,16.6,28.4,0.0,74
2024-07-24 05:00:00,33.4,61,995.6,17.4,29.9,0.0,52
2024-07-24 06:00:00,34.9,55,994.9,18.0,31.7,0.0,8
2024-07-24 07:00:00,36.3,50,994.1,16.9,31.7,0.0,18
2024-07-24 08:00:00,37.4,46,993.2,17.7,31.3,0.0,14
2024-07-24 09:00:00,37.9,45,992.0,20.1,34.2,0.0,16
2024-07-24 10:00:00,37.8,45,991.3,20.3,34.9,0.0,15
2024-07-24 11:00:00,37.8,45,990.6,21.6,34.9,0.0,11
2024-07-24 12:00:00,37.4,45,990.5,22.1,35.3,0.0,11
2024-07-24 13:00:00,35.7,50,991.4,25.3,39.2,0.0,29
2024-07-24 14:00:00,34.9,52,992.1,22.4,37.8,0.0,76
2024-07-24 15:00:00,34.1,56,992.9,22.9,33.1,0.0,80
2024-07-24 16:00:00,33.4,60,993.4,25.3,36.7,0.0,100
2024-07-24 17:00:00,32.7,63,994.0,21.6,36.7,0.0,84
2024-07-24 18:00:00,32.0,66,993.7,24.0,33.5,0.0,100
2024-07-24 19:00:00,31.1,69,993.5,27.6,40.0,0.0,100
2024-07-24 20:00:00,30.3,73,993.0,28.0,40.7,0.0,100
2024-07-24 21:00:00,29.6,76,992.9,25.7,40.7,0.0,86
2024-07-24 22:00:00,29.1,77,992.9,26.8,38.5,0.0,92
2024-07-24 23:00:00,28.7,78,992.8,24.2,38.5,0.0,0
2024-07-25 00:00:00,28.2,80,993.1,23.6,34.9,0.0,0
2024-07-25 01:00:00,28.2,79,993.3,18.4,27.0,0.0,85
2024-07-25 02:00:00,28.6,77,993.8,18.7,28.4,0.0,4
2024-07-25 03:00:00,29.4,73,994.6,19.9,31.3,0.0,4
2024-07-25 04:00:00,30.8,66,994.7,21.3,34.6,0.0,13
2024-07-25 05:00:00,32.6,57,994.5,22.3,37.1,0.0,13
2024-07-25 06:00:00,34.0,52,994.3,19.7,37.1,0.0,4
2024-07-25 07:00:00,35.3,48,994.0,20.3,35.3,0.0,4
2024-07-25 08:00:00,36.2,45,993.3,20.2,35.6,0.0,10
2024-07-25 09:00:00,36.6,44,992.5,23.3,39.2,0.0,9
2024-07-25 10:00:00,37.2,42,991.9,23.3,39.6,0.0,26
2024-07-25 11:00:00,37.5,40,991.3,22.7,38.9,0.0,94
2024-07-25 12:00:00,37.4,40,991.0,22.6,37.1,0.0,100
2024-07-25 13:00:00,36.2,44,992.0,18.7,30.6,0.0,100
2024-07-25 14:00:00,35.6,46,992.6,20.0,29.2,0.0,99
2024-07-25 15:00:00,34.0,52,993.3,27.8,39.2,0.0,99
2024-07-25 16:00:00,32.5,58,994.6,29.6,44.6,0.0,100
2024-07-25 17:00:00,32.1,59,995.0,28.8,42.5,0.0,99
2024-07-25 18:00:00,31.5,63,995.0,27.6,41.8,0.0,98
2024-07-25 19:00:00,30.7,67,994.6,27.7,40.3,0.0,98
2024-07-25 20:00:00,30.1,71,994.4,28.5,40.7,0.0,96
2024-07-25 21:00:00,29.5,75,994.5,26.3,41.0,0.0,100
2024-07-25 22:00:00,28.8,80,995.0,25.0,38.2,0.0,99
2024-07-25 23:00:00,28.4,83,995.0,24.0,36.0,0.0,93
2024-07-26 00:00:00,28.0,85,995.1,22.5,34.9,0.0,20
2024-07-26 01:00:00,28.7,85,995.2,18.7,28.8,0.0,73
2024-07-26 02:00:00,29.4,81,995.5,20.0,29.9,0.0,31
2024-07-26 03:00:00,30.6,75,995.8,21.6,33.8,0.0,22
2024-07-26 04:00:00,32.0,67,995.9,22.4,35.6,0.0,99
2024-07-26 05:00:00,32.9,61,996.0,22.9,36.7,0.0,63
2024-07-26 06:00:00,34.4,55,995.8,20.7,37.1,0.0,100
2024-07-26 07:00:00,35.3,51,995.5,20.2,34.6,0.0,86
2024-07-26 08:00:00,35.8,48,994.8,23.1,37.4,0.0,69
2024-07-26 09:00:00,36.7,44,994.2,23.9,40.0,0.0,31
2024-07-26 10:00:00,36.9,43,993.4,24.0,39.6,0.0,52
2024-07-26 11:00:00,37.0,42,992.9,25.3,40.7,0.0,82
2024-07-26 12:00:00,36.6,43,992.8,25.9,40.7,0.0,58
2024-07-26 13:00:00,36.2,44,993.6,22.5,33.8,0.0,100
2024-07-26 14:00:00,35.3,47,994.2,22.8,34.2,0.0,100
2024-07-26 15:00:00,34.3,52,994.9,25.2,35.6,0.0,100
2024-07-26 16:00:00,33.3,57,995.9,28.8,41.8,0.0,100
2024-07-26 17:00:00,32.7,61,996.4,29.2,42.5,0.0,100
2024-07-26 18:00:00,32.0,65,996.4,27.1,42.5,0.0,100
2024-07-26 19:00:00,31.5,70,996.2,29.2,41.0,0.0,100
2024-07-26 20:00:00,30.8,71,996.0,29.1,44.3,0.0,100
2024-07-26 21:00:00,30.2,72,995.7,27.6,42.1,0.0,62
2024-07-26 22:00:00,29.5,75,995.8,25.8,39.6,0.0,5
2024-07-26 23:00:00,29.0,77,996.1,25.9,37.8,0.0,24
2024-07-27 00:00:00,28.6,79,996.5,24.1,37.4,0.0,49
2024-07-27 01:00:00,28.6,80,996.8,22.6,35.3,0.0,100
2024-07-27 02:00:00,29.0,78,997.7,21.6,33.1,0.0,100
2024-07-27 03:00:00,30.0,73,998.0,22.1,33.8,0.0,100
2024-07-27 04:00:00,31.6,66,997.7,24.6,38.2,0.0,86
2024-07-27 05:00:00,33.7,58,997.3,26.2,41.8,0.0,27
2024-07-27 06:00:00,35.4,52,997.0,27.9,44.6,0.0,99
2024-07-27 07:00:00,36.7,47,996.5,27.2,45.0,0.0,100
2024-07-27 08:00:00,37.9,43,995.9,24.8,43.9,0.0,29
2024-07-27 09:00:00,39.1,39,995.0,23.7,41.0,0.0,14
2024-07-27 10:00:00,39.7,37,994.5,24.6,40.0,0.0,11
2024-07-27 11:00:00,39.6,37,994.2,24.4,40.3,0.0,96
2024-07-27 12:00:00,39.1,37,994.2,23.9,39.2,0.0,100
2024-07-27 13:00:00,36.8,42,995.0,22.2,34.6,0.0,100
2024-07-27 14:00:00,35.8,45,995.7,22.7,33.5,0.0,100
2024-07-27 15:00:00,35.3,46,996.4,21.3,33.1,0.0,100
2024-07-27 16:00:00,34.9,48,996.8,21.3,30.6,0.0,100
2024-07-27 17:00:00,33.0,60,997.5,27.6,40.0,0.0,100
2024-07-27 18:00:00,32.4,62,997.6,24.7,40.3,0.0,100
2024-07-27 19:00:00,31.9,65,997.3,24.8,36.0,0.0,100
2024-07-27 20:00:00,31.1,70,997.1,25.5,37.4,0.0,100
2024-07-27 21:00:00,30.4,73,996.7,24.7,37.4,0.0,100
2024-07-27 22:00:00,29.8,76,996.6,20.9,35.6,0.0,100
2024-07-27 23:00:00,29.3,77,996.9,19.6,31.0,0.0,100
2024-07-28 00:00:00,29.0,77,997.3,18.2,28.8,0.0,100
2024-07-28 01:00:00,29.0,77,997.6,18.8,27.4,0.0,100
2024-07-28 02:00:00,29.1,77,998.5,17.6,28.4,0.0,100
2024-07-28 03:00:00,29.3,76,998.5,18.1,27.4,0.0,100
2024-07-28 04:00:00,30.6,70,998.4,14.8,27.7,0.0,100
2024-07-28 05:00:00,32.7,62,998.2,14.2,26.3,0.0,99
2024-07-28 06:00:00,35.0,52,997.6,13.0,26.3,0.0,95
2024-07-28 07:00:00,36.9,45,996.8,14.2,27.7,0.0,99
2024-07-28 08:00:00,38.2,41,995.9,13.3,28.1,0.0,100
2024-07-28 09:00:00,39.1,40,995.1,10.8,27.0,0.0,98
2024-07-28 10:00:00,39.8,39,994.4,6.9,23.8,0.0,98
2024-07-28 11:00:00,39.3,40,994.0,6.0,18.4,0.0,100
2024-07-28 12:00:00,39.2,39,993.3,5.8,16.2,0.0,100
2024-07-28 13:00:00,34.5,52,995.6,11.9,22.3,0.1,100
2024-07-28 14:00:00,34.0,54,995.2,11.4,21.2,0.0,92
2024-07-28 15:00:00,34.3,53,995.3,13.0,19.8,0.0,87
2024-07-28 16:00:00,34.8,52,995.6,11.4,20.9,0.0,99
2024-07-28 17:00:00,34.1,55,996.4,8.0,16.9,0.0,93
2024-07-28 18:00:00,33.6,58,996.4,8.2,12.2,0.0,100
2024-07-28 19:00:00,33.0,61,995.9,12.8,18.4,0.0,74
2024-07-28 20:00:00,32.4,62,995.4,10.9,18.7,0.0,12
2024-07-28 21:00:00,32.0,63,994.9,9.6,15.8,0.0,16
2024-07-28 22:00:00,31.6,65,994.7,9.7,14.0,0.0,14
2024-07-28 23:00:00,31.1,67,995.2,7.6,14.0,0.0,6
2024-07-29 00:00:00,30.8,68,995.8,5.8,10.8,0.0,44
2024-07-29 01:00:00,30.6,76,995.7,6.2,9.7,0.0,65
2024-07-29 02:00:00,31.2,73,996.6,6.9,12.2,0.0,50
2024-07-29 03:00:00,32.4,67,997.2,5.2,13.3,0.0,55
2024-07-29 04:00:00,34.1,59,997.6,9.4,19.4,0.6,60
2024-07-29 05:00:00,35.1,55,996.7,12.4,22.3,0.0,59
2024-07-29 06:00:00,36.8,49,996.1,16.3,28.8,0.0,32
2024-07-29 07:00:00,37.9,45,995.0,19.2,35.6,0.0,9
2024-07-29 08:00:00,39.3,41,993.7,20.5,35.6,0.0,66
2024-07-29 09:00:00,40.2,38,992.7,20.5,36.0,0.0,75
2024-07-29 10:00:00,40.8,36,992.2,18.4,35.6,0.0,98
2024-07-29 11:00:00,41.6,33,991.5,18.0,32.4,0.0,92
2024-07-29 12:00:00,41.2,31,991.2,23.7,36.0,0.0,59
2024-07-29 13:00:00,31.4,70,995.5,10.4,36.4,4.6,84
2024-07-29 14:00:00,30.5,75,995.0,6.9,26.3,0.4,34
2024-07-29 15:00:00,30.6,76,996.0,6.9,12.6,0.0,58
2024-07-29 16:00:00,30.7,76,997.1,10.1,14.0,0.0,87
2024-07-29 17:00:00,30.5,76,997.7,12.2,21.6,0.1,81
2024-07-29 18:00:00,30.4,76,997.4,10.5,17.3,0.0,18
2024-07-29 19:00:00,29.9,80,997.1,8.6,15.1,0.0,8
2024-07-29 20:00:00,29.5,83,996.4,8.9,12.6,0.0,2
2024-07-29 21:00:00,29.1,85,995.8,9.0,14.0,0.0,3
2024-07-29 22:00:00,28.8,86,995.6,8.1,13.0,0.0,19
2024-07-29 23:00:00,28.7,86,995.7,7.9,11.9,0.0,0
2024-07-30 00:00:00,28.7,86,996.3,5.6,11.2,0.0,5
2024-07-30 01:00:00,29.4,87,997.7,4.3,6.5,0.0,18
2024-07-30 02:00:00,30.2,82,998.8,7.6,12.6,0.0,52
2024-07-30 03:00:00,31.2,75,999.0,4.1,13.7,0.1,29
2024-07-30 04:00:00,32.7,66,999.6,5.1,19.8,0.0,37
2024-07-30 05:00:00,34.1,59,999.1,6.5,22.3,0.0,13
2024-07-30 06:00:00,35.7,53,998.5,10.9,26.3,0.0,14
2024-07-30 07:00:00,36.9,48,998.0,15.7,29.2,0.0,61
2024-07-30 08:00:00,37.7,46,997.0,14.3,29.9,0.0,100
2024-07-30 09:00:00,38.7,42,995.9,12.3,27.4,0.0,100
2024-07-30 10:00:00,38.2,43,995.7,17.2,28.1,0.0,100
2024-07-30 11:00:00,34.4,57,996.3,11.5,35.3,1.3,78
2024-07-30 12:00:00,35.2,55,995.4,9.9,22.3,0.0,65
2024-07-30 13:00:00,35.9,47,995.9,17.9,27.4,0.6,49
2024-07-30 14:00:00,33.2,58,997.4,20.2,28.8,0.4,91
2024-07-30 15:00:00,29.0,82,999.9,20.5,31.7,8.9,95
2024-07-30 16:00:00,28.4,86,1000.4,7.6,30.6,3.6,100
2024-07-30 17:00:00,28.5,86,999.9,12.8,17.3,0.7,100
2024-07-30 18:00:00,28.3,88,1000.0,15.1,24.8,0.9,96
2024-07-30 19:00:00,27.9,89,999.7,14.6,23.0,0.1,98
2024-07-30 20:00:00,28.0,89,999.2,18.4,26.3,0.0,99
2024-07-30 21:00:00,27.9,89,999.1,16.6,26.6,0.0,99
2024-07-30 22:00:00,27.7,89,999.3,17.1,24.8,0.0,100
2024-07-30 23:00:00,27.6,90,999.4,17.5,24.8,0.0,100
2024-07-31 00:00:00,27.6,91,999.0,17.9,26.6,0.0,100
2024-07-31 01:00:00,27.9,89,1000.5,16.6,23.8,0.0,100
2024-07-31 02:00:00,28.6,86,1000.7,16.1,26.3,0.0,100
2024-07-31 03:00:00,29.7,81,1001.0,14.6,24.5,0.0,100
2024-07-31 04:00:00,30.7,76,1001.0,13.7,23.4,0.1,100
2024-07-31 05:00:00,31.4,73,1000.8,13.4,23.8,0.0,99
2024-07-31 06:00:00,32.4,68,1000.8,12.9,23.0,0.0,100
2024-07-31 07:00:00,33.2,65,1000.4,13.8,24.5,0.0,100
2024-07-31 08:00:00,34.0,62,999.8,14.8,25.6,0.0,97
2024-07-31 09:00:00,34.2,60,998.8,15.5,26.3,0.0,92
2024-07-31 10:00:00,34.5,58,997.5,16.2,26.6,0.0,100
2024-07-31 11:00:00,34.1,61,997.0,18.5,28.8,0.0,38
2024-07-31 12:00:00,33.5,62,997.2,19.5,29.2,0.0,24
2024-07-31 13:00:00,33.0,63,997.4,17.1,25.9,0.0,65
2024-07-31 14:00:00,31.5,72,998.0,18.4,25.9,0.0,97
2024-07-31 15:00:00,30.6,77,998.5,20.0,28.1,0.0,53
2024-07-31 16:00:00,29.8,80,999.4,22.5,32.0,0.0,96
2024-07-31 17:00:00,29.1,84,999.7,25.0,35.6,0.0,99
2024-07-31 18:00:00,28.7,85,999.0,25.2,36.4,0.0,100
2024-07-31 19:00:00,28.2,88,998.3,26.3,38.2,0.0,100
2024-07-31 20:00:00,28.1,88,998.3,26.1,38.2,0.0,100
2024-07-31 21:00:00,27.8,88,997.8,30.3,42.8,0.0,100
2024-07-31 22:00:00,27.5,89,997.5,31.8,45.4,0.0,100
2024-07-31 23:00:00,27.1,89,997.5,33.7,47.2,0.0,100
2024-08-01 00:00:00,26.9,89,997.8,34.2,49.0,0.0,100
2024-08-01 01:00:00,27.0,87,997.7,31.1,47.9,0.0,97
2024-08-01 02:00:00,27.2,87,998.2,30.5,46.8,0.0,100
2024-08-01 03:00:00,28.2,81,998.5,34.0,49.3,0.0,99
2024-08-01 04:00:00,29.4,75,998.4,35.5,52.6,0.0,84
2024-08-01 05:00:00,30.8,68,998.3,35.1,52.9,0.0,100
2024-08-01 06:00:00,31.9,64,998.2,33.2,52.2,0.0,100
2024-08-01 07:00:00,33.5,56,997.5,35.2,52.9,0.0,100
2024-08-01 08:00:00,33.5,57,996.8,34.2,53.6,0.0,100
2024-08-01 09:00:00,33.4,58,996.4,30.5,51.8,0.0,100
2024-08-01 10:00:00,33.1,60,996.0,30.4,46.4,0.0,100
2024-08-01 11:00:00,32.9,61,995.0,33.5,49.0,0.0,100
2024-08-01 12:00:00,32.8,62,994.8,30.9,50.4,0.0,100
2024-08-01 13:00:00,31.2,70,996.2,23.7,40.3,0.0,100
2024-08-01 14:00:00,30.3,75,996.9,21.9,33.5,0.0,100
2024-08-01 15:00:00,29.9,78,997.5,21.8,31.3,0.0,100
2024-08-01 16:00:00,29.4,80,998.0,22.3,31.7,0.0,100
2024-08-01 17:00:00,29.1,82,998.5,21.3,31.7,0.0,100
2024-08-01 18:00:00,28.8,84,998.6,21.3,30.6,0.0,100
2024-08-01 19:00:00,28.6,84,998.0,25.1,34.9,0.0,100
2024-08-01 20:00:00,28.0,86,997.2,27.7,39.2,0.0,100
2024-08-01 21:00:00,27.6,87,997.5,21.8,39.6,0.0,100
2024-08-01 22:00:00,27.2,88,997.2,25.3,36.4,0.0,100
2024-08-01 23:00:00,27.1,87,996.5,30.8,43.2,0.0,100
2024-08-02 00:00:00,27.0,86,996.5,29.5,44.3,0.0,100
2024-08-02 01:00:00,27.3,87,997.2,23.4,35.3,0.0,100
2024-08-02 02:00:00,27.7,83,997.4,25.2,37.1,0.0,100
2024-08-02 03:00:00,27.7,83,997.4,25.0,36.7,0.0,100
2024-08-02 04:00:00,28.0,82,997.6,24.9,37.8,0.0,100
2024-08-02 05:00:00,28.6,80,997.8,20.7,36.0,0.1,100
2024-08-02 06:00:00,29.2,78,997.1,21.8,32.0,0.1,100
2024-08-02 07:00:00,29.5,77,996.7,20.5,33.1,0.1,100
2024-08-02 08:00:00,29.8,76,996.1,19.4,30.6,0.4,100
2024-08-02 09:00:00,30.6,73,995.5,21.6,33.8,0.1,100
2024-08-02 10:00:00,30.6,73,994.8,23.5,35.3,0.1,100
2024-08-02 11:00:00,31.0,72,994.4,26.1,39.6,0.1,100
2024-08-02 12:00:00,30.3,75,994.5,25.3,38.9,0.1,100
2024-08-02 13:00:00,28.6,82,995.3,15.7,23.4,0.4,100
2024-08-02 14:00:00,28.3,85,995.7,13.6,23.0,0.5,100
2024-08-02 15:00:00,27.4,88,996.1,13.8,21.2,0.8,100
2024-08-02 16:00:00,27.2,89,996.7,17.6,24.5,0.5,100
2024-08-02 17:00:00,26.4,90,997.3,11.7,28.1,0.2,100
2024-08-02 18:00:00,26.1,91,997.4,16.3,21.2,0.8,100
2024-08-02 19:00:00,25.5,92,997.3,10.4,25.9,0.3,100
2024-08-02 20:00:00,25.6,93,996.6,12.1,18.0,0.4,100
2024-08-02 21:00:00,25.5,95,996.0,9.7,17.6,0.5,100
2024-08-02 22:00:00,25.6,96,995.5,8.3,14.8,0.1,100
2024-08-02 23:00:00,26.0,95,995.7,7.6,12.6,0.0,100
2024-08-03 00:00:00,26.3,94,995.8,10.1,14.8,0.1,100
2024-08-03 01:00:00,25.5,95,996.3,14.3,21.2,0.2,100
2024-08-03 02:00:00,25.5,94,996.9,17.2,25.2,0.5,100
2024-08-03 03:00:00,25.2,95,997.2,13.8,25.9,0.2,100
2024-08-03 04:00:00,25.5,93,997.4,13.4,23.8,0.8,100
2024-08-03 05:00:00,26.6,89,997.6,11.2,21.2,0.4,100
2024-08-03 06:00:00,27.7,86,997.3,9.6,19.1,0.1,100
2024-08-03 07:00:00,28.2,84,997.1,10.2,19.1,0.1,100
2024-08-03 08:00:00,28.6,83,996.5,13.5,22.0,0.3,100
2024-08-03 09:00:00,28.7,81,995.7,14.1,23.8,0.5,97
2024-08-03 10:00:00,29.1,80,995.3,18.7,29.2,0.5,22
2024-08-03 11:00:00,29.1,79,995.2,19.4,31.0,0.2,99
2024-08-03 12:00:00,28.4,83,995.1,16.2,30.6,0.1,34
2024-08-03 13:00:00,27.6,86,995.5,11.1,21.6,0.1,100
2024-08-03 14:00:00,27.3,87,996.1,3.1,16.6,0.0,99
2024-08-03 15:00:00,26.9,91,996.7,8.3,11.5,0.2,97
2024-08-03 16:00:00,26.6,93,997.6,13.0,18.0,0.3,100
2024-08-03 17:00:00,26.2,94,998.4,18.4,27.0,0.8,100
2024-08-03 18:00:00,26.2,93,998.7,17.6,27.4,1.3,100
2024-08-03 19:00:00,26.0,95,998.6,17.0,25.6,1.3,100
2024-08-03 20:00:00,25.7,96,998.0,19.4,27.0,0.5,100
2024-08-03 21:00:00,25.6,96,997.8,19.1,30.2,0.1,100
2024-08-03 22:00:00,25.6,95,997.6,15.5,27.4,0.0,100
2024-08-03 23:00:00,25.6,94,997.9,17.1,23.8,0.2,100
2024-08-04 00:00:00,25.9,93,998.3,19.0,27.0,0.0,70
2024-08-04 01:00:00,25.9,96,997.7,17.7,27.7,0.0,81
2024-08-04 02:00:00,26.1,94,998.7,21.6,30.2,0.0,100
2024-08-04 03:00:00,26.5,92,999.2,22.5,32.8,0.0,100
2024-08-04 04:00:00,27.5,87,999.7,22.1,34.2,0.0,100
2024-08-04 05:00:00,28.2,85,1000.3,20.1,32.4,0.0,97
2024-08-04 06:00:00,29.1,82,1000.1,20.8,32.0,0.0,100
2024-08-04 07:00:00,30.0,78,999.7,18.8,32.0,0.1,35
2024-08-04 08:00:00,30.8,76,998.6,17.5,30.2,0.1,60
2024-08-04 09:00:00,31.1,75,997.8,18.7,30.2,0.1,80
2024-08-04 10:00:00,30.9,75,997.2,19.8,31.3,0.2,48
2024-08-04 11:00:00,31.1,75,996.9,18.1,31.0,0.2,42
2024-08-04 12:00:00,30.5,75,997.4,16.8,27.7,1.6,73
2024-08-04 13:00:00,29.4,79,997.9,13.8,24.5,0.6,66
2024-08-04 14:00:00,28.6,84,999.1,9.0,19.4,0.2,100
2024-08-04 15:00:00,28.0,88,1000.0,8.5,12.6,0.3,100
2024-08-04 16:00:00,27.1,92,1001.0,11.1,16.9,3.8,99
2024-08-04 17:00:00,27.0,92,1000.8,10.8,15.8,0.2,100
2024-08-04 18:00:00,27.1,91,1000.9,13.0,18.4,0.1,94
2024-08-04 19:00:00,26.9,92,1000.8,11.2,18.7,0.0,49
2024-08-04 20:00:00,26.8,92,1000.7,10.5,15.8,0.0,50
2024-08-04 21:00:00,26.7,92,1000.3,9.7,14.8,0.0,100
2024-08-04 22:00:00,26.5,93,1000.0,10.4,15.1,0.0,100
2024-08-04 23:00:00,26.3,94,1000.3,9.9,14.4,0.0,100
2024-08-05 00:00:00,26.2,95,1000.7,9.5,14.4,0.0,100
2024-08-05 01:00:00,26.2,94,1001.6,4.0,7.2,2.8,100
2024-08-05 02:00:00,26.5,93,1001.9,7.7,12.2,0.1,100
2024-08-05 03:00:00,27.1,91,1002.0,8.7,13.7,0.3,100
2024-08-05 04:00:00,28.0,87,1002.3,9.9,18.4,0.0,84
2024-08-05 05:00:00,29.2,82,1002.7,10.2,20.2,0.2,100
2024-08-05 06:00:00,29.9,81,1002.6,12.8,23.8,0.4,100
2024-08-05 07:00:00,30.6,80,1001.8,14.2,27.0,0.3,100
2024-08-05 08:00:00,31.2,78,1001.2,16.6,28.4,0.2,90
2024-08-05 09:00:00,31.5,75,999.8,18.6,29.9,0.2,99
2024-08-05 10:00:00,30.9,75,999.3,15.4,29.9,1.7,100
2024-08-05 11:00:00,30.0,81,999.2,14.2,24.8,0.3,100
2024-08-05 12:00:00,29.5,83,999.4,13.8,20.2,1.4,100
2024-08-05 13:00:00,27.5,89,1000.1,16.6,24.1,2.2,100
2024-08-05 14:00:00,27.1,90,999.9,19.5,27.7,2.8,100
2024-08-05 15:00:00,26.8,91,1000.5,20.6,29.5,3.9,100
2024-08-05 16:00:00,26.6,92,1000.9,22.6,32.8,4.0,100
2024-08-05 17:00:00,26.5,92,1001.0,22.6,33.1,3.1,100
2024-08-05 18:00:00,26.4,92,1001.1,22.0,32.4,3.6,100
2024-08-05 19:00:00,26.4,94,1000.5,22.8,33.1,3.9,100
2024-08-05 20:00:00,26.3,95,1000.1,22.7,33.1,3.1,100
2024-08-05 21:00:00,26.2,96,999.4,25.4,36.0,2.4,100
2024-08-05 22:00:00,26.1,96,999.1,26.7,38.9,2.0,100
2024-08-05 23:00:00,25.8,96,999.3,26.4,38.5,0.7,100
2024-08-06 00:00:00,25.7,95,999.7,27.7,39.2,2.6,100
2024-08-06 01:00:00,25.9,95,1000.2,24.3,35.3,0.1,100
2024-08-06 02:00:00,25.9,94,1000.8,27.1,39.2,0.0,100
2024-08-06 03:00:00,26.2,93,1000.9,25.5,39.2,0.0,100
2024-08-06 04:00:00,27.0,88,1000.9,24.6,37.8,0.0,100
2024-08-06 05:00:00,27.4,85,1000.9,26.0,38.9,0.1,100
2024-08-06 06:00:00,27.5,85,1001.1,23.5,38.5,0.1,100
2024-08-06 07:00:00,27.7,84,1000.9,20.0,34.9,0.6,100
2024-08-06 08:00:00,27.6,84,1000.7,20.0,31.0,4.9,100
2024-08-06 09:00:00,27.6,83,999.8,21.5,31.7,2.1,100
2024-08-06 10:00:00,28.3,80,999.0,17.6,31.0,0.6,100
2024-08-06 11:00:00,29.5,74,998.4,24.1,34.9,0.0,92
2024-08-06 12:00:00,29.0,77,997.9,22.4,35.6,0.0,99
2024-08-06 13:00:00,27.3,84,998.6,21.4,31.7,0.0,46
2024-08-06 14:00:00,26.6,88,998.8,21.1,30.6,0.0,76
2024-08-06 15:00:00,26.4,89,999.6,21.2,29.9,0.0,98
2024-08-06 16:00:00,26.2,90,1000.3,21.7,31.0,0.0,22
2024-08-06 17:00:00,26.2,92,1000.9,21.9,31.3,0.0,99
2024-08-06 18:00:00,26.1,92,1000.7,23.0,33.1,0.3,100
2024-08-06 19:00:00,26.1,91,1000.7,23.4,33.5,1.4,100
2024-08-06 20:00:00,25.9,91,1000.1,26.8,38.2,0.3,100
2024-08-06 21:00:00,25.8,91,999.7,28.0,40.0,0.0,100
2024-08-06 22:00:00,25.6,92,999.4,27.5,40.3,0.0,100
2024-08-06 23:00:00,25.5,93,999.4,27.5,39.6,0.0,100
2024-08-07 00:00:00,25.3,93,999.5,27.2,39.2,0.0,78
2024-08-07 01:00:00,25.4,94,999.7,27.5,39.6,0.0,92
2024-08-07 02:00:00,26.1,89,1000.4,28.5,40.7,0.0,100
2024-08-07 03:00:00,26.4,88,1000.7,32.3,45.7,0.0,100
2024-08-07 04:00:00,27.0,85,1000.8,31.8,46.4,0.0,100
2024-08-07 05:00:00,28.0,80,1001.0,31.1,46.1,0.1,100
2024-08-07 06:00:00,28.8,79,1000.9,29.9,46.4,0.1,100
2024-08-07 07:00:00,29.3,77,1000.7,29.0,44.3,0.1,100
2024-08-07 08:00:00,29.5,76,1000.4,30.5,45.0,0.0,78
2024-08-07 09:00:00,30.1,74,999.7,29.1,45.0,0.1,99
2024-08-07 10:00:00,30.0,75,999.2,28.0,43.2,0.0,94
2024-08-07 11:00:00,29.8,76,998.9,27.8,42.5,0.1,96
2024-08-07 12:00:00,29.7,76,998.9,27.0,41.0,0.0,87
2024-08-07 13:00:00,29.0,80,999.4,21.2,38.5,0.0,100
2024-08-07 14:00:00,28.2,83,1000.0,17.9,30.2,0.0,100
2024-08-07 15:00:00,27.7,85,1000.8,19.4,27.4,0.0,100
2024-08-07 16:00:00,27.5,85,1001.7,20.4,28.8,0.0,100
2024-08-07 17:00:00,27.2,86,1002.1,20.9,29.5,0.0,100
2024-08-07 18:00:00,26.9,86,1001.9,21.7,31.0,0.0,100
2024-08-07 19:00:00,26.4,88,1001.6,21.4,31.0,0.0,100
2024-08-07 20:00:00,26.0,90,1001.3,22.5,31.7,0.0,100
2024-08-07 21:00:00,25.6,90,1000.8,23.2,33.1,0.0,100
2024-08-07 22:00:00,25.2,90,1001.2,23.0,33.1,0.0,97
2024-08-07 23:00:00,24.9,92,1001.4,23.0,33.1,0.0,74
2024-08-08 00:00:00,24.7,93,1001.8,22.5,33.1,0.0,39
2024-08-08 01:00:00,25.1,93,1001.6,22.8,32.8,0.0,65
2024-08-08 02:00:00,25.9,88,1002.1,27.0,38.5,0.0,100
2024-08-08 03:00:00,26.6,86,1002.7,29.0,42.5,0.0,100
2024-08-08 04:00:00,27.5,81,1003.0,29.0,42.8,0.0,100
2024-08-08 05:00:00,28.1,80,1003.0,24.2,42.8,0.0,100
2024-08-08 06:00:00,28.9,77,1003.0,23.1,36.0,0.1,100
2024-08-08 07:00:00,29.6,76,1002.6,22.1,34.9,0.1,100
2024-08-08 08:00:00,30.0,75,1002.1,20.6,33.8,0.0,100
2024-08-08 09:00:00,30.4,74,1001.4,22.9,34.9,0.0,100
2024-08-08 10:00:00,30.5,73,1000.8,23.6,35.6,0.1,100
2024-08-08 11:00:00,30.4,73,1000.6,23.1,35.6,0.0,100
2024-08-08 12:00:00,30.3,74,1000.4,21.7,34.2,0.0,100
2024-08-08 13:00:00,29.8,77,1001.1,12.9,25.6,0.0,100
2024-08-08 14:00:00,28.9,81,1001.5,11.8,18.0,0.0,100
2024-08-08 15:00:00,28.3,84,1002.1,12.8,17.6,0.0,100
2024-08-08 16:00:00,27.9,85,1002.7,15.2,20.5,0.0,100
2024-08-08 17:00:00,27.6,86,1003.3,18.0,24.8,0.0,84
2024-08-08 18:00:00,27.3,87,1003.3,19.9,28.1,0.0,96
2024-08-08 19:00:00,27.2,87,1002.9,21.4,30.6,0.0,60
2024-08-08 20:00:00,26.8,88,1002.4,21.1,30.6,0.0,68
2024-08-08 21:00:00,26.5,89,1002.5,20.4,29.9,0.0,24
2024-08-08 22:00:00,26.2,90,1002.7,19.4,29.2,0.0,79
2024-08-08 23:00:00,25.8,91,1003.0,19.3,27.4,0.0,96
2024-08-09 00:00:00,25.5,91,1003.4,19.4,27.7,0.0,99
2024-08-09 01:00:00,25.7,91,1003.3,19.6,28.4,0.0,15
2024-08-09 02:00:00,26.0,91,1004.0,18.1,28.1,0.0,1
2024-08-09 03:00:00,26.9,87,1004.4,22.0,32.8,0.0,85
2024-08-09 04:00:00,28.0,83,1004.6,21.5,33.8,0.0,61
2024-08-09 05:00:00,29.2,78,1004.8,19.9,33.5,0.0,5
2024-08-09 06:00:00,30.4,73,1004.5,19.4,32.0,0.0,32
2024-08-09 07:00:00,31.6,67,1003.9,19.2,31.3,0.0,14
2024-08-09 08:00:00,31.7,68,1003.2,20.9,32.8,0.0,100
2024-08-09 09:00:00,31.3,68,1002.6,21.9,35.3,0.0,100
2024-08-09 10:00:00,31.7,67,1002.0,18.6,33.5,0.0,100
2024-08-09 11:00:00,31.5,67,1001.5,18.6,29.2,0.0,95
2024-08-09 12:00:00,31.3,68,1001.5,16.1,27.0,0.0,83
2024-08-09 13:00:00,31.1,72,1001.7,12.9,22.3,0.0,73
2024-08-09 14:00:00,29.9,79,1002.1,9.8,18.0,0.0,99
2024-08-09 15:00:00,29.3,81,1002.5,11.8,15.1,0.0,100
2024-08-09 16:00:00,28.6,82,1003.5,21.0,28.1,0.0,100
2024-08-09 17:00:00,27.4,88,1003.4,24.1,33.8,0.0,94
2024-08-09 18:00:00,27.0,90,1003.2,24.7,35.3,0.0,96
2024-08-09 19:00:00,26.6,91,1003.0,23.8,35.3,0.0,100
2024-08-09 20:00:00,26.3,92,1002.4,24.7,34.9,0.0,95
2024-08-09 21:00:00,26.1,92,1002.0,23.8,35.6,0.0,90
2024-08-09 22:00:00,25.9,92,1001.8,24.8,34.9,0.0,45
2024-08-09 23:00:00,25.7,93,1002.0,24.6,35.6,0.0,100
2024-08-10 00:00:00,25.5,93,1002.4,23.5,35.3,0.0,99
2024-08-10 01:00:00,25.5,93,1002.9,22.9,33.5,0.0,77
2024-08-10 02:00:00,26.0,90,1003.5,25.2,35.3,0.0,88
2024-08-10 03:00:00,27.0,86,1003.8,26.0,39.2,0.0,100
2024-08-10 04:00:00,28.2,82,1003.7,25.7,38.9,0.0,100
2024-08-10 05:00:00,29.5,77,1003.9,25.8,39.6,0.0,100
2024-08-10 06:00:00,30.4,73,1003.5,25.9,40.0,0.0,100
2024-08-10 07:00:00,31.3,68,1002.9,24.1,39.6,0.0,97
2024-08-10 08:00:00,31.4,70,1002.0,24.4,38.2,0.0,100
2024-08-10 09:00:00,31.7,68,1001.2,22.4,38.2,0.0,100
2024-08-10 10:00:00,32.6,63,1000.1,23.5,35.3,0.0,100
2024-08-10 11:00:00,32.6,63,999.6,21.1,35.6,0.0,83
2024-08-10 12:00:00,32.6,63,999.4,19.1,31.0,0.0,100
2024-08-10 13:00:00,31.2,72,1000.4,13.5,29.2,0.0,100
2024-08-10 14:00:00,29.9,78,1000.5,11.3,18.7,0.0,100
2024-08-10 15:00:00,29.1,80,1000.8,16.2,22.0,0.0,100
2024-08-10 16:00:00,28.7,82,1001.2,17.9,24.8,0.0,100
2024-08-10 17:00:00,28.5,82,1001.8,18.8,25.9,0.0,100
2024-08-10 18:00:00,28.1,84,1001.7,22.3,31.3,0.0,100
2024-08-10 19:00:00,27.6,87,1001.1,24.8,34.9,0.0,99
2024-08-10 20:00:00,27.0,89,1000.5,26.9,38.2,0.0,99
2024-08-10 21:00:00,26.4,91,999.8,29.3,41.8,0.0,3
2024-08-10 22:00:00,25.9,92,1000.1,28.0,41.8,0.0,33
2024-08-10 23:00:00,25.7,93,1000.4,25.0,40.3,0.0,93
2024-08-11 00:00:00,25.6,93,1000.4,25.2,36.4,0.0,100
2024-08-11 01:00:00,25.7,92,1000.2,25.0,35.6,0.0,12
2024-08-11 02:00:00,26.3,89,1000.7,29.4,41.8,0.0,85
2024-08-11 03:00:00,26.9,85,1001.1,33.1,47.5,0.0,100
2024-08-11 04:00:00,27.8,81,1001.2,31.0,48.2,0.0,100
2024-08-11 05:00:00,28.9,77,1001.0,30.7,46.4,0.0,100
2024-08-11 06:00:00,29.6,74,1000.9,28.1,45.7,0.0,100
2024-08-11 07:00:00,30.6,70,1000.2,25.5,42.1,0.0,100
2024-08-11 08:00:00,31.1,70,999.6,27.5,41.4,0.0,99
2024-08-11 09:00:00,31.5,68,998.9,28.1,42.5,0.0,89
2024-08-11 10:00:00,31.8,66,997.9,27.5,42.5,0.0,96
2024-08-11 11:00:00,31.9,66,997.5,29.1,43.9,0.0,97
2024-08-11 12:00:00,31.4,68,997.4,25.4,42.1,0.0,95
2024-08-11 13:00:00,30.6,73,998.3,20.5,33.8,0.0,99
2024-08-11 14:00:00,29.1,80,999.1,20.2,29.9,0.0,98
2024-08-11 15:00:00,28.5,83,999.8,21.3,29.9,0.0,100
2024-08-11 16:00:00,28.0,85,1000.3,22.6,32.4,0.0,100
2024-08-11 17:00:00,27.5,87,1000.6,21.5,32.0,0.0,100
2024-08-11 18:00:00,27.3,87,1000.7,21.5,31.0,0.0,98
2024-08-11 19:00:00,27.0,88,1000.4,21.6,30.6,0.0,100
2024-08-11 20:00:00,26.7,89,1000.0,21.3,31.0,0.0,100
2024-08-11 21:00:00,26.4,90,1000.0,19.0,30.2,0.0,100
2024-08-11 22:00:00,26.0,91,1000.3,18.0,27.0,0.0,100
2024-08-11 23:00:00,25.6,92,1001.0,16.4,25.6,0.0,97
2024-08-12 00:00:00,25.4,93,1001.4,16.8,24.1,0.0,97
2024-08-12 01:00:00,25.5,93,1001.4,15.8,23.4,0.0,96
2024-08-12 02:00:00,26.2,89,1002.2,19.6,28.4,0.0,74
2024-08-12 03:00:00,27.1,85,1002.6,20.8,31.7,0.0,85
2024-08-12 04:00:00,28.3,79,1002.8,19.9,31.0,0.0,100
2024-08-12 05:00:00,29.5,73,1003.0,18.0,31.0,0.0,100
2024-08-12 06:00:00,30.4,69,1003.0,16.3,28.8,0.0,97
2024-08-12 07:00:00,31.2,66,1002.7,17.3,27.7,0.0,99
2024-08-12 08:00:00,31.4,65,1002.5,15.7,28.4,0.0,91
2024-08-12 09:00:00,32.0,64,1001.4,17.0,27.4,0.0,85
2024-08-12 10:00:00,32.2,63,1000.7,16.8,28.1,0.0,94
2024-08-12 11:00:00,32.1,63,1000.3,15.0,27.0,0.0,79
2024-08-12 12:00:00,32.1,62,1000.0,14.6,23.8,0.0,97
2024-08-12 13:00:00,31.2,70,1000.7,9.7,16.6,0.0,96
2024-08-12 14:00:00,29.9,78,1001.2,8.7,13.7,0.0,38
2024-08-12 15:00:00,29.0,82,1001.7,11.6,15.5,0.0,18
2024-08-12 16:00:00,28.6,82,1002.6,11.4,16.2,0.0,0
2024-08-12 17:00:00,28.2,83,1002.6,12.8,17.3,0.0,14
2024-08-12 18:00:00,27.8,85,1002.8,13.8,19.8,0.0,0
2024-08-12 19:00:00,27.4,86,1002.7,15.5,21.2,0.0,18
2024-08-12 20:00:00,27.1,89,1002.4,16.8,23.8,0.0,3
2024-08-12 21:00:00,26.9,91,1002.3,17.1,24.5,0.0,0
2024-08-12 22:00:00,26.7,93,1002.5,16.8,24.5,0.0,2
2024-08-12 23:00:00,26.5,93,1002.6,17.4,24.8,0.0,2
2024-08-13 00:00:00,26.3,93,1003.1,16.3,24.8,0.0,28
2024-08-13 01:00:00,26.4,92,1003.6,12.6,18.4,0.0,45
2024-08-13 02:00:00,26.9,91,1004.1,12.6,18.7,0.0,14
2024-08-13 03:00:00,28.1,86,1004.6,13.8,22.3,0.0,52
2024-08-13 04:00:00,29.4,81,1005.0,15.0,24.5,0.0,35
2024-08-13 05:00:00,30.6,76,1005.0,14.8,25.6,0.0,7
2024-08-13 06:00:00,31.6,69,1004.7,14.0,25.6,0.0,10
2024-08-13 07:00:00,32.5,66,1003.8,13.5,24.8,0.0,9
2024-08-13 08:00:00,33.1,64,1002.9,12.2,24.5,0.0,12
2024-08-13 09:00:00,33.4,61,1002.1,11.1,22.7,0.0,16
2024-08-13 10:00:00,33.6,59,1001.4,10.9,21.2,0.0,18
2024-08-13 11:00:00,33.7,59,1001.0,11.8,20.2,0.0,9
2024-08-13 12:00:00,32.9,61,1000.8,14.3,21.6,0.1,45
2024-08-13 13:00:00,31.8,67,1002.1,13.8,25.9,0.1,50
2024-08-13 14:00:00,30.8,73,1002.3,13.2,19.1,0.0,56
2024-08-13 15:00:00,29.8,79,1003.3,7.4,18.4,0.0,93
2024-08-13 16:00:00,29.6,80,1003.6,6.9,11.9,0.0,100
2024-08-13 17:00:00,29.1,82,1004.1,8.0,9.7,0.0,100
2024-08-13 18:00:00,28.1,89,1003.9,12.3,16.6,0.0,100
2024-08-13 19:00:00,28.2,85,1003.8,12.9,18.0,0.0,100
2024-08-13 20:00:00,27.9,81,1003.2,16.7,23.0,0.0,100
2024-08-13 21:00:00,27.4,83,1002.9,19.1,27.0,0.0,100
2024-08-13 22:00:00,27.2,85,1002.5,20.7,29.5,0.0,100
2024-08-13 23:00:00,27.0,87,1002.5,20.2,29.5,0.0,100
2024-08-14 00:00:00,26.8,89,1003.1,18.9,28.8,0.0,100
2024-08-14 01:00:00,27.2,88,1003.9,15.0,21.6,0.2,100
2024-08-14 02:00:00,27.3,88,1004.8,12.5,21.6,0.1,100
2024-08-14 03:00:00,27.8,86,1005.2,18.7,27.4,0.0,100
2024-08-14 04:00:00,29.0,82,1005.5,14.8,29.2,0.0,100
2024-08-14 05:00:00,30.5,72,1005.3,15.5,25.9,0.0,100
2024-08-14 06:00:00,31.4,67,1004.8,14.2,25.9,0.0,100
2024-08-14 07:00:00,31.9,68,1004.4,14.4,25.6,0.0,99
2024-08-14 08:00:00,32.8,64,1003.4,15.2,26.6,0.0,99
2024-08-14 09:00:00,33.4,61,1002.2,13.2,26.6,0.0,100
2024-08-14 10:00:00,33.6,60,1001.3,11.7,23.8,0.0,100
2024-08-14 11:00:00,33.6,59,1001.1,11.5,21.2,0.0,100
2024-08-14 12:00:00,33.4,60,1000.9,13.1,19.4,0.0,100
2024-08-14 13:00:00,31.3,73,1002.2,8.9,15.8,0.0,100
2024-08-14 14:00:00,30.1,81,1002.5,9.4,12.6,0.0,100
2024-08-14 15:00:00,29.3,85,1002.9,12.3,17.6,0.0,100
2024-08-14 16:00:00,28.7,86,1003.3,14.8,20.2,0.0,100
2024-08-14 17:00:00,28.4,84,1003.5,19.8,27.4,0.0,100
2024-08-14 18:00:00,28.3,83,1003.5,20.9,30.2,0.0,100
2024-08-14 19:00:00,28.0,83,1003.0,18.6,29.5,0.0,100
2024-08-14 20:00:00,27.7,85,1002.5,18.4,26.3,0.0,100
2024-08-14 21:00:00,27.6,85,1002.2,19.9,27.7,0.0,100
2024-08-14 22:00:00,27.5,84,1001.9,21.2,29.9,0.0,100
2024-08-14 23:00:00,27.3,84,1001.9,21.8,31.3,0.0,17
2024-08-15 00:00:00,26.9,87,1002.3,20.4,31.0,0.0,6
2024-08-15 01:00:00,27.0,88,1003.2,17.8,26.3,0.0,32
2024-08-15 02:00:00,27.3,88,1003.5,17.1,25.9,0.0,23
2024-08-15 03:00:00,28.1,84,1003.7,21.5,32.0,0.0,33
2024-08-15 04:00:00,29.1,80,1004.1,21.8,34.9,0.0,98
2024-08-15 05:00:00,30.3,75,1004.1,20.5,33.8,0.0,100
2024-08-15 06:00:00,31.4,72,1003.2,21.5,34.2,0.0,38
2024-08-15 07:00:00,32.3,68,1002.4,22.2,35.6,0.0,50
2024-08-15 08:00:00,33.0,64,1001.7,22.2,35.6,0.0,95
2024-08-15 09:00:00,33.1,62,1000.9,21.6,35.6,0.1,96
2024-08-15 10:00:00,33.4,59,1000.2,21.3,34.2,0.0,100
2024-08-15 11:00:00,33.6,57,999.7,20.4,33.1,0.0,100
2024-08-15 12:00:00,33.6,57,999.3,17.4,31.0,0.0,100
2024-08-15 13:00:00,32.2,64,999.5,13.8,25.6,0.0,100
2024-08-15 14:00:00,30.8,71,1000.1,11.5,19.4,0.0,100
2024-08-15 15:00:00,30.1,76,1000.8,12.2,17.3,0.0,100
2024-08-15 16:00:00,29.5,78,1000.9,16.4,22.3,0.2,100
2024-08-15 17:00:00,28.7,80,1001.3,17.2,24.1,0.0,100
2024-08-15 18:00:00,28.7,77,1001.2,17.0,24.8,0.0,100
2024-08-15 19:00:00,28.6,76,1001.3,17.0,23.8,0.0,100
2024-08-15 20:00:00,28.5,76,1000.5,20.1,28.8,0.0,100
2024-08-15 21:00:00,28.1,79,1000.1,21.1,30.2,0.1,100
2024-08-15 22:00:00,26.8,86,1000.5,18.1,30.2,1.5,100
2024-08-15 23:00:00,26.5,87,999.9,22.4,34.2,1.6,100
2024-08-16 00:00:00,26.3,89,1000.3,19.3,32.0,0.6,100
2024-08-16 01:00:00,26.0,92,1001.5,10.8,19.1,6.0,100
2024-08-16 02:00:00,26.1,90,1001.9,13.4,18.7,7.7,100
2024-08-16 03:00:00,26.0,91,1001.7,14.0,23.4,3.2,100
2024-08-16 04:00:00,26.1,91,1002.5,13.8,21.6,2.2,100
2024-08-16 05:00:00,26.0,91,1002.5,19.2,30.2,2.1,100
2024-08-16 06:00:00,26.7,89,1002.5,16.3,31.3,2.0,100
2024-08-16 07:00:00,26.3,90,1001.9,21.2,30.2,1.4,100
2024-08-16 08:00:00,26.9,87,1001.1,19.6,32.4,0.8,100
2024-08-16 09:00:00,26.9,87,1000.2,15.2,31.0,1.4,100
2024-08-16 10:00:00,27.7,83,999.4,13.6,24.5,0.3,100
2024-08-16 11:00:00,28.4,80,999.2,12.4,21.2,0.1,100
2024-08-16 12:00:00,27.7,83,999.2,12.2,20.2,0.1,100
2024-08-16 13:00:00,26.8,89,999.1,13.6,19.8,1.8,100
2024-08-16 14:00:00,26.6,91,999.5,7.9,19.4,2.6,100
2024-08-16 15:00:00,26.6,90,1000.3,6.6,11.5,2.2,100
2024-08-16 16:00:00,26.5,92,1001.1,7.2,9.7,2.8,100
2024-08-16 17:00:00,26.4,92,1001.2,11.7,16.2,0.7,100
2024-08-16 18:00:00,26.2,91,1001.1,17.8,25.9,0.1,100
2024-08-16 19:00:00,26.0,92,1000.6,13.9,25.9,2.1,100
2024-08-16 20:00:00,25.7,93,999.9,15.0,22.0,3.9,100
2024-08-16 21:00:00,25.7,94,999.2,9.2,21.6,6.3,100
2024-08-16 22:00:00,25.7,95,999.0,18.4,24.8,9.4,100
2024-08-16 23:00:00,25.4,96,999.4,20.2,32.0,4.0,100
2024-08-17 00:00:00,25.1,95,999.9,21.2,30.6,1.5,100
2024-08-17 01:00:00,24.8,92,1001.1,13.8,21.6,0.2,100
2024-08-17 02:00:00,25.2,92,1001.6,18.5,25.9,0.3,100
2024-08-17 03:00:00,25.8,89,1002.0,23.2,32.0,0.1,100
2024-08-17 04:00:00,26.3,88,1002.6,28.7,40.7,0.2,100
2024-08-17 05:00:00,26.5,86,1003.3,29.6,42.8,0.1,100
2024-08-17 06:00:00,27.0,84,1003.2,30.3,44.3,0.0,100
2024-08-17 07:00:00,26.9,86,1002.9,32.1,47.9,0.1,100
2024-08-17 08:00:00,26.8,87,1002.4,33.0,48.6,0.1,100
2024-08-17 09:00:00,27.1,84,1001.9,34.5,50.4,0.1,100
2024-08-17 10:00:00,27.6,81,1001.4,35.6,52.9,0.2,100
2024-08-17 11:00:00,27.7,80,1001.0,30.8,52.2,0.0,100
2024-08-17 12:00:00,27.8,81,1001.1,27.7,44.3,0.0,96
2024-08-17 13:00:00,26.3,88,1002.0,22.8,38.5,0.0,99
2024-08-17 14:00:00,26.1,89,1002.2,21.3,32.8,0.0,96
2024-08-17 15:00:00,25.9,90,1003.1,19.6,30.6,0.0,98
2024-08-17 16:00:00,25.7,91,1003.7,18.4,28.1,0.0,99
2024-08-17 17:00:00,25.7,91,1004.3,19.4,27.7,0.0,100
2024-08-17 18:00:00,25.7,92,1004.5,19.1,28.1,0.0,100
2024-08-17 19:00:00,25.7,92,1004.3,18.7,27.4,0.0,100
2024-08-17 20:00:00,25.9,92,1003.9,19.1,27.4,0.0,100
2024-08-17 21:00:00,25.9,92,1003.8,19.5,27.7,0.1,100
2024-08-17 22:00:00,25.7,92,1003.7,19.1,28.1,0.1,100
2024-08-17 23:00:00,25.6,92,1004.1,18.7,27.0,0.0,100
2024-08-18 00:00:00,25.5,93,1004.1,20.3,28.8,0.0,100
2024-08-18 01:00:00,25.4,93,1004.4,21.0,31.3,0.1,100
2024-08-18 02:00:00,25.6,91,1005.4,21.7,31.0,0.6,100
2024-08-18 03:00:00,25.7,91,1005.3,20.7,31.3,0.8,100
2024-08-18 04:00:00,26.7,85,1005.7,26.0,37.8,0.0,100
2024-08-18 05:00:00,28.6,76,1005.8,28.5,42.1,0.1,98
2024-08-18 06:00:00,29.1,74,1005.5,27.1,42.5,0.1,100
2024-08-18 07:00:00,29.7,72,1005.5,24.0,40.7,0.1,98
2024-08-18 08:00:00,30.7,69,1005.1,21.7,37.1,0.1,93
2024-08-18 09:00:00,30.5,72,1004.5,22.5,36.4,0.1,90
2024-08-18 10:00:00,30.5,73,1003.7,21.7,35.6,0.0,27
2024-08-18 11:00:00,30.5,72,1003.1,21.6,34.9,0.0,19
2024-08-18 12:00:00,30.2,72,1002.7,21.4,32.4,0.0,9
2024-08-18 13:00:00,29.1,78,1003.6,14.5,25.6,0.0,7
2024-08-18 14:00:00,28.0,83,1004.2,12.8,20.2,0.0,6
2024-08-18 15:00:00,27.4,85,1004.8,12.0,17.6,0.0,3
2024-08-18 16:00:00,27.0,86,1005.5,11.6,16.6,0.0,2
2024-08-18 17:00:00,26.7,87,1006.0,11.7,16.2,0.0,63
2024-08-18 18:00:00,26.5,88,1006.0,12.3,16.6,0.0,100
2024-08-18 19:00:00,26.3,89,1005.5,13.5,18.7,0.0,95
2024-08-18 20:00:00,26.1,89,1005.4,13.8,19.4,0.0,91
2024-08-18 21:00:00,25.9,90,1005.3,13.1,19.4,0.0,97
2024-08-18 22:00:00,25.7,91,1005.1,13.6,18.7,0.0,99
2024-08-18 23:00:00,25.5,92,1004.8,13.6,19.1,0.0,91
2024-08-19 00:00:00,25.3,93,1004.9,14.1,20.2,0.0,49
2024-08-19 01:00:00,25.3,93,1005.6,13.4,19.4,0.0,6
2024-08-19 02:00:00,25.9,90,1005.9,17.1,23.4,0.0,64
2024-08-19 03:00:00,26.8,86,1005.8,19.2,28.8,0.0,40
2024-08-19 04:00:00,27.8,81,1006.0,19.2,29.9,0.0,16
2024-08-19 05:00:00,28.8,76,1005.9,19.7,31.3,0.0,18
2024-08-19 06:00:00,29.8,72,1005.5,21.3,33.8,0.0,36
2024-08-19 07:00:00,30.9,66,1005.0,23.0,36.0,0.0,88
2024-08-19 08:00:00,31.0,65,1004.4,23.5,36.4,0.1,54
2024-08-19 09:00:00,31.4,63,1003.6,22.8,36.4,0.1,39
2024-08-19 10:00:00,31.1,65,1002.7,23.2,35.3,0.0,34
2024-08-19 11:00:00,30.6,69,1002.1,22.4,35.3,0.0,34
2024-08-19 12:00:00,30.2,71,1001.5,21.7,33.8,0.0,36
2024-08-19 13:00:00,29.7,76,1002.0,14.3,28.1,0.0,22
2024-08-19 14:00:00,28.4,82,1002.6,14.6,20.5,0.0,62
2024-08-19 15:00:00,27.8,85,1003.3,13.8,20.5,0.0,84
2024-08-19 16:00:00,27.5,86,1004.0,15.5,21.6,0.0,37
2024-08-19 17:00:00,27.3,87,1004.3,15.9,22.3,0.0,6
2024-08-19 18:00:00,27.1,88,1004.0,15.4,22.0,0.0,1
2024-08-19 19:00:00,26.9,89,1003.6,17.2,24.1,0.0,1
2024-08-19 20:00:00,26.6,89,1003.0,18.5,26.3,0.0,3
2024-08-19 21:00:00,26.4,89,1002.8,18.4,26.3,0.0,3
2024-08-19 22:00:00,26.2,89,1002.5,19.1,27.4,0.0,7
2024-08-19 23:00:00,25.8,90,1002.6,18.9,27.4,0.0,2
2024-08-20 00:00:00,25.5,91,1002.7,18.7,27.0,0.0,1
2024-08-20 01:00:00,25.6,91,1003.4,16.0,22.7,0.0,69
2024-08-20 02:00:00,25.9,90,1003.7,16.4,24.5,0.0,85
2024-08-20 03:00:00,26.6,87,1004.0,19.2,28.8,0.0,5
2024-08-20 04:00:00,27.6,83,1004.4,21.1,32.8,0.0,12
2024-08-20 05:00:00,28.8,76,1004.7,23.7,36.4,0.0,7
2024-08-20 06:00:00,30.1,69,1004.6,26.1,40.3,0.0,34
2024-08-20 07:00:00,30.8,65,1004.2,27.5,42.8,0.0,78
2024-08-20 08:00:00,30.9,65,1003.6,26.7,42.8,0.0,100
2024-08-20 09:00:00,31.2,64,1002.9,24.5,40.7,0.0,98
2024-08-20 10:00:00,31.3,63,1002.3,21.5,37.1,0.0,49
2024-08-20 11:00:00,31.5,62,1001.8,21.2,32.4,0.0,77
2024-08-20 12:00:00,31.0,66,1001.5,18.4,31.3,0.0,21
2024-08-20 13:00:00,30.5,72,1002.1,12.4,20.9,0.0,4
2024-08-20 14:00:00,29.1,78,1002.5,13.5,18.7,0.0,8
2024-08-20 15:00:00,28.5,80,1003.4,13.4,18.7,0.0,46
2024-08-20 16:00:00,28.1,83,1004.4,13.4,18.4,0.0,2
2024-08-20 17:00:00,27.7,85,1004.9,14.2,19.8,0.0,2
2024-08-20 18:00:00,27.5,85,1005.1,14.5,20.5,0.0,2
2024-08-20 19:00:00,27.3,85,1004.9,14.4,20.5,0.0,24
2024-08-20 20:00:00,27.1,85,1004.5,14.7,20.2,0.0,71
2024-08-20 21:00:00,26.9,86,1004.3,15.6,21.6,0.0,9
2024-08-20 22:00:00,26.6,88,1004.4,15.7,22.0,0.0,17
2024-08-20 23:00:00,26.2,89,1004.4,17.1,23.8,0.0,9
2024-08-21 00:00:00,25.8,90,1004.6,17.6,25.2,0.0,4
2024-08-21 01:00:00,25.6,91,1004.7,14.4,22.3,0.0,14
2024-08-21 02:00:00,25.9,89,1005.3,16.1,23.0,0.0,32
2024-08-21 03:00:00,26.7,85,1005.8,19.3,29.2,0.0,100
2024-08-21 04:00:00,27.7,80,1006.5,19.5,30.2,0.0,100
2024-08-21 05:00:00,27.7,80,1006.6,19.1,30.2,0.0,100
2024-08-21 06:00:00,28.7,75,1006.1,18.7,29.9,0.0,84
2024-08-21 07:00:00,29.9,70,1005.6,18.9,30.6,0.0,21
2024-08-21 08:00:00,30.8,66,1004.7,19.1,31.0,0.0,19
2024-08-21 09:00:00,31.7,61,1003.8,19.0,31.0,0.0,3
2024-08-21 10:00:00,32.1,59,1002.9,18.8,30.6,0.0,1
2024-08-21 11:00:00,32.1,58,1002.6,17.2,29.5,0.0,5
2024-08-21 12:00:00,31.6,59,1002.3,15.7,26.6,0.0,5
2024-08-21 13:00:00,30.7,68,1002.9,11.8,22.7,0.0,0
2024-08-21 14:00:00,29.2,77,1003.2,9.4,16.2,0.0,27
2024-08-21 15:00:00,28.4,82,1003.7,8.0,12.2,0.0,65
2024-08-21 16:00:00,27.8,84,1004.4,7.4,10.1,0.0,89
2024-08-21 17:00:00,27.4,84,1004.8,8.7,10.8,0.0,71
2024-08-21 18:00:00,27.0,84,1004.7,10.5,14.0,0.0,7
2024-08-21 19:00:00,26.7,85,1004.8,12.0,16.2,0.0,11
2024-08-21 20:00:00,26.7,84,1004.3,12.1,16.2,0.0,23
2024-08-21 21:00:00,26.4,84,1003.9,11.9,16.9,0.0,4
2024-08-21 22:00:00,26.2,87,1003.7,11.6,16.2,0.0,99
2024-08-21 23:00:00,26.2,89,1004.1,11.7,16.2,0.0,100
2024-08-22 00:00:00,26.0,91,1004.3,11.7,16.2,0.0,100
2024-08-22 01:00:00,26.1,91,1004.7,11.4,17.3,0.0,66
2024-08-22 02:00:00,26.6,90,1005.2,10.5,16.6,0.0,27
2024-08-22 03:00:00,27.9,85,1005.3,12.9,20.9,0.0,1
2024-08-22 04:00:00,29.2,79,1005.3,15.6,24.8,0.0,0
2024-08-22 05:00:00,30.2,75,1005.4,17.1,28.4,0.0,3
2024-08-22 06:00:00,31.1,70,1005.0,17.7,29.5,0.0,5
2024-08-22 07:00:00,31.8,65,1004.3,18.9,31.0,0.0,12
2024-08-22 08:00:00,32.2,63,1003.5,19.0,31.3,0.1,11
2024-08-22 09:00:00,32.6,60,1002.7,18.3,31.0,0.0,5
2024-08-22 10:00:00,32.8,58,1001.9,16.9,29.5,0.0,11
2024-08-22 11:00:00,32.8,57,1001.4,16.3,27.4,0.0,4
2024-08-22 12:00:00,32.2,59,1001.1,15.8,25.6,0.0,3
2024-08-22 13:00:00,31.2,67,1001.7,11.5,22.7,0.0,4
2024-08-22 14:00:00,29.7,77,1002.2,7.9,15.8,0.0,3
2024-08-22 15:00:00,28.9,80,1002.8,9.4,12.6,0.0,4
2024-08-22 16:00:00,28.4,83,1003.6,9.0,12.6,0.0,23
2024-08-22 17:00:00,27.9,84,1003.9,9.0,12.2,0.0,33
2024-08-22 18:00:00,27.6,84,1003.9,9.4,12.6,0.0,20
2024-08-22 19:00:00,27.5,83,1003.7,12.2,16.2,0.0,9
2024-08-22 20:00:00,27.0,84,1003.5,15.2,20.5,0.0,3
2024-08-22 21:00:00,26.7,87,1003.2,17.2,24.5,0.0,8
2024-08-22 22:00:00,26.6,88,1002.9,15.9,24.5,0.0,2
2024-08-22 23:00:00,26.4,88,1003.1,15.5,22.3,0.0,1
2024-08-23 00:00:00,26.3,89,1003.2,14.5,22.0,0.0,5
2024-08-23 01:00:00,26.5,89,1004.0,13.7,19.4,0.0,79
2024-08-23 02:00:00,26.8,89,1004.3,14.0,20.2,0.0,77
2024-08-23 03:00:00,27.7,85,1004.8,16.5,25.6,0.0,28
2024-08-23 04:00:00,29.1,80,1005.3,16.4,27.0,0.0,98
2024-08-23 05:00:00,30.6,73,1005.3,16.3,27.7,0.0,90
2024-08-23 06:00:00,31.7,68,1005.1,16.8,28.1,0.0,100
2024-08-23 07:00:00,32.5,63,1004.5,18.0,29.9,0.0,100
2024-08-23 08:00:00,32.9,60,1003.8,18.2,31.0,0.0,100
2024-08-23 09:00:00,33.2,58,1002.9,16.6,30.2,0.0,36
2024-08-23 10:00:00,33.4,57,1001.8,15.3,28.1,0.0,16
2024-08-23 11:00:00,33.3,58,1001.3,12.7,25.6,0.0,14
2024-08-23 12:00:00,32.8,59,1001.4,12.8,21.2,0.0,28
2024-08-23 13:00:00,32.2,64,1002.3,7.6,13.3,0.0,27
2024-08-23 14:00:00,30.5,73,1002.7,9.9,13.3,0.0,8
2024-08-23 15:00:00,29.7,77,1003.3,9.4,13.3,0.0,95
2024-08-23 16:00:00,29.1,80,1003.8,9.9,13.0,0.0,87
2024-08-23 17:00:00,28.7,81,1004.1,9.8,13.7,0.0,53
2024-08-23 18:00:00,28.3,83,1004.0,8.8,13.0,0.0,98
2024-08-23 19:00:00,27.9,85,1003.6,10.1,13.0,0.0,100
2024-08-23 20:00:00,27.3,87,1003.6,15.9,22.0,0.0,99
2024-08-23 21:00:00,27.1,86,1003.2,16.3,23.4,0.0,73
2024-08-23 22:00:00,26.9,85,1003.0,15.1,23.0,0.0,93
2024-08-23 23:00:00,26.7,86,1003.2,14.3,22.0,0.0,88
2024-08-24 00:00:00,26.4,89,1003.6,11.6,20.2,0.0,84
2024-08-24 01:00:00,26.7,89,1004.1,10.1,15.5,0.0,90
2024-08-24 02:00:00,27.2,88,1004.7,10.1,14.4,0.0,46
2024-08-24 03:00:00,28.4,83,1004.9,11.9,19.8,0.0,18
2024-08-24 04:00:00,30.0,76,1005.0,8.4,19.8,0.0,32
2024-08-24 05:00:00,31.3,69,1005.1,4.8,16.6,0.0,14
2024-08-24 06:00:00,32.1,66,1004.8,2.5,18.4,0.1,80
2024-08-24 07:00:00,32.7,64,1004.3,2.4,15.8,0.1,55
2024-08-24 08:00:00,33.2,62,1003.6,4.3,16.6,0.1,43
2024-08-24 09:00:00,33.6,59,1002.5,5.8,16.2,0.0,95
2024-08-24 10:00:00,33.7,56,1001.3,4.7,15.8,0.0,35
2024-08-24 11:00:00,33.8,54,1000.3,2.9,15.5,0.0,40
2024-08-24 12:00:00,31.2,68,1000.9,11.2,20.5,0.4,92
2024-08-24 13:00:00,32.0,61,1000.9,4.5,9.4,0.0,97
2024-08-24 14:00:00,30.5,75,1001.7,8.6,11.5,0.0,100
2024-08-24 15:00:00,29.6,81,1002.3,8.3,11.9,0.0,100
2024-08-24 16:00:00,29.0,83,1002.9,9.0,13.0,0.0,100
2024-08-24 17:00:00,28.5,85,1003.1,10.5,14.4,0.0,100
2024-08-24 18:00:00,28.2,88,1003.2,12.0,16.6,0.0,99
2024-08-24 19:00:00,27.8,88,1003.0,14.3,20.2,0.0,72
2024-08-24 20:00:00,27.2,89,1002.4,12.1,20.5,0.0,63
2024-08-24 21:00:00,26.8,90,1002.0,10.0,17.3,0.0,3
2024-08-24 22:00:00,26.5,91,1001.5,11.0,15.1,0.0,34
2024-08-24 23:00:00,26.1,92,1001.9,11.3,16.6,0.0,10
2024-08-25 00:00:00,25.9,93,1002.0,11.9,16.9,0.0,9
2024-08-25 01:00:00,26.2,90,1002.5,8.7,11.9,0.0,100
2024-08-25 02:00:00,26.7,89,1002.7,9.7,14.8,0.0,100
2024-08-25 03:00:00,27.7,84,1002.7,10.9,18.4,0.0,100
2024-08-25 04:00:00,29.3,77,1002.8,9.7,18.7,0.0,100
2024-08-25 05:00:00,30.5,72,1002.5,8.2,18.0,0.0,100
2024-08-25 06:00:00,31.5,68,1002.3,8.7,20.9,0.0,100
2024-08-25 07:00:00,31.6,65,1001.8,11.9,22.3,0.4,100
2024-08-25 08:00:00,32.8,60,1000.8,10.2,22.0,0.0,100
2024-08-25 09:00:00,33.7,56,999.9,10.6,20.5,0.0,100
2024-08-25 10:00:00,34.0,55,999.0,12.0,21.6,0.0,98
2024-08-25 11:00:00,34.2,54,998.2,12.3,27.4,0.0,99
2024-08-25 12:00:00,34.2,53,997.5,12.7,20.5,0.0,100
2024-08-25 13:00:00,33.5,55,998.1,13.8,24.8,0.0,100
2024-08-25 14:00:00,31.5,64,998.7,12.9,19.4,0.0,100
2024-08-25 15:00:00,30.7,69,999.4,11.2,18.0,0.0,94
2024-08-25 16:00:00,29.9,74,1000.0,12.7,18.0,0.0,100
2024-08-25 17:00:00,29.3,77,1000.1,12.0,17.6,0.0,88
2024-08-25 18:00:00,28.9,80,999.8,10.4,16.9,0.0,51
2024-08-25 19:00:00,28.6,80,999.5,11.0,15.1,0.0,31
2024-08-25 20:00:00,28.3,81,999.3,10.0,15.1,0.0,23
2024-08-25 21:00:00,28.0,83,998.8,10.2,13.7,0.0,60
2024-08-25 22:00:00,27.8,85,998.9,10.7,14.8,0.0,89
2024-08-25 23:00:00,27.5,87,998.8,11.1,15.5,0.0,100
2024-08-26 00:00:00,27.2,88,998.7,13.4,18.7,0.0,100
2024-08-26 01:00:00,27.8,88,999.2,13.2,18.0,0.0,96
2024-08-26 02:00:00,28.1,86,999.8,14.7,22.0,0.0,95
2024-08-26 03:00:00,29.2,78,1000.0,22.2,35.6,0.0,96
2024-08-26 04:00:00,30.2,70,1000.1,26.8,43.6,0.1,97
2024-08-26 05:00:00,31.3,66,999.8,27.7,46.1,0.0,98
2024-08-26 06:00:00,32.4,61,999.5,30.0,48.6,0.0,97
2024-08-26 07:00:00,33.1,58,998.9,31.2,51.5,0.0,89
2024-08-26 08:00:00,33.6,56,998.2,31.8,50.8,0.0,91
2024-08-26 09:00:00,34.3,54,996.8,31.6,51.1,0.0,22
2024-08-26 10:00:00,33.8,54,995.7,33.2,50.4,0.2,55
2024-08-26 11:00:00,33.7,55,995.3,28.7,50.0,0.2,40
2024-08-26 12:00:00,32.4,61,996.1,28.3,46.4,0.3,79
2024-08-26 13:00:00,31.7,60,997.2,25.5,39.6,0.0,92
2024-08-26 14:00:00,30.8,65,997.6,22.9,36.4,0.0,86
2024-08-26 15:00:00,30.2,67,997.7,25.2,35.3,0.0,62
2024-08-26 16:00:00,29.6,70,998.5,24.2,36.0,0.0,100
2024-08-26 17:00:00,28.6,75,998.6,26.3,38.2,0.0,98
2024-08-26 18:00:00,28.3,77,998.4,24.3,37.8,0.0,98
2024-08-26 19:00:00,27.7,81,998.0,24.1,34.9,0.0,97
2024-08-26 20:00:00,27.1,85,997.6,24.0,34.9,0.0,96
2024-08-26 21:00:00,27.0,87,997.1,21.5,34.6,0.0,96
2024-08-26 22:00:00,26.8,87,997.2,21.5,31.0,0.0,48
2024-08-26 23:00:00,26.4,87,997.4,22.2,32.0,0.0,55
2024-08-27 00:00:00,26.1,88,997.7,21.9,32.0,0.0,52
2024-08-27 01:00:00,25.8,88,998.0,28.3,40.7,0.0,92
2024-08-27 02:00:00,26.0,85,998.3,35.2,51.1,0.1,100
2024-08-27 03:00:00,26.4,80,998.9,36.3,51.8,0.1,100
2024-08-27 04:00:00,26.3,81,999.3,35.6,54.7,0.0,100
2024-08-27 05:00:00,27.6,74,999.2,40.0,59.4,0.0,100
2024-08-27 06:00:00,29.1,67,998.7,41.0,59.4,0.0,100
2024-08-27 07:00:00,30.2,63,998.0,40.5,60.1,0.0,68
2024-08-27 08:00:00,31.9,55,997.4,40.2,60.5,0.0,100
2024-08-27 09:00:00,32.2,52,996.4,41.3,60.5,0.0,100
2024-08-27 10:00:00,30.4,59,996.3,40.0,61.2,0.0,96
2024-08-27 11:00:00,29.9,62,996.8,33.8,58.0,0.0,100
2024-08-27 12:00:00,28.8,69,997.0,25.2,49.3,0.0,92
2024-08-27 13:00:00,28.5,70,998.6,25.1,48.2,0.0,100
2024-08-27 14:00:00,27.5,76,999.2,23.1,36.0,0.1,100
2024-08-27 15:00:00,26.9,79,1000.2,20.7,32.8,0.8,100
2024-08-27 16:00:00,26.9,79,1000.4,24.0,33.5,0.5,98
2024-08-27 17:00:00,26.5,82,1000.8,25.8,37.4,0.8,100
2024-08-27 18:00:00,26.1,84,1000.6,26.3,37.8,1.3,100
2024-08-27 19:00:00,25.8,86,1000.1,25.7,38.9,0.6,100
2024-08-27 20:00:00,25.6,87,999.7,24.5,37.1,1.7,100
2024-08-27 21:00:00,25.3,90,999.6,22.0,34.9,2.1,100
2024-08-27 22:00:00,25.1,90,999.4,22.4,32.8,0.3,100
2024-08-27 23:00:00,25.1,89,999.2,22.2,32.0,0.0,99
2024-08-28 00:00:00,24.9,89,999.2,22.4,32.4,0.0,94
2024-08-28 01:00:00,25.0,89,1000.4,18.9,28.1,0.0,87
2024-08-28 02:00:00,25.1,89,1000.5,19.7,28.8,0.0,87
2024-08-28 03:00:00,25.6,86,1000.9,20.0,29.5,0.0,55
2024-08-28 04:00:00,27.1,79,1001.3,22.6,34.6,0.0,33
2024-08-28 05:00:00,28.4,74,1001.2,22.5,35.6,0.0,37
2024-08-28 06:00:00,29.7,68,1000.7,25.6,39.2,0.0,100
2024-08-28 07:00:00,29.5,67,1000.1,23.0,39.2,0.1,99
2024-08-28 08:00:00,29.8,67,999.5,20.1,34.9,0.2,88
2024-08-28 09:00:00,30.2,65,998.4,19.6,30.6,0.4,95
2024-08-28 10:00:00,29.9,70,997.8,19.1,31.3,0.2,89
2024-08-28 11:00:00,30.2,68,997.3,19.1,31.7,0.0,99
2024-08-28 12:00:00,29.5,71,997.2,20.3,31.7,0.0,95
2024-08-28 13:00:00,28.6,77,998.4,16.9,22.3,0.2,44
2024-08-28 14:00:00,27.9,78,998.6,19.4,27.4,0.0,18
2024-08-28 15:00:00,27.4,78,999.5,23.9,33.8,0.0,54
2024-08-28 16:00:00,27.2,77,1000.4,23.4,33.8,0.0,45
2024-08-28 17:00:00,26.8,78,1000.2,23.8,34.2,0.0,69
2024-08-28 18:00:00,26.5,79,999.8,24.0,34.6,0.0,17
2024-08-28 19:00:00,26.2,81,999.3,23.9,34.2,0.0,27
2024-08-28 20:00:00,25.9,83,998.9,22.0,33.8,0.0,99
2024-08-28 21:00:00,25.5,86,998.6,21.0,31.0,0.0,84
2024-08-28 22:00:00,25.3,88,998.6,18.7,29.9,0.0,50
2024-08-28 23:00:00,25.1,89,998.8,15.9,26.6,0.1,44
2024-08-29 00:00:00,24.9,90,998.8,16.2,23.8,0.1,27
2024-08-29 01:00:00,25.2,90,999.3,16.2,23.4,0.1,42
2024-08-29 02:00:00,25.7,89,1000.0,17.0,25.2,0.0,57
2024-08-29 03:00:00,26.4,86,1000.4,18.4,27.0,0.0,19
2024-08-29 04:00:00,27.6,81,1001.0,23.1,34.6,0.0,44
2024-08-29 05:00:00,28.7,75,1000.9,23.4,36.4,0.1,52
2024-08-29 06:00:00,29.0,74,1000.7,22.2,36.0,0.1,52
2024-08-29 07:00:00,29.8,73,1000.2,20.9,35.3,0.1,44
2024-08-29 08:00:00,30.4,72,999.4,21.6,37.1,0.0,12
2024-08-29 09:00:00,31.0,70,998.0,24.2,40.3,0.1,13
2024-08-29 10:00:00,31.5,66,997.2,24.8,40.3,0.0,17
2024-08-29 11:00:00,30.8,67,997.2,27.0,40.7,0.5,38
2024-08-29 12:00:00,29.4,72,997.7,23.4,40.7,0.1,19
2024-08-29 13:00:00,29.2,75,998.7,17.4,27.4,0.0,8
2024-08-29 14:00:00,28.0,81,999.4,14.1,24.8,0.0,17
2024-08-29 15:00:00,27.5,84,1000.5,17.5,24.1,0.0,25
2024-08-29 16:00:00,27.1,85,1001.2,16.8,25.2,0.0,20
2024-08-29 17:00:00,26.8,86,1001.4,17.1,24.1,0.0,3
2024-08-29 18:00:00,26.5,87,1001.4,18.2,25.9,0.0,23
2024-08-29 19:00:00,26.0,88,1001.2,15.8,25.9,0.0,12
2024-08-29 20:00:00,25.6,88,1001.1,17.3,24.5,0.0,14
2024-08-29 21:00:00,25.3,88,1001.1,18.4,26.3,0.0,26
2024-08-29 22:00:00,25.1,89,1001.1,19.9,28.1,0.0,30
2024-08-29 23:00:00,25.0,89,1001.4,19.6,29.2,0.0,28
2024-08-30 00:00:00,24.9,90,1002.2,15.9,27.7,0.0,46
2024-08-30 01:00:00,24.9,90,1003.1,16.3,23.4,0.1,100
2024-08-30 02:00:00,25.2,88,1003.7,16.6,23.4,0.1,100
2024-08-30 03:00:00,25.6,87,1004.3,18.9,27.0,0.1,90
2024-08-30 04:00:00,26.5,82,1004.8,21.6,32.0,0.0,97
2024-08-30 05:00:00,27.6,76,1005.1,23.4,35.6,0.0,87
2024-08-30 06:00:00,28.8,71,1004.7,22.7,35.6,0.0,28
2024-08-30 07:00:00,30.0,67,1004.2,24.0,37.1,0.0,19
2024-08-30 08:00:00,30.6,64,1003.4,24.8,38.2,0.0,11
2024-08-30 09:00:00,31.3,60,1002.4,25.0,38.5,0.0,22
2024-08-30 10:00:00,31.1,61,1001.8,24.7,38.5,0.0,25
2024-08-30 11:00:00,30.8,62,1001.6,22.9,37.1,0.0,24
2024-08-30 12:00:00,29.7,68,1001.9,20.7,33.8,0.0,18
2024-08-30 13:00:00,28.8,72,1003.5,13.8,26.6,0.0,18
2024-08-30 14:00:00,27.5,80,1004.7,12.4,19.4,0.0,26
2024-08-30 15:00:00,27.0,82,1005.6,11.8,17.3,0.0,82
2024-08-30 16:00:00,26.8,84,1006.2,12.7,18.4,0.0,27
2024-08-30 17:00:00,26.3,86,1006.7,13.2,18.4,0.0,9
2024-08-30 18:00:00,25.9,87,1006.8,13.7,19.4,0.0,8
2024-08-30 19:00:00,25.6,88,1006.8,12.1,19.1,0.0,5
2024-08-30 20:00:00,25.4,89,1006.3,12.1,16.9,0.0,1
2024-08-30 21:00:00,25.2,90,1005.8,11.6,16.6,0.0,1
2024-08-30 22:00:00,25.0,91,1006.0,10.5,16.2,0.0,7
2024-08-30 23:00:00,24.7,92,1006.1,7.4,14.8,0.0,7
2024-08-31 00:00:00,24.5,93,1006.5,5.8,9.7,0.0,6
2024-08-31 01:00:00,24.4,94,1006.9,4.5,9.7,0.0,19
2024-08-31 02:00:00,24.9,91,1007.5,3.6,7.6,0.0,3
2024-08-31 03:00:00,25.9,87,1007.8,3.8,9.7,0.0,7
2024-08-31 04:00:00,27.1,79,1008.2,4.6,12.2,0.0,17
2024-08-31 05:00:00,28.2,73,1008.3,4.7,13.7,0.0,8
2024-08-31 06:00:00,29.2,69,1008.0,4.2,14.0,0.0,12
2024-08-31 07:00:00,30.1,64,1007.2,2.6,13.7,0.1,15
2024-08-31 08:00:00,30.8,62,1006.3,3.8,14.8,0.0,7
2024-08-31 09:00:00,31.5,61,1005.2,5.1,14.4,0.0,12
2024-08-31 10:00:00,31.7,59,1004.5,3.8,14.0,0.0,12
2024-08-31 11:00:00,31.9,58,1004.2,3.1,11.9,0.0,9
2024-08-31 12:00:00,31.8,58,1004.4,5.2,10.1,0.0,12
2024-08-31 13:00:00,30.9,63,1005.0,5.2,8.3,0.0,11
2024-08-31 14:00:00,29.2,75,1005.7,8.8,11.2,0.0,8
2024-08-31 15:00:00,28.2,79,1006.3,10.2,13.7,0.0,11
2024-08-31 16:00:00,27.6,82,1006.5,9.7,13.7,0.0,7
2024-08-31 17:00:00,27.2,83,1006.8,11.4,15.5,0.0,3
2024-08-31 18:00:00,26.9,84,1006.6,12.5,17.3,0.0,1
2024-08-31 19:00:00,26.5,86,1006.5,12.4,17.3,0.0,0
2024-08-31 20:00:00,26.2,87,1006.1,12.0,16.9,0.0,1
2024-08-31 21:00:00,26.0,87,1005.9,12.1,16.9,0.0,10
2024-08-31 22:00:00,25.7,89,1005.9,12.4,17.3,0.0,0
2024-08-31 23:00:00,25.5,89,1006.0,12.2,17.3,0.0,2
2024-09-01 00:00:00,25.4,89,1006.2,12.3,16.9,0.0,4
2024-09-01 01:00:00,25.6,87,1006.1,11.5,15.8,0.0,7
2024-09-01 02:00:00,26.1,85,1006.6,10.5,16.6,0.0,9
2024-09-01 03:00:00,27.5,78,1006.6,12.0,19.4,0.0,0
2024-09-01 04:00:00,29.0,70,1007.1,14.1,23.4,0.0,0
2024-09-01 05:00:00,30.0,65,1007.2,14.2,24.5,0.0,0
2024-09-01 06:00:00,30.8,63,1007.0,14.0,24.8,0.0,19
2024-09-01 07:00:00,31.4,61,1006.2,13.2,25.2,0.0,18
2024-09-01 08:00:00,32.0,58,1005.5,12.4,24.1,0.1,18
2024-09-01 09:00:00,32.3,56,1004.4,13.2,23.4,0.1,21
2024-09-01 10:00:00,32.3,57,1003.5,14.5,24.5,0.1,28
2024-09-01 11:00:00,32.1,58,1003.1,15.4,25.2,0.1,15
2024-09-01 12:00:00,31.9,59,1003.1,14.7,24.8,0.0,49
2024-09-01 13:00:00,30.7,68,1003.6,9.7,18.4,0.0,10
2024-09-01 14:00:00,29.6,75,1004.2,8.2,13.7,0.0,18
2024-09-01 15:00:00,28.8,79,1005.1,10.1,13.7,0.0,9
2024-09-01 16:00:00,28.1,82,1005.9,10.5,14.0,0.0,6
2024-09-01 17:00:00,27.6,82,1006.0,12.2,16.9,0.0,24
2024-09-01 18:00:00,27.4,81,1005.6,15.3,21.2,0.0,6
2024-09-01 19:00:00,27.1,81,1005.2,14.6,21.6,0.0,11
2024-09-01 20:00:00,26.8,82,1004.8,12.6,20.5,0.0,4
2024-09-01 21:00:00,26.4,84,1004.6,11.1,17.3,0.0,61
2024-09-01 22:00:00,26.1,86,1004.6,10.3,15.5,0.0,9
2024-09-01 23:00:00,25.8,87,1004.6,10.1,14.4,0.0,4
2024-09-02 00:00:00,25.6,88,1004.8,10.8,15.1,0.0,93
2024-09-02 01:00:00,25.7,88,1005.2,10.6,16.9,0.0,100
2024-09-02 02:00:00,26.0,88,1005.6,9.3,15.1,0.0,100
2024-09-02 03:00:00,27.1,84,1005.9,9.8,17.3,0.0,94
2024-09-02 04:00:00,28.6,77,1006.5,10.2,19.1,0.0,100
2024-09-02 05:00:00,30.0,70,1006.5,8.4,19.1,0.0,100
2024-09-02 06:00:00,31.0,66,1006.3,6.5,18.0,0.0,100
2024-09-02 07:00:00,31.8,63,1005.5,6.1,16.2,0.0,100
2024-09-02 08:00:00,32.3,61,1004.5,6.0,19.4,0.0,100
2024-09-02 09:00:00,32.7,60,1003.3,7.4,19.1,0.0,100
2024-09-02 10:00:00,32.3,61,1002.0,8.8,19.1,0.0,100
2024-09-02 11:00:00,32.2,61,1001.5,9.2,16.9,0.0,100
2024-09-02 12:00:00,31.8,63,1001.8,10.7,16.6,0.0,100
2024-09-02 13:00:00,31.3,66,1002.7,8.0,13.7,0.0,94
2024-09-02 14:00:00,29.9,74,1003.0,10.5,14.0,0.0,92
2024-09-02 15:00:00,29.3,77,1003.8,12.0,16.6,0.0,93
2024-09-02 16:00:00,28.6,80,1004.5,12.1,17.3,0.0,65
2024-09-02 17:00:00,28.2,82,1005.0,10.6,16.9,0.0,100
2024-09-02 18:00:00,27.9,83,1004.5,11.0,16.2,0.0,100
2024-09-02 19:00:00,27.7,85,1004.0,9.2,15.1,0.0,98
2024-09-02 20:00:00,27.3,87,1003.3,8.8,12.2,0.0,97
2024-09-02 21:00:00,27.0,89,1003.0,8.7,11.9,0.0,100
2024-09-02 22:00:00,26.8,89,1003.3,8.9,11.9,0.0,100
2024-09-02 23:00:00,26.7,89,1003.3,7.6,11.9,0.0,100
2024-09-03 00:00:00,26.6,89,1003.2,7.8,10.8,0.0,100
2024-09-03 01:00:00,26.4,86,1004.6,4.7,17.3,0.0,100
2024-09-03 02:00:00,27.0,84,1004.9,6.2,9.7,0.0,100
2024-09-03 03:00:00,28.3,77,1005.8,8.9,15.8,0.0,100
2024-09-03 04:00:00,29.4,73,1006.0,7.9,15.8,0.0,99
2024-09-03 05:00:00,30.7,67,1006.3,8.0,17.6,0.0,99
2024-09-03 06:00:00,31.6,64,1005.8,10.5,22.7,0.0,100
2024-09-03 07:00:00,32.4,61,1005.5,10.4,23.4,0.1,100
2024-09-03 08:00:00,33.0,59,1004.3,11.7,23.8,0.1,100
2024-09-03 09:00:00,30.4,70,1003.5,18.8,31.3,4.8,99
2024-09-03 10:00:00,31.3,65,1002.4,11.7,31.3,0.0,100
2024-09-03 11:00:00,30.4,70,1003.5,10.4,20.2,1.4,100
2024-09-03 12:00:00,28.8,78,1003.8,8.3,18.0,0.1,100
2024-09-03 13:00:00,28.3,79,1004.2,11.6,15.8,7.1,100
2024-09-03 14:00:00,26.4,90,1005.7,7.7,23.0,10.5,100
2024-09-03 15:00:00,26.4,89,1006.4,10.6,15.5,3.8,100
2024-09-03 16:00:00,26.5,88,1006.4,5.2,15.8,0.6,100
2024-09-03 17:00:00,26.3,90,1006.2,9.0,13.7,0.5,100
2024-09-03 18:00:00,26.3,90,1006.1,5.6,12.6,0.3,100
2024-09-03 19:00:00,26.2,91,1005.6,7.0,9.7,0.2,100
2024-09-03 20:00:00,25.8,93,1005.0,9.3,13.7,0.5,79
2024-09-03 21:00:00,25.3,95,1004.8,4.9,14.4,4.7,94
2024-09-03 22:00:00,25.5,92,1004.3,8.7,13.3,1.2,100
2024-09-03 23:00:00,25.3,93,1004.4,4.3,14.4,1.2,100
2024-09-04 00:00:00,25.2,91,1004.4,3.9,7.6,0.8,100
2024-09-04 01:00:00,24.4,93,1005.5,10.4,14.8,0.3,99
2024-09-04 02:00:00,24.5,90,1005.6,8.2,17.3,0.1,100
2024-09-04 03:00:00,25.1,87,1006.0,8.0,15.1,0.2,100
2024-09-04 04:00:00,25.5,87,1006.1,8.0,14.8,0.0,87
2024-09-04 05:00:00,27.3,80,1005.9,9.8,19.4,0.0,75
2024-09-04 06:00:00,28.1,78,1005.1,10.0,19.1,0.0,100
2024-09-04 07:00:00,28.5,76,1004.5,8.5,19.1,0.0,100
2024-09-04 08:00:00,29.2,73,1003.7,7.6,17.6,0.1,44
2024-09-04 09:00:00,29.6,74,1002.5,9.0,18.4,0.1,39
2024-09-04 10:00:00,30.0,73,1001.4,8.5,19.1,0.1,100
2024-09-04 11:00:00,30.2,71,1001.2,7.9,17.3,0.2,100
2024-09-04 12:00:00,29.6,73,1001.0,7.9,16.2,0.2,94
2024-09-04 13:00:00,28.3,78,1001.8,4.7,14.4,0.0,95
2024-09-04 14:00:00,27.7,83,1002.1,2.1,7.9,0.1,95
2024-09-04 15:00:00,27.6,84,1002.6,1.9,2.9,0.0,95
2024-09-04 16:00:00,27.2,89,1003.1,6.5,8.3,0.0,50
2024-09-04 17:00:00,26.7,90,1003.4,8.8,11.9,0.0,31
2024-09-04 18:00:00,26.2,92,1003.2,10.1,14.0,0.0,66
2024-09-04 19:00:00,25.9,93,1002.5,10.9,15.5,0.0,73
2024-09-04 20:00:00,25.6,93,1001.7,10.6,15.5,0.0,95
2024-09-04 21:00:00,25.5,94,1001.4,10.8,15.1,0.0,97
2024-09-04 22:00:00,25.4,94,1001.4,11.3,15.8,0.0,25
2024-09-04 23:00:00,25.2,95,1001.3,12.1,16.9,0.0,18
2024-09-05 00:00:00,25.0,96,1001.6,12.0,17.3,0.0,0
2024-09-05 01:00:00,25.5,96,1001.9,11.0,16.6,0.0,2
2024-09-05 02:00:00,25.8,95,1002.4,11.2,16.9,0.0,3
2024-09-05 03:00:00,26.9,91,1003.0,11.2,18.7,0.0,0
2024-09-05 04:00:00,28.2,84,1003.1,11.5,20.2,0.0,9
2024-09-05 05:00:00,29.3,77,1003.2,8.5,20.2,0.0,36
2024-09-05 06:00:00,30.4,72,1002.8,7.0,17.6,0.0,36
2024-09-05 07:00:00,31.1,68,1002.1,6.3,15.8,0.0,13
2024-09-05 08:00:00,31.7,64,1001.0,5.4,15.5,0.0,14
2024-09-05 09:00:00,32.1,62,1000.1,4.7,14.4,0.0,15
2024-09-05 10:00:00,32.5,60,999.4,5.8,13.7,0.0,15
2024-09-05 11:00:00,32.5,60,999.0,6.9,14.0,0.0,17
2024-09-05 12:00:00,32.1,62,998.8,8.2,14.0,0.0,13
2024-09-05 13:00:00,31.1,72,999.7,4.9,9.4,0.0,12
2024-09-05 14:00:00,29.7,79,999.8,7.1,8.6,0.0,13
2024-09-05 15:00:00,28.8,83,1000.7,10.2,13.0,0.0,13
2024-09-05 16:00:00,28.2,84,1001.6,13.4,18.4,0.0,10
2024-09-05 17:00:00,27.8,85,1002.1,14.5,20.2,0.0,4
2024-09-05 18:00:00,27.6,86,1001.9,14.0,20.2,0.0,4
2024-09-05 19:00:00,27.3,87,1001.7,12.9,19.8,0.0,4
2024-09-05 20:00:00,27.0,88,1001.5,16.1,22.3,0.0,2
2024-09-05 21:00:00,26.3,91,1001.3,16.0,22.7,0.0,3
2024-09-05 22:00:00,25.8,93,1001.6,15.5,22.7,0.0,2
2024-09-05 23:00:00,25.4,95,1001.8,15.8,22.3,0.0,0
2024-09-06 00:00:00,25.1,96,1002.2,16.3,23.4,0.0,0
2024-09-06 01:00:00,25.3,94,1002.7,16.3,24.5,0.0,2
2024-09-06 02:00:00,25.8,90,1003.2,20.2,28.8,0.0,9
2024-09-06 03:00:00,26.7,88,1003.8,18.3,29.9,0.0,6
2024-09-06 04:00:00,27.9,84,1004.4,18.3,28.8,0.0,14
2024-09-06 05:00:00,29.2,80,1004.5,16.3,29.2,0.0,1
2024-09-06 06:00:00,30.5,74,1004.1,15.1,27.4,0.0,0
2024-09-06 07:00:00,31.4,70,1003.8,13.4,25.9,0.0,4
2024-09-06 08:00:00,32.0,68,1003.1,13.1,24.5,0.0,20
2024-09-06 09:00:00,32.2,67,1002.1,11.5,23.8,0.0,14
2024-09-06 10:00:00,32.1,66,1001.3,12.5,21.6,0.1,20
2024-09-06 11:00:00,31.9,68,1000.8,14.6,23.4,0.0,48
2024-09-06 12:00:00,31.4,69,1001.1,15.3,23.8,0.0,30
2024-09-06 13:00:00,30.6,76,1001.8,11.6,19.1,0.0,28
2024-09-06 14:00:00,29.4,81,1002.5,10.8,16.2,0.0,38
2024-09-06 15:00:00,28.8,83,1003.2,11.2,16.2,0.0,100
2024-09-06 16:00:00,28.3,84,1004.1,12.2,16.6,0.0,100
2024-09-06 17:00:00,27.9,85,1004.5,12.5,18.0,0.0,100
2024-09-06 18:00:00,27.5,85,1004.7,13.2,17.6,0.0,100
2024-09-06 19:00:00,27.1,86,1004.1,15.6,21.6,0.0,100
2024-09-06 20:00:00,26.7,86,1003.5,17.5,24.5,0.0,100
2024-09-06 21:00:00,26.3,90,1003.5,18.1,26.3,0.0,100
2024-09-06 22:00:00,25.7,94,1003.7,17.6,25.9,0.0,6
2024-09-06 23:00:00,25.3,96,1003.9,18.4,26.3,0.0,48
2024-09-07 00:00:00,24.9,97,1004.3,17.6,26.3,0.0,87
2024-09-07 01:00:00,25.2,96,1004.2,14.8,25.2,0.0,15
2024-09-07 02:00:00,25.7,92,1004.8,12.9,20.9,0.0,18
2024-09-07 03:00:00,26.7,89,1005.2,10.1,19.4,0.0,22
2024-09-07 04:00:00,28.4,83,1005.8,9.4,18.0,0.0,30
2024-09-07 05:00:00,30.1,76,1006.0,9.2,18.7,0.0,50
2024-09-07 06:00:00,31.4,70,1005.7,8.0,18.4,0.0,51
2024-09-07 07:00:00,32.4,63,1004.7,8.5,18.4,0.0,9
2024-09-07 08:00:00,32.9,60,1004.2,6.5,18.7,0.0,32
2024-09-07 09:00:00,33.1,58,1003.4,6.3,16.2,0.0,16
2024-09-07 10:00:00,33.1,59,1002.8,7.0,16.2,0.0,18
2024-09-07 11:00:00,33.0,59,1002.6,9.1,16.6,0.0,11
2024-09-07 12:00:00,32.4,61,1002.5,10.3,16.6,0.0,25
2024-09-07 13:00:00,31.5,70,1002.7,9.2,12.2,0.0,6
2024-09-07 14:00:00,29.8,76,1003.6,14.3,18.7,0.0,6
2024-09-07 15:00:00,29.1,80,1004.2,17.8,24.8,0.0,5
2024-09-07 16:00:00,28.5,83,1005.1,16.5,25.2,0.0,4
2024-09-07 17:00:00,28.2,84,1005.5,16.0,23.4,0.0,1
2024-09-07 18:00:00,27.8,84,1005.3,16.4,23.0,0.0,2
2024-09-07 19:00:00,27.6,82,1005.1,16.4,23.0,0.0,27
2024-09-07 20:00:00,27.2,83,1004.9,16.8,23.8,0.0,10
2024-09-07 21:00:00,26.8,84,1004.7,17.7,24.8,0.0,19
2024-09-07 22:00:00,26.3,85,1004.8,18.3,25.9,0.0,12
2024-09-07 23:00:00,25.9,87,1004.9,18.2,25.9,0.0,21
2024-09-08 00:00:00,25.6,90,1005.1,17.3,25.9,0.0,0
2024-09-08 01:00:00,26.0,90,1005.5,14.8,21.6,0.0,97
2024-09-08 02:00:00,26.3,90,1005.8,13.7,20.9,0.0,100
2024-09-08 03:00:00,27.5,86,1006.1,14.1,22.7,0.0,94
2024-09-08 04:00:00,29.4,77,1006.4,12.8,22.7,0.0,86
2024-09-08 05:00:00,31.2,68,1006.3,11.7,22.0,0.0,76
2024-09-08 06:00:00,32.5,62,1005.9,10.5,21.2,0.0,43
2024-09-08 07:00:00,33.4,58,1005.2,6.6,20.5,0.0,51
2024-09-08 08:00:00,33.7,56,1004.4,5.5,16.2,0.0,14
2024-09-08 09:00:00,34.1,54,1003.6,6.7,15.8,0.0,19
2024-09-08 10:00:00,34.1,54,1002.9,7.9,16.6,0.0,22
2024-09-08 11:00:00,33.8,55,1002.4,8.9,16.6,0.0,20
2024-09-08 12:00:00,33.1,58,1002.4,10.8,16.6,0.0,30
2024-09-08 13:00:00,32.4,68,1002.6,8.4,10.8,0.0,17
2024-09-08 14:00:00,30.5,75,1002.9,15.5,20.9,0.0,38
2024-09-08 15:00:00,29.7,77,1003.5,18.2,25.9,0.0,13
2024-09-08 16:00:00,29.0,80,1004.2,18.1,25.9,0.0,5
2024-09-08 17:00:00,28.5,82,1004.4,17.4,25.6,0.0,1
2024-09-08 18:00:00,28.1,83,1004.2,18.2,25.6,0.0,3
2024-09-08 19:00:00,27.8,84,1004.1,18.6,26.6,0.0,7
2024-09-08 20:00:00,27.5,84,1003.5,19.8,27.7,0.0,1
2024-09-08 21:00:00,27.2,86,1003.1,20.7,29.5,0.0,2
2024-09-08 22:00:00,26.8,87,1002.9,19.6,29.5,0.0,0
2024-09-08 23:00:00,26.4,88,1002.9,18.4,27.7,0.0,0
2024-09-09 00:00:00,26.0,90,1003.1,17.6,26.3,0.0,0
2024-09-09 01:00:00,26.0,90,1003.4,16.3,24.5,0.0,3
2024-09-09 02:00:00,26.1,89,1003.9,15.1,23.0,0.0,0
2024-09-09 03:00:00,27.4,84,1004.2,15.0,24.1,0.0,0
2024-09-09 04:00:00,29.5,74,1004.4,14.3,24.1,0.0,1
2024-09-09 05:00:00,31.3,65,1004.2,14.8,25.6,0.0,0
2024-09-09 06:00:00,32.6,60,1003.6,15.6,27.0,0.0,0
2024-09-09 07:00:00,33.6,55,1002.9,14.0,27.4,0.0,0
2024-09-09 08:00:00,34.2,53,1001.9,11.5,25.6,0.0,0
2024-09-09 09:00:00,34.6,52,1000.9,11.5,22.3,0.0,3
2024-09-09 10:00:00,34.7,51,1000.1,12.0,22.0,0.0,5
2024-09-09 11:00:00,34.4,51,999.5,13.7,22.3,0.0,10
2024-09-09 12:00:00,33.8,53,999.4,14.7,22.7,0.0,3
2024-09-09 13:00:00,32.4,62,1000.0,11.8,15.8,0.0,3
2024-09-09 14:00:00,30.7,69,1000.4,15.3,21.2,0.0,5
2024-09-09 15:00:00,29.8,73,1001.0,16.9,23.8,0.0,4
2024-09-09 16:00:00,29.2,75,1001.7,18.6,25.9,0.0,4
2024-09-09 17:00:00,28.7,78,1001.5,19.6,27.4,0.0,3
2024-09-09 18:00:00,28.2,80,1001.3,19.6,28.4,0.0,1
2024-09-09 19:00:00,27.9,81,1001.1,20.1,28.1,0.0,0
2024-09-09 20:00:00,27.4,84,1000.7,20.4,28.8,0.0,0
2024-09-09 21:00:00,27.0,86,1000.5,21.7,30.6,0.0,0
2024-09-09 22:00:00,26.4,90,1000.7,20.3,31.0,0.0,0
2024-09-09 23:00:00,25.8,91,1001.0,19.6,28.8,0.0,0
2024-09-10 00:00:00,25.3,91,1001.6,16.9,27.7,0.0,0
2024-09-10 01:00:00,25.4,91,1002.1,12.4,21.2,0.0,0
2024-09-10 02:00:00,25.7,88,1002.5,12.0,17.6,0.0,0
2024-09-10 03:00:00,27.1,80,1002.8,13.3,21.6,0.0,0
2024-09-10 04:00:00,29.2,71,1003.3,14.8,25.2,0.0,0
2024-09-10 05:00:00,31.2,63,1003.1,14.3,25.6,0.0,0
2024-09-10 06:00:00,32.7,57,1002.6,13.0,25.2,0.0,0
2024-09-10 07:00:00,33.7,54,1002.0,13.0,24.8,0.0,5
2024-09-10 08:00:00,34.2,50,1001.4,11.6,24.5,0.0,23
2024-09-10 09:00:00,34.2,50,1000.2,11.9,23.0,0.0,6
2024-09-10 10:00:00,34.5,48,999.5,11.5,22.7,0.0,17
2024-09-10 11:00:00,34.3,49,999.1,13.5,23.0,0.0,20
2024-09-10 12:00:00,33.8,49,999.0,13.8,23.0,0.0,16
2024-09-10 13:00:00,33.3,52,999.4,12.1,18.7,0.0,5
2024-09-10 14:00:00,31.2,64,1000.1,17.0,23.0,0.0,5
2024-09-10 15:00:00,30.3,66,1001.1,18.6,26.3,0.0,2
2024-09-10 16:00:00,29.7,69,1001.6,19.4,27.7,0.0,0
2024-09-10 17:00:00,29.3,72,1001.8,18.4,27.4,0.0,0
2024-09-10 18:00:00,28.7,75,1001.5,19.3,27.4,0.0,5
2024-09-10 19:00:00,28.3,76,1001.3,19.7,27.7,0.0,1
2024-09-10 20:00:00,27.9,78,1000.6,21.9,30.6,0.0,0
2024-09-10 21:00:00,27.4,80,1000.5,19.5,31.0,0.0,0
2024-09-10 22:00:00,27.0,82,1000.7,18.2,27.4,0.0,0
2024-09-10 23:00:00,26.7,83,1000.9,19.0,27.0,0.0,0
2024-09-11 00:00:00,26.4,83,1001.5,19.6,27.7,0.0,0
2024-09-11 01:00:00,26.7,80,1002.1,18.9,26.6,0.0,0
2024-09-11 02:00:00,26.9,78,1002.6,18.9,27.4,0.0,0
2024-09-11 03:00:00,28.0,73,1003.2,19.5,29.5,0.0,5
2024-09-11 04:00:00,30.0,64,1003.4,19.4,31.3,0.0,3
2024-09-11 05:00:00,32.2,54,1003.5,16.6,31.0,0.0,0
2024-09-11 06:00:00,34.3,46,1002.8,14.1,28.8,0.0,0
2024-09-11 07:00:00,35.8,40,1001.9,10.5,25.9,0.0,24
2024-09-11 08:00:00,36.6,35,1001.0,6.4,22.3,0.0,18
2024-09-11 09:00:00,37.2,32,1000.0,5.6,17.3,0.0,6
2024-09-11 10:00:00,37.5,31,999.4,3.6,16.6,0.0,8
2024-09-11 11:00:00,37.7,30,998.9,5.5,14.8,0.0,6
2024-09-11 12:00:00,37.8,30,998.7,8.2,15.5,0.0,20
2024-09-11 13:00:00,34.7,45,1000.3,12.0,15.8,0.0,35
2024-09-11 14:00:00,32.6,55,1001.2,11.7,19.1,0.0,24
2024-09-11 15:00:00,32.2,55,1001.8,14.1,18.4,0.0,24
2024-09-11 16:00:00,31.4,61,1002.2,21.1,29.2,0.0,13
2024-09-11 17:00:00,30.7,65,1002.3,20.3,31.3,0.0,10
2024-09-11 18:00:00,30.0,69,1001.9,21.1,29.9,0.0,20
2024-09-11 19:00:00,29.2,73,1001.6,21.5,30.2,0.0,31
2024-09-11 20:00:00,28.7,75,1000.8,24.0,34.2,0.0,48
2024-09-11 21:00:00,28.3,77,1000.3,24.8,35.3,0.0,30
2024-09-11 22:00:00,27.9,78,1000.5,25.1,36.0,0.0,5
2024-09-11 23:00:00,27.4,79,1000.8,24.2,36.0,0.0,3
2024-09-12 00:00:00,26.9,80,1001.5,23.7,34.6,0.0,18
2024-09-12 01:00:00,26.8,81,1001.9,21.9,32.0,0.0,0
2024-09-12 02:00:00,26.9,81,1002.4,20.0,31.3,0.0,8
2024-09-12 03:00:00,28.3,75,1003.1,21.7,32.8,0.0,4
2024-09-12 04:00:00,30.2,66,1003.2,22.5,35.3,0.0,0
2024-09-12 05:00:00,32.3,57,1003.2,23.7,37.8,0.0,23
2024-09-12 06:00:00,34.0,51,1002.5,23.2,38.2,0.0,59
2024-09-12 07:00:00,35.3,46,1001.9,22.4,37.8,0.0,79
2024-09-12 08:00:00,36.2,42,1001.1,21.4,37.1,0.0,28
2024-09-12 09:00:00,36.7,39,1000.2,21.2,36.0,0.0,8
2024-09-12 10:00:00,37.1,37,999.5,21.8,35.6,0.0,4
2024-09-12 11:00:00,36.8,37,999.3,22.2,35.6,0.0,17
2024-09-12 12:00:00,36.2,38,999.4,21.9,34.6,0.0,46
2024-09-12 13:00:00,33.9,49,1000.3,19.5,29.5,0.0,37
2024-09-12 14:00:00,32.3,58,1000.9,22.6,31.7,0.0,18
2024-09-12 15:00:00,31.2,63,1001.5,25.2,36.0,0.0,9
2024-09-12 16:00:00,30.5,66,1002.0,26.2,37.4,0.0,8
2024-09-12 17:00:00,30.0,67,1002.2,26.9,38.5,0.0,5
2024-09-12 18:00:00,29.5,69,1002.0,28.4,40.3,0.0,1
2024-09-12 19:00:00,28.5,73,1002.1,31.0,43.9,0.0,1
2024-09-12 20:00:00,27.3,78,1001.4,32.7,47.2,0.0,0
2024-09-12 21:00:00,26.4,82,1000.9,32.6,47.2,0.0,0
2024-09-12 22:00:00,25.7,85,1000.8,33.4,47.9,0.0,0
2024-09-12 23:00:00,25.2,86,1001.1,33.7,48.6,0.0,0
2024-09-13 00:00:00,24.7,88,1001.4,31.6,48.6,0.0,0
2024-09-13 01:00:00,24.7,88,1001.8,29.3,44.6,0.0,1
2024-09-13 02:00:00,25.2,83,1002.0,32.0,46.1,0.0,9
2024-09-13 03:00:00,26.1,80,1002.5,33.4,49.0,0.0,9
2024-09-13 04:00:00,27.6,72,1002.9,32.7,50.0,0.0,1
2024-09-13 05:00:00,29.3,65,1003.1,33.2,50.4,0.0,3
2024-09-13 06:00:00,30.8,57,1002.5,34.5,53.3,0.0,9
2024-09-13 07:00:00,32.1,51,1001.8,35.1,54.4,0.0,7
2024-09-13 08:00:00,33.2,47,1001.1,35.3,54.4,0.0,0
2024-09-13 09:00:00,33.8,44,1000.2,35.5,54.7,0.0,0
2024-09-13 10:00:00,33.9,44,999.6,34.7,54.0,0.0,0
2024-09-13 11:00:00,33.5,45,999.3,34.2,52.9,0.0,0
2024-09-13 12:00:00,32.8,47,999.3,33.6,51.5,0.0,0
2024-09-13 13:00:00,30.9,55,1000.7,27.4,43.2,0.0,0
2024-09-13 14:00:00,29.8,59,1001.1,22.7,38.9,0.0,0
2024-09-13 15:00:00,29.2,62,1001.5,22.5,32.4,0.0,0
2024-09-13 16:00:00,28.6,64,1002.0,22.5,32.0,0.0,0
2024-09-13 17:00:00,28.0,66,1002.1,24.0,33.8,0.0,0
2024-09-13 18:00:00,27.2,69,1001.9,27.1,38.2,0.0,0
2024-09-13 19:00:00,26.3,73,1001.5,29.2,41.4,0.0,0
2024-09-13 20:00:00,25.5,77,1001.4,28.2,41.8,0.0,0
2024-09-13 21:00:00,24.7,81,1001.3,26.4,40.0,0.0,0
2024-09-13 22:00:00,24.1,85,1001.4,25.6,37.4,0.0,1
2024-09-13 23:00:00,23.5,88,1001.4,25.4,36.4,0.0,1
2024-09-14 00:00:00,23.0,90,1001.5,24.8,36.4,0.0,3
2024-09-14 01:00:00,23.0,91,1001.7,24.7,35.6,0.0,4
2024-09-14 02:00:00,23.4,88,1002.3,28.0,40.3,0.0,29
2024-09-14 03:00:00,24.9,78,1002.9,32.2,47.5,0.0,35
2024-09-14 04:00:00,26.3,70,1003.2,33.8,50.8,0.0,55
2024-09-14 05:00:00,28.2,61,1003.2,30.3,50.4,0.0,9
2024-09-14 06:00:00,29.7,56,1002.9,28.7,46.8,0.0,3
2024-09-14 07:00:00,30.9,53,1002.3,28.4,45.7,0.0,0
2024-09-14 08:00:00,32.1,49,1001.4,28.5,45.0,0.0,0
2024-09-14 09:00:00,32.8,47,1000.6,27.7,45.0,0.0,0
2024-09-14 10:00:00,33.2,45,1000.0,27.4,43.9,0.0,0
2024-09-14 11:00:00,33.1,45,999.8,26.6,43.2,0.0,0
2024-09-14 12:00:00,32.7,46,1000.0,25.8,41.0,0.0,0
2024-09-14 13:00:00,30.6,53,1001.5,17.8,31.0,0.0,0
2024-09-14 14:00:00,29.2,59,1001.9,14.5,25.2,0.0,0
2024-09-14 15:00:00,28.2,64,1002.4,12.0,20.2,0.0,0
2024-09-14 16:00:00,27.6,66,1003.3,11.6,16.6,0.0,0
2024-09-14 17:00:00,27.2,68,1003.6,13.0,17.3,0.0,0
2024-09-14 18:00:00,25.9,74,1003.6,16.5,23.0,0.0,2
2024-09-14 19:00:00,25.5,74,1003.6,16.9,24.1,0.0,1
2024-09-14 20:00:00,25.1,76,1003.5,15.7,23.8,0.0,0
2024-09-14 21:00:00,24.8,79,1003.2,17.1,23.8,0.0,0
2024-09-14 22:00:00,24.4,84,1003.5,19.2,27.0,0.0,0
2024-09-14 23:00:00,23.7,85,1003.6,19.0,27.7,0.0,0
2024-09-15 00:00:00,23.3,86,1004.0,17.9,27.0,0.0,0
2024-09-15 01:00:00,23.3,87,1004.2,19.1,27.4,0.0,0
2024-09-15 02:00:00,23.5,87,1004.8,18.4,27.7,0.0,0
2024-09-15 03:00:00,24.8,81,1005.3,21.3,32.4,0.0,6
2024-09-15 04:00:00,26.5,73,1005.5,21.7,34.6,0.0,11
2024-09-15 05:00:00,28.3,63,1005.5,21.6,35.6,0.0,6
2024-09-15 06:00:00,29.8,58,1005.2,20.8,36.0,0.0,2
2024-09-15 07:00:00,31.1,52,1004.7,19.0,35.3,0.0,1
2024-09-15 08:00:00,32.1,47,1003.9,17.4,33.1,0.0,0
2024-09-15 09:00:00,32.9,44,1003.2,16.8,31.0,0.0,0
2024-09-15 10:00:00,33.3,42,1002.5,16.0,29.5,0.0,0
2024-09-15 11:00:00,33.4,42,1002.2,15.8,28.1,0.0,0
2024-09-15 12:00:00,33.0,42,1002.2,15.6,26.6,0.0,0
2024-09-15 13:00:00,30.8,52,1003.5,12.7,21.6,0.0,0
2024-09-15 14:00:00,29.4,60,1003.9,11.7,17.6,0.0,1
2024-09-15 15:00:00,28.4,65,1004.8,10.4,16.2,0.0,2
2024-09-15 16:00:00,27.7,68,1005.5,11.2,15.1,0.0,1
2024-09-15 17:00:00,27.1,69,1005.7,12.0,16.6,0.0,1
2024-09-15 18:00:00,26.4,72,1005.5,12.5,16.9,0.0,0
2024-09-15 19:00:00,26.1,74,1005.1,13.0,18.0,0.0,1
2024-09-15 20:00:00,25.8,76,1004.5,13.6,18.7,0.0,0
2024-09-15 21:00:00,25.6,76,1004.3,15.7,21.2,0.0,2
2024-09-15 22:00:00,24.9,80,1004.6,17.8,24.8,0.0,1
2024-09-15 23:00:00,24.2,84,1004.9,18.2,25.9,0.0,0
2024-09-16 00:00:00,23.7,86,1005.3,17.6,25.6,0.0,0
2024-09-16 01:00:00,23.8,87,1005.6,18.7,27.0,0.0,0
2024-09-16 02:00:00,24.1,85,1006.4,16.6,27.0,0.0,0
2024-09-16 03:00:00,25.7,78,1007.0,18.5,28.8,0.0,0
2024-09-16 04:00:00,27.9,67,1007.2,19.3,31.0,0.0,0
2024-09-16 05:00:00,29.7,60,1007.2,19.8,32.8,0.0,0
2024-09-16 06:00:00,31.0,55,1006.9,18.9,32.8,0.0,0
2024-09-16 07:00:00,32.0,52,1006.3,17.6,32.4,0.0,0
2024-09-16 08:00:00,32.9,48,1005.6,16.4,31.0,0.0,0
2024-09-16 09:00:00,33.5,46,1004.9,16.6,29.9,0.0,0
2024-09-16 10:00:00,33.8,45,1004.5,16.3,29.5,0.0,0
2024-09-16 11:00:00,33.7,44,1004.0,15.3,28.4,0.0,0
2024-09-16 12:00:00,33.3,45,1004.1,15.0,25.9,0.0,0
2024-09-16 13:00:00,31.2,53,1005.1,10.7,20.9,0.0,1
2024-09-16 14:00:00,29.6,61,1005.3,9.4,14.8,0.0,0
2024-09-16 15:00:00,28.5,66,1006.1,11.2,14.8,0.0,0
2024-09-16 16:00:00,27.6,70,1007.0,12.7,17.3,0.0,0
2024-09-16 17:00:00,27.0,71,1007.3,13.8,19.4,0.0,0
2024-09-16 18:00:00,26.9,71,1007.1,14.9,20.5,0.0,0
2024-09-16 19:00:00,26.5,71,1006.9,15.0,20.5,0.0,0
2024-09-16 20:00:00,26.1,73,1006.7,17.2,23.8,0.0,0
2024-09-16 21:00:00,25.5,79,1006.3,15.9,24.1,0.0,0
2024-09-16 22:00:00,25.1,83,1006.5,14.7,22.3,0.0,0
2024-09-16 23:00:00,24.7,87,1006.6,15.0,20.9,0.0,0
2024-09-17 00:00:00,24.3,89,1007.1,15.7,22.3,0.0,0
2024-09-17 01:00:00,24.6,88,1007.5,14.0,19.8,0.0,32
2024-09-17 02:00:00,25.0,86,1007.9,12.4,20.2,0.0,11
2024-09-17 03:00:00,26.5,79,1008.2,16.0,24.8,0.0,0
2024-09-17 04:00:00,28.8,69,1008.3,18.7,29.9,0.0,0
2024-09-17 05:00:00,30.8,60,1008.3,20.0,32.8,0.0,0
2024-09-17 06:00:00,32.4,53,1007.8,18.4,33.1,0.0,0
2024-09-17 07:00:00,33.6,47,1007.1,15.3,31.7,0.0,0
2024-09-17 08:00:00,34.5,41,1006.4,11.7,28.1,0.0,0
2024-09-17 09:00:00,35.1,37,1005.3,9.1,23.8,0.0,0
2024-09-17 10:00:00,35.2,35,1004.5,7.6,20.2,0.0,3
2024-09-17 11:00:00,35.2,35,1004.2,8.3,17.3,0.0,10
2024-09-17 12:00:00,35.0,34,1004.4,7.9,16.9,0.0,10
2024-09-17 13:00:00,32.6,44,1005.7,6.1,12.6,0.0,4
2024-09-17 14:00:00,31.0,53,1005.9,8.0,9.7,0.0,3
2024-09-17 15:00:00,29.8,58,1006.3,13.8,18.4,0.0,9
2024-09-17 16:00:00,29.0,58,1006.8,16.2,23.0,0.0,4
2024-09-17 17:00:00,28.5,58,1007.0,16.0,23.0,0.0,1
2024-09-17 18:00:00,28.2,59,1006.6,16.6,23.0,0.0,0
2024-09-17 19:00:00,27.9,60,1006.2,16.7,23.0,0.0,0
2024-09-17 20:00:00,27.5,61,1005.6,15.8,23.4,0.0,0
2024-09-17 21:00:00,26.9,63,1005.2,14.6,22.0,0.0,0
2024-09-17 22:00:00,26.4,66,1005.2,14.4,19.8,0.0,0
2024-09-17 23:00:00,25.9,69,1005.4,14.5,20.2,0.0,0
2024-09-18 00:00:00,25.5,73,1005.5,14.6,20.5,0.0,0
2024-09-18 01:00:00,25.0,78,1006.0,11.8,16.9,0.0,0
2024-09-18 02:00:00,25.6,79,1006.4,10.9,16.6,0.0,0
2024-09-18 03:00:00,27.6,73,1006.8,10.0,16.9,0.0,0
2024-09-18 04:00:00,29.8,64,1007.2,10.2,19.4,0.0,0
2024-09-18 05:00:00,31.8,53,1007.1,10.1,20.5,0.0,0
2024-09-18 06:00:00,33.4,44,1006.3,8.7,20.9,0.0,0
2024-09-18 07:00:00,34.5,40,1005.6,5.5,19.4,0.0,0
2024-09-18 08:00:00,35.3,37,1004.8,3.7,16.6,0.0,0
2024-09-18 09:00:00,35.8,34,1003.8,2.8,14.4,0.0,5
2024-09-18 10:00:00,36.2,32,1003.1,2.6,13.0,0.0,13
2024-09-18 11:00:00,36.3,31,1002.7,3.6,12.2,0.0,17
2024-09-18 12:00:00,36.1,31,1002.7,6.0,11.9,0.0,13
2024-09-18 13:00:00,34.3,36,1003.5,7.3,15.5,0.0,10
2024-09-18 14:00:00,32.5,45,1004.0,7.2,10.4,0.0,8
2024-09-18 15:00:00,31.3,49,1004.5,9.8,13.0,0.0,3
2024-09-18 16:00:00,30.5,47,1005.0,11.5,16.2,0.0,7
2024-09-18 17:00:00,30.4,50,1005.0,8.7,15.8,0.0,15
2024-09-18 18:00:00,29.5,54,1004.5,12.0,15.1,0.0,33
2024-09-18 19:00:00,29.0,53,1004.3,14.5,19.8,0.0,11
2024-09-18 20:00:00,28.9,49,1004.1,19.0,25.2,0.0,1
2024-09-18 21:00:00,28.5,50,1004.0,21.3,30.2,0.0,1
2024-09-18 22:00:00,28.2,52,1003.9,21.3,30.2,0.0,0
2024-09-18 23:00:00,27.6,56,1004.3,19.1,29.9,0.0,0
2024-09-19 00:00:00,27.1,60,1005.1,16.9,26.6,0.0,2
2024-09-19 01:00:00,26.6,63,1005.8,15.5,21.2,0.0,0
2024-09-19 02:00:00,27.3,63,1006.1,16.2,23.0,0.0,0
2024-09-19 03:00:00,29.2,59,1006.7,14.5,22.7,0.0,5
2024-09-19 04:00:00,31.3,53,1007.2,14.0,24.1,0.0,0
2024-09-19 05:00:00,33.1,44,1007.0,12.6,24.8,0.0,19
2024-09-19 06:00:00,34.7,36,1006.5,10.3,23.8,0.0,0
2024-09-19 07:00:00,35.9,32,1005.8,12.4,24.5,0.0,0
2024-09-19 08:00:00,36.7,29,1004.9,16.4,29.2,0.0,6
2024-09-19 09:00:00,37.0,28,1003.9,19.8,33.5,0.0,15
2024-09-19 10:00:00,36.8,30,1003.4,22.3,36.0,0.0,11
2024-09-19 11:00:00,36.2,33,1003.4,20.8,36.4,0.0,12
2024-09-19 12:00:00,35.7,34,1003.6,18.5,33.5,0.0,50
2024-09-19 13:00:00,34.6,36,1004.4,15.4,23.0,0.0,35
2024-09-19 14:00:00,33.5,40,1004.9,11.8,22.0,0.0,3
2024-09-19 15:00:00,32.6,43,1005.2,10.2,16.2,0.0,1
2024-09-19 16:00:00,31.6,47,1005.5,8.8,13.3,0.0,2
2024-09-19 17:00:00,30.5,55,1005.4,6.6,11.2,0.0,2
2024-09-19 18:00:00,29.7,58,1005.1,6.6,7.6,0.0,1
2024-09-19 19:00:00,28.8,57,1004.9,12.1,16.6,0.0,0
2024-09-19 20:00:00,27.9,62,1004.7,11.0,16.6,0.0,0
2024-09-19 21:00:00,27.2,65,1004.5,9.7,15.1,0.0,0
2024-09-19 22:00:00,26.7,68,1004.5,7.1,13.3,0.0,0
2024-09-19 23:00:00,26.2,71,1004.7,7.3,9.4,0.0,0
2024-09-20 00:00:00,25.9,73,1005.1,6.8,9.4,0.0,0
2024-09-20 01:00:00,25.9,72,1005.6,10.1,14.4,0.0,0
2024-09-20 02:00:00,27.1,67,1006.2,9.1,13.7,0.0,0
2024-09-20 03:00:00,29.9,55,1006.7,7.8,13.7,0.0,0
2024-09-20 04:00:00,31.8,48,1007.0,10.9,19.8,0.0,0
2024-09-20 05:00:00,33.3,43,1006.9,10.5,22.0,0.0,0
2024-09-20 06:00:00,34.5,38,1006.3,8.0,21.2,0.0,0
2024-09-20 07:00:00,35.6,35,1005.5,7.8,19.4,0.0,0
2024-09-20 08:00:00,36.5,33,1004.7,8.9,20.5,0.0,0
2024-09-20 09:00:00,36.9,32,1003.5,9.7,21.6,0.0,3
2024-09-20 10:00:00,37.5,30,1002.8,9.0,21.6,0.0,12
2024-09-20 11:00:00,37.7,29,1002.2,5.8,19.8,0.0,32
2024-09-20 12:00:00,37.8,27,1001.9,7.9,14.4,0.0,32
2024-09-20 13:00:00,36.3,32,1003.3,5.2,7.9,0.0,17
2024-09-20 14:00:00,34.6,38,1003.4,8.6,11.9,0.0,2
2024-09-20 15:00:00,33.5,41,1003.7,9.0,12.2,0.0,2
2024-09-20 16:00:00,32.7,43,1004.2,8.6,12.2,0.0,1
2024-09-20 17:00:00,31.6,48,1004.5,9.6,13.0,0.0,0
2024-09-20 18:00:00,30.8,51,1004.6,12.4,16.9,0.0,0
2024-09-20 19:00:00,31.3,46,1004.5,14.7,20.5,0.0,0
2024-09-20 20:00:00,30.7,48,1004.3,17.8,24.1,0.0,2
2024-09-20 21:00:00,30.0,51,1004.1,19.1,27.4,0.0,5
2024-09-20 22:00:00,29.5,55,1004.1,17.4,26.6,0.0,0
2024-09-20 23:00:00,28.8,62,1004.1,18.4,25.6,0.0,17
2024-09-21 00:00:00,28.1,67,1004.8,19.2,27.4,0.0,21
2024-09-21 01:00:00,27.2,71,1005.5,14.3,20.2,0.0,0
2024-09-21 02:00:00,27.3,71,1006.3,14.6,22.0,0.0,0
2024-09-21 03:00:00,28.8,64,1006.9,15.8,25.6,0.0,0
2024-09-21 04:00:00,31.0,55,1007.2,14.8,25.9,0.0,0
2024-09-21 05:00:00,33.1,47,1007.1,12.1,25.9,0.0,0
2024-09-21 06:00:00,34.6,42,1006.9,8.5,23.4,0.0,2
2024-09-21 07:00:00,35.9,38,1006.2,5.8,19.8,0.0,6
2024-09-21 08:00:00,36.9,34,1005.0,4.0,17.3,0.0,5
2024-09-21 09:00:00,37.8,32,1004.0,4.3,15.1,0.0,26
2024-09-21 10:00:00,38.1,30,1003.3,7.9,17.6,0.0,42
2024-09-21 11:00:00,37.9,30,1003.2,13.9,23.4,0.0,18
2024-09-21 12:00:00,37.3,30,1003.2,17.9,27.4,0.0,29
2024-09-21 13:00:00,36.4,34,1004.1,11.1,18.4,0.0,8
2024-09-21 14:00:00,35.5,37,1004.3,7.4,16.6,0.0,20
2024-09-21 15:00:00,34.3,44,1004.8,4.6,10.1,0.0,9
2024-09-21 16:00:00,33.2,47,1005.2,10.6,14.0,0.0,16
2024-09-21 17:00:00,32.7,48,1005.7,12.7,17.6,0.0,19
2024-09-21 18:00:00,32.4,48,1005.7,12.9,18.4,0.0,30
2024-09-21 19:00:00,31.8,49,1005.7,18.5,24.5,0.0,70
2024-09-21 20:00:00,31.1,54,1005.3,23.8,33.8,0.0,12
2024-09-21 21:00:00,30.2,60,1005.0,23.3,34.2,0.0,9
2024-09-21 22:00:00,29.3,65,1005.2,23.5,33.5,0.0,51
2024-09-21 23:00:00,28.5,69,1005.5,23.5,34.2,0.0,5
2024-09-22 00:00:00,27.9,71,1005.9,22.4,33.8,0.0,0
2024-09-22 01:00:00,27.4,73,1006.4,18.6,28.8,0.0,0
2024-09-22 02:00:00,27.7,72,1006.9,16.0,26.6,0.0,14
2024-09-22 03:00:00,29.3,65,1007.5,17.8,28.1,0.0,1
2024-09-22 04:00:00,31.5,56,1007.6,17.8,29.5,0.0,0
2024-09-22 05:00:00,33.8,48,1007.4,16.7,29.5,0.0,0
2024-09-22 06:00:00,35.5,41,1006.9,15.1,29.5,0.0,0
2024-09-22 07:00:00,36.7,38,1005.8,12.0,28.1,0.0,0
2024-09-22 08:00:00,37.6,35,1004.7,9.8,24.8,0.0,3
2024-09-22 09:00:00,38.2,33,1003.4,6.5,22.0,0.0,18
2024-09-22 10:00:00,38.5,32,1002.6,6.5,17.6,0.0,17
2024-09-22 11:00:00,38.6,31,1002.4,8.4,17.6,0.0,16
2024-09-22 12:00:00,38.3,31,1002.6,11.9,19.8,0.0,32
2024-09-22 13:00:00,37.5,32,1003.5,6.4,11.5,0.0,36
2024-09-22 14:00:00,36.2,37,1003.9,6.5,10.4,0.0,23
2024-09-22 15:00:00,35.3,40,1004.4,8.2,11.2,0.0,22
2024-09-22 16:00:00,34.6,42,1004.8,12.3,16.6,0.0,7
2024-09-22 17:00:00,34.0,43,1004.8,11.2,17.3,0.0,1
2024-09-22 18:00:00,33.0,46,1004.5,11.6,15.8,0.0,0
2024-09-22 19:00:00,32.1,49,1004.5,19.1,25.9,0.0,0
2024-09-22 20:00:00,31.1,58,1004.4,19.6,28.4,0.0,0
2024-09-22 21:00:00,30.5,61,1004.1,21.1,29.9,0.0,0
2024-09-22 22:00:00,30.0,64,1004.4,22.1,31.3,0.0,0
2024-09-22 23:00:00,29.4,66,1004.9,20.6,31.3,0.0,3
2024-09-23 00:00:00,29.0,68,1005.2,18.9,29.5,0.0,1
2024-09-23 01:00:00,28.0,73,1006.3,16.9,25.9,0.0,0
2024-09-23 02:00:00,28.2,73,1006.8,15.4,24.1,0.0,0
2024-09-23 03:00:00,29.6,66,1007.3,16.9,26.6,0.0,0
2024-09-23 04:00:00,31.9,57,1007.6,17.1,28.4,0.0,0
2024-09-23 05:00:00,34.1,48,1007.4,15.9,28.8,0.0,3
2024-09-23 06:00:00,35.7,43,1007.1,13.0,28.1,0.0,64
2024-09-23 07:00:00,36.8,40,1006.2,9.3,25.2,0.0,54
2024-09-23 08:00:00,37.6,37,1005.5,6.0,20.9,0.0,43
2024-09-23 09:00:00,38.0,35,1004.2,5.8,17.3,0.0,40
2024-09-23 10:00:00,38.3,34,1003.2,7.1,17.3,0.0,6
2024-09-23 11:00:00,38.2,34,1002.8,8.1,17.3,0.0,9
2024-09-23 12:00:00,37.8,34,1002.7,10.1,18.0,0.0,9
2024-09-23 13:00:00,36.3,39,1003.8,11.8,17.3,0.0,19
2024-09-23 14:00:00,35.5,41,1003.9,13.7,19.4,0.0,11
2024-09-23 15:00:00,34.9,43,1004.4,7.6,19.1,0.0,9
2024-09-23 16:00:00,34.0,54,1005.0,3.8,10.1,0.0,1
2024-09-23 17:00:00,33.2,50,1005.1,8.9,11.2,0.0,0
2024-09-23 18:00:00,32.3,54,1004.9,11.5,14.8,0.0,0
2024-09-23 19:00:00,31.7,52,1004.6,16.9,23.0,0.0,0
2024-09-23 20:00:00,30.7,59,1004.4,17.7,26.3,0.0,0
2024-09-23 21:00:00,30.1,63,1004.1,15.7,24.8,0.0,0
2024-09-23 22:00:00,29.5,66,1004.0,16.5,23.4,0.0,0
2024-09-23 23:00:00,29.0,69,1004.2,16.5,23.4,0.0,0
2024-09-24 00:00:00,28.5,73,1004.7,17.0,24.1,0.0,0
2024-09-24 01:00:00,27.6,77,1005.4,15.5,23.8,0.0,0
2024-09-24 02:00:00,27.9,76,1005.9,14.3,22.3,0.0,0
2024-09-24 03:00:00,29.3,70,1006.2,15.7,25.6,0.0,0
2024-09-24 04:00:00,31.5,60,1006.4,16.1,27.0,0.0,0
2024-09-24 05:00:00,33.7,50,1006.1,14.3,27.4,0.0,0
2024-09-24 06:00:00,35.4,43,1005.5,11.1,26.3,0.0,0
2024-09-24 07:00:00,36.4,39,1004.4,8.4,23.0,0.0,0
2024-09-24 08:00:00,37.3,36,1003.3,7.8,20.2,0.0,0
2024-09-24 09:00:00,38.0,34,1002.2,6.9,19.8,0.0,5
2024-09-24 10:00:00,38.3,32,1001.2,7.5,18.4,0.0,10
2024-09-24 11:00:00,38.3,32,1000.6,7.9,18.4,0.0,2
2024-09-24 12:00:00,38.1,32,1000.6,6.4,17.3,0.0,17
2024-09-24 13:00:00,36.9,35,1001.7,6.5,11.2,0.1,49
2024-09-24 14:00:00,36.3,37,1002.1,9.7,14.0,0.0,27
2024-09-24 15:00:00,35.6,41,1002.7,7.3,13.7,0.0,32
2024-09-24 16:00:00,34.7,44,1003.2,9.4,12.2,0.0,4
2024-09-24 17:00:00,33.9,45,1003.5,13.1,17.6,0.0,58
2024-09-24 18:00:00,33.3,46,1003.2,15.0,20.5,0.0,31
2024-09-24 19:00:00,32.1,52,1003.0,20.7,29.5,0.0,2
2024-09-24 20:00:00,31.4,56,1002.7,18.5,29.5,0.0,73
2024-09-24 21:00:00,30.8,58,1002.1,15.9,26.3,0.0,79
2024-09-24 22:00:00,30.2,60,1002.0,16.7,23.4,0.0,74
2024-09-24 23:00:00,29.6,64,1002.3,17.7,24.8,0.0,56
2024-09-25 00:00:00,29.0,67,1003.0,15.1,24.8,0.0,54
2024-09-25 01:00:00,28.5,71,1003.7,12.3,19.1,0.0,57
2024-09-25 02:00:00,28.6,72,1004.7,11.2,17.3,0.0,23
2024-09-25 03:00:00,29.7,68,1005.3,10.1,18.4,0.0,1
2024-09-25 04:00:00,31.8,58,1005.4,10.3,20.2,0.0,0
2024-09-25 05:00:00,34.2,47,1005.4,9.0,20.5,0.0,0
2024-09-25 06:00:00,36.0,40,1004.7,6.7,19.8,0.0,0
2024-09-25 07:00:00,37.3,36,1003.9,5.6,18.0,0.0,9
2024-09-25 08:00:00,38.2,33,1002.8,5.8,17.3,0.0,9
2024-09-25 09:00:00,38.9,31,1001.8,5.2,17.3,0.0,19
2024-09-25 10:00:00,39.2,30,1001.0,5.5,16.2,0.0,14
2024-09-25 11:00:00,39.3,29,1000.2,9.3,18.4,0.0,11
2024-09-25 12:00:00,38.9,29,999.9,12.3,20.9,0.0,20
2024-09-25 13:00:00,37.3,33,1001.1,7.2,19.4,0.0,49
2024-09-25 14:00:00,37.1,33,1001.5,4.6,12.2,0.0,69
2024-09-25 15:00:00,36.2,37,1001.9,3.2,6.5,0.0,74
2024-09-25 16:00:00,35.5,37,1002.6,7.2,7.9,0.0,98
2024-09-25 17:00:00,34.6,40,1002.7,9.9,13.3,0.0,57
2024-09-25 18:00:00,33.8,42,1002.4,10.4,14.0,0.0,6
2024-09-25 19:00:00,33.1,44,1002.1,11.0,15.1,0.0,1
2024-09-25 20:00:00,32.8,44,1001.8,13.7,18.7,0.0,1
2024-09-25 21:00:00,31.9,48,1001.8,17.8,25.2,0.0,2
2024-09-25 22:00:00,31.1,54,1001.8,17.6,25.9,0.0,3
2024-09-25 23:00:00,30.8,55,1001.7,15.8,25.2,0.0,0
2024-09-26 00:00:00,30.3,56,1002.1,14.3,22.3,0.0,0
2024-09-26 01:00:00,29.6,61,1003.1,12.5,17.3,0.0,5
2024-09-26 02:00:00,30.1,59,1003.7,12.0,18.7,0.0,0
2024-09-26 03:00:00,31.9,51,1004.1,14.4,23.0,0.0,0
2024-09-26 04:00:00,33.5,46,1004.3,16.6,27.7,0.0,0
2024-09-26 05:00:00,35.2,41,1003.9,16.8,29.5,0.0,0
2024-09-26 06:00:00,36.6,37,1003.3,14.8,29.5,0.0,0
2024-09-26 07:00:00,37.9,34,1002.3,14.2,28.1,0.0,49
2024-09-26 08:00:00,38.9,31,1001.2,13.2,27.4,0.0,9
2024-09-26 09:00:00,39.4,29,1000.0,12.3,26.3,0.0,8
2024-09-26 10:00:00,39.9,27,999.0,13.2,24.8,0.0,11
2024-09-26 11:00:00,39.8,26,998.4,14.4,25.6,0.0,19
2024-09-26 12:00:00,39.4,25,998.6,10.5,25.2,0.0,21
2024-09-26 13:00:00,38.0,29,999.4,8.1,20.2,0.0,50
2024-09-26 14:00:00,36.5,39,999.9,4.8,11.2,0.0,82
2024-09-26 15:00:00,35.5,49,1000.7,3.1,6.1,0.0,88
2024-09-26 16:00:00,34.9,50,1001.3,1.7,3.6,0.0,83
2024-09-26 17:00:00,33.8,49,1001.6,5.1,5.4,0.0,44
2024-09-26 18:00:00,33.5,43,1001.5,8.3,10.4,0.0,35
2024-09-26 19:00:00,32.4,47,1001.4,7.0,10.1,0.0,36
2024-09-26 20:00:00,32.4,47,1001.3,17.7,24.1,0.0,6
2024-09-26 21:00:00,31.8,48,1000.6,16.4,25.9,0.0,0
2024-09-26 22:00:00,31.3,51,1000.4,18.1,24.5,0.0,0
2024-09-26 23:00:00,30.7,56,1000.2,21.9,31.0,0.0,15
2024-09-27 00:00:00,30.2,59,1000.5,21.2,32.0,0.0,19
2024-09-27 01:00:00,29.3,63,1001.5,15.9,22.7,0.0,69
2024-09-27 02:00:00,29.7,63,1002.2,14.3,22.3,0.0,74
2024-09-27 03:00:00,31.5,57,1003.0,14.0,22.3,0.0,35
2024-09-27 04:00:00,33.2,52,1003.4,11.6,23.4,0.0,0
2024-09-27 05:00:00,34.8,47,1003.7,8.8,21.6,0.0,1
2024-09-27 06:00:00,36.3,42,1003.3,9.0,20.9,0.0,3
2024-09-27 07:00:00,37.9,33,1002.3,8.1,20.9,0.0,27
2024-09-27 08:00:00,38.8,28,1001.2,7.8,20.5,0.0,9
2024-09-27 09:00:00,39.5,25,1000.1,6.7,19.8,0.0,8
2024-09-27 10:00:00,40.1,23,999.2,8.0,19.1,0.0,5
2024-09-27 11:00:00,40.2,22,998.7,10.6,19.8,0.0,26
2024-09-27 12:00:00,39.7,23,998.7,11.3,20.2,0.0,9
2024-09-27 13:00:00,38.3,26,999.3,8.0,20.2,0.0,2
2024-09-27 14:00:00,36.9,29,999.9,7.3,11.2,0.0,4
2024-09-27 15:00:00,36.2,31,1000.8,11.0,14.0,0.0,56
2024-09-27 16:00:00,34.6,39,1002.1,25.4,33.1,0.0,4
2024-09-27 17:00:00,32.1,55,1002.6,17.9,39.6,0.0,6
2024-09-27 18:00:00,31.7,56,1002.8,23.2,36.0,0.0,1
2024-09-27 19:00:00,31.1,57,1002.8,21.4,33.1,0.0,0
2024-09-27 20:00:00,30.7,59,1002.7,19.7,30.6,0.0,40
2024-09-27 21:00:00,29.9,62,1002.7,21.5,30.6,0.0,86
2024-09-27 22:00:00,29.1,71,1002.5,20.1,31.0,0.0,22
2024-09-27 23:00:00,28.6,77,1002.4,19.1,28.8,0.0,3
2024-09-28 00:00:00,28.2,79,1002.4,17.2,27.4,0.0,5
2024-09-28 01:00:00,27.0,81,1003.9,15.2,21.2,0.0,0
2024-09-28 02:00:00,27.3,79,1004.6,16.8,24.8,0.0,0
2024-09-28 03:00:00,29.4,69,1004.9,16.4,27.7,0.0,0
2024-09-28 04:00:00,32.5,56,1005.6,16.8,27.7,0.0,0
2024-09-28 05:00:00,34.4,47,1006.0,16.2,29.9,0.0,4
2024-09-28 06:00:00,35.8,43,1005.7,11.6,28.8,0.0,10
2024-09-28 07:00:00,36.7,39,1005.2,8.7,23.8,0.0,8
2024-09-28 08:00:00,37.4,37,1004.1,7.5,20.9,0.0,15
2024-09-28 09:00:00,38.1,34,1003.2,7.1,19.4,0.0,21
2024-09-28 10:00:00,38.2,34,1002.3,6.1,18.4,0.0,15
2024-09-28 11:00:00,38.1,33,1002.2,4.9,16.6,0.0,13
2024-09-28 12:00:00,37.7,34,1002.4,2.4,13.7,0.0,41
2024-09-28 13:00:00,36.2,38,1003.3,14.3,20.2,0.0,23
2024-09-28 14:00:00,34.4,43,1004.9,13.5,28.4,0.0,66
2024-09-28 15:00:00,32.8,52,1006.0,22.4,31.7,0.5,97
2024-09-28 16:00:00,31.7,57,1007.0,13.8,33.5,0.0,51
2024-09-28 17:00:00,31.5,61,1007.1,12.0,20.2,0.0,34
2024-09-28 18:00:00,31.1,64,1006.8,8.1,17.6,0.0,28
2024-09-28 19:00:00,31.0,65,1007.0,11.4,16.2,0.0,38
2024-09-28 20:00:00,30.8,69,1006.6,13.2,18.0,0.0,15
2024-09-28 21:00:00,29.9,72,1006.6,16.4,23.8,0.0,25
2024-09-28 22:00:00,29.0,74,1006.8,17.5,25.9,0.0,0
2024-09-28 23:00:00,28.3,76,1007.1,13.1,25.2,0.0,6
2024-09-29 00:00:00,28.1,77,1007.5,11.5,18.4,0.0,18
2024-09-29 01:00:00,27.1,77,1008.2,8.7,12.2,0.0,94
2024-09-29 02:00:00,27.4,76,1009.0,11.1,16.6,0.0,99
2024-09-29 03:00:00,28.0,74,1009.6,11.7,19.4,0.0,63
2024-09-29 04:00:00,29.9,67,1010.0,11.3,20.5,0.0,14
2024-09-29 05:00:00,31.6,60,1009.8,6.9,21.6,0.0,7
2024-09-29 06:00:00,33.0,54,1009.4,4.8,17.3,0.0,8
2024-09-29 07:00:00,33.9,51,1008.6,2.7,15.5,0.0,12
2024-09-29 08:00:00,34.4,49,1007.7,2.5,13.7,0.0,17
2024-09-29 09:00:00,35.0,47,1007.0,4.1,14.8,0.0,21
2024-09-29 10:00:00,35.3,45,1006.4,5.7,16.2,0.0,24
2024-09-29 11:00:00,35.5,45,1006.1,7.5,16.9,0.0,30
2024-09-29 12:00:00,35.1,45,1006.0,8.3,17.3,0.0,31
2024-09-29 13:00:00,34.5,44,1007.0,7.7,14.4,0.0,75
2024-09-29 14:00:00,34.2,44,1007.7,8.7,13.0,0.0,94
2024-09-29 15:00:00,33.7,45,1008.6,11.0,15.1,0.0,82
2024-09-29 16:00:00,33.1,47,1009.3,10.2,16.2,0.0,80
2024-09-29 17:00:00,32.3,56,1009.4,3.8,14.0,0.0,16
2024-09-29 18:00:00,31.8,55,1009.2,5.1,4.7,0.0,3
2024-09-29 19:00:00,31.1,56,1009.0,8.4,11.2,0.0,11
2024-09-29 20:00:00,30.5,59,1008.4,8.5,11.5,0.0,12
2024-09-29 21:00:00,30.1,59,1008.0,12.6,16.9,0.0,42
2024-09-29 22:00:00,29.5,60,1008.1,14.9,20.5,0.0,24
2024-09-29 23:00:00,28.9,64,1008.5,15.8,22.3,0.0,13
2024-09-30 00:00:00,28.4,67,1008.9,14.5,22.3,0.0,2
2024-09-30 01:00:00,27.8,73,1009.6,11.9,17.3,0.0,1
2024-09-30 02:00:00,28.0,73,1010.3,10.7,16.9,0.0,1
2024-09-30 03:00:00,29.7,65,1010.8,13.6,22.0,0.0,4
2024-09-30 04:00:00,32.0,56,1011.1,15.3,25.6,0.0,43
2024-09-30 05:00:00,34.1,48,1010.9,15.2,27.4,0.0,95
2024-09-30 06:00:00,35.4,42,1010.4,12.2,27.4,0.0,88
2024-09-30 07:00:00,36.3,39,1009.5,8.8,24.1,0.0,85
2024-09-30 08:00:00,37.0,37,1008.4,8.9,20.5,0.0,56
2024-09-30 09:00:00,37.6,34,1007.3,10.3,22.3,0.0,58
2024-09-30 10:00:00,37.7,33,1006.4,10.7,22.3,0.0,22
2024-09-30 11:00:00,37.6,32,1006.1,10.0,21.6,0.0,47
2024-09-30 12:00:00,37.3,32,1006.1,9.4,19.1,0.0,17
2024-09-30 13:00:00,35.1,40,1007.1,10.4,18.4,0.0,16
2024-09-30 14:00:00,34.2,44,1007.6,11.4,15.8,0.0,19
2024-09-30 15:00:00,33.4,48,1008.2,11.0,15.8,0.0,13
2024-09-30 16:00:00,32.5,52,1008.7,12.3,16.6,0.0,6
2024-09-30 17:00:00,32.0,52,1008.5,14.8,20.5,0.0,8
2024-09-30 18:00:00,31.3,54,1008.0,16.2,22.7,0.0,1
2024-09-30 19:00:00,30.6,56,1007.5,17.1,24.1,0.0,0
2024-09-30 20:00:00,29.7,60,1007.1,18.5,25.9,0.0,0
2024-09-30 21:00:00,29.0,63,1006.6,19.5,27.7,0.0,0
2024-09-30 22:00:00,28.5,63,1006.5,19.6,28.4,0.0,0
2024-09-30 23:00:00,27.8,67,1006.8,18.2,27.7,0.0,0
2024-10-01 00:00:00,27.2,70,1007.0,17.7,25.9,0.0,0
2024-10-01 01:00:00,26.9,73,1007.8,19.3,28.1,0.0,0
2024-10-01 02:00:00,27.1,73,1008.4,18.3,27.4,0.0,0
2024-10-01 03:00:00,28.6,68,1008.7,18.2,28.1,0.0,0
2024-10-01 04:00:00,31.0,58,1009.0,20.4,32.0,0.0,0
2024-10-01 05:00:00,33.0,48,1008.8,22.6,36.0,0.0,0
2024-10-01 06:00:00,34.4,43,1008.2,21.9,36.7,0.0,0
2024-10-01 07:00:00,35.6,38,1007.1,20.8,36.0,0.0,0
2024-10-01 08:00:00,36.6,35,1005.9,19.8,34.9,0.0,0
2024-10-01 09:00:00,37.3,31,1004.8,19.3,33.8,0.0,0
2024-10-01 10:00:00,37.7,28,1004.1,18.8,32.8,0.0,0
2024-10-01 11:00:00,37.7,27,1003.9,17.5,31.3,0.0,0
2024-10-01 12:00:00,37.4,27,1003.8,15.5,28.1,0.0,0
2024-10-01 13:00:00,34.5,36,1004.9,9.8,20.9,0.0,0
2024-10-01 14:00:00,33.0,42,1005.4,9.7,13.0,0.0,0
2024-10-01 15:00:00,32.0,45,1005.8,13.1,17.3,0.0,0
2024-10-01 16:00:00,31.5,43,1006.2,16.2,22.0,0.0,0
2024-10-01 17:00:00,30.9,44,1006.4,18.6,25.6,0.0,0
2024-10-01 18:00:00,30.1,49,1006.3,22.0,30.6,0.0,0
2024-10-01 19:00:00,29.6,54,1006.2,23.5,33.5,0.0,0
2024-10-01 20:00:00,29.0,57,1005.8,23.6,33.5,0.0,0
2024-10-01 21:00:00,28.5,59,1005.4,23.6,33.5,0.0,0
2024-10-01 22:00:00,27.7,64,1005.9,23.0,33.5,0.0,0
2024-10-01 23:00:00,27.0,70,1006.4,21.7,32.4,0.0,0
2024-10-02 00:00:00,26.6,74,1006.8,22.1,31.7,0.0,0
2024-10-02 01:00:00,26.3,79,1007.6,23.1,34.6,0.0,0
2024-10-02 02:00:00,26.4,78,1008.1,21.9,32.8,0.0,0
2024-10-02 03:00:00,27.7,72,1008.4,21.6,31.7,0.0,0
2024-10-02 04:00:00,29.9,63,1008.6,22.5,35.3,0.0,0
2024-10-02 05:00:00,32.7,50,1008.2,22.5,36.4,0.0,0
2024-10-02 06:00:00,35.0,39,1007.5,22.7,36.7,0.0,0
2024-10-02 07:00:00,36.5,34,1006.4,22.7,37.1,0.0,0
2024-10-02 08:00:00,37.5,31,1005.3,22.5,37.4,0.0,0
2024-10-02 09:00:00,38.3,28,1004.3,21.7,37.1,0.0,0
2024-10-02 10:00:00,38.6,27,1003.6,20.2,35.6,0.0,0
2024-10-02 11:00:00,38.7,25,1003.3,18.3,32.8,0.0,0
2024-10-02 12:00:00,38.3,25,1003.3,16.2,28.4,0.0,4
2024-10-02 13:00:00,35.7,33,1004.3,11.5,21.2,0.0,2
2024-10-02 14:00:00,34.2,38,1004.5,13.7,18.7,0.0,0
2024-10-02 15:00:00,33.2,41,1005.1,17.4,23.8,0.0,1
2024-10-02 16:00:00,32.5,47,1005.4,24.3,33.5,0.0,0
2024-10-02 17:00:00,31.6,55,1005.5,28.2,40.3,0.0,0
2024-10-02 18:00:00,30.9,58,1005.6,27.1,40.3,0.0,0
2024-10-02 19:00:00,30.1,61,1005.4,26.4,38.9,0.0,0
2024-10-02 20:00:00,29.3,64,1005.5,28.0,40.0,0.0,0
2024-10-02 21:00:00,28.4,70,1005.5,27.8,40.3,0.0,0
2024-10-02 22:00:00,27.6,73,1005.6,28.3,40.7,0.0,0
2024-10-02 23:00:00,26.7,76,1005.7,28.3,40.7,0.0,0
2024-10-03 00:00:00,26.1,78,1005.6,28.0,40.7,0.0,0
2024-10-03 01:00:00,25.5,83,1005.8,28.0,41.8,0.0,0
2024-10-03 02:00:00,25.5,84,1006.2,23.8,40.3,0.0,0
2024-10-03 03:00:00,26.8,79,1006.6,26.4,39.6,0.0,0
2024-10-03 04:00:00,29.0,70,1006.9,28.2,42.8,0.0,0
2024-10-03 05:00:00,31.2,61,1006.5,28.9,45.0,0.0,0
2024-10-03 06:00:00,33.2,53,1005.8,29.2,45.7,0.0,0
2024-10-03 07:00:00,34.7,48,1004.9,28.9,46.1,0.0,0
2024-10-03 08:00:00,36.1,42,1003.8,26.5,45.7,0.0,0
2024-10-03 09:00:00,37.1,38,1002.7,24.1,42.5,0.0,0
2024-10-03 10:00:00,37.5,36,1001.9,22.7,38.9,0.0,0
2024-10-03 11:00:00,37.3,36,1001.7,22.7,36.4,0.0,0
2024-10-03 12:00:00,36.5,38,1001.9,22.8,35.3,0.0,0
2024-10-03 13:00:00,34.9,45,1002.8,20.2,33.8,0.0,0
2024-10-03 14:00:00,33.9,50,1003.4,21.3,29.9,0.0,1
2024-10-03 15:00:00,33.0,54,1003.9,24.0,33.8,0.0,1
2024-10-03 16:00:00,32.2,56,1004.1,26.1,37.1,0.0,2
2024-10-03 17:00:00,31.3,59,1004.2,26.6,37.8,0.0,0
2024-10-03 18:00:00,30.6,61,1004.3,27.5,39.6,0.0,0
2024-10-03 19:00:00,29.6,65,1004.4,27.2,39.6,0.0,0
2024-10-03 20:00:00,28.4,71,1004.4,30.2,43.2,0.0,0
2024-10-03 21:00:00,26.9,77,1004.2,30.5,43.9,0.0,0
2024-10-03 22:00:00,25.9,81,1004.2,29.3,43.9,0.0,0
2024-10-03 23:00:00,25.1,83,1004.1,27.8,42.1,0.0,0
2024-10-04 00:00:00,24.5,86,1004.5,27.5,40.0,0.0,0
2024-10-04 01:00:00,24.0,90,1005.0,25.7,37.4,0.0,0
2024-10-04 02:00:00,24.3,89,1005.5,26.2,38.5,0.0,1
2024-10-04 03:00:00,25.8,81,1006.1,29.9,44.6,0.0,4
2024-10-04 04:00:00,27.7,72,1006.7,28.6,44.6,0.0,3
2024-10-04 05:00:00,29.7,64,1006.8,28.7,45.0,0.0,2
2024-10-04 06:00:00,31.4,57,1006.4,28.5,45.7,0.0,1
2024-10-04 07:00:00,32.9,52,1005.5,28.3,45.7,0.0,0
2024-10-04 08:00:00,34.3,47,1004.3,28.1,45.4,0.0,0
2024-10-04 09:00:00,35.2,44,1003.4,27.4,45.4,0.0,0
2024-10-04 10:00:00,35.4,43,1002.7,26.8,43.9,0.0,0
2024-10-04 11:00:00,35.4,42,1002.4,24.6,42.1,0.0,0
2024-10-04 12:00:00,34.8,43,1002.6,23.3,38.2,0.0,0
2024-10-04 13:00:00,32.7,49,1004.2,17.9,30.6,0.0,0
2024-10-04 14:00:00,31.8,53,1004.7,16.6,25.6,0.0,0
2024-10-04 15:00:00,31.0,56,1005.5,15.6,23.8,0.0,0
2024-10-04 16:00:00,30.4,59,1005.9,13.3,22.0,0.0,3
2024-10-04 17:00:00,29.8,61,1006.1,13.5,18.4,0.0,4
2024-10-04 18:00:00,29.5,63,1006.1,16.5,22.7,0.0,2
2024-10-04 19:00:00,29.2,66,1006.1,20.4,28.1,0.0,0
2024-10-04 20:00:00,28.4,72,1005.9,23.7,33.5,0.0,0
2024-10-04 21:00:00,27.1,77,1005.7,26.7,38.2,0.0,0
2024-10-04 22:00:00,26.1,81,1005.9,23.8,38.5,0.0,0
2024-10-04 23:00:00,25.4,83,1006.4,21.3,34.2,0.0,0
2024-10-05 00:00:00,24.8,85,1006.8,19.1,30.2,0.0,0
2024-10-05 01:00:00,24.5,88,1007.0,18.1,29.2,0.0,0
2024-10-05 02:00:00,24.5,87,1007.7,17.8,25.9,0.0,1
2024-10-05 03:00:00,25.8,80,1008.5,20.3,31.0,0.0,20
2024-10-05 04:00:00,27.6,71,1009.1,21.7,34.6,0.0,19
2024-10-05 05:00:00,29.5,62,1009.1,20.5,34.9,0.0,4
2024-10-05 06:00:00,31.2,55,1008.4,19.3,34.6,0.0,2
2024-10-05 07:00:00,32.7,49,1007.5,18.3,33.5,0.0,1
2024-10-05 08:00:00,34.0,45,1006.4,17.1,32.4,0.0,0
2024-10-05 09:00:00,34.9,40,1005.3,15.9,31.0,0.0,0
2024-10-05 10:00:00,35.3,38,1004.7,15.3,28.8,0.0,0
2024-10-05 11:00:00,35.4,35,1004.8,14.4,27.4,0.0,0
2024-10-05 12:00:00,34.8,37,1005.2,15.4,24.8,0.0,0
2024-10-05 13:00:00,32.9,46,1006.2,9.2,16.6,0.0,0
2024-10-05 14:00:00,31.7,52,1006.8,8.0,12.6,0.0,0
2024-10-05 15:00:00,30.6,57,1007.6,10.2,13.3,0.0,0
2024-10-05 16:00:00,29.7,59,1008.2,13.5,18.4,0.0,0
2024-10-05 17:00:00,29.5,57,1008.4,17.2,24.1,0.0,0
2024-10-05 18:00:00,28.8,58,1008.5,16.9,24.5,0.0,0
2024-10-05 19:00:00,28.2,60,1008.9,16.9,23.8,0.0,0
2024-10-05 20:00:00,27.7,61,1009.1,17.0,24.1,0.0,0
2024-10-05 21:00:00,27.1,63,1009.1,17.2,23.8,0.0,0
2024-10-05 22:00:00,26.6,65,1009.1,17.5,25.9,0.0,0
2024-10-05 23:00:00,26.1,71,1009.5,16.1,24.5,0.0,0
2024-10-06 00:00:00,25.6,80,1009.8,15.5,22.7,0.0,0
2024-10-06 01:00:00,25.0,87,1011.1,10.5,18.0,0.0,0
2024-10-06 02:00:00,25.2,86,1011.6,8.8,14.8,0.0,0
2024-10-06 03:00:00,26.7,78,1012.3,10.6,18.4,0.0,0
2024-10-06 04:00:00,28.7,68,1012.7,9.8,19.4,0.0,0
2024-10-06 05:00:00,30.5,59,1012.8,9.8,20.5,0.0,0
2024-10-06 06:00:00,32.1,50,1012.4,10.0,22.0,0.0,0
2024-10-06 07:00:00,33.2,44,1011.6,9.5,22.0,0.0,0
2024-10-06 08:00:00,34.1,39,1010.6,9.1,22.0,0.0,0
2024-10-06 09:00:00,34.9,33,1009.9,8.3,21.2,0.0,1
2024-10-06 10:00:00,35.4,28,1009.3,7.0,20.5,0.0,9
2024-10-06 11:00:00,35.6,25,1009.2,6.0,17.3,0.0,7
2024-10-06 12:00:00,35.5,24,1009.2,5.4,14.0,0.0,9
2024-10-06 13:00:00,33.4,28,1010.6,2.4,8.6,0.0,3
2024-10-06 14:00:00,31.7,40,1011.1,3.6,3.6,0.0,3
2024-10-06 15:00:00,30.7,35,1011.7,7.3,8.6,0.0,3
2024-10-06 16:00:00,29.6,40,1011.8,6.1,9.4,0.0,3
2024-10-06 17:00:00,29.0,41,1012.2,7.2,8.3,0.0,0
2024-10-06 18:00:00,28.6,40,1012.2,10.5,13.3,0.0,0
2024-10-06 19:00:00,28.2,42,1012.2,11.1,14.4,0.0,0
2024-10-06 20:00:00,27.4,44,1011.9,11.9,15.8,0.0,0
2024-10-06 21:00:00,27.5,43,1011.8,13.7,18.0,0.0,0
2024-10-06 22:00:00,27.3,44,1011.8,14.4,19.4,0.0,0
2024-10-06 23:00:00,26.7,48,1011.8,13.5,19.8,0.0,0
2024-10-07 00:00:00,25.3,55,1012.3,8.4,18.0,0.0,0
2024-10-07 01:00:00,25.3,62,1013.4,11.0,14.4,0.0,0
2024-10-07 02:00:00,25.9,60,1014.0,9.7,14.8,0.0,0
2024-10-07 03:00:00,28.2,53,1014.7,6.7,13.3,0.0,0
2024-10-07 04:00:00,30.4,48,1014.9,9.0,17.3,0.0,0
2024-10-07 05:00:00,32.3,41,1014.8,9.7,20.2,0.0,0
2024-10-07 06:00:00,33.6,35,1014.2,7.4,20.2,0.0,0
2024-10-07 07:00:00,34.5,32,1013.3,4.5,18.4,0.0,0
2024-10-07 08:00:00,35.2,30,1012.3,3.9,15.5,0.0,7
2024-10-07 09:00:00,35.7,28,1011.3,4.8,15.1,0.0,5
2024-10-07 10:00:00,35.9,25,1010.5,8.0,18.0,0.0,39
2024-10-07 11:00:00,35.7,25,1010.3,8.4,18.4,0.0,15
2024-10-07 12:00:00,35.4,25,1010.6,7.6,17.3,0.0,13
2024-10-07 13:00:00,34.2,26,1011.1,7.2,13.0,0.0,6
2024-10-07 14:00:00,32.9,28,1011.7,8.3,11.5,0.0,5
2024-10-07 15:00:00,31.9,30,1012.5,7.5,10.8,0.0,4
2024-10-07 16:00:00,31.2,30,1012.5,8.8,10.8,0.0,4
2024-10-07 17:00:00,30.1,35,1012.7,8.4,11.2,0.0,2
2024-10-07 18:00:00,29.4,39,1012.5,9.1,10.8,0.0,1
2024-10-07 19:00:00,28.9,40,1012.2,11.0,14.0,0.0,0
2024-10-07 20:00:00,28.2,40,1011.9,10.7,14.8,0.0,0
2024-10-07 21:00:00,27.5,44,1011.4,8.1,14.0,0.0,2
2024-10-07 22:00:00,27.1,45,1011.3,9.0,12.6,0.0,0
2024-10-07 23:00:00,26.9,46,1011.3,8.9,11.2,0.0,0
2024-10-08 00:00:00,26.7,46,1011.5,9.4,11.2,0.0,0
2024-10-08 01:00:00,28.1,47,1012.9,2.7,4.3,0.0,0
2024-10-08 02:00:00,27.0,52,1013.3,7.8,8.3,0.0,0
2024-10-08 03:00:00,29.5,44,1013.9,7.4,12.6,0.0,0
2024-10-08 04:00:00,32.7,35,1014.5,8.5,16.2,0.0,0
2024-10-08 05:00:00,34.5,27,1014.2,4.9,16.9,0.0,0
2024-10-08 06:00:00,35.3,24,1013.3,2.0,14.0,0.0,0
2024-10-08 07:00:00,36.1,22,1012.3,1.3,11.9,0.0,17
2024-10-08 08:00:00,36.5,21,1011.0,1.5,11.9,0.0,16
2024-10-08 09:00:00,36.9,20,1009.6,2.5,12.6,0.0,14
2024-10-08 10:00:00,37.4,20,1009.0,5.8,14.8,0.0,22
2024-10-08 11:00:00,37.1,20,1008.9,10.6,19.4,0.0,21
2024-10-08 12:00:00,36.3,21,1008.9,18.0,27.4,0.0,12
2024-10-08 13:00:00,34.2,28,1010.9,7.8,14.8,0.0,13
2024-10-08 14:00:00,33.5,30,1011.3,9.3,13.0,0.0,18
2024-10-08 15:00:00,32.7,32,1011.6,10.3,14.4,0.0,13
2024-10-08 16:00:00,31.5,36,1012.0,6.5,14.0,0.0,7
2024-10-08 17:00:00,30.7,41,1011.8,4.1,7.9,0.0,6
2024-10-08 18:00:00,30.8,38,1011.4,3.7,6.1,0.0,7
2024-10-08 19:00:00,30.6,39,1011.0,4.1,4.3,0.0,24
2024-10-08 20:00:00,29.4,39,1010.7,11.4,14.4,0.0,15
2024-10-08 21:00:00,28.0,46,1010.4,7.9,15.5,0.0,10
2024-10-08 22:00:00,27.3,48,1010.2,8.8,10.4,0.0,27
2024-10-08 23:00:00,26.8,49,1010.2,8.3,12.6,0.0,7
2024-10-09 00:00:00,26.0,57,1010.3,5.1,10.4,0.0,0
2024-10-09 01:00:00,25.9,62,1011.5,5.4,15.5,0.0,21
2024-10-09 02:00:00,26.6,56,1011.8,9.4,14.8,0.0,23
2024-10-09 03:00:00,28.9,49,1012.2,6.6,13.3,0.0,18
2024-10-09 04:00:00,31.4,42,1012.7,7.7,15.5,0.0,14
2024-10-09 05:00:00,33.1,36,1012.5,6.0,16.2,0.0,18
2024-10-09 06:00:00,34.3,32,1011.7,6.1,16.6,0.0,10
2024-10-09 07:00:00,35.2,28,1010.6,7.0,18.4,0.0,9
2024-10-09 08:00:00,36.0,26,1009.5,7.8,19.4,0.0,9
2024-10-09 09:00:00,36.3,25,1008.5,8.8,20.2,0.0,20
2024-10-09 10:00:00,36.1,24,1007.9,11.0,21.6,0.0,44
2024-10-09 11:00:00,35.4,24,1007.5,11.1,22.0,0.0,29
2024-10-09 12:00:00,34.9,25,1007.4,10.0,20.5,0.0,19
2024-10-09 13:00:00,34.2,27,1008.2,9.2,17.3,0.0,14
2024-10-09 14:00:00,33.5,29,1008.7,6.8,13.0,0.0,13
2024-10-09 15:00:00,32.7,39,1009.4,2.5,8.6,0.0,10
2024-10-09 16:00:00,32.0,37,1009.8,4.8,4.7,0.0,29
2024-10-09 17:00:00,31.2,39,1010.1,5.8,7.6,0.0,26
2024-10-09 18:00:00,30.3,42,1010.0,3.8,6.5,0.0,10
2024-10-09 19:00:00,29.1,45,1009.7,3.1,4.3,0.0,4
2024-10-09 20:00:00,29.2,39,1009.2,0.4,4.0,0.0,3
2024-10-09 21:00:00,27.6,50,1008.8,4.3,4.7,0.0,1
2024-10-09 22:00:00,26.7,54,1008.5,6.5,7.6,0.0,1
2024-10-09 23:00:00,26.5,56,1008.5,5.1,7.9,0.0,1
2024-10-10 00:00:00,27.5,49,1008.8,2.9,5.8,0.0,0
2024-10-10 01:00:00,25.1,57,1009.7,13.4,17.6,0.0,0
2024-10-10 02:00:00,25.9,54,1010.1,13.6,19.4,0.0,0
2024-10-10 03:00:00,28.4,47,1010.6,12.4,19.4,0.0,0
2024-10-10 04:00:00,31.2,39,1010.9,13.1,21.6,0.0,0
2024-10-10 05:00:00,33.1,33,1010.9,12.3,24.1,0.0,0
2024-10-10 06:00:00,34.3,28,1010.1,4.8,22.7,0.0,1
2024-10-10 07:00:00,35.1,24,1009.2,1.5,14.4,0.0,4
2024-10-10 08:00:00,35.9,20,1008.2,4.9,14.8,0.0,13
2024-10-10 09:00:00,36.3,19,1007.2,6.3,16.6,0.0,6
2024-10-10 10:00:00,36.6,17,1006.7,7.6,16.9,0.0,4
2024-10-10 11:00:00,36.5,16,1006.7,9.9,18.0,0.0,6
2024-10-10 12:00:00,35.9,16,1006.9,14.6,21.6,0.0,3
2024-10-10 13:00:00,33.8,19,1007.8,11.9,21.6,0.0,0
2024-10-10 14:00:00,32.4,22,1008.3,10.0,15.8,0.0,0
2024-10-10 15:00:00,31.3,22,1008.9,11.2,14.0,0.0,0
2024-10-10 16:00:00,30.2,21,1009.6,10.8,14.8,0.0,0
2024-10-10 17:00:00,29.9,21,1009.7,13.4,17.3,0.0,0
2024-10-10 18:00:00,29.2,25,1009.6,13.2,18.7,0.0,0
2024-10-10 19:00:00,28.1,28,1009.2,11.4,16.9,0.0,0
2024-10-10 20:00:00,26.9,31,1008.8,10.9,14.4,0.0,0
2024-10-10 21:00:00,26.3,31,1008.6,11.4,16.6,0.0,0
2024-10-10 22:00:00,25.4,34,1009.1,15.2,21.6,0.0,0
2024-10-10 23:00:00,25.2,49,1008.8,10.7,20.9,0.0,0
2024-10-11 00:00:00,24.8,57,1009.0,10.4,14.0,0.0,0
2024-10-11 01:00:00,23.7,68,1010.0,7.6,11.9,0.0,0
2024-10-11 02:00:00,24.6,71,1010.5,4.8,9.0,0.0,0
2024-10-11 03:00:00,27.6,57,1011.1,1.8,6.8,0.0,0
2024-10-11 04:00:00,30.1,45,1011.6,1.6,8.3,0.0,0
2024-10-11 05:00:00,31.9,35,1011.5,3.1,11.9,0.0,0
2024-10-11 06:00:00,33.4,30,1010.9,3.5,13.7,0.0,0
2024-10-11 07:00:00,34.9,23,1009.7,4.4,14.8,0.0,0
2024-10-11 08:00:00,36.0,17,1008.8,9.5,20.9,0.0,0
2024-10-11 09:00:00,36.4,15,1007.8,12.6,24.5,0.0,5
2024-10-11 10:00:00,36.3,15,1007.2,13.7,25.6,0.0,1
2024-10-11 11:00:00,35.9,15,1007.0,11.8,25.2,0.0,3
2024-10-11 12:00:00,35.3,16,1007.1,8.3,20.9,0.0,4
2024-10-11 13:00:00,33.1,19,1008.4,8.3,13.0,0.0,3
2024-10-11 14:00:00,32.1,21,1008.7,9.0,10.8,0.0,2
2024-10-11 15:00:00,31.2,21,1009.3,9.6,11.9,0.0,1
2024-10-11 16:00:00,29.9,25,1009.7,8.9,11.5,0.0,1
2024-10-11 17:00:00,28.6,30,1009.9,6.7,10.4,0.0,1
2024-10-11 18:00:00,27.4,31,1009.7,8.1,9.0,0.0,1
2024-10-11 19:00:00,26.7,33,1009.4,8.3,10.4,0.0,1
2024-10-11 20:00:00,27.3,31,1009.0,7.3,9.7,0.0,1
2024-10-11 21:00:00,25.6,38,1008.9,19.3,26.3,0.0,0
2024-10-11 22:00:00,25.6,47,1008.5,15.2,27.0,0.0,0
2024-10-11 23:00:00,24.3,53,1008.5,12.2,20.5,0.0,0
2024-10-12 00:00:00,23.5,61,1008.8,11.6,16.2,0.0,0
2024-10-12 01:00:00,22.7,70,1009.7,11.8,16.2,0.0,0
2024-10-12 02:00:00,23.3,70,1010.3,10.1,15.5,0.0,0
2024-10-12 03:00:00,26.4,59,1010.7,9.8,15.5,0.0,0
2024-10-12 04:00:00,29.9,45,1011.2,8.4,16.2,0.0,0
2024-10-12 05:00:00,32.2,30,1011.3,7.7,17.6,0.0,0
2024-10-12 06:00:00,33.6,24,1010.8,9.8,20.5,0.0,0
2024-10-12 07:00:00,34.6,21,1009.9,9.3,21.6,0.0,0
2024-10-12 08:00:00,35.3,18,1009.0,8.9,20.9,0.0,0
2024-10-12 09:00:00,35.5,18,1008.1,8.2,20.9,0.0,0
2024-10-12 10:00:00,35.5,18,1007.6,7.5,19.4,0.0,0
2024-10-12 11:00:00,35.2,18,1007.3,6.5,17.6,0.0,0
2024-10-12 12:00:00,34.5,18,1007.6,8.3,14.8,0.0,0
2024-10-12 13:00:00,33.5,20,1008.6,9.2,13.0,0.0,2
2024-10-12 14:00:00,32.0,28,1008.8,5.7,12.6,0.0,3
2024-10-12 15:00:00,31.5,27,1009.2,5.7,6.5,0.0,2
2024-10-12 16:00:00,31.7,23,1009.7,1.7,7.2,0.0,2
2024-10-12 17:00:00,28.6,34,1010.0,5.5,6.1,0.0,0
2024-10-12 18:00:00,27.7,36,1009.8,6.3,7.6,0.0,0
2024-10-12 19:00:00,28.5,33,1009.5,5.1,7.2,0.0,0
2024-10-12 20:00:00,27.3,45,1009.7,19.5,26.3,0.0,1
2024-10-12 21:00:00,27.4,52,1009.3,16.6,28.8,0.0,6
2024-10-12 22:00:00,26.5,57,1009.1,15.1,22.7,0.0,1
2024-10-12 23:00:00,25.8,62,1009.4,15.1,20.9,0.0,5
2024-10-13 00:00:00,25.4,65,1010.0,13.5,20.9,0.0,0
2024-10-13 01:00:00,24.8,68,1010.9,14.9,24.8,0.0,22
2024-10-13 02:00:00,25.1,68,1011.2,13.3,20.9,0.0,5
2024-10-13 03:00:00,27.0,61,1011.9,11.3,19.1,0.0,14
2024-10-13 04:00:00,29.3,53,1012.5,13.9,23.4,0.0,45
2024-10-13 05:00:00,30.9,45,1012.3,13.8,24.8,0.0,14
2024-10-13 06:00:00,32.5,39,1011.5,11.2,25.2,0.0,29
2024-10-13 07:00:00,33.5,33,1010.7,8.0,23.4,0.0,29
2024-10-13 08:00:00,33.8,31,1009.7,5.3,19.8,0.0,96
2024-10-13 09:00:00,34.3,29,1009.0,5.1,15.8,0.0,97
2024-10-13 10:00:00,34.6,28,1008.4,6.7,15.5,0.0,100
2024-10-13 11:00:00,34.4,28,1007.9,11.1,19.1,0.0,92
2024-10-13 12:00:00,33.9,29,1008.0,14.7,23.0,0.0,59
2024-10-13 13:00:00,32.1,42,1008.8,1.9,10.4,0.0,9
2024-10-13 14:00:00,31.2,35,1009.7,7.9,7.6,0.0,3
2024-10-13 15:00:00,30.2,36,1010.3,18.6,26.3,0.0,17
2024-10-13 16:00:00,29.2,42,1010.6,19.2,27.4,0.0,77
2024-10-13 17:00:00,28.3,45,1010.7,16.1,27.4,0.0,99
2024-10-13 18:00:00,27.7,48,1010.8,14.8,22.7,0.0,60
2024-10-13 19:00:00,27.0,51,1010.5,13.0,20.5,0.0,99
2024-10-13 20:00:00,26.4,55,1010.4,15.1,20.9,0.0,93
2024-10-13 21:00:00,25.8,58,1010.2,15.6,22.0,0.0,97
2024-10-13 22:00:00,25.3,61,1010.1,12.6,22.0,0.0,95
2024-10-13 23:00:00,24.6,65,1010.4,11.0,17.3,0.0,99
2024-10-14 00:00:00,24.2,69,1010.8,12.5,16.9,0.0,0
2024-10-14 01:00:00,23.8,72,1011.7,10.3,15.5,0.0,89
2024-10-14 02:00:00,24.2,72,1012.8,10.5,14.8,0.0,22
2024-10-14 03:00:00,26.3,66,1013.4,9.6,16.6,0.0,1
2024-10-14 04:00:00,28.5,60,1013.7,9.4,19.4,0.0,47
2024-10-14 05:00:00,30.5,47,1013.5,4.1,18.7,0.0,42
2024-10-14 06:00:00,32.0,38,1012.8,3.2,13.7,0.0,71
2024-10-14 07:00:00,33.4,33,1011.7,7.1,18.0,0.0,79
2024-10-14 08:00:00,34.3,25,1010.9,9.7,21.2,0.0,83
2024-10-14 09:00:00,34.8,23,1010.0,12.1,23.0,0.0,78
2024-10-14 10:00:00,34.9,22,1009.1,14.8,25.9,0.0,97
2024-10-14 11:00:00,34.5,22,1009.0,16.1,25.9,0.0,98
2024-10-14 12:00:00,33.9,23,1008.9,15.2,25.6,0.0,100
2024-10-14 13:00:00,32.8,27,1009.6,10.8,19.8,0.0,91
2024-10-14 14:00:00,31.9,29,1010.4,13.3,18.7,0.0,92
2024-10-14 15:00:00,31.1,30,1011.2,10.4,18.7,0.0,100
2024-10-14 16:00:00,30.2,31,1011.9,8.6,14.4,0.0,99
2024-10-14 17:00:00,29.7,32,1012.3,8.7,11.5,0.0,99
2024-10-14 18:00:00,29.0,35,1012.1,7.3,11.2,0.0,100
2024-10-14 19:00:00,29.0,33,1011.5,8.7,10.1,0.0,100
2024-10-14 20:00:00,28.6,33,1010.7,9.1,11.5,0.0,100
2024-10-14 21:00:00,28.5,33,1010.4,10.0,12.2,0.0,100
2024-10-14 22:00:00,28.4,33,1010.4,11.2,15.5,0.0,94
2024-10-14 23:00:00,27.7,35,1010.4,8.6,15.1,0.0,60
2024-10-15 00:00:00,26.5,39,1010.6,8.9,11.9,0.0,97
2024-10-15 01:00:00,25.9,45,1011.8,7.4,9.7,0.0,94
2024-10-15 02:00:00,25.8,51,1012.0,3.0,9.0,0.0,76
2024-10-15 03:00:00,28.0,39,1012.5,2.2,6.8,0.0,97
2024-10-15 04:00:00,30.0,33,1013.1,4.6,10.4,0.0,92
2024-10-15 05:00:00,31.6,29,1013.1,6.5,14.4,0.0,71
2024-10-15 06:00:00,32.6,27,1012.6,7.0,16.6,0.0,97
2024-10-15 07:00:00,33.4,25,1011.8,5.7,16.6,0.0,99
2024-10-15 08:00:00,33.4,24,1010.9,4.9,15.5,0.0,46
2024-10-15 09:00:00,34.2,22,1010.1,5.6,14.8,0.0,95
2024-10-15 10:00:00,34.6,21,1009.6,6.5,15.8,0.0,65
2024-10-15 11:00:00,34.3,21,1009.5,7.0,15.8,0.0,4
2024-10-15 12:00:00,33.8,23,1009.6,8.7,15.1,0.0,0
2024-10-15 13:00:00,32.0,36,1009.8,2.9,7.9,0.0,0
2024-10-15 14:00:00,31.1,34,1010.3,4.6,5.0,0.0,0
2024-10-15 15:00:00,30.2,33,1010.9,7.7,9.0,0.0,0
2024-10-15 16:00:00,29.2,38,1011.0,6.3,9.4,0.0,0
2024-10-15 17:00:00,28.2,41,1011.3,6.8,7.2,0.0,16
2024-10-15 18:00:00,27.3,43,1010.9,6.8,8.6,0.0,1
2024-10-15 19:00:00,26.9,42,1010.2,7.9,9.0,0.0,2
2024-10-15 20:00:00,26.6,43,1009.4,7.3,9.0,0.0,36
2024-10-15 21:00:00,26.2,43,1008.8,8.5,9.4,0.0,1
2024-10-15 22:00:00,26.1,40,1008.7,12.8,16.2,0.0,72
2024-10-15 23:00:00,25.5,41,1008.9,15.6,21.2,0.0,92
2024-10-16 00:00:00,25.5,40,1009.2,15.3,21.6,0.0,93
2024-10-16 01:00:00,23.6,51,1009.6,11.2,15.1,0.0,77
2024-10-16 02:00:00,24.3,50,1010.4,10.6,15.1,0.0,50
2024-10-16 03:00:00,27.7,44,1010.9,8.9,14.4,0.0,94
2024-10-16 04:00:00,30.9,40,1011.3,9.5,16.9,0.0,1
2024-10-16 05:00:00,33.0,33,1011.2,12.0,22.3,0.0,0
2024-10-16 06:00:00,34.5,26,1010.3,14.6,26.6,0.0,5
2024-10-16 07:00:00,35.3,24,1009.1,14.7,27.4,0.0,8
2024-10-16 08:00:00,35.8,24,1008.1,14.0,27.4,0.0,17
2024-10-16 09:00:00,36.0,24,1007.2,12.3,26.6,0.0,93
2024-10-16 10:00:00,36.0,25,1006.7,11.4,24.1,0.0,100
2024-10-16 11:00:00,34.8,28,1006.8,13.2,21.6,0.2,71
2024-10-16 12:00:00,33.9,31,1007.0,15.1,23.8,0.0,45
2024-10-16 13:00:00,34.4,28,1007.3,9.7,17.3,0.0,78
2024-10-16 14:00:00,32.7,33,1008.2,12.6,17.3,0.0,100
2024-10-16 15:00:00,31.9,36,1008.5,10.0,18.4,0.0,74
2024-10-16 16:00:00,31.0,40,1009.1,6.0,14.0,0.0,100
2024-10-16 17:00:00,30.6,43,1009.6,4.7,7.6,0.0,100
2024-10-16 18:00:00,30.2,45,1009.6,4.3,5.8,0.0,3
2024-10-16 19:00:00,29.3,41,1008.8,11.8,15.1,0.0,0
2024-10-16 20:00:00,28.9,38,1008.5,15.7,21.2,0.0,1
2024-10-16 21:00:00,28.0,41,1008.0,17.6,24.5,0.0,9
2024-10-16 22:00:00,27.3,52,1007.7,18.2,25.6,0.0,3
2024-10-16 23:00:00,26.9,60,1007.8,18.7,26.6,0.0,87
2024-10-17 00:00:00,26.8,63,1008.1,17.5,26.3,0.0,47
2024-10-17 01:00:00,26.7,69,1009.1,16.6,25.6,0.0,100
2024-10-17 02:00:00,26.7,71,1009.7,14.6,23.4,0.0,100
2024-10-17 03:00:00,27.3,71,1010.4,10.3,20.9,0.0,32
2024-10-17 04:00:00,30.8,54,1011.0,14.9,24.8,0.0,27
2024-10-17 05:00:00,33.2,38,1010.7,13.9,25.9,0.0,28
2024-10-17 06:00:00,34.6,30,1010.0,11.1,25.2,0.0,78
2024-10-17 07:00:00,35.4,29,1008.9,8.6,22.3,0.0,30
2024-10-17 08:00:00,36.2,25,1007.8,8.8,19.8,0.0,13
2024-10-17 09:00:00,36.5,23,1007.1,9.7,20.9,0.0,23
2024-10-17 10:00:00,36.5,23,1006.7,11.0,20.9,0.0,20
2024-10-17 11:00:00,36.3,24,1006.6,13.8,23.0,0.0,14
2024-10-17 12:00:00,35.5,26,1007.0,16.5,24.8,0.0,15
2024-10-17 13:00:00,34.6,27,1007.6,13.8,19.1,0.0,76
2024-10-17 14:00:00,33.6,32,1008.1,16.0,22.7,0.0,18
2024-10-17 15:00:00,32.3,38,1008.9,14.4,22.7,0.0,7
2024-10-17 16:00:00,31.2,42,1009.3,9.8,20.2,0.0,2
2024-10-17 17:00:00,30.1,46,1009.8,7.1,13.0,0.0,0
2024-10-17 18:00:00,29.0,52,1009.7,5.7,8.6,0.0,0
2024-10-17 19:00:00,28.3,56,1009.5,5.5,6.5,0.0,0
2024-10-17 20:00:00,27.6,58,1008.9,6.2,6.8,0.0,0
2024-10-17 21:00:00,27.2,59,1008.3,7.7,9.0,0.0,0
2024-10-17 22:00:00,26.7,61,1008.2,9.9,12.2,0.0,0
2024-10-17 23:00:00,26.2,61,1008.4,11.3,15.5,0.0,0
2024-10-18 00:00:00,26.0,61,1008.8,11.0,15.5,0.0,0
2024-10-18 01:00:00,25.7,74,1009.8,11.8,15.8,0.0,0
2024-10-18 02:00:00,26.0,73,1010.5,11.2,16.9,0.0,0
2024-10-18 03:00:00,27.9,66,1011.0,8.7,15.5,0.0,0
2024-10-18 04:00:00,30.4,55,1011.3,8.4,17.3,0.0,0
2024-10-18 05:00:00,32.9,40,1011.2,8.0,18.4,0.0,0
2024-10-18 06:00:00,34.3,32,1010.7,5.0,18.0,0.0,0
2024-10-18 07:00:00,35.4,27,1009.7,3.7,15.5,0.0,4
2024-10-18 08:00:00,36.1,24,1008.6,4.7,15.5,0.0,15
2024-10-18 09:00:00,36.4,22,1007.8,5.4,15.8,0.0,10
2024-10-18 10:00:00,36.6,21,1007.4,6.7,16.2,0.0,9
2024-10-18 11:00:00,36.5,21,1007.2,8.8,17.3,0.0,6
2024-10-18 12:00:00,36.1,20,1007.4,9.4,17.3,0.0,1
2024-10-18 13:00:00,34.2,24,1008.2,12.8,17.3,0.0,2
2024-10-18 14:00:00,33.2,25,1008.8,14.1,20.2,0.0,3
2024-10-18 15:00:00,32.3,26,1009.3,11.7,19.8,0.0,3
2024-10-18 16:00:00,31.3,27,1009.8,10.8,15.8,0.0,2
2024-10-18 17:00:00,30.1,32,1010.0,7.5,14.0,0.0,1
2024-10-18 18:00:00,31.0,31,1009.9,5.6,8.6,0.0,0
2024-10-18 19:00:00,29.3,32,1009.6,12.4,15.1,0.0,0
2024-10-18 20:00:00,27.8,39,1009.5,15.4,20.9,0.0,0
2024-10-18 21:00:00,27.4,43,1009.5,16.6,23.0,0.0,0
2024-10-18 22:00:00,27.1,42,1009.6,16.2,23.0,0.0,0
2024-10-18 23:00:00,26.8,40,1009.7,15.5,22.7,0.0,0
2024-10-19 00:00:00,26.6,40,1010.1,14.9,21.2,0.0,0
2024-10-19 01:00:00,25.7,49,1010.6,12.6,18.0,0.0,0
2024-10-19 02:00:00,26.3,49,1011.4,10.8,16.6,0.0,0
2024-10-19 03:00:00,29.3,43,1012.1,6.9,14.4,0.0,0
2024-10-19 04:00:00,31.9,40,1012.5,6.5,13.7,0.0,0
2024-10-19 05:00:00,33.4,37,1012.3,5.9,15.1,0.0,0
2024-10-19 06:00:00,34.7,30,1011.6,4.1,15.5,0.0,0
2024-10-19 07:00:00,35.7,23,1010.5,0.7,14.4,0.0,0
2024-10-19 08:00:00,36.4,20,1009.5,3.9,14.0,0.0,2
2024-10-19 09:00:00,36.9,18,1008.6,6.0,16.2,0.0,3
2024-10-19 10:00:00,37.2,16,1008.0,7.7,17.3,0.0,3
2024-10-19 11:00:00,37.0,16,1007.6,10.3,18.7,0.0,14
2024-10-19 12:00:00,36.2,15,1007.8,13.1,20.2,0.0,2
2024-10-19 13:00:00,34.4,20,1008.7,7.6,13.3,0.0,10
2024-10-19 14:00:00,33.1,22,1009.3,9.4,11.2,0.0,14
2024-10-19 15:00:00,32.3,22,1009.8,14.4,19.8,0.0,2
2024-10-19 16:00:00,31.8,23,1010.1,12.5,19.8,0.0,1
2024-10-19 17:00:00,30.1,26,1010.3,11.0,16.2,0.0,22
2024-10-19 18:00:00,28.9,29,1010.4,10.5,14.0,0.0,19
2024-10-19 19:00:00,28.6,29,1010.1,10.7,15.1,0.0,0
2024-10-19 20:00:00,28.1,33,1009.7,8.5,13.7,0.0,1
2024-10-19 21:00:00,27.6,31,1009.5,17.3,23.0,0.0,0
2024-10-19 22:00:00,27.6,36,1009.3,18.1,24.8,0.0,0
2024-10-19 23:00:00,26.7,39,1009.3,15.6,24.8,0.0,0
2024-10-20 00:00:00,26.5,42,1009.8,16.8,23.0,0.0,0
2024-10-20 01:00:00,25.3,51,1010.6,14.4,19.1,0.0,0
2024-10-20 02:00:00,25.7,50,1011.2,14.5,20.2,0.0,0
2024-10-20 03:00:00,28.1,43,1011.4,12.7,20.9,0.0,2
2024-10-20 04:00:00,30.9,36,1012.1,13.7,23.0,0.0,3
2024-10-20 05:00:00,33.1,31,1012.2,11.5,23.4,0.0,2
2024-10-20 06:00:00,34.7,26,1011.5,9.4,22.0,0.0,0
2024-10-20 07:00:00,35.9,21,1010.4,6.6,20.5,0.0,7
2024-10-20 08:00:00,36.7,18,1009.5,3.6,17.6,0.0,9
2024-10-20 09:00:00,37.2,16,1008.7,2.3,14.0,0.0,43
2024-10-20 10:00:00,37.4,15,1008.0,2.3,11.9,0.0,68
2024-10-20 11:00:00,37.3,14,1007.9,3.3,10.8,0.0,100
2024-10-20 12:00:00,36.7,14,1008.2,5.2,9.7,0.0,100
2024-10-20 13:00:00,34.1,22,1009.4,14.8,26.6,0.0,20
2024-10-20 14:00:00,32.9,24,1009.9,10.5,20.9,0.0,11
2024-10-20 15:00:00,31.6,27,1010.5,9.0,14.0,0.0,9
2024-10-20 16:00:00,30.7,29,1011.2,12.2,15.8,0.0,7
2024-10-20 17:00:00,30.0,30,1011.2,11.4,16.6,0.0,6
2024-10-20 18:00:00,29.0,36,1011.5,17.0,23.8,0.0,5
2024-10-20 19:00:00,28.4,46,1011.3,16.6,23.8,0.0,2
2024-10-20 20:00:00,27.8,48,1011.2,14.7,23.0,0.0,4
2024-10-20 21:00:00,27.5,49,1010.9,14.6,20.2,0.0,10
2024-10-20 22:00:00,27.7,47,1010.7,15.1,21.2,0.0,2
2024-10-20 23:00:00,27.4,48,1010.9,15.3,20.5,0.0,19
2024-10-21 00:00:00,26.7,49,1012.0,17.0,23.0,0.1,69
2024-10-21 01:00:00,26.6,57,1012.5,16.6,23.0,0.0,31
2024-10-21 02:00:00,26.7,61,1012.7,16.8,24.5,0.0,24
2024-10-21 03:00:00,28.2,58,1013.0,11.5,23.8,0.0,26
2024-10-21 04:00:00,30.4,51,1013.4,9.3,18.7,0.0,23
2024-10-21 05:00:00,32.2,42,1013.3,6.9,18.0,0.0,3
2024-10-21 06:00:00,33.7,33,1012.5,4.0,16.6,0.0,4
2024-10-21 07:00:00,33.9,30,1011.9,14.4,26.6,0.1,48
2024-10-21 08:00:00,32.7,31,1011.5,3.6,27.7,0.1,35
2024-10-21 09:00:00,34.1,26,1010.3,0.7,13.3,0.0,33
2024-10-21 10:00:00,33.9,26,1010.1,8.9,17.3,0.0,42
2024-10-21 11:00:00,33.3,28,1009.9,14.2,24.1,0.0,24
2024-10-21 12:00:00,32.8,29,1010.3,10.3,23.8,0.0,25
2024-10-21 13:00:00,32.2,30,1010.3,6.8,11.5,0.0,15
2024-10-21 14:00:00,31.0,35,1010.9,10.6,14.4,0.0,7
2024-10-21 15:00:00,30.2,36,1011.3,11.8,16.2,0.0,6
2024-10-21 16:00:00,29.4,37,1011.6,12.5,16.9,0.0,0
2024-10-21 17:00:00,28.6,41,1011.9,14.4,19.4,0.0,0
2024-10-21 18:00:00,27.5,49,1012.2,17.1,24.1,0.0,0
2024-10-21 19:00:00,26.7,53,1012.1,13.5,24.5,0.0,9
2024-10-21 20:00:00,26.1,56,1011.5,12.6,18.7,0.0,4
2024-10-21 21:00:00,25.8,58,1011.1,12.9,17.6,0.0,0
2024-10-21 22:00:00,25.3,60,1011.1,13.6,19.1,0.0,0
2024-10-21 23:00:00,25.0,62,1011.3,14.0,19.4,0.0,0
2024-10-22 00:00:00,24.4,65,1011.7,13.4,19.4,0.0,0
2024-10-22 01:00:00,23.5,73,1012.8,13.3,21.6,0.0,0
2024-10-22 02:00:00,23.6,74,1013.4,11.2,18.4,0.0,0
2024-10-22 03:00:00,25.4,68,1013.8,7.3,15.8,0.0,0
2024-10-22 04:00:00,28.1,58,1014.8,5.4,13.7,0.0,0
2024-10-22 05:00:00,30.3,48,1014.8,2.7,13.3,0.0,0
2024-10-22 06:00:00,31.8,40,1014.1,3.4,12.2,0.0,0
2024-10-22 07:00:00,33.2,32,1013.2,8.5,21.6,0.0,13
2024-10-22 08:00:00,33.8,29,1012.3,11.6,23.4,0.0,50
2024-10-22 09:00:00,33.9,28,1011.4,12.0,23.8,0.0,35
2024-10-22 10:00:00,33.8,28,1011.0,13.5,24.1,0.0,14
2024-10-22 11:00:00,33.7,28,1010.9,13.6,24.1,0.0,20
2024-10-22 12:00:00,33.2,28,1011.1,13.4,23.0,0.0,9
2024-10-22 13:00:00,31.3,35,1011.3,6.6,12.6,0.0,2
2024-10-22 14:00:00,29.9,43,1012.1,6.0,7.9,0.0,2
2024-10-22 15:00:00,28.9,48,1012.5,4.6,7.2,0.0,1
2024-10-22 16:00:00,30.0,36,1012.9,2.3,5.4,0.0,0
2024-10-22 17:00:00,28.5,44,1013.0,4.1,4.3,0.0,0
2024-10-22 18:00:00,27.1,45,1012.8,9.8,10.8,0.0,0
2024-10-22 19:00:00,26.4,45,1012.8,10.5,14.0,0.0,0
2024-10-22 20:00:00,25.5,49,1012.5,8.8,13.0,0.0,0
2024-10-22 21:00:00,25.4,48,1012.2,10.6,12.2,0.0,0
2024-10-22 22:00:00,24.6,51,1012.4,12.2,16.2,0.0,0
2024-10-22 23:00:00,23.9,56,1012.5,10.9,16.2,0.0,0
2024-10-23 00:00:00,23.3,60,1012.8,10.3,14.0,0.0,0
2024-10-23 01:00:00,22.5,65,1013.6,11.3,14.8,0.0,0
2024-10-23 02:00:00,23.1,63,1014.2,10.8,14.8,0.0,0
2024-10-23 03:00:00,26.2,52,1014.8,8.1,14.4,0.0,0
2024-10-23 04:00:00,30.1,41,1015.5,6.8,14.4,0.0,0
2024-10-23 05:00:00,32.2,32,1015.2,5.4,15.1,0.0,0
2024-10-23 06:00:00,33.2,27,1014.5,4.2,14.0,0.0,0
2024-10-23 07:00:00,34.2,22,1013.4,4.9,15.1,0.0,0
2024-10-23 08:00:00,34.9,18,1012.3,6.4,16.9,0.0,0
2024-10-23 09:00:00,35.4,17,1011.6,8.3,19.1,0.0,0
2024-10-23 10:00:00,35.5,16,1010.8,9.8,19.8,0.0,1
2024-10-23 11:00:00,35.2,15,1010.9,10.9,19.8,0.0,4
2024-10-23 12:00:00,34.6,16,1011.2,11.0,19.4,0.0,1
2024-10-23 13:00:00,32.3,24,1012.1,9.0,17.3,0.0,0
2024-10-23 14:00:00,31.0,26,1012.6,9.3,11.5,0.0,0
2024-10-23 15:00:00,29.9,28,1012.9,9.4,12.2,0.0,0
2024-10-23 16:00:00,28.8,31,1013.0,9.4,11.9,0.0,0
2024-10-23 17:00:00,27.7,36,1013.2,7.9,11.2,0.0,0
2024-10-23 18:00:00,27.1,37,1013.1,8.5,9.7,0.0,0
2024-10-23 19:00:00,26.5,38,1012.7,8.4,9.7,0.0,0
2024-10-23 20:00:00,26.2,39,1012.3,8.5,9.7,0.0,0
2024-10-23 21:00:00,25.6,39,1012.1,9.9,11.5,0.0,0
2024-10-23 22:00:00,24.8,42,1012.2,8.9,11.5,0.0,0
2024-10-23 23:00:00,24.6,42,1012.3,8.4,10.1,0.0,0
2024-10-24 00:00:00,24.2,43,1012.6,8.3,9.7,0.0,0
2024-10-24 01:00:00,23.5,48,1013.4,10.7,11.9,0.0,0
2024-10-24 02:00:00,23.5,48,1014.0,12.0,16.2,0.0,0
2024-10-24 03:00:00,26.5,41,1014.7,10.1,16.2,0.0,0
2024-10-24 04:00:00,30.5,31,1015.1,8.6,16.6,0.0,0
2024-10-24 05:00:00,32.9,25,1015.1,5.3,16.6,0.0,0
2024-10-24 06:00:00,34.0,22,1014.6,3.1,14.0,0.0,0
2024-10-24 07:00:00,35.0,20,1013.4,9.7,20.5,0.0,0
2024-10-24 08:00:00,35.6,19,1012.0,13.5,25.6,0.0,0
2024-10-24 09:00:00,35.8,18,1011.1,13.9,26.6,0.0,0
2024-10-24 10:00:00,35.9,18,1010.5,13.8,25.9,0.0,0
2024-10-24 11:00:00,35.6,18,1010.5,14.6,24.8,0.0,0
2024-10-24 12:00:00,34.9,19,1010.7,13.5,24.1,0.0,0
2024-10-24 13:00:00,32.8,24,1011.3,9.9,20.2,0.0,0
2024-10-24 14:00:00,31.1,31,1011.6,6.7,13.0,0.0,0
2024-10-24 15:00:00,30.5,32,1011.7,6.3,7.9,0.0,0
2024-10-24 16:00:00,29.3,34,1012.0,7.6,8.6,0.0,0
2024-10-24 17:00:00,28.5,35,1012.1,8.6,9.7,0.0,0
2024-10-24 18:00:00,28.1,33,1011.9,11.3,13.7,0.0,0
2024-10-24 19:00:00,27.2,35,1011.4,11.3,14.4,0.0,0
2024-10-24 20:00:00,26.4,38,1011.2,10.2,14.0,0.0,0
2024-10-24 21:00:00,25.8,39,1010.8,10.1,12.2,0.0,0
2024-10-24 22:00:00,24.9,43,1010.8,8.4,12.2,0.0,0
2024-10-24 23:00:00,24.9,43,1011.2,6.6,9.7,0.0,0
2024-10-25 00:00:00,24.3,45,1011.6,6.2,7.6,0.0,0
2024-10-25 01:00:00,24.5,45,1012.1,7.2,7.9,0.0,0
2024-10-25 02:00:00,24.5,45,1012.8,9.5,11.2,0.0,0
2024-10-25 03:00:00,27.7,36,1013.3,7.7,11.5,0.0,0
2024-10-25 04:00:00,30.8,29,1013.8,6.4,13.0,0.0,0
2024-10-25 05:00:00,33.0,25,1013.7,7.6,16.2,0.0,0
2024-10-25 06:00:00,34.6,22,1013.0,10.3,20.9,0.0,0
2024-10-25 07:00:00,35.5,20,1011.8,11.4,23.0,0.0,0
2024-10-25 08:00:00,36.1,19,1010.7,11.8,23.8,0.0,0
2024-10-25 09:00:00,36.6,18,1009.8,10.6,23.8,0.0,0
2024-10-25 10:00:00,36.8,17,1009.4,10.0,21.6,0.0,0
2024-10-25 11:00:00,36.6,17,1009.3,9.9,19.8,0.0,0
2024-10-25 12:00:00,36.0,18,1009.7,8.9,17.6,0.0,18
2024-10-25 13:00:00,32.9,26,1010.3,6.7,13.7,0.0,84
2024-10-25 14:00:00,31.6,28,1010.9,7.2,7.9,0.0,58
2024-10-25 15:00:00,30.8,28,1011.3,8.9,10.1,0.0,11
2024-10-25 16:00:00,29.9,29,1011.7,10.0,11.9,0.0,0
2024-10-25 17:00:00,28.9,31,1011.7,11.1,13.7,0.0,0
2024-10-25 18:00:00,28.3,32,1011.4,11.8,14.8,0.0,0
2024-10-25 19:00:00,28.2,31,1011.0,13.4,16.9,0.0,0
2024-10-25 20:00:00,27.7,32,1010.7,13.9,18.4,0.0,0
2024-10-25 21:00:00,27.0,34,1010.4,13.4,18.4,0.0,0
2024-10-25 22:00:00,26.5,35,1010.3,12.6,17.6,0.0,0
2024-10-25 23:00:00,26.0,36,1010.4,12.4,16.2,0.0,0
2024-10-26 00:00:00,25.7,37,1010.7,12.2,15.8,0.0,0
2024-10-26 01:00:00,24.8,42,1011.3,12.3,15.8,0.0,0
2024-10-26 02:00:00,25.2,41,1012.1,12.7,16.6,0.0,0
2024-10-26 03:00:00,27.8,35,1012.4,11.4,16.9,0.0,0
2024-10-26 04:00:00,30.9,29,1012.9,10.5,18.4,0.0,0
2024-10-26 05:00:00,33.6,24,1012.9,11.6,21.2,0.0,0
2024-10-26 06:00:00,35.4,21,1012.2,11.9,23.0,0.0,0
2024-10-26 07:00:00,36.6,18,1011.1,11.5,23.0,0.0,0
2024-10-26 08:00:00,37.3,17,1009.9,11.4,23.4,0.0,0
2024-10-26 09:00:00,37.7,16,1008.8,10.7,23.0,0.0,0
2024-10-26 10:00:00,37.9,15,1008.3,10.2,21.6,0.0,0
2024-10-26 11:00:00,37.7,15,1008.1,9.3,19.8,0.0,0
2024-10-26 12:00:00,36.8,16,1008.5,7.6,16.9,0.0,0
2024-10-26 13:00:00,33.9,22,1009.0,8.0,10.8,0.0,0
2024-10-26 14:00:00,32.6,26,1009.7,6.6,9.4,0.0,0
2024-10-26 15:00:00,32.7,25,1010.1,4.7,7.6,0.0,0
2024-10-26 16:00:00,31.3,28,1010.4,6.3,6.8,0.0,0
2024-10-26 17:00:00,30.4,29,1010.1,7.0,7.9,0.0,0
2024-10-26 18:00:00,29.4,31,1009.7,8.1,9.4,0.0,0
2024-10-26 19:00:00,28.8,31,1009.2,8.9,9.7,0.0,0
2024-10-26 20:00:00,28.3,30,1008.9,12.8,15.5,0.0,0
2024-10-26 21:00:00,27.2,32,1008.6,13.5,17.6,0.0,0
2024-10-26 22:00:00,27.2,32,1008.5,14.1,18.4,0.0,0
2024-10-26 23:00:00,27.1,33,1008.5,14.8,19.1,0.0,0
2024-10-27 00:00:00,27.0,33,1008.9,16.2,21.6,0.0,0
2024-10-27 01:00:00,25.5,44,1010.1,16.8,24.5,0.0,0
2024-10-27 02:00:00,25.3,46,1010.5,15.0,23.0,0.0,0
2024-10-27 03:00:00,27.8,42,1010.5,12.4,20.5,0.0,0
2024-10-27 04:00:00,30.9,35,1011.1,10.4,19.1,0.0,16
2024-10-27 05:00:00,33.8,29,1010.9,12.1,21.6,0.0,16
2024-10-27 06:00:00,35.8,24,1010.3,14.3,25.6,0.0,46
2024-10-27 07:00:00,37.1,20,1008.9,14.9,27.4,0.0,58
2024-10-27 08:00:00,38.1,18,1007.9,14.8,27.4,0.0,79
2024-10-27 09:00:00,38.6,16,1006.9,13.5,27.0,0.0,75
2024-10-27 10:00:00,38.7,15,1006.4,12.0,24.8,0.0,77
2024-10-27 11:00:00,38.4,15,1006.2,11.3,22.0,0.0,69
2024-10-27 12:00:00,37.4,16,1006.5,9.4,19.1,0.0,18
2024-10-27 13:00:00,34.6,21,1006.9,10.2,15.1,0.0,0
2024-10-27 14:00:00,33.3,23,1007.4,10.8,13.7,0.0,0
2024-10-27 15:00:00,32.3,25,1007.6,11.5,14.4,0.0,9
2024-10-27 16:00:00,31.4,26,1007.8,13.2,17.3,0.0,32
2024-10-27 17:00:00,31.0,26,1007.6,13.5,17.6,0.0,0
2024-10-27 18:00:00,30.5,27,1007.1,13.8,17.6,0.0,10
2024-10-27 19:00:00,29.6,29,1006.6,13.1,18.0,0.0,0
2024-10-27 20:00:00,28.8,30,1006.1,13.4,17.3,0.0,0
2024-10-27 21:00:00,27.8,32,1005.8,13.1,17.3,0.0,0
2024-10-27 22:00:00,27.0,34,1005.7,12.3,16.9,0.0,0
2024-10-27 23:00:00,26.9,34,1006.0,14.6,19.4,0.0,0
2024-10-28 00:00:00,26.4,35,1006.3,13.4,19.4,0.0,0
2024-10-28 01:00:00,25.0,43,1006.9,12.4,18.0,0.0,0
2024-10-28 02:00:00,25.4,43,1007.5,10.6,15.8,0.0,0
2024-10-28 03:00:00,28.1,37,1008.0,5.8,13.3,0.0,0
2024-10-28 04:00:00,31.4,30,1008.6,2.3,9.7,0.0,0
2024-10-28 05:00:00,34.0,25,1008.7,1.9,9.7,0.0,0
2024-10-28 06:00:00,35.9,21,1008.0,4.8,13.3,0.0,0
2024-10-28 07:00:00,37.3,18,1006.8,10.4,21.2,0.0,0
2024-10-28 08:00:00,38.0,16,1005.6,13.0,24.8,0.0,0
2024-10-28 09:00:00,38.3,15,1004.6,13.0,25.2,0.0,0
2024-10-28 10:00:00,38.3,15,1004.1,11.7,24.5,0.0,0
2024-10-28 11:00:00,38.1,14,1004.1,10.9,21.6,0.0,0
2024-10-28 12:00:00,37.2,15,1004.5,9.4,18.7,0.0,0
2024-10-28 13:00:00,33.8,29,1005.5,6.9,9.4,0.0,0
2024-10-28 14:00:00,32.9,31,1006.1,4.9,8.3,0.0,0
2024-10-28 15:00:00,31.1,33,1006.7,7.8,8.3,0.0,0
2024-10-28 16:00:00,30.3,35,1006.9,7.9,10.1,0.0,0
2024-10-28 17:00:00,29.8,36,1006.7,8.0,9.0,0.0,0
2024-10-28 18:00:00,29.0,33,1006.6,11.7,14.4,0.0,0
2024-10-28 19:00:00,27.9,35,1006.3,11.2,14.4,0.0,0
2024-10-28 20:00:00,27.3,35,1006.0,13.2,17.3,0.0,0
2024-10-28 21:00:00,26.9,34,1005.7,12.1,17.3,0.0,0
2024-10-28 22:00:00,26.9,33,1005.6,13.3,16.9,0.0,0
2024-10-28 23:00:00,26.6,33,1005.9,13.8,17.6,0.0,0
2024-10-29 00:00:00,25.8,34,1006.4,15.1,19.4,0.0,0
2024-10-29 01:00:00,25.1,41,1007.8,16.2,23.4,0.0,0
2024-10-29 02:00:00,25.4,42,1008.4,15.1,22.7,0.0,0
2024-10-29 03:00:00,28.2,37,1009.1,12.9,20.5,0.0,0
2024-10-29 04:00:00,31.5,33,1009.7,11.7,20.2,0.0,0
2024-10-29 05:00:00,34.0,29,1009.8,13.4,23.4,0.0,0
2024-10-29 06:00:00,36.1,23,1009.3,15.1,26.3,0.0,0
2024-10-29 07:00:00,37.3,17,1008.4,16.6,29.2,0.0,0
2024-10-29 08:00:00,37.7,16,1007.4,16.6,29.5,0.0,0
2024-10-29 09:00:00,37.8,15,1006.5,16.3,29.5,0.0,0
2024-10-29 10:00:00,37.7,15,1006.0,15.8,28.4,0.0,0
2024-10-29 11:00:00,37.3,15,1006.0,15.2,26.6,0.0,0
2024-10-29 12:00:00,36.3,16,1006.2,12.3,24.1,0.0,0
2024-10-29 13:00:00,33.4,21,1007.0,9.5,15.5,0.0,0
2024-10-29 14:00:00,31.9,23,1007.7,10.1,12.6,0.0,0
2024-10-29 15:00:00,30.8,24,1008.0,11.8,15.1,0.0,0
2024-10-29 16:00:00,30.3,23,1008.4,14.2,19.1,0.0,0
2024-10-29 17:00:00,29.7,24,1008.5,14.4,19.4,0.0,0
2024-10-29 18:00:00,29.0,25,1008.3,15.2,20.2,0.0,0
2024-10-29 19:00:00,28.8,25,1008.0,15.0,20.5,0.0,0
2024-10-29 20:00:00,27.8,27,1007.6,15.2,20.2,0.0,0
2024-10-29 21:00:00,27.0,29,1007.4,14.9,20.5,0.0,0
2024-10-29 22:00:00,26.2,32,1007.9,18.3,24.8,0.0,0
2024-10-29 23:00:00,25.5,38,1008.3,17.7,25.6,0.0,0
2024-10-30 00:00:00,24.8,45,1008.8,17.0,24.5,0.0,0
2024-10-30 01:00:00,23.9,61,1009.6,15.9,24.1,0.0,0
2024-10-30 02:00:00,24.1,63,1010.2,14.7,21.6,0.0,0
2024-10-30 03:00:00,26.9,52,1010.6,12.8,20.2,0.0,0
2024-10-30 04:00:00,30.4,40,1011.3,10.9,19.8,0.0,0
2024-10-30 05:00:00,33.2,29,1011.6,12.9,23.0,0.0,0
2024-10-30 06:00:00,34.7,20,1011.0,12.4,23.4,0.0,0
2024-10-30 07:00:00,35.6,15,1010.3,12.4,24.1,0.0,0
2024-10-30 08:00:00,36.2,13,1009.5,12.4,24.5,0.0,0
2024-10-30 09:00:00,36.4,12,1009.0,11.0,24.1,0.0,0
2024-10-30 10:00:00,36.3,13,1008.6,9.4,22.0,0.0,0
2024-10-30 11:00:00,36.0,13,1008.7,8.0,19.1,0.0,0
2024-10-30 12:00:00,35.0,15,1008.9,6.7,14.8,0.0,0
2024-10-30 13:00:00,32.0,21,1010.0,8.8,11.9,0.0,0
2024-10-30 14:00:00,30.6,24,1010.8,10.5,13.0,0.0,0
2024-10-30 15:00:00,29.2,27,1011.2,11.0,14.4,0.0,0
2024-10-30 16:00:00,28.2,29,1011.7,11.4,14.8,0.0,0
2024-10-30 17:00:00,27.7,30,1012.1,12.4,16.2,0.0,0
2024-10-30 18:00:00,27.6,29,1012.0,13.8,18.0,0.0,0
2024-10-30 19:00:00,26.9,29,1011.7,13.7,18.4,0.0,0
2024-10-30 20:00:00,25.9,31,1011.4,12.8,18.0,0.0,0
2024-10-30 21:00:00,25.2,32,1011.1,13.3,17.3,0.0,0
2024-10-30 22:00:00,24.4,34,1011.2,14.7,19.8,0.0,0
2024-10-30 23:00:00,24.2,35,1011.2,13.9,20.2,0.0,0
2024-10-31 00:00:00,23.8,37,1011.6,13.2,18.4,0.0,0
2024-10-31 01:00:00,22.8,49,1012.4,12.8,18.7,0.0,0
2024-10-31 02:00:00,22.0,53,1013.7,7.9,16.9,0.0,0
2024-10-31 03:00:00,24.2,45,1014.4,2.6,11.9,0.0,0
2024-10-31 04:00:00,27.4,37,1014.9,1.5,7.9,0.0,0
2024-10-31 05:00:00,30.3,31,1015.1,2.0,10.1,0.0,0
2024-10-31 06:00:00,32.3,28,1014.5,2.6,11.9,0.0,0
2024-10-31 07:00:00,33.6,24,1013.6,1.8,12.2,0.0,0
2024-10-31 08:00:00,34.4,21,1012.5,0.5,11.9,0.0,0
2024-10-31 09:00:00,34.9,19,1011.5,0.8,10.4,0.0,0
2024-10-31 10:00:00,35.1,19,1010.9,2.2,10.4,0.0,0
2024-10-31 11:00:00,35.0,18,1010.6,4.1,10.8,0.0,0
2024-10-31 12:00:00,34.6,19,1010.6,6.0,10.8,0.0,0
2024-10-31 13:00:00,32.6,25,1011.4,9.4,12.2,0.0,0
2024-10-31 14:00:00,31.5,27,1012.0,9.3,12.6,0.0,0
2024-10-31 15:00:00,30.8,30,1012.4,5.0,11.5,0.0,0
2024-10-31 16:00:00,30.0,31,1012.6,5.6,5.8,0.0,0
2024-10-31 17:00:00,28.9,33,1012.6,12.0,15.1,0.0,0
2024-10-31 18:00:00,27.6,36,1012.5,10.1,15.5,0.0,0
2024-10-31 19:00:00,26.4,41,1012.3,6.1,12.6,0.0,0
2024-10-31 20:00:00,26.6,40,1011.9,5.3,6.8,0.0,0
2024-10-31 21:00:00,25.4,43,1011.7,8.2,9.0,0.0,0
2024-10-31 22:00:00,25.6,39,1011.7,11.3,13.3,0.0,0
2024-10-31 23:00:00,25.2,38,1011.8,12.9,16.2,0.0,0
2024-11-01 00:00:00,24.8,41,1012.2,14.5,19.4,0.0,0
2024-11-01 01:00:00,23.9,52,1012.7,13.4,17.6,0.0,0
2024-11-01 02:00:00,24.3,53,1013.3,13.5,18.4,0.0,0
2024-11-01 03:00:00,26.7,47,1014.0,13.0,19.8,0.0,0
2024-11-01 04:00:00,29.6,40,1014.7,12.8,20.9,0.0,0
2024-11-01 05:00:00,32.1,34,1014.9,13.9,24.1,0.0,0
2024-11-01 06:00:00,33.6,29,1014.2,14.6,26.3,0.0,0
2024-11-01 07:00:00,34.5,26,1013.3,14.3,26.6,0.0,0
2024-11-01 08:00:00,35.2,23,1012.2,14.3,26.6,0.0,0
2024-11-01 09:00:00,35.6,21,1011.4,14.6,26.6,0.0,0
2024-11-01 10:00:00,35.7,20,1011.0,14.5,26.3,0.0,0
2024-11-01 11:00:00,35.4,20,1011.0,14.1,25.2,0.0,0
2024-11-01 12:00:00,34.6,21,1011.2,12.3,23.0,0.0,0
2024-11-01 13:00:00,32.0,30,1011.8,9.8,17.6,0.0,0
2024-11-01 14:00:00,30.7,33,1012.2,10.0,12.6,0.0,0
2024-11-01 15:00:00,29.6,36,1012.8,10.8,13.7,0.0,0
2024-11-01 16:00:00,28.7,38,1013.0,11.1,14.0,0.0,0
2024-11-01 17:00:00,28.0,38,1013.2,12.2,15.5,0.0,0
2024-11-01 18:00:00,27.6,37,1013.1,13.4,17.3,0.0,0
2024-11-01 19:00:00,26.9,39,1012.8,15.5,20.5,0.0,0
2024-11-01 20:00:00,26.4,39,1012.3,16.6,22.7,0.0,0
2024-11-01 21:00:00,26.2,39,1012.0,17.2,23.4,0.0,0
2024-11-01 22:00:00,25.8,39,1011.9,17.2,23.4,0.0,0
2024-11-01 23:00:00,25.4,39,1011.8,17.4,23.4,0.0,0
2024-11-02 00:00:00,24.9,40,1011.9,18.5,25.6,0.0,0
2024-11-02 01:00:00,24.2,44,1012.6,16.1,22.0,0.0,0
2024-11-02 02:00:00,24.2,44,1013.1,15.5,22.0,0.0,0
2024-11-02 03:00:00,26.7,38,1013.8,14.6,21.6,0.0,0
2024-11-02 04:00:00,29.7,32,1014.4,13.7,22.3,0.0,0
2024-11-02 05:00:00,32.2,28,1014.6,17.7,28.4,0.0,0
2024-11-02 06:00:00,33.8,23,1014.0,20.9,34.2,0.0,0
2024-11-02 07:00:00,34.6,21,1012.9,20.3,34.6,0.0,0
2024-11-02 08:00:00,35.1,19,1011.9,18.3,34.2,0.0,0
2024-11-02 09:00:00,35.4,19,1011.1,16.4,31.3,0.0,0
2024-11-02 10:00:00,35.4,18,1010.6,14.6,28.4,0.0,0
2024-11-02 11:00:00,35.0,18,1010.6,13.6,25.2,0.0,0
2024-11-02 12:00:00,34.1,20,1010.9,10.7,22.0,0.0,0
2024-11-02 13:00:00,31.5,26,1011.4,7.4,9.7,0.0,0
2024-11-02 14:00:00,30.4,28,1012.0,9.0,10.8,0.0,0
2024-11-02 15:00:00,29.2,30,1012.5,10.1,12.6,0.0,0
2024-11-02 16:00:00,28.3,32,1012.8,11.5,14.8,0.0,0
2024-11-02 17:00:00,27.8,32,1012.9,13.2,17.3,0.0,0
2024-11-02 18:00:00,27.1,33,1013.0,15.0,20.2,0.0,0
2024-11-02 19:00:00,26.5,34,1012.7,14.8,20.5,0.0,0
2024-11-02 20:00:00,26.1,34,1012.3,14.4,20.2,0.0,0
2024-11-02 21:00:00,25.6,35,1012.1,15.1,20.2,0.0,0
2024-11-02 22:00:00,24.5,38,1012.2,17.8,24.5,0.0,0
2024-11-02 23:00:00,24.2,41,1012.3,18.4,26.3,0.0,0
2024-11-03 00:00:00,24.2,41,1012.6,18.2,25.9,0.0,0
2024-11-03 01:00:00,23.6,46,1013.3,16.9,24.5,0.0,0
2024-11-03 02:00:00,23.7,46,1013.9,15.9,23.0,0.0,0
2024-11-03 03:00:00,26.0,41,1014.7,14.4,22.0,0.0,0
2024-11-03 04:00:00,29.1,35,1015.4,12.5,21.2,0.0,0
2024-11-03 05:00:00,31.7,32,1015.5,14.5,24.8,0.0,0
2024-11-03 06:00:00,33.5,25,1014.9,14.6,26.6,0.0,0
2024-11-03 07:00:00,34.3,21,1013.9,12.0,26.3,0.0,0
2024-11-03 08:00:00,34.8,20,1012.9,10.0,23.4,0.0,0
2024-11-03 09:00:00,35.0,19,1012.0,8.8,21.2,0.0,0
2024-11-03 10:00:00,34.9,19,1011.4,7.8,19.4,0.0,0
2024-11-03 11:00:00,34.6,19,1011.4,7.4,16.9,0.0,0
2024-11-03 12:00:00,33.9,21,1011.8,7.3,14.4,0.0,0
2024-11-03 13:00:00,31.5,28,1012.7,6.8,8.6,0.0,0
2024-11-03 14:00:00,30.3,30,1013.3,8.3,9.7,0.0,0
2024-11-03 15:00:00,29.7,30,1013.9,11.1,14.0,0.0,0
2024-11-03 16:00:00,28.9,31,1014.1,9.2,14.4,0.0,0
2024-11-03 17:00:00,28.4,34,1014.2,6.8,10.8,0.0,0
2024-11-03 18:00:00,27.0,36,1014.2,11.4,13.7,0.0,0
2024-11-03 19:00:00,26.1,38,1013.7,11.3,15.8,0.0,0
2024-11-03 20:00:00,25.8,38,1013.2,10.5,14.4,0.0,0
2024-11-03 21:00:00,25.6,38,1012.6,13.3,17.3,0.0,0
2024-11-03 22:00:00,25.4,38,1012.2,13.4,17.6,0.0,0
2024-11-03 23:00:00,24.9,39,1012.1,14.0,18.4,0.0,0
2024-11-04 00:00:00,24.3,41,1012.3,12.5,18.7,0.0,0
2024-11-04 01:00:00,23.1,47,1013.0,10.9,13.0,0.0,0
2024-11-04 02:00:00,22.9,49,1013.4,8.4,14.0,0.0,0
2024-11-04 03:00:00,25.0,42,1014.4,6.3,10.8,0.0,0
2024-11-04 04:00:00,27.4,36,1014.8,5.5,12.2,0.0,0
2024-11-04 05:00:00,29.9,31,1014.8,6.0,14.4,0.0,0
2024-11-04 06:00:00,32.0,27,1014.0,7.9,18.0,0.0,0
2024-11-04 07:00:00,33.3,24,1012.9,7.6,18.4,0.0,0
2024-11-04 08:00:00,34.0,23,1011.7,6.4,18.4,0.0,0
2024-11-04 09:00:00,34.4,22,1010.7,6.5,16.9,0.0,0
2024-11-04 10:00:00,34.5,22,1010.1,7.3,16.6,0.0,0
2024-11-04 11:00:00,34.3,22,1009.9,8.2,16.2,0.0,0
2024-11-04 12:00:00,33.7,23,1010.3,9.8,15.8,0.0,0
2024-11-04 13:00:00,31.8,28,1011.2,8.5,11.5,0.0,0
2024-11-04 14:00:00,30.6,30,1011.8,9.2,11.9,0.0,0
2024-11-04 15:00:00,29.4,32,1012.2,9.6,12.2,0.0,0
2024-11-04 16:00:00,28.5,34,1012.4,10.2,13.0,0.0,0
2024-11-04 17:00:00,27.8,36,1012.5,11.5,14.8,0.0,0
2024-11-04 18:00:00,27.3,37,1012.3,11.0,15.1,0.0,0
2024-11-04 19:00:00,26.4,40,1012.2,10.9,14.0,0.0,0
2024-11-04 20:00:00,25.7,42,1012.0,11.9,15.8,0.0,0
2024-11-04 21:00:00,25.4,42,1011.8,11.6,15.8,0.0,0
2024-11-04 22:00:00,24.8,44,1011.8,10.2,15.1,0.0,0
2024-11-04 23:00:00,24.5,44,1012.0,11.9,14.8,0.0,0
2024-11-05 00:00:00,23.8,46,1012.3,11.7,15.1,0.0,0
2024-11-05 01:00:00,23.2,51,1013.4,13.9,18.4,0.0,0
2024-11-05 02:00:00,23.5,50,1014.2,13.2,18.4,0.0,0
2024-11-05 03:00:00,25.9,44,1014.7,11.5,17.6,0.0,0
2024-11-05 04:00:00,28.8,37,1015.5,11.1,18.7,0.0,0
2024-11-05 05:00:00,31.3,31,1015.7,12.8,22.3,0.0,0
2024-11-05 06:00:00,32.9,27,1015.0,13.8,25.2,0.0,0
2024-11-05 07:00:00,33.8,25,1014.1,13.5,25.6,0.0,0
2024-11-05 08:00:00,34.4,24,1013.1,13.0,25.6,0.0,0
2024-11-05 09:00:00,34.7,24,1012.4,12.2,24.8,0.0,0
2024-11-05 10:00:00,34.7,23,1011.9,12.2,23.4,0.0,0
2024-11-05 11:00:00,34.4,23,1011.9,11.8,22.3,0.0,0
2024-11-05 12:00:00,33.7,24,1012.3,9.7,19.8,0.0,0
2024-11-05 13:00:00,31.4,35,1013.2,7.6,14.0,0.0,0
2024-11-05 14:00:00,30.0,45,1013.9,5.6,9.4,0.0,0
2024-11-05 15:00:00,29.9,42,1014.3,4.1,6.5,0.0,0
2024-11-05 16:00:00,28.1,45,1014.5,7.9,8.3,0.0,0
2024-11-05 17:00:00,27.7,42,1014.7,10.5,13.0,0.0,0
2024-11-05 18:00:00,26.7,47,1014.6,8.8,13.0,0.0,0
2024-11-05 19:00:00,26.2,47,1014.3,9.8,11.2,0.0,0
2024-11-05 20:00:00,25.7,46,1013.9,11.7,15.1,0.0,0
2024-11-05 21:00:00,24.6,49,1013.7,10.5,15.1,0.0,0
2024-11-05 22:00:00,24.5,49,1013.6,13.1,17.3,0.0,0
2024-11-05 23:00:00,24.5,48,1013.7,12.4,17.3,0.0,0
2024-11-06 00:00:00,24.1,49,1014.0,13.8,18.0,0.0,0
2024-11-06 01:00:00,22.7,55,1015.2,11.3,16.2,0.0,0
2024-11-06 02:00:00,22.6,57,1016.1,9.2,14.4,0.0,0
2024-11-06 03:00:00,24.9,50,1016.8,6.0,11.5,0.0,0
2024-11-06 04:00:00,27.8,43,1017.3,4.4,11.2,0.0,0
2024-11-06 05:00:00,30.2,38,1017.3,4.2,12.2,0.0,0
2024-11-06 06:00:00,32.3,32,1016.8,6.5,15.8,0.0,0
2024-11-06 07:00:00,33.8,26,1015.6,9.0,19.8,0.0,0
2024-11-06 08:00:00,34.6,24,1014.5,10.1,21.2,0.0,0
2024-11-06 09:00:00,35.0,23,1013.8,10.8,21.6,0.0,0
2024-11-06 10:00:00,35.0,23,1013.3,11.4,21.6,0.0,0
2024-11-06 11:00:00,34.7,23,1013.2,11.3,21.2,0.0,0
2024-11-06 12:00:00,34.0,24,1013.3,9.7,19.4,0.0,0
2024-11-06 13:00:00,31.8,31,1014.0,8.1,14.4,0.0,0
2024-11-06 14:00:00,30.5,34,1014.3,8.0,10.1,0.0,0
2024-11-06 15:00:00,29.5,35,1014.6,9.8,12.2,0.0,0
2024-11-06 16:00:00,28.7,36,1014.5,9.5,12.6,0.0,0
2024-11-06 17:00:00,28.0,37,1014.4,10.1,12.2,0.0,0
2024-11-06 18:00:00,27.2,38,1014.0,10.9,13.7,0.0,0
2024-11-06 19:00:00,26.8,38,1013.4,12.4,15.8,0.0,0
2024-11-06 20:00:00,26.3,40,1012.9,11.9,15.8,0.0,0
2024-11-06 21:00:00,25.5,42,1012.4,12.0,15.5,0.0,0
2024-11-06 22:00:00,25.4,42,1012.5,14.8,19.4,0.0,0
2024-11-06 23:00:00,25.0,43,1012.5,14.7,19.8,0.0,0
2024-11-07 00:00:00,24.7,44,1012.8,15.5,20.5,0.0,0
2024-11-07 01:00:00,23.0,52,1013.6,14.3,18.7,0.0,0
2024-11-07 02:00:00,23.1,52,1014.5,13.7,18.7,0.0,0
2024-11-07 03:00:00,25.8,45,1015.1,11.6,18.4,0.0,0
2024-11-07 04:00:00,29.3,36,1015.6,10.1,17.6,0.0,0
2024-11-07 05:00:00,32.0,29,1015.5,12.6,21.6,0.0,0
2024-11-07 06:00:00,33.5,24,1015.0,15.0,26.3,0.0,0
2024-11-07 07:00:00,34.3,22,1013.9,15.6,27.7,0.0,0
2024-11-07 08:00:00,34.9,21,1012.8,15.5,28.1,0.0,0
2024-11-07 09:00:00,35.3,19,1012.2,15.4,27.7,0.0,0
2024-11-07 10:00:00,35.4,18,1011.7,15.6,27.4,0.0,0
2024-11-07 11:00:00,35.0,18,1011.6,15.6,26.3,0.0,0
2024-11-07 12:00:00,33.9,20,1011.9,13.0,24.5,0.0,0
2024-11-07 13:00:00,31.6,24,1012.5,11.0,18.7,0.0,0
2024-11-07 14:00:00,30.2,26,1013.1,10.6,14.4,0.0,0
2024-11-07 15:00:00,29.0,29,1013.5,11.5,14.8,0.0,0
2024-11-07 16:00:00,28.3,30,1013.7,13.3,17.3,0.0,0
2024-11-07 17:00:00,27.7,32,1013.7,15.1,20.2,0.0,0
2024-11-07 18:00:00,27.3,34,1013.4,16.4,22.3,0.0,0
2024-11-07 19:00:00,26.9,35,1013.0,17.3,23.8,0.0,0
2024-11-07 20:00:00,26.5,36,1012.6,17.5,24.1,0.0,0
2024-11-07 21:00:00,25.8,38,1012.3,16.2,24.1,0.0,0
2024-11-07 22:00:00,24.9,40,1012.1,15.1,22.0,0.0,0
2024-11-07 23:00:00,24.1,43,1012.3,15.6,21.2,0.0,0
2024-11-08 00:00:00,23.5,47,1012.7,15.2,21.2,0.0,0
2024-11-08 01:00:00,22.3,55,1013.6,14.3,20.9,0.0,0
2024-11-08 02:00:00,22.3,58,1014.5,13.1,19.1,0.0,0
2024-11-08 03:00:00,24.8,51,1015.1,11.8,17.6,0.0,0
2024-11-08 04:00:00,28.0,41,1015.7,10.7,18.7,0.0,0
2024-11-08 05:00:00,30.9,30,1015.5,14.1,23.8,0.0,0
2024-11-08 06:00:00,32.9,23,1014.7,17.0,28.8,0.0,0
2024-11-08 07:00:00,34.0,20,1013.4,16.5,29.5,0.0,0
2024-11-08 08:00:00,34.6,18,1012.4,15.6,29.2,0.0,0
2024-11-08 09:00:00,34.9,17,1011.6,15.0,28.1,0.0,0
2024-11-08 10:00:00,34.9,16,1011.1,14.3,26.6,0.0,0
2024-11-08 11:00:00,34.6,16,1011.2,13.7,24.8,0.0,0
2024-11-08 12:00:00,33.5,16,1011.6,11.2,22.0,0.0,0
2024-11-08 13:00:00,31.1,23,1012.1,10.3,14.8,0.0,0
2024-11-08 14:00:00,29.7,26,1012.7,10.7,13.3,0.0,0
2024-11-08 15:00:00,28.6,28,1013.1,12.5,16.2,0.0,0
2024-11-08 16:00:00,27.9,30,1013.5,13.3,17.6,0.0,0
2024-11-08 17:00:00,27.4,31,1013.5,13.7,18.0,0.0,0
2024-11-08 18:00:00,26.7,33,1013.3,14.3,19.1,0.0,0
2024-11-08 19:00:00,26.4,33,1012.9,14.9,19.8,0.0,0
2024-11-08 20:00:00,25.8,34,1012.6,15.2,20.5,0.0,0
2024-11-08 21:00:00,25.0,36,1012.4,14.5,20.2,0.0,0
2024-11-08 22:00:00,24.4,38,1012.5,14.5,19.4,0.0,0
2024-11-08 23:00:00,24.0,40,1012.5,14.5,19.4,0.0,0
2024-11-09 00:00:00,23.5,43,1012.9,15.7,21.2,0.0,0
2024-11-09 01:00:00,21.8,55,1013.9,15.1,20.9,0.0,0
2024-11-09 02:00:00,21.9,61,1014.8,14.8,20.5,0.0,0
2024-11-09 03:00:00,24.2,57,1015.6,12.8,20.2,0.0,0
2024-11-09 04:00:00,27.2,50,1016.1,10.9,19.1,0.0,0
2024-11-09 05:00:00,29.8,42,1016.2,12.9,22.3,0.0,0
2024-11-09 06:00:00,31.9,30,1015.4,14.5,25.9,0.0,0
2024-11-09 07:00:00,33.1,24,1014.3,13.7,26.3,0.0,0
2024-11-09 08:00:00,33.7,21,1013.3,12.4,25.6,0.0,0
2024-11-09 09:00:00,34.0,19,1012.5,12.1,24.1,0.0,0
2024-11-09 10:00:00,34.0,18,1012.1,11.4,23.0,0.0,0
2024-11-09 11:00:00,33.8,18,1012.2,10.6,20.9,0.0,0
2024-11-09 12:00:00,32.7,19,1012.4,8.6,18.0,0.0,0
2024-11-09 13:00:00,30.0,23,1012.8,8.6,10.8,0.0,0
2024-11-09 14:00:00,28.6,25,1013.4,8.9,10.4,0.0,0
2024-11-09 15:00:00,27.7,26,1013.7,10.6,12.6,0.0,0
2024-11-09 16:00:00,26.9,27,1014.0,10.8,13.3,0.0,0
2024-11-09 17:00:00,26.2,28,1014.1,12.1,15.1,0.0,0
2024-11-09 18:00:00,25.4,30,1014.0,12.1,15.5,0.0,0
2024-11-09 19:00:00,24.5,33,1013.7,12.4,15.8,0.0,0
2024-11-09 20:00:00,24.3,33,1013.2,12.9,16.6,0.0,0
2024-11-09 21:00:00,24.2,34,1013.1,13.3,17.3,0.0,0
2024-11-09 22:00:00,23.6,35,1012.9,12.4,16.9,0.0,0
2024-11-09 23:00:00,23.0,37,1013.1,14.1,18.4,0.0,0
2024-11-10 00:00:00,22.9,37,1013.3,14.7,19.1,0.0,0
2024-11-10 01:00:00,21.2,48,1014.4,13.6,17.6,0.0,0
2024-11-10 02:00:00,21.1,51,1015.2,12.9,17.6,0.0,0
2024-11-10 03:00:00,23.5,50,1015.9,10.7,16.9,0.0,0
2024-11-10 04:00:00,26.8,47,1016.6,9.8,16.6,0.0,0
2024-11-10 05:00:00,29.6,40,1016.8,11.8,21.2,0.0,0
2024-11-10 06:00:00,31.9,27,1016.0,15.3,26.3,0.0,0
2024-11-10 07:00:00,33.1,21,1014.8,15.5,28.1,0.0,0
2024-11-10 08:00:00,33.7,18,1013.5,14.4,27.7,0.0,0
2024-11-10 09:00:00,34.0,17,1012.7,13.6,26.3,0.0,0
2024-11-10 10:00:00,33.9,16,1012.3,12.6,24.8,0.0,0
2024-11-10 11:00:00,33.5,16,1012.3,11.4,22.3,0.0,0
2024-11-10 12:00:00,32.2,18,1012.6,8.9,18.7,0.0,0
2024-11-10 13:00:00,29.3,25,1013.3,8.1,11.2,0.0,0
2024-11-10 14:00:00,27.8,29,1013.8,7.4,9.7,0.0,0
2024-11-10 15:00:00,26.8,30,1014.5,8.7,9.7,0.0,0
2024-11-10 16:00:00,25.9,31,1015.0,10.3,12.2,0.0,0
2024-11-10 17:00:00,25.4,32,1014.9,11.5,14.0,0.0,0
2024-11-10 18:00:00,25.0,33,1014.5,12.3,15.5,0.0,0
2024-11-10 19:00:00,24.8,34,1014.3,14.0,18.0,0.0,0
2024-11-10 20:00:00,24.7,35,1013.5,14.4,19.1,0.0,0
2024-11-10 21:00:00,24.1,37,1013.1,13.8,18.7,0.0,0
2024-11-10 22:00:00,23.3,39,1013.0,13.8,18.4,0.0,0
2024-11-10 23:00:00,23.1,39,1013.2,13.7,18.0,0.0,0
2024-11-11 00:00:00,23.1,38,1013.2,13.4,17.6,0.0,0
2024-11-11 01:00:00,21.5,48,1014.2,13.2,16.2,0.0,0
2024-11-11 02:00:00,21.3,49,1015.1,13.8,18.4,0.0,0
2024-11-11 03:00:00,23.7,43,1015.7,13.0,18.7,0.0,0
2024-11-11 04:00:00,26.9,37,1016.2,12.0,19.8,0.0,0
2024-11-11 05:00:00,29.4,35,1016.2,14.7,24.8,0.0,0
2024-11-11 06:00:00,31.2,28,1015.4,16.5,28.1,0.0,0
2024-11-11 07:00:00,32.2,24,1014.3,17.7,30.2,0.0,0
2024-11-11 08:00:00,32.8,22,1013.2,17.2,30.6,0.0,0
2024-11-11 09:00:00,33.0,21,1012.2,16.3,29.9,0.0,6
2024-11-11 10:00:00,33.0,21,1011.9,15.1,28.1,0.0,6
2024-11-11 11:00:00,32.6,21,1011.8,13.7,25.6,0.0,9
2024-11-11 12:00:00,31.6,23,1012.0,10.6,22.0,0.0,3
2024-11-11 13:00:00,29.3,29,1012.5,9.2,14.0,0.0,6
2024-11-11 14:00:00,28.1,32,1013.0,9.6,12.2,0.0,30
2024-11-11 15:00:00,27.0,34,1013.4,9.8,11.9,0.0,1
2024-11-11 16:00:00,26.5,35,1013.8,11.3,14.0,0.0,24
2024-11-11 17:00:00,25.8,36,1013.7,12.4,15.8,0.0,24
2024-11-11 18:00:00,24.9,38,1013.6,12.5,16.2,0.0,15
2024-11-11 19:00:00,24.5,39,1013.2,15.0,19.4,0.0,2
2024-11-11 20:00:00,24.5,38,1012.8,15.2,21.6,0.0,14
2024-11-11 21:00:00,24.1,39,1012.5,14.6,20.5,0.0,89
2024-11-11 22:00:00,23.9,38,1012.4,16.1,21.6,0.0,55
2024-11-11 23:00:00,23.8,38,1012.3,15.7,22.3,0.0,70
2024-11-12 00:00:00,23.4,38,1012.4,15.7,20.9,0.0,55
2024-11-12 01:00:00,21.7,50,1013.7,14.6,21.2,0.0,31
2024-11-12 02:00:00,21.4,53,1014.6,13.2,19.4,0.0,25
2024-11-12 03:00:00,23.6,50,1015.2,10.4,17.6,0.0,0
2024-11-12 04:00:00,26.6,47,1015.9,7.6,15.5,0.0,0
2024-11-12 05:00:00,28.8,44,1016.1,8.0,16.6,0.0,0
2024-11-12 06:00:00,30.6,33,1015.4,9.2,19.4,0.0,0
2024-11-12 07:00:00,31.7,27,1014.3,8.9,20.2,0.0,0
2024-11-12 08:00:00,32.3,24,1013.1,7.3,19.8,0.0,0
2024-11-12 09:00:00,32.6,23,1012.1,7.0,18.0,0.0,0
2024-11-12 10:00:00,32.6,22,1011.6,7.0,16.9,0.0,0
2024-11-12 11:00:00,32.4,21,1011.5,8.3,15.8,0.0,0
2024-11-12 12:00:00,31.5,22,1011.8,9.2,15.5,0.0,0
2024-11-12 13:00:00,28.1,33,1012.5,7.7,16.9,0.0,2
2024-11-12 14:00:00,26.8,37,1013.1,4.0,12.6,0.0,7
2024-11-12 15:00:00,26.2,39,1013.6,4.9,8.3,0.0,9
2024-11-12 16:00:00,24.7,46,1013.9,3.8,9.0,0.0,0
2024-11-12 17:00:00,24.3,49,1013.8,2.2,5.4,0.0,0
2024-11-12 18:00:00,23.1,50,1013.5,3.8,5.4,0.0,0
2024-11-12 19:00:00,22.6,53,1013.2,2.7,5.4,0.0,0
2024-11-12 20:00:00,22.3,54,1012.7,0.5,3.6,0.0,0
2024-11-12 21:00:00,22.0,50,1012.4,2.9,4.3,0.0,0
2024-11-12 22:00:00,21.6,53,1011.9,3.7,5.8,0.0,0
2024-11-12 23:00:00,21.8,52,1011.8,4.0,5.0,0.0,0
2024-11-13 00:00:00,21.8,51,1012.1,3.8,5.4,0.0,0
2024-11-13 01:00:00,20.7,57,1013.1,7.2,11.2,0.0,0
2024-11-13 02:00:00,20.4,58,1013.8,8.0,12.6,0.0,0
2024-11-13 03:00:00,22.7,50,1014.5,8.0,13.3,0.0,0
2024-11-13 04:00:00,25.9,41,1015.0,3.9,13.0,0.0,0
2024-11-13 05:00:00,28.5,34,1014.9,3.5,12.6,0.0,0
2024-11-13 06:00:00,30.2,29,1014.0,4.1,14.8,0.0,0
2024-11-13 07:00:00,31.1,25,1012.8,3.2,14.8,0.0,0
2024-11-13 08:00:00,31.5,24,1011.5,3.2,14.4,0.0,0
2024-11-13 09:00:00,31.8,24,1010.5,3.4,14.0,0.0,3
2024-11-13 10:00:00,31.7,24,1009.9,3.2,13.7,0.0,6
2024-11-13 11:00:00,31.3,24,1009.9,3.6,12.2,0.0,16
2024-11-13 12:00:00,29.2,39,1010.3,2.3,10.1,0.0,9
2024-11-13 13:00:00,27.4,40,1011.2,2.2,4.7,0.0,11
2024-11-13 14:00:00,26.2,41,1011.7,3.2,4.7,0.0,12
2024-11-13 15:00:00,25.5,43,1012.2,2.5,4.7,0.0,8
2024-11-13 16:00:00,24.5,44,1012.5,3.4,4.3,0.0,0
2024-11-13 17:00:00,24.0,44,1012.7,3.2,4.7,0.0,0
2024-11-13 18:00:00,23.5,41,1012.5,4.9,8.3,0.0,0
2024-11-13 19:00:00,22.2,48,1012.2,3.6,8.6,0.0,0
2024-11-13 20:00:00,22.0,50,1011.9,1.5,5.0,0.0,0
2024-11-13 21:00:00,21.4,47,1011.8,5.4,9.0,0.0,0
2024-11-13 22:00:00,20.4,50,1011.7,5.0,9.4,0.0,0
2024-11-13 23:00:00,20.2,51,1011.9,4.0,8.6,0.0,0
2024-11-14 00:00:00,20.6,51,1012.1,2.8,7.2,0.0,0
2024-11-14 01:00:00,20.6,56,1013.2,1.1,3.2,0.0,0
2024-11-14 02:00:00,21.1,51,1014.1,3.1,4.7,0.0,0
2024-11-14 03:00:00,23.0,47,1014.8,4.1,7.6,0.0,0
2024-11-14 04:00:00,26.7,37,1015.6,5.1,12.2,0.0,0
2024-11-14 05:00:00,28.9,31,1016.0,3.8,14.0,0.0,0
2024-11-14 06:00:00,30.3,27,1015.2,1.4,12.6,0.0,0
2024-11-14 07:00:00,31.2,25,1014.3,1.7,11.9,0.0,0
2024-11-14 08:00:00,31.6,24,1013.1,1.7,11.9,0.0,5
2024-11-14 09:00:00,31.9,23,1012.1,3.8,14.0,0.0,22
2024-11-14 10:00:00,31.9,22,1011.8,6.0,16.6,0.0,7
2024-11-14 11:00:00,31.3,23,1011.5,8.9,19.1,0.0,98
2024-11-14 12:00:00,30.0,26,1011.9,4.5,19.1,0.0,2
2024-11-14 13:00:00,27.7,38,1012.8,1.2,2.9,0.0,28
2024-11-14 14:00:00,26.1,40,1013.5,3.8,4.7,0.0,18
2024-11-14 15:00:00,25.5,37,1014.0,6.4,9.0,0.0,11
2024-11-14 16:00:00,25.0,42,1014.4,4.5,9.4,0.0,3
2024-11-14 17:00:00,24.7,42,1014.5,2.5,5.8,0.0,0
2024-11-14 18:00:00,23.9,40,1014.3,5.2,9.0,0.0,0
2024-11-14 19:00:00,22.4,49,1013.7,4.4,8.3,0.0,0
2024-11-14 20:00:00,21.7,51,1013.3,4.3,5.8,0.0,0
2024-11-14 21:00:00,21.1,49,1013.1,4.4,6.1,0.0,0
2024-11-14 22:00:00,20.7,53,1013.2,2.5,6.1,0.0,1
2024-11-14 23:00:00,20.0,54,1013.5,2.7,3.2,0.0,6
2024-11-15 00:00:00,20.0,51,1013.3,7.0,11.9,0.0,1
2024-11-15 01:00:00,19.5,56,1014.2,3.0,5.4,0.0,0
2024-11-15 02:00:00,19.9,54,1014.6,3.3,6.8,0.0,0
2024-11-15 03:00:00,21.3,52,1015.4,4.8,9.4,0.0,0
2024-11-15 04:00:00,25.9,39,1015.9,3.6,10.4,0.0,0
2024-11-15 05:00:00,28.5,31,1016.2,1.8,10.4,0.0,5
2024-11-15 06:00:00,29.9,27,1015.5,2.7,12.2,0.0,4
2024-11-15 07:00:00,30.8,25,1014.3,4.5,15.8,0.0,1
2024-11-15 08:00:00,31.3,24,1013.1,6.4,18.7,0.0,5
2024-11-15 09:00:00,31.4,23,1012.4,9.3,22.7,0.0,12
2024-11-15 10:00:00,31.0,24,1011.9,12.2,26.3,0.0,16
2024-11-15 11:00:00,30.2,25,1011.7,13.8,27.7,0.0,4
2024-11-15 12:00:00,28.8,27,1011.9,12.0,27.4,0.0,5
2024-11-15 13:00:00,27.4,30,1012.6,7.9,11.5,0.0,0
2024-11-15 14:00:00,26.2,33,1013.0,7.8,13.7,0.0,0
2024-11-15 15:00:00,24.6,38,1013.6,6.5,12.2,0.0,0
2024-11-15 16:00:00,24.0,40,1013.8,6.5,10.4,0.0,0
2024-11-15 17:00:00,23.7,41,1013.7,5.5,10.1,0.0,0
2024-11-15 18:00:00,23.1,46,1013.4,4.0,8.3,0.0,0
2024-11-15 19:00:00,22.9,46,1013.1,2.4,5.0,0.0,0
2024-11-15 20:00:00,21.7,46,1013.1,5.9,9.4,0.0,0
2024-11-15 21:00:00,20.8,53,1013.1,3.0,9.7,0.0,0
2024-11-15 22:00:00,21.3,51,1012.9,1.0,4.0,0.0,0
2024-11-15 23:00:00,21.1,52,1013.0,0.8,2.2,0.0,0
2024-11-16 00:00:00,20.2,53,1013.2,2.2,3.2,0.0,0
2024-11-16 01:00:00,20.2,55,1013.7,2.1,3.2,0.0,0
2024-11-16 02:00:00,20.3,54,1014.1,2.7,3.6,0.0,0
2024-11-16 03:00:00,22.4,46,1014.5,3.4,6.1,0.0,0
2024-11-16 04:00:00,25.4,38,1015.2,3.2,9.4,0.0,0
2024-11-16 05:00:00,27.6,32,1015.3,5.6,15.1,0.0,0
2024-11-16 06:00:00,28.9,30,1014.7,8.4,20.9,0.0,0
2024-11-16 07:00:00,29.7,29,1013.7,8.8,22.7,0.0,0
2024-11-16 08:00:00,30.2,27,1012.7,8.9,22.7,0.0,0
2024-11-16 09:00:00,30.4,27,1012.0,9.0,22.7,0.0,0
2024-11-16 10:00:00,30.3,27,1011.4,9.4,22.3,0.0,0
2024-11-16 11:00:00,29.8,27,1011.1,9.6,22.0,0.0,0
2024-11-16 12:00:00,28.3,31,1011.5,6.8,19.4,0.0,0
2024-11-16 13:00:00,26.4,38,1012.1,5.5,9.7,0.0,0
2024-11-16 14:00:00,25.4,40,1012.7,5.7,7.6,0.0,0
2024-11-16 15:00:00,24.6,41,1013.4,8.4,13.3,0.0,0
2024-11-16 16:00:00,22.9,47,1014.1,6.0,13.3,0.0,0
2024-11-16 17:00:00,22.4,51,1014.2,4.3,9.0,0.0,0
2024-11-16 18:00:00,22.3,44,1014.2,6.5,10.1,0.0,0
2024-11-16 19:00:00,21.7,44,1013.8,6.2,10.1,0.0,0
2024-11-16 20:00:00,20.9,46,1013.5,6.6,10.4,0.0,0
2024-11-16 21:00:00,20.6,47,1013.3,7.5,11.5,0.0,0
2024-11-16 22:00:00,19.7,50,1013.4,5.9,11.9,0.0,0
2024-11-16 23:00:00,19.5,48,1013.4,6.0,8.6,0.0,0
2024-11-17 00:00:00,19.2,49,1013.6,5.7,9.4,0.0,0
2024-11-17 01:00:00,18.7,58,1014.2,7.1,11.5,0.0,0
2024-11-17 02:00:00,18.5,59,1014.9,7.4,11.2,0.0,0
2024-11-17 03:00:00,20.4,53,1015.6,8.9,14.0,0.0,0
2024-11-17 04:00:00,23.3,44,1016.4,6.8,15.5,0.0,0
2024-11-17 05:00:00,25.6,39,1016.6,8.1,19.4,0.0,0
2024-11-17 06:00:00,27.6,32,1016.2,9.0,22.3,0.0,0
2024-11-17 07:00:00,28.9,25,1015.1,8.3,22.7,0.0,0
2024-11-17 08:00:00,29.6,21,1014.0,7.5,21.6,0.0,0
2024-11-17 09:00:00,29.9,19,1013.2,7.4,20.5,0.0,0
2024-11-17 10:00:00,29.7,19,1012.9,7.1,19.8,0.0,0
2024-11-17 11:00:00,29.0,20,1012.8,6.9,18.0,0.0,0
2024-11-17 12:00:00,27.3,24,1013.1,6.7,15.1,0.0,0
2024-11-17 13:00:00,25.2,26,1013.5,7.9,13.0,0.0,0
2024-11-17 14:00:00,23.8,32,1014.2,5.7,12.6,0.0,0
2024-11-17 15:00:00,23.1,33,1014.5,4.6,7.6,0.0,0
2024-11-17 16:00:00,22.1,32,1014.9,6.9,10.4,0.0,0
2024-11-17 17:00:00,21.2,34,1015.1,7.3,11.2,0.0,0
2024-11-17 18:00:00,20.8,34,1015.2,8.3,12.6,0.0,0
2024-11-17 19:00:00,20.4,33,1014.8,8.4,13.0,0.0,0
2024-11-17 20:00:00,20.0,33,1014.4,7.4,13.0,0.0,0
2024-11-17 21:00:00,19.5,34,1014.5,8.2,13.0,0.0,0
2024-11-17 22:00:00,18.8,36,1014.6,8.0,13.0,0.0,0
2024-11-17 23:00:00,18.4,37,1014.8,8.1,12.6,0.0,0
2024-11-18 00:00:00,18.0,38,1014.9,7.5,12.6,0.0,0
2024-11-18 01:00:00,17.5,45,1015.4,6.6,11.2,0.0,0
2024-11-18 02:00:00,17.0,47,1016.2,7.5,11.5,0.0,0
2024-11-18 03:00:00,19.0,42,1016.8,8.8,14.8,0.0,0
2024-11-18 04:00:00,22.8,36,1017.5,6.2,15.1,0.0,0
2024-11-18 05:00:00,26.0,29,1017.6,5.9,15.5,0.0,0
2024-11-18 06:00:00,27.9,23,1017.1,6.4,18.4,0.0,0
2024-11-18 07:00:00,28.8,22,1016.0,4.0,18.0,0.0,0
2024-11-18 08:00:00,29.3,21,1014.9,4.8,16.2,0.0,0
2024-11-18 09:00:00,29.5,20,1014.2,6.9,18.7,0.0,0
2024-11-18 10:00:00,29.3,20,1013.8,8.2,19.8,0.0,0
2024-11-18 11:00:00,28.5,21,1013.9,9.2,19.8,0.0,0
2024-11-18 12:00:00,26.7,26,1014.4,7.5,19.1,0.0,0
2024-11-18 13:00:00,24.9,29,1014.7,7.0,10.4,0.0,0
2024-11-18 14:00:00,23.7,31,1015.3,6.1,11.5,0.0,0
2024-11-18 15:00:00,22.9,35,1015.8,4.7,9.0,0.0,0
2024-11-18 16:00:00,22.4,32,1016.2,6.3,9.0,0.0,0
2024-11-18 17:00:00,21.7,33,1016.3,7.6,11.5,0.0,0
2024-11-18 18:00:00,20.8,35,1016.4,8.9,14.0,0.0,0
2024-11-18 19:00:00,20.1,37,1016.0,8.0,14.0,0.0,0
2024-11-18 20:00:00,19.9,37,1015.9,8.2,13.0,0.0,0
2024-11-18 21:00:00,19.5,37,1015.6,8.3,13.3,0.0,0
2024-11-18 22:00:00,19.0,38,1015.6,8.1,13.0,0.0,0
2024-11-18 23:00:00,18.5,40,1015.5,7.5,13.0,0.0,0
2024-11-19 00:00:00,18.0,41,1015.8,7.5,11.9,0.0,0
2024-11-19 01:00:00,17.3,42,1016.4,8.6,13.7,0.0,0
2024-11-19 02:00:00,17.2,41,1017.2,9.2,14.8,0.0,0
2024-11-19 03:00:00,19.2,37,1018.0,10.3,16.6,0.0,0
2024-11-19 04:00:00,22.9,31,1018.7,8.4,17.6,0.0,0
2024-11-19 05:00:00,26.3,25,1018.9,7.4,17.6,0.0,0
2024-11-19 06:00:00,28.0,21,1018.4,4.9,18.7,0.0,0
2024-11-19 07:00:00,28.8,21,1017.2,1.7,15.5,0.0,0
2024-11-19 08:00:00,29.4,20,1016.1,2.8,13.3,0.0,0
2024-11-19 09:00:00,29.6,19,1015.1,4.0,14.4,0.0,0
2024-11-19 10:00:00,29.5,19,1014.5,5.4,15.1,0.0,0
2024-11-19 11:00:00,28.9,20,1014.3,7.3,15.8,0.0,0
2024-11-19 12:00:00,26.9,23,1014.7,8.1,15.8,0.0,0
2024-11-19 13:00:00,25.2,26,1015.1,6.9,13.7,0.0,0
2024-11-19 14:00:00,24.1,28,1015.9,7.9,12.6,0.0,0
2024-11-19 15:00:00,23.0,32,1016.1,5.9,12.2,0.0,0
2024-11-19 16:00:00,22.3,31,1016.4,9.1,14.0,0.0,0
2024-11-19 17:00:00,21.1,32,1016.4,10.3,16.9,0.0,0
2024-11-19 18:00:00,20.8,32,1016.3,9.1,16.9,0.0,0
2024-11-19 19:00:00,20.4,33,1015.9,9.0,14.8,0.0,0
2024-11-19 20:00:00,19.7,35,1015.5,8.8,14.4,0.0,0
2024-11-19 21:00:00,19.1,36,1015.2,8.6,14.4,0.0,0
2024-11-19 22:00:00,18.8,37,1014.9,7.9,13.3,0.0,0
2024-11-19 23:00:00,18.3,38,1014.9,8.5,13.3,0.0,0
2024-11-20 00:00:00,18.0,38,1015.0,8.7,13.7,0.0,0
2024-11-20 01:00:00,17.1,43,1015.8,8.4,13.3,0.0,0
2024-11-20 02:00:00,17.3,42,1016.4,9.3,14.8,0.0,0
2024-11-20 03:00:00,19.4,37,1017.1,10.6,17.3,0.0,0
2024-11-20 04:00:00,23.0,31,1017.9,8.0,18.0,0.0,0
2024-11-20 05:00:00,26.3,24,1017.9,6.6,16.2,0.0,0
2024-11-20 06:00:00,28.1,20,1017.1,5.7,18.0,0.0,0
2024-11-20 07:00:00,28.9,20,1015.7,3.4,16.6,0.0,0
2024-11-20 08:00:00,29.4,19,1014.6,2.7,14.0,0.0,0
2024-11-20 09:00:00,29.6,19,1013.8,2.9,13.0,0.0,0
2024-11-20 10:00:00,29.5,19,1013.2,4.0,13.0,0.0,0
2024-11-20 11:00:00,29.0,20,1013.2,5.7,13.0,0.0,0
2024-11-20 12:00:00,26.8,24,1013.5,5.8,13.0,0.0,0
2024-11-20 13:00:00,24.9,27,1014.2,5.7,12.2,0.0,0
2024-11-20 14:00:00,23.8,29,1014.6,4.9,8.6,0.0,0
2024-11-20 15:00:00,22.9,30,1014.9,6.9,11.2,0.0,0
2024-11-20 16:00:00,22.2,34,1015.1,5.4,10.8,0.0,0
2024-11-20 17:00:00,21.3,32,1015.3,8.9,13.3,0.0,0
2024-11-20 18:00:00,20.3,34,1015.3,10.5,17.6,0.0,0
2024-11-20 19:00:00,20.0,36,1015.0,10.2,17.3,0.0,0
2024-11-20 20:00:00,19.6,37,1014.3,10.0,16.6,0.0,0
2024-11-20 21:00:00,19.1,39,1014.3,9.4,16.2,0.0,0
2024-11-20 22:00:00,19.0,38,1014.0,8.3,14.8,0.0,0
2024-11-20 23:00:00,18.7,39,1014.1,8.8,13.7,0.0,0
2024-11-21 00:00:00,18.1,40,1014.2,8.9,14.4,0.0,0
2024-11-21 01:00:00,17.1,44,1014.8,10.1,16.2,0.0,0
2024-11-21 02:00:00,17.1,44,1015.6,10.4,16.6,0.0,0
2024-11-21 03:00:00,19.2,39,1016.6,11.2,18.4,0.0,0
2024-11-21 04:00:00,22.7,33,1017.2,9.3,19.4,0.0,0
2024-11-21 05:00:00,25.8,26,1017.2,8.3,19.1,0.0,0
2024-11-21 06:00:00,27.6,21,1016.6,8.8,22.3,0.0,0
2024-11-21 07:00:00,28.4,20,1015.3,6.1,21.2,0.0,0
2024-11-21 08:00:00,28.9,19,1014.1,5.0,18.0,0.0,0
2024-11-21 09:00:00,29.1,19,1013.3,4.2,16.2,0.0,0
2024-11-21 10:00:00,29.0,19,1012.9,3.7,14.4,0.0,0
2024-11-21 11:00:00,28.5,19,1012.8,3.4,12.2,0.0,0
2024-11-21 12:00:00,26.2,32,1013.3,2.6,8.6,0.0,0
2024-11-21 13:00:00,24.7,35,1014.1,1.2,2.9,0.0,0
2024-11-21 14:00:00,23.6,36,1014.5,0.9,2.2,0.0,0
2024-11-21 15:00:00,22.2,36,1014.7,3.8,5.0,0.0,0
2024-11-21 16:00:00,21.4,34,1014.9,6.8,10.4,0.0,0
2024-11-21 17:00:00,20.6,35,1014.9,6.8,12.2,0.0,0
2024-11-21 18:00:00,19.4,38,1014.7,6.9,11.2,0.0,0
2024-11-21 19:00:00,18.4,40,1014.3,9.1,14.8,0.0,0
2024-11-21 20:00:00,18.3,39,1014.1,7.8,14.8,0.0,0
2024-11-21 21:00:00,17.9,39,1013.8,7.8,12.2,0.0,0
2024-11-21 22:00:00,17.6,41,1013.8,8.1,13.0,0.0,0
2024-11-21 23:00:00,17.6,41,1013.7,8.3,13.7,0.0,0
2024-11-22 00:00:00,17.4,42,1013.7,8.5,13.3,0.0,0
2024-11-22 01:00:00,16.9,44,1014.3,8.5,13.3,0.0,0
2024-11-22 02:00:00,16.8,44,1015.1,9.4,14.8,0.0,0
2024-11-22 03:00:00,19.2,38,1016.0,10.4,16.9,0.0,0
2024-11-22 04:00:00,22.9,31,1016.7,8.8,18.4,0.0,0
2024-11-22 05:00:00,25.6,26,1017.1,8.3,19.1,0.0,0
2024-11-22 06:00:00,27.1,22,1016.2,9.4,22.7,0.0,0
2024-11-22 07:00:00,28.0,20,1015.0,7.6,22.3,0.0,0
2024-11-22 08:00:00,28.5,19,1013.6,6.6,20.2,0.0,0
2024-11-22 09:00:00,28.8,19,1012.7,5.6,18.7,0.0,0
2024-11-22 10:00:00,28.7,19,1012.2,5.2,16.6,0.0,0
2024-11-22 11:00:00,28.2,19,1011.9,4.7,14.4,0.0,0
2024-11-22 12:00:00,25.8,32,1012.3,3.0,10.4,0.0,0
2024-11-22 13:00:00,24.4,34,1012.9,2.4,3.6,0.0,0
2024-11-22 14:00:00,23.0,32,1013.5,4.6,6.5,0.0,0
2024-11-22 15:00:00,21.9,33,1013.8,7.2,11.2,0.0,0
2024-11-22 16:00:00,21.0,35,1014.0,7.9,11.9,0.0,0
2024-11-22 17:00:00,20.4,37,1014.2,8.8,13.7,0.0,0
2024-11-22 18:00:00,20.1,37,1014.0,9.1,14.4,0.0,0
2024-11-22 19:00:00,19.5,37,1013.5,10.1,16.2,0.0,0
2024-11-22 20:00:00,19.2,38,1013.1,9.7,16.2,0.0,0
2024-11-22 21:00:00,18.9,38,1013.0,9.2,15.8,0.0,0
2024-11-22 22:00:00,18.2,40,1013.2,9.0,14.4,0.0,0
2024-11-22 23:00:00,17.7,41,1013.4,9.2,15.1,0.0,0
2024-11-23 00:00:00,17.5,42,1013.7,8.8,14.8,0.0,0
2024-11-23 01:00:00,17.3,42,1014.5,8.9,14.4,0.0,0
2024-11-23 02:00:00,17.5,41,1015.3,9.7,15.1,0.0,0
2024-11-23 03:00:00,19.9,35,1016.1,9.9,16.2,0.0,0
2024-11-23 04:00:00,23.2,30,1016.7,9.0,17.6,0.0,0
2024-11-23 05:00:00,25.8,24,1016.7,9.2,20.5,0.0,0
2024-11-23 06:00:00,27.5,21,1016.1,10.3,23.8,0.0,0
2024-11-23 07:00:00,28.4,20,1014.8,8.4,23.8,0.0,0
2024-11-23 08:00:00,29.1,19,1013.7,7.2,21.2,0.0,0
2024-11-23 09:00:00,29.4,18,1013.0,6.1,19.4,0.0,0
2024-11-23 10:00:00,29.4,18,1012.7,4.8,16.9,0.0,0
2024-11-23 11:00:00,28.9,19,1012.4,4.1,13.7,0.0,0
2024-11-23 12:00:00,26.5,33,1012.8,0.8,9.0,0.0,0
2024-11-23 13:00:00,24.8,34,1013.5,0.9,1.8,0.0,0
2024-11-23 14:00:00,23.5,36,1014.1,1.5,2.2,0.0,0
2024-11-23 15:00:00,22.6,36,1014.5,2.6,4.0,0.0,0
2024-11-23 16:00:00,21.7,36,1014.8,3.2,4.7,0.0,0
2024-11-23 17:00:00,21.6,33,1015.0,4.2,7.2,0.0,0
2024-11-23 18:00:00,20.4,36,1014.7,5.3,9.0,0.0,1
2024-11-23 19:00:00,18.6,41,1014.4,7.0,11.2,0.0,0
2024-11-23 20:00:00,18.1,41,1014.0,9.5,15.1,0.0,0
2024-11-23 21:00:00,18.5,38,1013.9,9.9,16.2,0.0,0
2024-11-23 22:00:00,18.6,38,1013.8,8.0,16.2,0.0,3
2024-11-23 23:00:00,17.8,41,1014.1,5.6,12.6,0.0,6
2024-11-24 00:00:00,18.0,40,1014.4,7.3,11.2,0.0,0
2024-11-24 01:00:00,17.5,41,1015.6,8.7,13.7,0.0,0
2024-11-24 02:00:00,17.6,41,1016.3,8.3,14.0,0.0,14
2024-11-24 03:00:00,19.6,37,1016.7,8.1,14.0,0.0,33
2024-11-24 04:00:00,23.0,31,1017.6,2.8,13.0,0.0,85
2024-11-24 05:00:00,25.9,26,1017.5,1.2,8.3,0.0,36
2024-11-24 06:00:00,27.6,23,1017.0,2.9,12.2,0.0,20
2024-11-24 07:00:00,28.5,21,1015.9,4.0,14.8,0.0,56
2024-11-24 08:00:00,29.2,21,1015.1,4.7,15.8,0.0,22
2024-11-24 09:00:00,29.5,20,1014.3,5.3,16.2,0.0,52
2024-11-24 10:00:00,29.3,20,1013.9,6.4,16.6,0.0,83
2024-11-24 11:00:00,28.6,22,1013.7,7.9,16.9,0.0,0
2024-11-24 12:00:00,26.5,26,1014.0,9.1,16.9,0.0,0
2024-11-24 13:00:00,25.0,29,1014.7,6.7,15.1,0.0,1
2024-11-24 14:00:00,24.0,37,1014.9,2.7,10.1,0.0,0
2024-11-24 15:00:00,22.9,40,1015.4,4.0,4.7,0.0,1
2024-11-24 16:00:00,21.8,40,1015.7,6.4,8.6,0.0,0
2024-11-24 17:00:00,20.7,50,1015.9,5.9,9.7,0.0,0
2024-11-24 18:00:00,19.7,57,1015.9,4.9,7.9,0.0,0
2024-11-24 19:00:00,18.9,61,1015.6,5.1,7.9,0.0,0
2024-11-24 20:00:00,18.7,60,1015.3,4.7,6.5,0.0,0
2024-11-24 21:00:00,18.5,60,1015.4,4.2,6.1,0.0,0
2024-11-24 22:00:00,18.1,63,1015.5,4.3,5.4,0.0,0
2024-11-24 23:00:00,17.7,65,1015.6,4.4,5.4,0.0,0
2024-11-25 00:00:00,17.2,67,1015.8,4.7,6.1,0.0,0
2024-11-25 01:00:00,16.4,67,1016.9,6.2,9.4,0.0,0
2024-11-25 02:00:00,16.3,68,1017.5,7.6,11.5,0.0,0
2024-11-25 03:00:00,18.1,62,1018.1,9.6,15.5,0.0,0
2024-11-25 04:00:00,21.5,52,1018.7,7.3,16.6,0.0,0
2024-11-25 05:00:00,24.9,42,1018.7,7.2,17.3,0.0,0
2024-11-25 06:00:00,26.8,36,1017.7,5.9,18.7,0.0,0
2024-11-25 07:00:00,27.9,32,1016.5,3.6,16.9,0.0,0
2024-11-25 08:00:00,28.5,30,1015.5,5.6,17.3,0.0,0
2024-11-25 09:00:00,28.7,30,1014.6,7.7,20.2,0.0,0
2024-11-25 10:00:00,28.4,31,1014.2,8.7,20.9,0.0,0
2024-11-25 11:00:00,27.8,33,1014.2,7.8,20.5,0.0,0
2024-11-25 12:00:00,25.9,43,1014.3,3.8,16.6,0.0,0
2024-11-25 13:00:00,24.4,47,1014.6,4.3,6.1,0.0,0
2024-11-25 14:00:00,23.3,49,1015.1,4.8,6.5,0.0,0
2024-11-25 15:00:00,22.7,49,1015.5,4.3,6.5,0.0,0
2024-11-25 16:00:00,22.5,47,1015.8,6.0,9.7,0.0,0
2024-11-25 17:00:00,21.5,49,1015.9,5.5,10.1,0.0,0
2024-11-25 18:00:00,21.1,49,1015.7,7.2,11.2,0.0,0
2024-11-25 19:00:00,20.3,51,1015.4,7.5,12.2,0.0,0
2024-11-25 20:00:00,19.8,53,1015.1,6.6,11.9,0.0,0
2024-11-25 21:00:00,18.7,59,1015.3,4.1,10.1,0.0,0
2024-11-25 22:00:00,18.3,61,1015.3,2.5,5.8,0.0,0
2024-11-25 23:00:00,18.2,62,1015.4,2.0,4.0,0.0,0
2024-11-26 00:00:00,18.3,60,1015.7,2.8,4.0,0.0,0
2024-11-26 01:00:00,17.8,59,1016.3,5.8,9.4,0.0,0
2024-11-26 02:00:00,17.9,58,1016.7,7.0,10.4,0.0,0
2024-11-26 03:00:00,19.9,51,1017.2,8.2,13.0,0.0,0
2024-11-26 04:00:00,23.8,40,1017.8,7.4,14.8,0.0,0
2024-11-26 05:00:00,26.6,33,1017.7,8.4,19.1,0.0,0
2024-11-26 06:00:00,28.0,30,1016.9,8.6,21.2,0.0,0
2024-11-26 07:00:00,29.0,27,1015.5,8.2,20.9,0.0,0
2024-11-26 08:00:00,29.7,25,1014.3,8.6,21.6,0.0,0
2024-11-26 09:00:00,30.0,24,1013.4,10.0,23.4,0.0,0
2024-11-26 10:00:00,29.9,24,1013.1,10.1,23.0,0.0,0
2024-11-26 11:00:00,29.2,26,1012.9,10.0,22.3,0.0,0
2024-11-26 12:00:00,27.3,32,1012.9,6.1,19.8,0.0,0
2024-11-26 13:00:00,25.8,37,1013.5,7.1,11.2,0.0,0
2024-11-26 14:00:00,24.6,41,1014.1,8.4,13.0,0.0,0
2024-11-26 15:00:00,23.8,44,1014.5,8.3,14.0,0.0,0
2024-11-26 16:00:00,23.4,45,1014.8,7.3,13.0,0.0,0
2024-11-26 17:00:00,22.6,47,1014.9,7.5,11.5,0.0,0
2024-11-26 18:00:00,21.7,49,1014.7,6.0,11.5,0.0,0
2024-11-26 19:00:00,21.3,50,1014.0,5.9,8.6,0.0,0
2024-11-26 20:00:00,20.6,53,1013.6,5.5,9.0,0.0,0
2024-11-26 21:00:00,20.2,55,1013.6,5.8,7.6,0.0,0
2024-11-26 22:00:00,20.2,53,1013.4,5.9,8.3,0.0,0
2024-11-26 23:00:00,19.8,55,1013.5,5.8,9.0,0.0,0
2024-11-27 00:00:00,19.3,57,1013.5,5.6,8.3,0.0,0
2024-11-27 01:00:00,18.6,58,1014.1,5.8,9.0,0.0,0
2024-11-27 02:00:00,17.3,63,1014.7,5.5,9.7,0.0,0
2024-11-27 03:00:00,19.3,57,1015.4,5.2,8.6,0.0,0
2024-11-27 04:00:00,23.0,46,1016.1,4.9,10.8,0.0,0
2024-11-27 05:00:00,26.0,37,1016.1,3.9,12.2,0.0,0
2024-11-27 06:00:00,27.7,33,1015.4,4.3,14.4,0.0,0
2024-11-27 07:00:00,28.8,29,1014.1,4.8,15.8,0.0,0
2024-11-27 08:00:00,29.5,26,1013.0,4.6,15.8,0.0,0
2024-11-27 09:00:00,29.9,23,1012.1,3.6,15.5,0.0,0
2024-11-27 10:00:00,29.8,22,1011.7,2.5,13.3,0.0,0
2024-11-27 11:00:00,29.3,22,1011.6,3.0,10.4,0.0,0
2024-11-27 12:00:00,26.7,36,1012.1,3.6,7.6,0.0,0
2024-11-27 13:00:00,24.8,33,1012.6,5.4,7.6,0.0,0
2024-11-27 14:00:00,23.7,36,1013.5,5.4,7.6,0.0,0
2024-11-27 15:00:00,23.2,37,1013.9,4.9,7.2,0.0,0
2024-11-27 16:00:00,22.7,34,1014.2,6.7,9.0,0.0,0
2024-11-27 17:00:00,22.4,34,1014.2,8.7,14.0,0.0,0
2024-11-27 18:00:00,20.9,38,1014.3,9.0,14.4,0.0,0
2024-11-27 19:00:00,20.1,39,1014.0,9.4,15.5,0.0,0
2024-11-27 20:00:00,20.1,39,1013.8,8.9,15.1,0.0,0
2024-11-27 21:00:00,19.7,41,1013.6,9.2,14.4,0.0,0
2024-11-27 22:00:00,19.0,44,1013.5,9.8,15.8,0.0,0
2024-11-27 23:00:00,18.6,45,1013.7,9.6,16.2,0.0,0
2024-11-28 00:00:00,18.5,45,1013.9,10.7,17.6,0.0,0
2024-11-28 01:00:00,18.0,44,1014.9,11.3,18.4,0.0,0
2024-11-28 02:00:00,17.9,45,1015.4,10.9,18.7,0.0,0
2024-11-28 03:00:00,19.7,41,1016.1,11.4,19.1,0.0,0
2024-11-28 04:00:00,23.0,34,1016.7,10.4,20.2,0.0,0
2024-11-28 05:00:00,26.3,27,1017.0,8.6,19.1,0.0,0
2024-11-28 06:00:00,28.6,22,1016.4,9.8,22.7,0.0,0
2024-11-28 07:00:00,29.6,20,1015.2,6.3,22.7,0.0,0
2024-11-28 08:00:00,30.1,19,1014.2,3.4,17.3,0.0,0
2024-11-28 09:00:00,30.3,18,1013.1,4.9,15.1,0.0,0
2024-11-28 10:00:00,30.1,18,1012.7,6.7,16.6,0.0,0
2024-11-28 11:00:00,29.4,18,1012.9,8.1,16.6,0.0,0
2024-11-28 12:00:00,27.2,22,1013.2,7.4,16.6,0.0,0
2024-11-28 13:00:00,25.3,26,1013.7,7.8,12.2,0.0,0
2024-11-28 14:00:00,23.9,28,1014.5,7.6,11.9,0.0,0
2024-11-28 15:00:00,22.8,30,1015.0,7.3,11.9,0.0,0
2024-11-28 16:00:00,21.8,31,1015.4,8.3,13.0,0.0,0
2024-11-28 17:00:00,21.3,31,1015.6,8.0,13.3,0.0,0
2024-11-28 18:00:00,20.6,31,1015.6,7.6,12.2,0.0,0
2024-11-28 19:00:00,20.0,30,1015.3,8.3,12.6,0.0,0
2024-11-28 20:00:00,19.7,28,1015.0,9.7,15.5,0.0,0
2024-11-28 21:00:00,19.4,28,1014.9,10.1,16.2,0.0,0
2024-11-28 22:00:00,19.1,30,1014.9,10.5,17.3,0.0,0
2024-11-28 23:00:00,18.8,33,1015.0,11.4,18.7,0.0,0
2024-11-29 00:00:00,18.3,35,1015.4,11.2,19.8,0.0,0
2024-11-29 01:00:00,17.4,38,1016.1,10.7,19.1,0.0,0
2024-11-29 02:00:00,17.1,42,1016.7,11.5,19.1,0.0,0
2024-11-29 03:00:00,18.8,43,1017.4,12.3,20.5,0.0,0
2024-11-29 04:00:00,21.5,40,1018.1,10.5,20.9,0.0,0
2024-11-29 05:00:00,24.5,36,1018.2,9.7,21.6,0.0,0
2024-11-29 06:00:00,27.0,30,1017.6,10.7,24.1,0.0,0
2024-11-29 07:00:00,28.3,23,1016.3,8.0,24.1,0.0,0
2024-11-29 08:00:00,29.0,21,1015.2,5.5,20.5,0.0,0
2024-11-29 09:00:00,29.2,20,1014.1,5.2,16.9,0.0,0
2024-11-29 10:00:00,29.1,20,1013.6,6.0,15.8,0.0,0
2024-11-29 11:00:00,28.5,20,1013.6,7.2,15.8,0.0,0
2024-11-29 12:00:00,26.4,24,1013.9,6.6,14.8,0.0,0
2024-11-29 13:00:00,24.9,27,1014.5,8.5,13.3,0.0,0
2024-11-29 14:00:00,23.9,26,1015.1,8.8,13.7,0.0,0
2024-11-29 15:00:00,22.6,27,1015.6,9.3,15.1,0.0,0
2024-11-29 16:00:00,21.7,29,1016.1,9.4,15.1,0.0,0
2024-11-29 17:00:00,20.9,31,1016.2,9.3,14.8,0.0,0
2024-11-29 18:00:00,20.5,32,1016.0,9.7,15.1,0.0,0
2024-11-29 19:00:00,20.1,33,1015.7,9.4,15.5,0.0,0
2024-11-29 20:00:00,19.2,35,1015.3,8.8,15.1,0.0,0
2024-11-29 21:00:00,18.5,37,1015.1,9.3,15.1,0.0,0
2024-11-29 22:00:00,18.3,37,1014.9,9.0,16.9,0.0,0
2024-11-29 23:00:00,17.8,38,1015.0,7.6,14.4,0.0,0
2024-11-30 00:00:00,16.7,47,1015.6,1.5,11.5,0.0,0
2024-11-30 01:00:00,15.4,46,1016.5,5.5,8.6,0.0,0
2024-11-30 02:00:00,14.5,51,1017.1,4.8,9.0,0.0,0
2024-11-30 03:00:00,15.7,47,1017.8,7.3,13.0,0.0,0
2024-11-30 04:00:00,18.8,38,1018.3,5.5,13.7,0.0,1
2024-11-30 05:00:00,21.5,31,1018.5,5.9,16.2,0.0,0
2024-11-30 06:00:00,23.9,26,1017.7,6.7,18.4,0.0,0
2024-11-30 07:00:00,25.7,23,1016.3,6.8,19.4,0.0,0
2024-11-30 08:00:00,26.8,21,1014.9,7.0,19.8,0.0,0
2024-11-30 09:00:00,27.3,20,1013.7,7.0,19.8,0.0,0
2024-11-30 10:00:00,27.3,21,1013.1,7.1,18.7,0.0,0
2024-11-30 11:00:00,26.8,22,1013.0,7.1,17.6,0.0,0
2024-11-30 12:00:00,24.8,28,1012.9,4.5,15.1,0.0,0
2024-11-30 13:00:00,23.0,35,1013.5,5.1,6.8,0.0,0
2024-11-30 14:00:00,22.4,35,1014.1,5.8,9.0,0.0,0
2024-11-30 15:00:00,21.6,40,1014.5,4.3,8.6,0.0,0
2024-11-30 16:00:00,21.0,37,1014.8,5.2,6.8,0.0,0
2024-11-30 17:00:00,20.3,38,1014.8,7.4,11.9,0.0,0
2024-11-30 18:00:00,19.6,41,1014.7,6.0,11.5,0.0,0
2024-11-30 19:00:00,18.8,46,1014.1,5.3,9.0,0.0,0
2024-11-30 20:00:00,18.9,45,1013.6,5.7,8.3,0.0,0
2024-11-30 21:00:00,18.2,48,1013.7,5.9,9.4,0.0,0
2024-11-30 22:00:00,17.9,49,1013.3,6.7,10.4,0.0,0
2024-11-30 23:00:00,17.6,51,1013.3,6.6,10.4,0.0,0
2024-12-01 00:00:00,17.5,51,1013.5,7.6,11.5,0.0,0
2024-12-01 01:00:00,17.0,51,1014.2,8.1,12.6,0.0,0
2024-12-01 02:00:00,16.7,52,1014.7,8.1,12.6,0.0,0
2024-12-01 03:00:00,18.0,49,1015.2,9.2,14.4,0.0,0
2024-12-01 04:00:00,21.1,42,1015.9,5.6,15.1,0.0,0
2024-12-01 05:00:00,24.1,35,1015.7,5.0,14.0,0.0,0
2024-12-01 06:00:00,26.2,30,1015.1,6.9,18.4,0.0,0
2024-12-01 07:00:00,27.2,27,1013.8,6.1,18.7,0.0,0
2024-12-01 08:00:00,27.7,26,1012.5,4.7,17.6,0.0,0
2024-12-01 09:00:00,27.9,26,1011.2,4.4,15.8,0.0,0
2024-12-01 10:00:00,27.8,26,1010.6,5.2,15.1,0.0,0
2024-12-01 11:00:00,27.3,27,1010.3,6.3,14.8,0.0,1
2024-12-01 12:00:00,25.5,31,1010.4,6.1,14.0,0.0,0
2024-12-01 13:00:00,23.9,36,1011.3,7.1,11.2,0.0,1
2024-12-01 14:00:00,22.9,38,1011.8,7.2,11.2,0.0,1
2024-12-01 15:00:00,22.0,41,1012.1,6.0,11.2,0.0,0
2024-12-01 16:00:00,21.7,40,1012.4,7.4,11.5,0.0,1
2024-12-01 17:00:00,20.8,42,1012.6,8.0,12.6,0.0,1
2024-12-01 18:00:00,20.3,44,1012.4,7.4,12.6,0.0,1
2024-12-01 19:00:00,19.4,47,1012.4,6.0,11.2,0.0,1
2024-12-01 20:00:00,18.9,49,1012.1,6.9,10.8,0.0,1
2024-12-01 21:00:00,18.3,51,1011.9,6.4,10.8,0.0,1
2024-12-01 22:00:00,18.0,53,1011.6,7.1,10.4,0.0,1
2024-12-01 23:00:00,17.7,54,1011.6,7.9,12.2,0.0,1
2024-12-02 00:00:00,17.6,54,1011.9,7.6,12.2,0.0,0
2024-12-02 01:00:00,17.0,55,1012.4,8.5,13.0,0.0,0
2024-12-02 02:00:00,16.6,56,1013.3,9.0,15.5,0.0,0
2024-12-02 03:00:00,18.2,51,1013.9,10.2,16.2,0.0,0
2024-12-02 04:00:00,21.5,43,1014.6,8.4,17.6,0.0,0
2024-12-02 05:00:00,24.4,38,1015.0,7.1,17.3,0.0,0
2024-12-02 06:00:00,26.3,34,1014.4,8.1,20.2,0.0,0
2024-12-02 07:00:00,27.3,30,1013.5,6.6,20.5,0.0,0
2024-12-02 08:00:00,27.9,29,1012.6,6.6,18.7,0.0,0
2024-12-02 09:00:00,28.0,29,1011.9,7.4,19.4,0.0,0
2024-12-02 10:00:00,27.9,29,1011.6,8.0,19.4,0.0,0
2024-12-02 11:00:00,27.4,29,1011.5,8.6,19.4,0.0,0
2024-12-02 12:00:00,25.7,34,1011.7,6.6,18.0,0.0,0
2024-12-02 13:00:00,24.2,38,1012.3,6.6,10.8,0.0,0
2024-12-02 14:00:00,23.0,43,1013.1,5.9,10.4,0.0,0
2024-12-02 15:00:00,22.2,45,1013.6,6.6,9.7,0.0,0
2024-12-02 16:00:00,21.3,47,1014.0,8.5,13.3,0.0,0
2024-12-02 17:00:00,20.6,48,1014.4,8.9,14.4,0.0,0
2024-12-02 18:00:00,20.0,49,1014.5,9.0,14.4,0.0,0
2024-12-02 19:00:00,19.4,51,1014.6,9.4,15.1,0.0,0
2024-12-02 20:00:00,18.6,53,1014.7,8.5,15.1,0.0,0
2024-12-02 21:00:00,17.9,56,1014.7,8.1,13.7,0.0,0
2024-12-02 22:00:00,17.3,58,1014.6,8.6,14.0,0.0,0
2024-12-02 23:00:00,16.8,59,1014.5,7.9,14.4,0.0,0
2024-12-03 00:00:00,16.3,61,1014.7,7.8,12.6,0.0,0
2024-12-03 01:00:00,15.6,67,1014.8,6.6,10.8,0.0,0
2024-12-03 02:00:00,15.2,69,1015.8,7.0,10.8,0.0,1
2024-12-03 03:00:00,16.2,65,1016.7,7.7,13.7,0.0,0
2024-12-03 04:00:00,18.5,57,1017.6,6.5,15.1,0.0,0
2024-12-03 05:00:00,20.7,49,1018.2,9.3,21.6,0.0,0
2024-12-03 06:00:00,22.8,44,1017.4,9.6,23.0,0.0,0
2024-12-03 07:00:00,24.6,40,1016.4,9.8,23.8,0.0,0
2024-12-03 08:00:00,25.9,36,1015.4,10.3,24.1,0.0,0
2024-12-03 09:00:00,26.5,34,1014.5,11.0,25.2,0.0,0
2024-12-03 10:00:00,26.5,34,1014.2,11.5,25.2,0.0,0
2024-12-03 11:00:00,26.0,35,1014.0,11.5,24.5,0.0,0
2024-12-03 12:00:00,24.5,40,1014.4,8.4,22.3,0.0,0
2024-12-03 13:00:00,23.4,42,1015.4,9.6,16.6,0.0,0
2024-12-03 14:00:00,22.5,44,1016.2,10.5,17.6,0.0,0
2024-12-03 15:00:00,21.7,47,1016.6,10.4,17.3,0.0,0
2024-12-03 16:00:00,21.1,49,1017.0,10.4,18.0,0.0,0
2024-12-03 17:00:00,20.2,52,1017.3,9.5,17.3,0.0,2
2024-12-03 18:00:00,19.4,55,1017.4,10.4,17.3,0.0,0
2024-12-03 19:00:00,18.7,58,1017.2,10.2,17.3,0.0,0
2024-12-03 20:00:00,18.1,60,1016.9,10.3,17.6,0.0,0
2024-12-03 21:00:00,17.7,61,1016.8,10.9,18.0,0.0,0
2024-12-03 22:00:00,17.2,63,1016.3,11.0,18.7,0.0,0
2024-12-03 23:00:00,16.8,66,1016.1,10.7,18.4,0.0,0
2024-12-04 00:00:00,16.4,68,1016.4,10.1,18.0,0.0,0
2024-12-04 01:00:00,15.9,81,1017.2,10.4,19.1,0.0,0
2024-12-04 02:00:00,15.5,83,1017.9,9.3,17.3,0.0,0
2024-12-04 03:00:00,16.6,78,1018.8,10.0,16.9,0.0,0
2024-12-04 04:00:00,18.8,67,1019.2,8.3,18.4,0.0,0
2024-12-04 05:00:00,21.1,58,1019.3,8.6,20.5,0.0,0
2024-12-04 06:00:00,23.3,49,1018.6,8.4,21.2,0.0,0
2024-12-04 07:00:00,24.9,43,1017.5,8.7,22.3,0.0,0
2024-12-04 08:00:00,25.9,37,1016.3,7.6,22.3,0.0,0
2024-12-04 09:00:00,26.2,35,1015.2,7.3,20.5,0.0,0
2024-12-04 10:00:00,26.1,34,1014.8,7.8,19.8,0.0,0
2024-12-04 11:00:00,25.5,35,1014.7,8.5,19.4,0.0,0
2024-12-04 12:00:00,23.9,41,1014.9,5.3,18.0,0.0,0
2024-12-04 13:00:00,22.2,46,1015.4,4.7,8.3,0.0,0
2024-12-04 14:00:00,21.2,50,1015.9,4.6,6.1,0.0,0
2024-12-04 15:00:00,20.2,52,1016.4,5.2,6.5,0.0,0
2024-12-04 16:00:00,19.5,54,1016.5,4.7,6.5,0.0,0
2024-12-04 17:00:00,19.0,54,1016.6,3.8,5.8,0.0,0
2024-12-04 18:00:00,18.3,56,1016.3,4.6,5.8,0.0,0
2024-12-04 19:00:00,17.6,57,1015.7,4.0,5.8,0.0,0
2024-12-04 20:00:00,17.0,59,1015.4,4.0,5.0,0.0,5
2024-12-04 21:00:00,16.3,61,1015.2,4.2,5.4,0.0,2
2024-12-04 22:00:00,15.8,60,1014.9,4.1,6.1,0.0,0
2024-12-04 23:00:00,15.5,62,1014.8,3.7,6.1,0.0,0
2024-12-05 00:00:00,15.3,62,1014.7,3.1,5.4,0.0,0
2024-12-05 01:00:00,14.5,66,1015.5,2.7,4.3,0.0,0
2024-12-05 02:00:00,14.8,65,1016.1,2.6,4.3,0.0,0
2024-12-05 03:00:00,16.8,56,1016.7,4.8,8.6,0.0,2
2024-12-05 04:00:00,20.3,46,1017.2,6.6,13.3,0.0,0
2024-12-05 05:00:00,23.3,36,1017.3,6.2,15.5,0.0,0
2024-12-05 06:00:00,24.9,31,1016.8,4.4,16.2,0.0,0
2024-12-05 07:00:00,25.9,29,1015.6,2.8,14.8,0.0,0
2024-12-05 08:00:00,26.6,27,1014.5,2.7,13.0,0.0,0
2024-12-05 09:00:00,27.0,26,1013.4,4.5,14.8,0.0,0
2024-12-05 10:00:00,27.0,27,1013.0,7.0,17.3,0.0,0
2024-12-05 11:00:00,26.4,28,1012.9,8.4,18.0,0.0,0
2024-12-05 12:00:00,24.6,33,1013.0,5.6,17.3,0.0,0
2024-12-05 13:00:00,22.7,41,1013.6,5.0,9.0,0.0,0
2024-12-05 14:00:00,21.9,42,1014.3,7.3,10.8,0.0,0
2024-12-05 15:00:00,20.9,44,1014.8,7.6,12.6,0.0,0
2024-12-05 16:00:00,20.2,46,1014.9,7.0,11.5,0.0,0
2024-12-05 17:00:00,19.6,48,1015.0,7.2,10.8,0.0,0
2024-12-05 18:00:00,18.9,50,1014.9,7.4,11.2,0.0,3
2024-12-05 19:00:00,18.5,53,1014.7,7.8,11.9,0.0,40
2024-12-05 20:00:00,17.8,57,1014.4,7.6,12.6,0.0,4
2024-12-05 21:00:00,17.5,58,1014.3,7.8,11.9,0.0,12
2024-12-05 22:00:00,16.8,61,1014.1,6.1,11.9,0.0,99
2024-12-05 23:00:00,16.5,62,1013.9,6.3,9.0,0.0,98
2024-12-06 00:00:00,16.0,63,1014.1,6.3,10.1,0.0,79
2024-12-06 01:00:00,15.3,67,1014.6,4.8,7.2,0.0,0
2024-12-06 02:00:00,15.6,66,1015.3,3.3,6.1,0.0,8
2024-12-06 03:00:00,17.5,62,1015.8,1.4,4.3,0.0,1
2024-12-06 04:00:00,20.5,49,1016.2,2.4,6.5,0.0,0
2024-12-06 05:00:00,23.2,33,1016.4,1.7,8.6,0.0,0
2024-12-06 06:00:00,24.8,23,1015.8,4.8,14.4,0.0,0
2024-12-06 07:00:00,25.8,21,1014.5,8.3,20.9,0.0,0
2024-12-06 08:00:00,26.2,21,1013.4,10.5,24.8,0.0,0
2024-12-06 09:00:00,26.4,22,1012.3,11.1,25.2,0.0,0
2024-12-06 10:00:00,26.3,23,1011.7,11.4,25.2,0.0,0
2024-12-06 11:00:00,25.7,24,1011.6,11.2,24.8,0.0,0
2024-12-06 12:00:00,23.7,28,1011.6,6.9,22.0,0.0,0
2024-12-06 13:00:00,22.3,29,1012.2,8.2,13.0,0.0,0
2024-12-06 14:00:00,21.1,26,1012.7,8.9,14.0,0.0,0
2024-12-06 15:00:00,19.9,26,1013.2,8.3,14.0,0.0,0
2024-12-06 16:00:00,18.4,32,1013.4,6.3,12.6,0.0,0
2024-12-06 17:00:00,17.8,37,1013.6,3.3,8.3,0.0,0
2024-12-06 18:00:00,17.8,40,1013.4,1.3,4.3,0.0,0
2024-12-06 19:00:00,17.6,39,1012.8,0.7,1.8,0.0,0
2024-12-06 20:00:00,17.3,38,1012.5,1.1,2.2,0.0,0
2024-12-06 21:00:00,17.0,38,1012.1,1.2,2.2,0.0,0
2024-12-06 22:00:00,16.6,38,1011.7,1.4,2.5,0.0,0
2024-12-06 23:00:00,16.1,39,1011.5,1.9,2.9,0.0,0
2024-12-07 00:00:00,15.9,39,1011.6,3.4,4.3,0.0,5
2024-12-07 01:00:00,15.4,42,1012.6,1.2,2.2,0.0,18
2024-12-07 02:00:00,15.1,42,1013.1,2.9,4.0,0.0,8
2024-12-07 03:00:00,16.0,39,1013.8,4.8,6.8,0.0,0
2024-12-07 04:00:00,19.1,32,1014.0,6.1,11.2,0.0,0
2024-12-07 05:00:00,22.1,24,1014.4,6.1,14.4,0.0,0
2024-12-07 06:00:00,23.9,15,1013.8,10.7,23.4,0.0,0
2024-12-07 07:00:00,25.0,11,1012.6,14.6,31.0,0.0,0
2024-12-07 08:00:00,25.4,9,1011.6,16.4,34.2,0.0,0
2024-12-07 09:00:00,25.6,9,1010.7,15.5,34.2,0.0,0
2024-12-07 10:00:00,25.4,9,1010.3,15.0,32.0,0.0,0
2024-12-07 11:00:00,24.6,11,1010.3,13.6,30.2,0.0,0
2024-12-07 12:00:00,22.3,15,1010.6,9.2,24.8,0.0,0
2024-12-07 13:00:00,21.0,19,1011.4,9.4,14.8,0.0,0
2024-12-07 14:00:00,19.8,21,1012.2,9.6,15.5,0.0,0
2024-12-07 15:00:00,19.1,20,1012.6,11.1,17.3,0.0,0
2024-12-07 16:00:00,18.1,20,1012.9,12.1,19.8,0.0,0
2024-12-07 17:00:00,17.2,19,1013.1,11.0,19.8,0.0,0
2024-12-07 18:00:00,16.4,19,1012.9,10.8,18.0,0.0,0
2024-12-07 19:00:00,16.1,21,1012.6,13.1,20.9,0.0,0
2024-12-07 20:00:00,16.2,24,1012.4,10.8,21.6,0.0,19
2024-12-07 21:00:00,15.3,27,1012.2,10.2,17.3,0.0,38
2024-12-07 22:00:00,14.5,31,1012.1,11.2,18.0,0.0,0
2024-12-07 23:00:00,14.1,36,1012.3,12.1,19.8,0.0,0
2024-12-08 00:00:00,13.8,39,1012.4,12.5,20.5,0.0,18
2024-12-08 01:00:00,13.2,39,1013.2,12.9,21.2,0.0,3
2024-12-08 02:00:00,12.9,36,1014.1,12.8,21.6,0.0,21
2024-12-08 03:00:00,14.1,31,1014.9,13.7,23.0,0.0,20
2024-12-08 04:00:00,16.7,25,1015.0,14.1,24.5,0.0,43
2024-12-08 05:00:00,19.7,17,1015.1,14.8,28.8,0.0,52
2024-12-08 06:00:00,21.6,14,1014.3,18.7,37.1,0.0,64
2024-12-08 07:00:00,22.9,12,1013.4,20.3,40.7,0.0,69
2024-12-08 08:00:00,23.1,12,1012.4,21.7,43.6,0.0,44
2024-12-08 09:00:00,23.3,10,1011.7,22.7,45.4,0.0,67
2024-12-08 10:00:00,23.0,11,1011.6,20.5,45.0,0.0,62
2024-12-08 11:00:00,22.3,12,1011.8,18.7,40.3,0.0,49
2024-12-08 12:00:00,20.5,15,1012.3,11.6,34.9,0.0,49
2024-12-08 13:00:00,19.1,17,1013.2,10.9,20.9,0.0,20
2024-12-08 14:00:00,18.1,17,1014.1,12.2,20.2,0.0,6
2024-12-08 15:00:00,17.1,17,1014.5,12.1,20.2,0.0,8
2024-12-08 16:00:00,15.6,22,1014.8,7.4,20.2,0.0,0
2024-12-08 17:00:00,14.2,34,1015.3,5.4,11.2,0.0,0
2024-12-08 18:00:00,13.7,41,1015.4,4.7,7.2,0.0,0
2024-12-08 19:00:00,13.8,45,1015.2,1.5,5.8,0.0,0
2024-12-08 20:00:00,13.7,48,1015.0,1.0,2.5,0.0,0
2024-12-08 21:00:00,12.9,49,1015.0,1.2,2.2,0.0,0
2024-12-08 22:00:00,12.7,51,1014.8,0.8,2.2,0.0,0
2024-12-08 23:00:00,12.4,54,1014.9,1.2,2.2,0.0,1
2024-12-09 00:00:00,12.1,55,1015.3,0.4,2.2,0.0,40
2024-12-09 01:00:00,10.8,56,1016.1,3.1,4.7,0.0,34
2024-12-09 02:00:00,10.7,57,1017.1,2.2,4.3,0.0,26
2024-12-09 03:00:00,12.0,57,1018.1,2.8,3.6,0.0,3
2024-12-09 04:00:00,14.9,44,1018.9,3.6,9.4,0.0,9
2024-12-09 05:00:00,17.5,36,1019.4,4.0,13.0,0.0,26
2024-12-09 06:00:00,19.5,30,1018.8,5.6,16.6,0.0,2
2024-12-09 07:00:00,20.8,26,1017.8,7.1,19.8,0.0,0
2024-12-09 08:00:00,21.7,24,1016.7,7.9,20.9,0.0,0
2024-12-09 09:00:00,22.3,22,1015.9,8.7,21.6,0.0,0
2024-12-09 10:00:00,22.3,20,1015.4,9.5,22.0,0.0,0
2024-12-09 11:00:00,21.6,20,1015.4,9.6,22.0,0.0,0
2024-12-09 12:00:00,19.5,27,1015.9,4.9,19.4,0.0,0
2024-12-09 13:00:00,18.4,30,1016.6,6.7,9.4,0.0,0
2024-12-09 14:00:00,17.3,33,1017.5,7.2,11.2,0.0,0
2024-12-09 15:00:00,16.5,35,1018.3,7.6,11.2,0.0,0
2024-12-09 16:00:00,15.6,38,1018.5,8.4,13.0,0.0,0
2024-12-09 17:00:00,14.7,39,1018.8,8.3,13.3,0.0,4
2024-12-09 18:00:00,14.0,41,1018.5,8.7,13.7,0.0,36
2024-12-09 19:00:00,13.4,42,1018.3,8.8,13.7,0.0,1
2024-12-09 20:00:00,13.0,44,1018.2,8.5,13.7,0.0,0
2024-12-09 21:00:00,12.6,47,1018.1,8.3,13.3,0.0,0
2024-12-09 22:00:00,12.2,49,1018.0,7.7,13.0,0.0,0
2024-12-09 23:00:00,11.8,51,1017.8,7.3,11.9,0.0,31
2024-12-10 00:00:00,11.3,53,1017.8,7.5,11.9,0.0,19
2024-12-10 01:00:00,10.3,57,1018.8,8.2,13.0,0.0,2
2024-12-10 02:00:00,10.0,59,1019.3,8.5,13.3,0.0,0
2024-12-10 03:00:00,11.3,56,1019.9,9.7,15.5,0.0,0
2024-12-10 04:00:00,14.2,49,1020.2,7.8,16.6,0.0,0
2024-12-10 05:00:00,17.2,42,1020.4,7.0,16.9,0.0,0
2024-12-10 06:00:00,19.8,32,1019.7,10.3,23.4,0.0,0
2024-12-10 07:00:00,20.8,25,1018.5,9.1,24.1,0.0,0
2024-12-10 08:00:00,21.5,23,1017.3,7.6,22.7,0.0,0
2024-12-10 09:00:00,21.8,21,1016.4,7.1,20.2,0.0,0
2024-12-10 10:00:00,21.8,21,1016.0,7.1,19.1,0.0,0
2024-12-10 11:00:00,21.2,22,1015.9,6.9,18.0,0.0,0
2024-12-10 12:00:00,19.3,28,1015.9,5.0,14.8,0.0,0
2024-12-10 13:00:00,17.9,36,1016.4,5.3,7.2,0.0,0
2024-12-10 14:00:00,17.0,38,1017.0,6.6,9.4,0.0,0
2024-12-10 15:00:00,16.4,38,1017.6,6.8,9.7,0.0,0
2024-12-10 16:00:00,15.7,39,1018.0,8.2,12.6,0.0,0
2024-12-10 17:00:00,14.6,43,1018.3,7.3,12.6,0.0,0
2024-12-10 18:00:00,13.6,47,1018.1,6.3,11.2,0.0,0
2024-12-10 19:00:00,13.1,48,1017.6,6.4,9.4,0.0,0
2024-12-10 20:00:00,12.6,49,1017.1,6.2,9.7,0.0,0
2024-12-10 21:00:00,12.0,50,1016.9,5.8,8.6,0.0,0
2024-12-10 22:00:00,11.6,50,1016.7,5.7,7.9,0.0,0
2024-12-10 23:00:00,11.1,52,1016.8,5.6,8.3,0.0,0
2024-12-11 00:00:00,10.6,54,1016.9,5.5,7.9,0.0,0
2024-12-11 01:00:00,9.8,54,1017.9,5.9,8.6,0.0,0
2024-12-11 02:00:00,9.5,55,1018.7,7.5,11.5,0.0,0
2024-12-11 03:00:00,10.8,51,1019.2,9.0,14.0,0.0,0
2024-12-11 04:00:00,14.4,41,1019.7,7.8,15.8,0.0,0
2024-12-11 05:00:00,17.9,33,1020.0,4.9,14.8,0.0,0
2024-12-11 06:00:00,20.4,26,1019.3,5.8,16.2,0.0,0
2024-12-11 07:00:00,21.5,22,1018.2,5.4,17.3,0.0,0
2024-12-11 08:00:00,22.1,20,1017.0,5.0,16.6,0.0,0
2024-12-11 09:00:00,22.5,19,1016.1,6.2,17.3,0.0,0
2024-12-11 10:00:00,22.3,20,1015.6,8.3,19.8,0.0,0
2024-12-11 11:00:00,21.6,21,1015.5,8.8,19.8,0.0,0
2024-12-11 12:00:00,19.4,29,1015.5,4.9,18.0,0.0,0
2024-12-11 13:00:00,17.7,33,1016.1,5.5,7.2,0.0,0
2024-12-11 14:00:00,16.7,35,1016.6,6.1,7.9,0.0,0
2024-12-11 15:00:00,15.9,35,1017.0,6.6,9.4,0.0,0
2024-12-11 16:00:00,14.9,38,1017.1,6.3,9.4,0.0,0
2024-12-11 17:00:00,14.4,39,1017.1,6.2,7.9,0.0,0
2024-12-11 18:00:00,13.8,42,1016.7,3.5,7.9,0.0,0
2024-12-11 19:00:00,13.5,44,1016.4,1.3,4.7,0.0,0
2024-12-11 20:00:00,12.7,44,1016.0,1.7,2.5,0.0,0
2024-12-11 21:00:00,11.8,46,1016.0,4.9,5.4,0.0,0
2024-12-11 22:00:00,12.0,44,1015.6,6.9,10.4,0.0,0
2024-12-11 23:00:00,12.5,42,1015.4,8.0,11.9,0.0,0
2024-12-12 00:00:00,11.6,43,1015.6,8.5,13.7,0.0,0
2024-12-12 01:00:00,10.4,49,1016.3,7.8,11.5,0.0,0
2024-12-12 02:00:00,9.8,51,1017.0,8.1,12.6,0.0,0
2024-12-12 03:00:00,10.7,48,1017.9,9.5,15.1,0.0,0
2024-12-12 04:00:00,13.3,40,1018.8,7.2,16.6,0.0,0
2024-12-12 05:00:00,15.7,31,1019.3,7.3,18.0,0.0,0
2024-12-12 06:00:00,17.9,26,1018.7,7.3,19.4,0.0,0
2024-12-12 07:00:00,19.9,22,1017.9,7.3,19.8,0.0,0
2024-12-12 08:00:00,21.0,21,1017.0,7.8,20.5,0.0,0
2024-12-12 09:00:00,21.5,19,1016.4,9.2,22.3,0.0,0
2024-12-12 10:00:00,21.5,18,1016.2,9.0,22.3,0.0,0
2024-12-12 11:00:00,20.9,18,1016.1,8.9,20.5,0.0,0
2024-12-12 12:00:00,18.8,24,1016.6,6.0,18.0,0.0,0
2024-12-12 13:00:00,16.7,35,1017.2,6.3,8.6,0.0,0
2024-12-12 14:00:00,15.6,37,1017.7,7.2,10.4,0.0,0
2024-12-12 15:00:00,14.3,43,1018.4,6.8,10.4,0.0,0
2024-12-12 16:00:00,13.6,46,1019.0,6.7,9.4,0.0,0
2024-12-12 17:00:00,13.0,47,1019.5,6.9,10.1,0.0,0
2024-12-12 18:00:00,12.4,48,1019.4,7.6,11.2,0.0,16
2024-12-12 19:00:00,11.9,50,1019.2,8.1,12.2,0.0,6
2024-12-12 20:00:00,11.2,54,1019.2,7.3,12.2,0.0,0
2024-12-12 21:00:00,10.8,54,1019.2,8.8,13.0,0.0,0
2024-12-12 22:00:00,10.4,55,1018.9,9.2,14.8,0.0,4
2024-12-12 23:00:00,10.0,55,1018.9,9.5,15.1,0.0,30
2024-12-13 00:00:00,9.7,54,1019.0,10.1,16.2,0.0,0
2024-12-13 01:00:00,9.1,55,1020.1,8.3,15.1,0.0,0
2024-12-13 02:00:00,8.9,55,1021.0,8.1,12.6,0.0,0
2024-12-13 03:00:00,10.1,50,1021.8,9.2,14.8,0.0,0
2024-12-13 04:00:00,13.0,42,1022.7,7.6,16.2,0.0,0
2024-12-13 05:00:00,15.9,34,1023.0,6.7,16.9,0.0,0
2024-12-13 06:00:00,18.4,29,1022.1,8.5,20.5,0.0,0
2024-12-13 07:00:00,20.0,24,1020.8,11.6,26.3,0.0,0
2024-12-13 08:00:00,20.7,22,1019.5,12.2,27.7,0.0,0
2024-12-13 09:00:00,21.1,21,1018.5,12.0,27.7,0.0,0
2024-12-13 10:00:00,21.0,22,1018.1,11.9,26.6,0.0,0
2024-12-13 11:00:00,20.5,22,1018.0,11.5,25.6,0.0,0
2024-12-13 12:00:00,18.7,26,1018.3,7.9,22.7,0.0,0
2024-12-13 13:00:00,17.3,30,1018.8,9.8,15.8,0.0,0
2024-12-13 14:00:00,16.1,32,1019.4,10.0,16.2,0.0,0
2024-12-13 15:00:00,15.1,34,1019.8,9.8,16.2,0.0,0
2024-12-13 16:00:00,14.4,36,1020.1,9.3,15.8,0.0,0
2024-12-13 17:00:00,13.7,38,1020.2,9.1,14.8,0.0,0
2024-12-13 18:00:00,13.1,39,1020.0,9.3,14.8,0.0,0
2024-12-13 19:00:00,12.5,40,1019.4,9.4,15.1,0.0,0
2024-12-13 20:00:00,11.9,41,1019.1,9.1,14.8,0.0,0
2024-12-13 21:00:00,11.4,43,1018.9,7.7,14.0,0.0,0
2024-12-13 22:00:00,10.8,44,1018.7,7.0,11.9,0.0,0
2024-12-13 23:00:00,10.3,46,1018.8,6.9,10.8,0.0,0
2024-12-14 00:00:00,9.9,47,1018.9,6.9,10.8,0.0,0
2024-12-14 01:00:00,8.7,47,1019.4,8.2,13.0,0.0,0
2024-12-14 02:00:00,8.2,49,1019.9,7.8,12.6,0.0,0
2024-12-14 03:00:00,9.1,47,1020.7,8.6,13.0,0.0,0
2024-12-14 04:00:00,12.6,38,1021.5,7.3,14.8,0.0,0
2024-12-14 05:00:00,15.9,31,1021.8,5.6,14.8,0.0,0
2024-12-14 06:00:00,18.4,25,1021.2,7.0,18.4,0.0,0
2024-12-14 07:00:00,19.9,21,1020.1,6.4,19.1,0.0,0
2024-12-14 08:00:00,20.9,19,1019.0,5.9,18.4,0.0,0
2024-12-14 09:00:00,21.5,17,1017.9,6.1,17.6,0.0,0
2024-12-14 10:00:00,21.5,17,1017.3,7.0,17.3,0.0,0
2024-12-14 11:00:00,20.9,18,1017.2,7.7,17.6,0.0,0
2024-12-14 12:00:00,18.7,25,1017.4,5.4,15.5,0.0,0
2024-12-14 13:00:00,17.8,26,1017.7,6.5,10.1,0.0,0
2024-12-14 14:00:00,16.4,30,1018.3,6.4,9.7,0.0,0
2024-12-14 15:00:00,15.7,30,1018.8,7.2,10.8,0.0,0
2024-12-14 16:00:00,14.7,31,1019.2,7.9,11.9,0.0,0
2024-12-14 17:00:00,13.7,34,1019.4,8.4,12.6,0.0,0
2024-12-14 18:00:00,12.9,35,1019.2,7.7,12.6,0.0,0
2024-12-14 19:00:00,12.1,37,1018.6,6.8,11.5,0.0,0
2024-12-14 20:00:00,11.1,40,1018.3,6.1,9.7,0.0,0
2024-12-14 21:00:00,10.6,40,1018.0,6.1,8.3,0.0,0
2024-12-14 22:00:00,10.1,42,1017.8,5.9,8.3,0.0,0
2024-12-14 23:00:00,9.7,43,1017.8,6.1,7.9,0.0,0
2024-12-15 00:00:00,9.3,42,1017.8,6.3,8.3,0.0,0
2024-12-15 01:00:00,8.6,44,1018.7,6.8,9.7,0.0,0
2024-12-15 02:00:00,8.2,45,1019.3,6.8,10.8,0.0,0
2024-12-15 03:00:00,9.3,42,1020.2,7.6,11.5,0.0,0
2024-12-15 04:00:00,12.8,33,1021.2,7.6,14.4,0.0,0
2024-12-15 05:00:00,16.7,26,1021.4,5.1,14.4,0.0,0
2024-12-15 06:00:00,19.9,19,1020.9,6.3,16.6,0.0,0
2024-12-15 07:00:00,21.9,15,1019.7,6.7,18.4,0.0,0
2024-12-15 08:00:00,23.0,14,1018.2,5.5,18.4,0.0,0
2024-12-15 09:00:00,23.5,13,1017.3,4.2,16.6,0.0,0
2024-12-15 10:00:00,23.6,13,1016.8,4.0,14.0,0.0,0
2024-12-15 11:00:00,22.8,14,1016.6,6.4,13.0,0.0,0
2024-12-15 12:00:00,20.1,20,1016.7,7.9,12.2,0.0,0
2024-12-15 13:00:00,18.6,24,1017.3,8.9,14.0,0.0,0
2024-12-15 14:00:00,17.6,24,1017.8,9.3,14.4,0.0,0
2024-12-15 15:00:00,16.4,25,1018.1,10.6,17.3,0.0,0
2024-12-15 16:00:00,15.3,28,1018.6,9.4,17.3,0.0,0
2024-12-15 17:00:00,14.6,30,1018.4,8.4,14.8,0.0,0
2024-12-15 18:00:00,13.9,31,1017.9,8.0,13.0,0.0,0
2024-12-15 19:00:00,12.9,34,1017.5,6.2,12.2,0.0,0
2024-12-15 20:00:00,12.3,38,1017.2,5.1,8.6,0.0,0
2024-12-15 21:00:00,12.1,39,1016.8,4.0,6.5,0.0,0
2024-12-15 22:00:00,11.5,40,1016.7,4.1,5.0,0.0,0
2024-12-15 23:00:00,10.6,43,1016.6,4.8,6.1,0.0,0
2024-12-16 00:00:00,10.0,41,1016.7,6.4,8.6,0.0,0
2024-12-16 01:00:00,8.8,43,1017.7,7.1,11.9,0.0,0
2024-12-16 02:00:00,8.4,45,1018.5,6.9,10.4,0.0,0
2024-12-16 03:00:00,9.4,42,1019.1,8.2,12.2,0.0,0
2024-12-16 04:00:00,12.5,34,1019.6,7.7,15.1,0.0,0
2024-12-16 05:00:00,15.9,27,1019.8,5.9,15.5,0.0,0
2024-12-16 06:00:00,19.0,21,1019.1,6.8,17.6,0.0,0
2024-12-16 07:00:00,21.2,17,1017.9,7.6,20.2,0.0,0
2024-12-16 08:00:00,22.3,15,1016.6,8.3,21.2,0.0,0
2024-12-16 09:00:00,22.8,15,1015.7,9.4,22.3,0.0,0
2024-12-16 10:00:00,22.7,14,1015.1,8.6,22.3,0.0,0
2024-12-16 11:00:00,22.0,15,1014.7,7.8,19.8,0.0,0
2024-12-16 12:00:00,19.3,22,1014.8,5.5,15.5,0.0,0
2024-12-16 13:00:00,18.1,25,1015.1,7.0,10.1,0.0,0
2024-12-16 14:00:00,16.9,27,1016.0,8.5,13.0,0.0,0
2024-12-16 15:00:00,15.8,29,1016.1,9.0,14.0,0.0,0
2024-12-16 16:00:00,15.1,31,1016.4,8.4,14.0,0.0,0
2024-12-16 17:00:00,14.0,34,1016.5,6.7,12.6,0.0,0
2024-12-16 18:00:00,12.8,39,1016.2,6.4,9.4,0.0,0
2024-12-16 19:00:00,12.0,43,1015.9,5.8,8.3,0.0,0
2024-12-16 20:00:00,11.2,45,1015.4,5.3,7.2,0.0,0
2024-12-16 21:00:00,10.6,46,1015.1,5.8,7.2,0.0,0
2024-12-16 22:00:00,10.1,48,1014.9,5.0,7.2,0.0,0
2024-12-16 23:00:00,9.6,50,1014.6,5.2,6.5,0.0,0
2024-12-17 00:00:00,9.4,47,1014.7,7.2,10.1,0.0,0
2024-12-17 01:00:00,8.3,48,1015.8,7.1,11.9,0.0,0
2024-12-17 02:00:00,7.7,52,1016.2,6.1,10.4,0.0,0
2024-12-17 03:00:00,9.5,45,1017.1,7.2,10.8,0.0,0
2024-12-17 04:00:00,12.5,37,1018.0,6.9,14.4,0.0,0
2024-12-17 05:00:00,15.7,32,1018.3,5.3,14.4,0.0,0
2024-12-17 06:00:00,18.4,28,1018.1,7.6,19.1,0.0,0
2024-12-17 07:00:00,20.3,24,1016.9,10.6,24.5,0.0,0
2024-12-17 08:00:00,21.2,20,1016.2,12.0,27.4,0.0,0
2024-12-17 09:00:00,21.7,20,1015.6,12.3,27.7,0.0,0
2024-12-17 10:00:00,21.7,20,1015.1,12.0,27.4,0.0,0
2024-12-17 11:00:00,21.1,20,1014.9,11.6,25.6,0.0,0
2024-12-17 12:00:00,19.0,25,1015.1,8.1,22.3,0.0,0
2024-12-17 13:00:00,17.7,29,1015.4,9.5,14.8,0.0,0
2024-12-17 14:00:00,16.6,32,1016.2,10.1,16.2,0.0,0
2024-12-17 15:00:00,15.8,34,1016.9,10.2,16.6,0.0,0
2024-12-17 16:00:00,15.1,36,1017.0,11.0,17.6,0.0,0
2024-12-17 17:00:00,14.5,38,1017.2,10.8,18.4,0.0,0
2024-12-17 18:00:00,13.6,40,1017.2,9.6,17.6,0.0,0
2024-12-17 19:00:00,12.8,43,1017.0,9.9,15.8,0.0,0
2024-12-17 20:00:00,12.1,44,1016.9,9.2,15.8,0.0,0
2024-12-17 21:00:00,11.5,46,1016.7,9.4,14.8,0.0,0
2024-12-17 22:00:00,10.9,47,1016.4,9.3,15.1,0.0,5
2024-12-17 23:00:00,10.3,49,1016.2,8.8,14.8,0.0,2
2024-12-18 00:00:00,9.7,51,1016.2,9.3,14.8,0.0,0
2024-12-18 01:00:00,8.3,52,1017.1,9.1,14.8,0.0,13
2024-12-18 02:00:00,7.9,53,1017.7,8.5,14.4,0.0,14
2024-12-18 03:00:00,8.8,50,1018.5,10.1,15.8,0.0,11
2024-12-18 04:00:00,11.7,42,1018.7,9.6,18.0,0.0,6
2024-12-18 05:00:00,14.7,35,1018.4,9.0,20.5,0.0,2
2024-12-18 06:00:00,17.4,29,1017.4,10.7,24.1,0.0,7
2024-12-18 07:00:00,19.2,24,1016.2,12.3,27.7,0.0,0
2024-12-18 08:00:00,20.4,21,1015.0,11.9,27.7,0.0,38
2024-12-18 09:00:00,21.1,20,1014.1,11.6,27.4,0.0,6
2024-12-18 10:00:00,21.2,19,1013.5,11.7,26.3,0.0,0
2024-12-18 11:00:00,20.7,19,1013.1,11.6,25.2,0.0,0
2024-12-18 12:00:00,18.6,23,1013.1,7.5,22.7,0.0,0
2024-12-18 13:00:00,17.3,28,1013.5,8.3,13.0,0.0,0
2024-12-18 14:00:00,16.1,33,1014.1,8.5,13.3,0.0,0
2024-12-18 15:00:00,15.1,36,1014.4,8.0,13.0,0.0,0
2024-12-18 16:00:00,14.3,40,1014.7,7.8,12.2,0.0,0
2024-12-18 17:00:00,13.7,42,1014.7,8.2,11.9,0.0,0
2024-12-18 18:00:00,13.2,43,1014.5,8.7,13.3,0.0,0
2024-12-18 19:00:00,12.5,45,1014.3,8.4,13.0,0.0,0
2024-12-18 20:00:00,11.9,48,1014.0,8.6,13.0,0.0,0
2024-12-18 21:00:00,11.4,50,1013.7,8.9,13.7,0.0,0
2024-12-18 22:00:00,10.9,52,1013.5,9.3,14.4,0.0,0
2024-12-18 23:00:00,10.5,53,1013.5,8.9,14.4,0.0,0
2024-12-19 00:00:00,10.0,53,1013.7,8.4,13.7,0.0,0
2024-12-19 01:00:00,8.7,52,1014.1,6.7,11.2,0.0,0
2024-12-19 02:00:00,8.2,53,1014.7,6.2,10.1,0.0,0
2024-12-19 03:00:00,9.3,48,1015.5,7.8,11.5,0.0,0
2024-12-19 04:00:00,12.3,39,1016.5,7.6,15.1,0.0,0
2024-12-19 05:00:00,15.3,32,1017.0,7.0,16.9,0.0,0
2024-12-19 06:00:00,17.8,27,1016.5,9.3,22.0,0.0,0
2024-12-19 07:00:00,19.5,23,1015.3,11.6,26.3,0.0,0
2024-12-19 08:00:00,20.6,22,1014.3,13.0,28.8,0.0,0
2024-12-19 09:00:00,21.1,21,1013.6,13.6,29.9,0.0,0
2024-12-19 10:00:00,21.1,21,1013.0,12.8,29.2,0.0,0
2024-12-19 11:00:00,20.5,23,1013.0,12.1,27.0,0.0,0
2024-12-19 12:00:00,18.6,27,1013.1,8.5,23.8,0.0,0
2024-12-19 13:00:00,16.9,32,1013.4,8.8,14.0,0.0,0
2024-12-19 14:00:00,15.7,35,1014.2,9.1,14.0,0.0,0
2024-12-19 15:00:00,15.1,36,1014.7,10.2,16.2,0.0,0
2024-12-19 16:00:00,14.2,40,1015.1,9.3,16.2,0.0,0
2024-12-19 17:00:00,13.1,44,1015.5,9.5,15.1,0.0,0
2024-12-19 18:00:00,12.5,46,1015.5,10.1,16.2,0.0,0
2024-12-19 19:00:00,11.9,49,1015.4,10.6,17.3,0.0,0
2024-12-19 20:00:00,11.4,52,1015.4,10.6,17.3,0.0,0
2024-12-19 21:00:00,10.8,55,1015.4,10.5,17.3,0.0,0
2024-12-19 22:00:00,10.3,57,1015.4,10.9,17.6,0.0,0
2024-12-19 23:00:00,9.9,59,1015.4,11.1,18.4,0.0,0
2024-12-20 00:00:00,9.6,61,1015.7,11.1,18.4,0.0,0
2024-12-20 01:00:00,8.9,64,1016.3,11.2,18.7,0.0,0
2024-12-20 02:00:00,8.6,67,1017.3,11.0,18.4,0.0,0
2024-12-20 03:00:00,9.6,65,1018.0,12.5,20.5,0.0,0
2024-12-20 04:00:00,11.9,57,1018.8,10.9,21.6,0.0,0
2024-12-20 05:00:00,14.5,50,1019.2,12.2,25.6,0.0,0
2024-12-20 06:00:00,16.8,42,1018.6,14.6,30.6,0.0,0
2024-12-20 07:00:00,18.5,36,1017.3,16.5,34.9,0.0,0
2024-12-20 08:00:00,19.7,30,1016.1,17.4,36.4,0.0,0
2024-12-20 09:00:00,20.3,27,1015.1,17.0,36.4,0.0,0
2024-12-20 10:00:00,20.4,27,1014.6,16.5,35.3,0.0,0
2024-12-20 11:00:00,19.9,27,1014.3,15.7,33.5,0.0,0
2024-12-20 12:00:00,18.4,30,1014.5,12.0,30.2,0.0,0
2024-12-20 13:00:00,16.4,34,1015.0,11.0,21.2,0.0,0
2024-12-20 14:00:00,15.3,37,1015.7,10.4,18.4,0.0,0
2024-12-20 15:00:00,14.4,40,1016.2,10.2,16.6,0.0,0
2024-12-20 16:00:00,13.6,43,1016.5,10.4,16.9,0.0,0
2024-12-20 17:00:00,12.8,45,1016.8,10.6,17.3,0.0,0
2024-12-20 18:00:00,12.1,48,1016.7,11.0,18.0,0.0,0
2024-12-20 19:00:00,11.4,51,1016.5,11.2,18.7,0.0,0
2024-12-20 20:00:00,10.9,55,1016.5,10.9,18.7,0.0,0
2024-12-20 21:00:00,10.4,58,1016.2,10.7,18.0,0.0,0
2024-12-20 22:00:00,10.0,60,1016.0,10.2,17.6,0.0,0
2024-12-20 23:00:00,9.5,63,1015.7,9.4,16.9,0.0,0
2024-12-21 00:00:00,9.0,66,1016.1,8.7,15.1,0.0,0
2024-12-21 01:00:00,8.4,71,1016.7,8.0,14.4,0.0,0
2024-12-21 02:00:00,8.0,73,1017.3,8.6,13.3,0.0,0
2024-12-21 03:00:00,9.0,70,1017.8,10.6,16.9,0.0,0
2024-12-21 04:00:00,11.5,60,1018.5,8.3,18.0,0.0,0
2024-12-21 05:00:00,14.2,52,1018.6,8.9,20.5,0.0,0
2024-12-21 06:00:00,16.9,48,1017.8,9.6,22.7,0.0,0
2024-12-21 07:00:00,19.0,44,1016.4,10.8,25.2,0.0,0
2024-12-21 08:00:00,20.5,40,1015.3,11.5,26.6,0.0,14
2024-12-21 09:00:00,21.2,39,1014.2,11.9,26.6,0.0,18
2024-12-21 10:00:00,21.3,38,1013.5,11.6,26.6,0.0,26
2024-12-21 11:00:00,20.9,39,1013.6,10.2,25.2,0.0,17
2024-12-21 12:00:00,19.1,45,1013.8,6.7,20.5,0.0,7
2024-12-21 13:00:00,17.4,52,1014.6,9.0,13.7,0.0,13
2024-12-21 14:00:00,16.2,56,1015.3,10.6,17.3,0.0,54
2024-12-21 15:00:00,15.3,59,1015.5,9.8,17.3,0.0,45
2024-12-21 16:00:00,14.6,61,1015.8,9.4,15.8,0.0,40
2024-12-21 17:00:00,13.8,64,1015.6,9.5,15.5,0.0,34
2024-12-21 18:00:00,13.1,67,1015.3,10.1,16.2,0.0,80
2024-12-21 19:00:00,12.6,69,1015.0,9.9,16.6,0.0,63
2024-12-21 20:00:00,12.1,71,1014.7,9.9,16.2,0.0,48
2024-12-21 21:00:00,11.6,73,1014.4,10.2,16.9,0.0,6
2024-12-21 22:00:00,11.1,75,1014.1,9.7,16.6,0.0,0
2024-12-21 23:00:00,10.7,77,1013.7,8.8,15.8,0.0,0
2024-12-22 00:00:00,10.3,79,1013.7,8.6,14.4,0.0,0
2024-12-22 01:00:00,9.8,81,1014.1,7.6,13.7,0.0,0
2024-12-22 02:00:00,9.5,83,1014.5,6.8,12.2,0.0,0
2024-12-22 03:00:00,10.3,79,1014.7,7.3,11.9,0.0,0
2024-12-22 04:00:00,12.8,69,1015.2,4.1,12.6,0.0,0
2024-12-22 05:00:00,15.8,57,1015.7,3.9,13.7,0.0,4
2024-12-22 06:00:00,18.7,49,1014.7,1.9,13.3,0.0,23
2024-12-22 07:00:00,20.8,44,1013.5,5.1,15.8,0.0,43
2024-12-22 08:00:00,21.7,42,1012.4,8.0,20.2,0.0,32
2024-12-22 09:00:00,22.4,38,1011.5,8.3,21.2,0.0,17
2024-12-22 10:00:00,22.5,37,1011.0,8.7,20.9,0.0,9
2024-12-22 11:00:00,21.8,39,1010.7,10.5,22.0,0.0,14
2024-12-22 12:00:00,20.1,44,1011.1,10.3,22.3,0.0,73
2024-12-22 13:00:00,18.8,50,1011.7,10.2,18.4,0.0,81
2024-12-22 14:00:00,18.6,51,1012.3,10.2,18.4,0.0,100
2024-12-22 15:00:00,18.5,51,1012.9,9.9,19.8,0.0,89
2024-12-22 16:00:00,17.4,55,1013.1,6.8,17.3,0.0,47
2024-12-22 17:00:00,16.6,58,1013.4,8.5,13.7,0.0,29
2024-12-22 18:00:00,16.0,58,1013.1,8.9,15.1,0.0,93
2024-12-22 19:00:00,15.3,60,1013.0,7.9,15.1,0.0,16
2024-12-22 20:00:00,14.6,63,1012.7,7.1,13.0,0.0,18
2024-12-22 21:00:00,13.4,68,1012.6,8.5,14.0,0.0,0
2024-12-22 22:00:00,12.4,74,1012.5,7.9,14.0,0.0,0
2024-12-22 23:00:00,11.5,78,1012.3,7.7,12.6,0.0,0
2024-12-23 00:00:00,10.9,80,1012.7,8.2,13.3,0.0,0
2024-12-23 01:00:00,10.7,81,1013.2,8.0,15.5,0.0,0
2024-12-23 02:00:00,10.3,83,1014.0,7.7,12.6,0.0,0
2024-12-23 03:00:00,10.9,80,1015.1,9.3,14.8,0.0,0
2024-12-23 04:00:00,12.9,70,1015.8,7.5,16.6,0.0,0
2024-12-23 05:00:00,15.1,62,1016.4,8.0,19.4,0.0,0
2024-12-23 06:00:00,17.3,55,1016.0,9.1,22.3,0.0,0
2024-12-23 07:00:00,19.0,51,1014.8,11.4,26.3,0.0,0
2024-12-23 08:00:00,20.2,46,1013.9,13.3,29.5,0.0,0
2024-12-23 09:00:00,20.8,42,1013.2,14.9,31.7,0.0,0
2024-12-23 10:00:00,21.0,40,1013.1,15.0,32.0,0.0,0
2024-12-23 11:00:00,20.5,41,1013.3,14.9,31.3,0.0,0
2024-12-23 12:00:00,19.4,44,1013.8,11.4,29.2,0.0,0
2024-12-23 13:00:00,17.7,54,1014.3,10.1,20.5,0.0,0
2024-12-23 14:00:00,16.8,57,1015.1,11.7,19.4,0.0,0
2024-12-23 15:00:00,16.1,60,1015.6,11.8,19.8,0.0,0
2024-12-23 16:00:00,15.5,65,1016.0,12.2,20.5,0.0,1
2024-12-23 17:00:00,14.8,72,1016.5,11.8,20.5,0.0,0
2024-12-23 18:00:00,14.2,76,1016.5,11.9,20.2,0.0,0
2024-12-23 19:00:00,13.8,79,1016.2,12.2,20.5,0.0,0
2024-12-23 20:00:00,13.3,82,1016.2,11.5,20.5,0.0,0
2024-12-23 21:00:00,12.6,86,1016.2,10.8,19.1,0.0,0
2024-12-23 22:00:00,12.1,89,1016.3,10.8,18.4,0.0,0
2024-12-23 23:00:00,11.6,92,1016.4,11.7,19.4,0.0,0
2024-12-24 00:00:00,11.2,94,1016.8,11.7,20.2,0.0,0
2024-12-24 01:00:00,10.6,95,1017.4,11.7,20.2,0.0,0
2024-12-24 02:00:00,10.4,96,1018.2,11.7,20.2,0.0,4
2024-12-24 03:00:00,10.8,95,1018.9,12.2,21.2,0.0,19
2024-12-24 04:00:00,12.5,85,1019.7,14.3,27.4,0.0,20
2024-12-24 05:00:00,14.2,75,1020.0,12.6,28.4,0.0,0
2024-12-24 06:00:00,16.1,65,1019.4,13.4,29.2,0.0,0
2024-12-24 07:00:00,17.7,57,1018.3,15.1,32.8,0.0,0
2024-12-24 08:00:00,18.8,52,1017.3,16.0,34.2,0.0,0
2024-12-24 09:00:00,19.5,48,1016.7,15.9,34.2,0.0,0
2024-12-24 10:00:00,19.6,46,1016.4,15.7,33.5,0.0,0
2024-12-24 11:00:00,19.2,45,1016.5,15.5,32.4,0.0,0
2024-12-24 12:00:00,18.1,48,1016.9,12.9,30.6,0.0,0
2024-12-24 13:00:00,16.4,52,1017.5,11.1,23.0,0.0,0
2024-12-24 14:00:00,15.4,55,1018.3,11.0,18.7,0.0,0
2024-12-24 15:00:00,14.7,57,1019.0,10.9,18.4,0.0,0
2024-12-24 16:00:00,14.0,60,1019.6,10.5,18.0,0.0,0
2024-12-24 17:00:00,13.3,63,1019.9,10.6,17.6,0.0,0
2024-12-24 18:00:00,12.7,66,1019.9,11.1,18.4,0.0,0
2024-12-24 19:00:00,12.2,69,1019.6,11.2,18.7,0.0,0
2024-12-24 20:00:00,11.7,71,1019.4,10.9,18.7,0.0,0
2024-12-24 21:00:00,11.2,73,1019.3,10.5,18.0,0.0,0
2024-12-24 22:00:00,10.7,74,1019.1,10.6,17.3,0.0,0
2024-12-24 23:00:00,10.3,75,1018.9,10.7,17.6,0.0,0
2024-12-25 00:00:00,9.8,77,1019.1,10.3,17.6,0.0,0
2024-12-25 01:00:00,9.0,87,1019.6,9.2,16.2,0.0,0
2024-12-25 02:00:00,8.7,88,1020.4,8.8,14.8,0.0,0
2024-12-25 03:00:00,9.4,84,1021.1,9.9,15.8,0.0,0
2024-12-25 04:00:00,11.8,73,1021.6,8.5,17.6,0.0,0
2024-12-25 05:00:00,14.4,62,1021.9,9.8,21.6,0.0,0
2024-12-25 06:00:00,16.7,53,1021.2,11.6,25.9,0.0,0
2024-12-25 07:00:00,18.5,46,1020.0,13.7,29.5,0.0,0
2024-12-25 08:00:00,19.4,41,1018.8,13.6,30.6,0.0,0
2024-12-25 09:00:00,19.9,39,1018.1,13.2,29.9,0.0,0
2024-12-25 10:00:00,19.9,39,1017.8,13.0,28.8,0.0,0
2024-12-25 11:00:00,19.4,40,1017.9,13.1,27.4,0.0,0
2024-12-25 12:00:00,18.1,45,1018.3,10.1,25.6,0.0,0
2024-12-25 13:00:00,16.0,54,1018.7,10.1,17.6,0.0,0
2024-12-25 14:00:00,15.2,57,1019.5,11.8,19.8,0.0,0
2024-12-25 15:00:00,14.5,59,1020.1,11.5,20.2,0.0,0
2024-12-25 16:00:00,13.8,61,1020.6,11.2,19.8,0.0,0
2024-12-25 17:00:00,13.2,64,1021.2,10.6,18.7,0.0,0
2024-12-25 18:00:00,12.7,67,1020.9,9.9,17.6,0.0,0
2024-12-25 19:00:00,12.2,70,1020.5,9.6,16.2,0.0,0
2024-12-25 20:00:00,11.8,72,1020.2,9.5,15.8,0.0,0
2024-12-25 21:00:00,11.3,74,1020.0,9.4,15.8,0.0,0
2024-12-25 22:00:00,10.8,76,1019.8,9.9,16.2,0.0,0
2024-12-25 23:00:00,10.4,79,1019.8,9.5,16.6,0.0,1
2024-12-26 00:00:00,10.1,81,1020.0,9.7,16.2,0.0,6
2024-12-26 01:00:00,9.7,82,1020.3,9.4,15.5,0.0,16
2024-12-26 02:00:00,9.4,84,1021.3,9.3,15.5,0.0,17
2024-12-26 03:00:00,10.0,82,1021.9,10.5,17.3,0.0,19
2024-12-26 04:00:00,12.1,73,1022.4,8.6,17.6,0.0,13
2024-12-26 05:00:00,14.6,64,1022.6,9.3,20.9,0.0,7
2024-12-26 06:00:00,16.9,57,1022.1,10.2,23.8,0.0,6
2024-12-26 07:00:00,18.7,53,1020.8,10.8,25.2,0.0,5
2024-12-26 08:00:00,20.1,49,1019.6,11.1,25.9,0.0,1
2024-12-26 09:00:00,20.9,46,1018.6,12.1,26.6,0.0,0
2024-12-26 10:00:00,21.1,43,1018.2,13.3,27.7,0.0,0
2024-12-26 11:00:00,20.7,43,1017.9,13.2,27.7,0.0,1
2024-12-26 12:00:00,19.5,48,1018.1,9.9,25.9,0.0,12
2024-12-26 13:00:00,17.6,56,1018.5,10.0,17.6,0.0,5
2024-12-26 14:00:00,16.7,58,1019.1,10.9,18.4,0.0,0
2024-12-26 15:00:00,16.0,60,1019.4,11.3,19.1,0.0,0
2024-12-26 16:00:00,15.3,62,1019.7,10.8,19.1,0.0,9
2024-12-26 17:00:00,14.5,65,1019.9,10.2,18.0,0.0,24
2024-12-26 18:00:00,14.0,66,1019.9,10.3,17.3,0.0,27
2024-12-26 19:00:00,13.6,68,1019.4,10.0,16.9,0.0,1
2024-12-26 20:00:00,12.9,69,1019.1,10.1,16.9,0.0,13
2024-12-26 21:00:00,12.4,71,1018.8,9.9,16.6,0.0,6
2024-12-26 22:00:00,12.0,71,1018.7,10.1,16.6,0.0,1
2024-12-26 23:00:00,11.7,72,1018.4,9.7,16.9,0.0,16
2024-12-27 00:00:00,11.5,72,1018.4,9.0,16.2,0.0,15
2024-12-27 01:00:00,11.4,73,1018.6,10.8,17.6,0.0,1
2024-12-27 02:00:00,11.3,73,1019.4,11.6,19.4,0.0,0
2024-12-27 03:00:00,11.9,71,1020.3,11.6,19.8,0.0,0
2024-12-27 04:00:00,13.8,64,1021.2,9.5,19.8,0.0,0
2024-12-27 05:00:00,16.0,55,1021.5,10.7,23.0,0.0,0
2024-12-27 06:00:00,18.2,46,1020.9,12.7,27.0,0.0,0
2024-12-27 07:00:00,19.6,41,1019.7,14.3,30.6,0.0,0
2024-12-27 08:00:00,20.5,38,1018.5,14.4,31.3,0.0,0
2024-12-27 09:00:00,20.9,36,1017.7,13.9,31.3,0.0,0
2024-12-27 10:00:00,20.9,34,1017.5,13.3,29.5,0.0,0
2024-12-27 11:00:00,20.5,34,1017.4,12.2,27.7,0.0,0
2024-12-27 12:00:00,18.9,39,1017.7,7.1,23.8,0.0,0
2024-12-27 13:00:00,16.8,41,1018.2,8.5,14.4,0.0,0
2024-12-27 14:00:00,15.8,40,1019.1,10.2,16.6,0.0,0
2024-12-27 15:00:00,14.9,41,1019.7,9.5,17.3,0.0,0
2024-12-27 16:00:00,14.1,43,1020.0,8.7,15.5,0.0,0
2024-12-27 17:00:00,13.4,46,1020.2,7.4,13.7,0.0,0
2024-12-27 18:00:00,12.6,50,1020.0,7.1,11.2,0.0,0
2024-12-27 19:00:00,11.5,56,1019.7,6.3,10.4,0.0,0
2024-12-27 20:00:00,11.4,54,1019.5,7.2,10.4,0.0,0
2024-12-27 21:00:00,10.6,58,1019.2,6.5,10.8,0.0,0
2024-12-27 22:00:00,10.1,61,1019.4,6.5,9.4,0.0,0
2024-12-27 23:00:00,9.8,63,1019.2,5.5,8.6,0.0,0
2024-12-28 00:00:00,9.9,62,1019.1,4.3,6.8,0.0,0
2024-12-28 01:00:00,9.3,58,1019.3,2.9,5.0,0.0,0
2024-12-28 02:00:00,9.3,58,1020.2,1.8,4.0,0.0,0
2024-12-28 03:00:00,10.0,60,1020.8,2.6,3.2,0.0,0
2024-12-28 04:00:00,13.1,47,1021.4,5.2,9.7,0.0,0
2024-12-28 05:00:00,16.5,38,1021.8,3.7,11.2,0.0,0
2024-12-28 06:00:00,18.9,31,1021.2,4.8,14.4,0.0,0
2024-12-28 07:00:00,20.4,26,1020.0,5.0,15.5,0.0,0
2024-12-28 08:00:00,21.3,24,1019.1,5.6,16.6,0.0,0
2024-12-28 09:00:00,21.8,22,1018.3,5.9,16.9,0.0,0
2024-12-28 10:00:00,21.8,22,1018.1,5.8,16.6,0.0,0
2024-12-28 11:00:00,21.3,23,1018.2,5.8,15.5,0.0,0
2024-12-28 12:00:00,18.9,41,1018.4,4.0,12.2,0.0,0
2024-12-28 13:00:00,17.1,43,1019.1,4.5,7.2,0.0,0
2024-12-28 14:00:00,16.1,43,1019.7,4.8,5.8,0.0,0
2024-12-28 15:00:00,15.1,44,1020.0,5.7,7.6,0.0,0
2024-12-28 16:00:00,14.3,45,1020.7,6.2,8.3,0.0,0
2024-12-28 17:00:00,13.6,45,1021.2,7.0,9.7,0.0,0
2024-12-28 18:00:00,12.9,47,1021.2,8.7,13.0,0.0,0
2024-12-28 19:00:00,12.1,49,1021.1,8.9,14.0,0.0,0
2024-12-28 20:00:00,11.3,52,1020.6,8.6,14.0,0.0,0
2024-12-28 21:00:00,10.9,58,1020.2,9.2,14.4,0.0,0
2024-12-28 22:00:00,10.5,63,1020.3,9.6,15.5,0.0,0
2024-12-28 23:00:00,10.0,68,1020.3,10.6,16.9,0.0,0
2024-12-29 00:00:00,9.7,71,1020.4,11.2,18.7,0.0,0
2024-12-29 01:00:00,9.2,64,1021.3,10.7,19.4,0.0,0
2024-12-29 02:00:00,8.8,67,1022.0,10.6,17.6,0.0,0
2024-12-29 03:00:00,9.7,66,1022.7,10.2,17.6,0.0,0
2024-12-29 04:00:00,12.4,58,1023.8,9.6,17.6,0.0,0
2024-12-29 05:00:00,15.5,48,1024.4,8.3,18.4,0.0,0
2024-12-29 06:00:00,18.0,41,1023.7,11.2,24.8,0.0,0
2024-12-29 07:00:00,19.5,33,1022.6,11.8,26.6,0.0,0
2024-12-29 08:00:00,20.5,29,1021.5,11.9,27.4,0.0,0
2024-12-29 09:00:00,21.0,28,1020.8,11.3,27.0,0.0,0
2024-12-29 10:00:00,21.0,28,1020.3,10.7,25.6,0.0,0
2024-12-29 11:00:00,20.6,29,1020.2,9.8,23.4,0.0,0
2024-12-29 12:00:00,18.7,35,1020.2,6.1,19.8,0.0,0
2024-12-29 13:00:00,16.8,40,1020.9,9.6,14.8,0.0,0
2024-12-29 14:00:00,15.6,44,1021.5,9.6,16.2,0.0,6
2024-12-29 15:00:00,14.5,48,1021.9,9.8,15.8,0.0,0
2024-12-29 16:00:00,13.8,52,1022.1,10.1,16.2,0.0,0
2024-12-29 17:00:00,13.1,56,1022.0,10.4,17.3,0.0,7
2024-12-29 18:00:00,12.4,59,1021.5,10.6,17.6,0.0,1
2024-12-29 19:00:00,11.8,63,1021.2,10.2,17.6,0.0,3
2024-12-29 20:00:00,11.2,67,1020.6,9.9,16.6,0.0,4
2024-12-29 21:00:00,10.7,72,1020.5,8.3,16.2,0.0,0
2024-12-29 22:00:00,10.2,75,1020.1,8.9,14.0,0.0,2
2024-12-29 23:00:00,9.7,79,1020.1,8.8,14.4,0.0,24
2024-12-30 00:00:00,9.2,83,1020.1,8.8,14.0,0.0,42
2024-12-30 01:00:00,8.3,85,1020.6,8.3,13.7,0.0,26
2024-12-30 02:00:00,7.9,87,1021.3,8.7,13.7,0.0,14
2024-12-30 03:00:00,8.7,85,1022.0,9.8,15.5,0.0,14
2024-12-30 04:00:00,11.6,73,1022.5,8.2,16.6,0.0,0
2024-12-30 05:00:00,14.6,61,1022.9,7.6,18.0,0.0,9
2024-12-30 06:00:00,17.1,46,1022.1,8.3,20.9,0.0,1
2024-12-30 07:00:00,19.0,34,1020.9,7.3,20.9,0.0,14
2024-12-30 08:00:00,20.4,27,1019.8,6.3,19.8,0.0,16
2024-12-30 09:00:00,21.2,23,1018.8,6.4,18.4,0.0,0
2024-12-30 10:00:00,21.4,23,1018.3,6.9,18.0,0.0,0
2024-12-30 11:00:00,20.8,25,1018.1,7.4,17.6,0.0,1
2024-12-30 12:00:00,19.1,31,1018.0,5.5,16.2,0.0,8
2024-12-30 13:00:00,16.2,45,1018.4,5.8,8.3,0.0,1
2024-12-30 14:00:00,15.2,47,1019.0,6.1,8.3,0.0,4
2024-12-30 15:00:00,14.4,48,1019.5,6.7,9.4,0.0,0
2024-12-30 16:00:00,13.5,51,1019.9,7.3,10.8,0.0,0
2024-12-30 17:00:00,12.8,53,1020.2,7.4,11.2,0.0,17
2024-12-30 18:00:00,12.1,55,1020.0,8.0,12.2,0.0,26
2024-12-30 19:00:00,11.4,56,1019.5,7.7,12.2,0.0,84
2024-12-30 20:00:00,10.8,57,1019.1,7.5,11.5,0.0,78
2024-12-30 21:00:00,10.3,59,1018.8,7.4,11.5,0.0,4
2024-12-30 22:00:00,9.9,62,1018.5,7.4,11.2,0.0,1
2024-12-30 23:00:00,9.4,67,1018.5,7.4,11.9,0.0,38
2024-12-31 00:00:00,9.0,72,1018.9,7.2,11.5,0.0,0
2024-12-31 01:00:00,8.3,79,1019.7,7.0,11.9,0.0,9
2024-12-31 02:00:00,7.9,82,1020.3,7.2,11.2,0.0,12
2024-12-31 03:00:00,8.5,81,1021.0,8.3,12.6,0.0,1
2024-12-31 04:00:00,11.4,69,1021.8,7.3,15.1,0.0,1
2024-12-31 05:00:00,14.7,55,1022.0,5.7,15.1,0.0,74
2024-12-31 06:00:00,17.9,42,1021.8,6.7,17.6,0.0,83
2024-12-31 07:00:00,20.0,32,1020.6,7.7,20.2,0.0,88
2024-12-31 08:00:00,21.3,26,1019.2,7.7,20.5,0.0,100
2024-12-31 09:00:00,21.8,23,1018.3,7.4,20.2,0.0,100
2024-12-31 10:00:00,21.9,23,1018.0,7.3,19.4,0.0,98
2024-12-31 11:00:00,21.3,24,1018.0,7.4,17.6,0.0,26
2024-12-31 12:00:00,19.5,31,1018.1,5.5,15.8,0.0,100
2024-12-31 13:00:00,17.4,39,1018.5,7.7,11.9,0.0,100
2024-12-31 14:00:00,16.4,42,1019.2,9.3,14.4,0.0,69
2024-12-31 15:00:00,15.2,48,1019.9,10.0,16.6,0.0,92
2024-12-31 16:00:00,14.3,54,1019.9,9.6,16.6,0.0,94
2024-12-31 17:00:00,13.6,58,1019.9,9.8,16.2,0.0,48
2024-12-31 18:00:00,13.0,62,1019.9,9.3,16.2,0.0,21
2024-12-31 19:00:00,12.3,66,1019.7,8.0,15.1,0.0,11
2024-12-31 20:00:00,11.7,69,1019.4,7.8,12.6,0.0,81
2024-12-31 21:00:00,11.2,72,1018.9,7.5,12.2,0.0,27
2024-12-31 22:00:00,10.6,75,1018.6,6.9,11.5,0.0,9
2024-12-31 23:00:00,10.1,78,1018.4,6.9,10.8,0.0,0
2025-01-01 00:00:00,9.6,82,1018.0,7.3,11.2,0.0,0
2025-01-01 01:00:00,8.7,82,1018.6,7.0,11.2,0.0,9
2025-01-01 02:00:00,8.2,86,1019.1,7.3,11.2,0.0,13
2025-01-01 03:00:00,8.8,85,1020.1,8.7,13.7,0.0,16
2025-01-01 04:00:00,11.4,74,1020.8,6.2,14.4,0.0,58
2025-01-01 05:00:00,14.6,61,1020.9,5.7,15.5,0.0,77
2025-01-01 06:00:00,17.8,47,1020.6,6.9,18.4,0.0,60
2025-01-01 07:00:00,20.1,36,1019.3,8.5,21.6,0.0,89
2025-01-01 08:00:00,21.6,30,1017.8,8.6,22.0,0.0,99
2025-01-01 09:00:00,22.3,27,1016.8,8.2,22.0,0.0,27
2025-01-01 10:00:00,22.5,26,1016.2,7.3,20.5,0.0,5
2025-01-01 11:00:00,22.1,28,1016.1,7.3,18.0,0.0,1
2025-01-01 12:00:00,20.2,34,1016.3,6.1,15.8,0.0,2
2025-01-01 13:00:00,18.3,42,1016.9,8.4,13.0,0.0,15
2025-01-01 14:00:00,16.9,46,1017.7,10.1,16.2,0.0,29
2025-01-01 15:00:00,15.7,52,1018.3,9.7,16.2,0.0,79
2025-01-01 16:00:00,14.8,57,1018.4,9.4,15.8,0.0,93
2025-01-01 17:00:00,14.1,60,1018.6,8.9,15.1,0.0,91
2025-01-01 18:00:00,13.5,63,1018.5,8.4,14.4,0.0,99
2025-01-01 19:00:00,12.9,64,1018.1,8.6,13.7,0.0,100
2025-01-01 20:00:00,12.6,65,1017.6,7.9,13.7,0.0,100
2025-01-01 21:00:00,12.1,66,1017.1,7.2,12.2,0.0,100
2025-01-01 22:00:00,11.6,68,1016.7,7.0,11.5,0.0,100
2025-01-01 23:00:00,11.3,70,1016.7,6.3,10.8,0.0,100
