time,temperature_2m,relative_humidity_2m,pressure_msl,wind_speed_10m,wind_gusts_10m,precipitation,cloud_cover
2024-01-01 00:00:00,-7.5,34,1025.6,5.7,16.9,0.0,10
2024-01-01 01:00:00,-7.9,35,1026.2,5.8,16.6,0.0,11
2024-01-01 02:00:00,-7.4,34,1028.1,5.6,16.6,0.0,12
2024-01-01 03:00:00,-8.5,38,1029.2,5.9,18.4,0.0,11
2024-01-01 04:00:00,-5.4,30,1029.6,4.1,19.4,0.0,20
2024-01-01 05:00:00,-4.5,29,1029.3,5.1,23.8,0.0,23
2024-01-01 06:00:00,-3.5,29,1027.4,4.9,24.5,0.0,21
2024-01-01 07:00:00,-2.7,28,1025.4,4.1,24.5,0.0,16
2024-01-01 08:00:00,-2.0,27,1023.6,3.9,23.8,0.0,10
2024-01-01 09:00:00,-1.7,26,1022.5,4.0,23.4,0.0,0
2024-01-01 10:00:00,-1.7,25,1021.8,3.3,22.7,0.0,0
2024-01-01 11:00:00,-2.0,25,1021.8,2.7,19.8,0.0,0
2024-01-01 12:00:00,-2.7,27,1021.9,1.6,17.3,0.0,0
2024-01-01 13:00:00,-3.1,24,1021.8,0.5,13.7,0.0,0
2024-01-01 14:00:00,-5.7,29,1022.9,6.8,16.6,0.0,0
2024-01-01 15:00:00,-6.6,29,1023.6,11.2,22.0,0.0,0
2024-01-01 16:00:00,-7.6,31,1024.2,10.0,21.6,0.0,0
2024-01-01 17:00:00,-8.3,30,1025.1,9.7,20.2,0.0,0
2024-01-01 18:00:00,-8.9,29,1025.2,10.5,22.0,0.0,0
2024-01-01 19:00:00,-10.0,31,1025.3,9.2,22.0,0.0,0
2024-01-01 20:00:00,-10.5,31,1025.4,9.2,21.6,0.0,0
2024-01-01 21:00:00,-11.0,31,1025.8,9.5,22.3,0.0,0
2024-01-01 22:00:00,-11.7,31,1025.8,9.5,22.3,0.0,0
2024-01-01 23:00:00,-12.1,31,1026.3,9.7,22.0,0.0,0
2024-01-02 00:00:00,-12.4,32,1027.2,8.2,22.0,0.0,0
2024-01-02 01:00:00,-11.9,34,1027.9,7.4,18.4,0.0,0
2024-01-02 02:00:00,-13.4,36,1029.0,8.7,20.5,0.0,0
2024-01-02 03:00:00,-10.2,27,1030.1,7.9,20.9,0.0,0
2024-01-02 04:00:00,-6.1,20,1030.7,1.8,20.2,0.0,0
2024-01-02 05:00:00,-4.8,21,1029.9,4.3,21.2,0.0,0
2024-01-02 06:00:00,-3.6,20,1027.3,3.7,22.0,0.0,0
2024-01-02 07:00:00,-2.4,18,1024.7,4.6,24.1,0.0,0
2024-01-02 08:00:00,-1.6,17,1022.6,4.4,24.5,0.0,0
2024-01-02 09:00:00,-1.1,17,1020.9,4.3,24.1,0.0,0
2024-01-02 10:00:00,-0.8,16,1020.1,4.3,23.4,0.0,0
2024-01-02 11:00:00,-1.0,16,1019.6,3.3,22.7,0.0,0
2024-01-02 12:00:00,-2.0,18,1020.0,2.7,19.1,0.0,0
2024-01-02 13:00:00,-5.0,32,1019.8,7.6,19.8,0.0,0
2024-01-02 14:00:00,-5.8,35,1020.5,10.5,22.3,0.0,1
2024-01-02 15:00:00,-7.2,36,1021.1,10.3,22.3,0.0,2
2024-01-02 16:00:00,-7.9,32,1021.8,10.5,20.5,0.0,2
2024-01-02 17:00:00,-8.7,29,1021.8,10.7,20.2,0.0,1
2024-01-02 18:00:00,-9.6,29,1021.9,7.6,19.8,0.0,1
2024-01-02 19:00:00,-9.2,28,1022.0,7.4,16.6,0.0,26
2024-01-02 20:00:00,-10.0,30,1021.9,7.8,18.7,0.0,56
2024-01-02 21:00:00,-6.6,23,1022.2,5.6,18.7,0.0,74
2024-01-02 22:00:00,-6.6,23,1022.2,4.9,15.8,0.0,72
2024-01-02 23:00:00,-9.9,29,1022.8,7.2,18.0,0.0,42
2024-01-03 00:00:00,-8.2,24,1023.6,6.4,18.0,0.0,18
2024-01-03 01:00:00,-8.3,28,1023.5,5.8,18.0,0.0,2
2024-01-03 02:00:00,-7.3,24,1025.8,5.9,17.3,0.0,0
2024-01-03 03:00:00,-9.2,27,1026.8,5.9,17.3,0.0,0
2024-01-03 04:00:00,-6.0,20,1027.4,2.2,17.3,0.0,0
2024-01-03 05:00:00,-4.6,19,1026.5,2.1,16.6,0.0,3
2024-01-03 06:00:00,-3.3,18,1024.0,1.5,17.6,0.0,23
2024-01-03 07:00:00,-2.1,15,1021.9,1.5,16.6,0.0,83
2024-01-03 08:00:00,-1.4,14,1020.0,3.0,21.2,0.0,78
2024-01-03 09:00:00,-1.0,13,1019.0,4.0,23.8,0.0,60
2024-01-03 10:00:00,-1.0,12,1018.6,5.4,26.3,0.0,75
2024-01-03 11:00:00,-1.4,12,1018.5,6.2,26.6,0.0,44
2024-01-03 12:00:00,-2.5,14,1018.6,3.7,26.3,0.0,23
2024-01-03 13:00:00,-5.2,18,1019.0,5.5,25.6,0.0,78
2024-01-03 14:00:00,-4.1,15,1019.8,3.5,23.0,0.0,99
2024-01-03 15:00:00,-6.8,20,1020.6,6.0,20.2,0.0,38
2024-01-03 16:00:00,-8.2,23,1021.4,7.0,20.9,0.0,53
2024-01-03 17:00:00,-7.8,22,1021.5,6.4,20.5,0.0,15
2024-01-03 18:00:00,-5.6,19,1021.8,5.2,19.1,0.0,32
2024-01-03 19:00:00,-5.2,19,1021.7,4.8,17.6,0.0,17
2024-01-03 20:00:00,-5.3,19,1021.9,2.9,17.6,0.0,10
2024-01-03 21:00:00,-5.8,20,1022.2,2.5,15.8,0.0,10
2024-01-03 22:00:00,-8.4,24,1021.9,6.9,18.7,0.0,100
2024-01-03 23:00:00,-7.7,22,1021.9,6.3,19.4,0.0,99
2024-01-04 00:00:00,-8.4,24,1022.2,6.8,19.4,0.0,100
2024-01-04 01:00:00,-7.7,23,1023.6,6.0,20.5,0.0,93
2024-01-04 02:00:00,-6.7,21,1025.5,4.8,18.4,0.0,97
2024-01-04 03:00:00,-9.6,26,1026.4,8.0,19.1,0.0,99
2024-01-04 04:00:00,-5.2,18,1026.7,3.3,20.2,0.0,91
2024-01-04 05:00:00,-4.0,18,1026.1,1.8,16.2,0.0,99
2024-01-04 06:00:00,-2.9,17,1024.5,0.8,15.5,0.0,100
2024-01-04 07:00:00,-2.2,16,1022.7,1.3,16.6,0.0,100
2024-01-04 08:00:00,-1.7,16,1021.1,1.6,17.3,0.0,100
2024-01-04 09:00:00,-1.7,16,1020.3,1.1,17.6,0.0,100
2024-01-04 10:00:00,-1.7,16,1020.1,1.0,17.3,0.0,100
2024-01-04 11:00:00,-1.8,17,1019.9,0.8,15.8,0.0,95
2024-01-04 12:00:00,-2.2,18,1020.2,0.8,15.5,0.0,93
2024-01-04 13:00:00,-3.4,20,1020.8,0.7,16.9,0.0,47
2024-01-04 14:00:00,-4.4,22,1021.7,3.1,13.3,0.0,39
2024-01-04 15:00:00,-7.3,27,1022.5,8.6,18.7,0.0,8
2024-01-04 16:00:00,-8.1,28,1022.8,9.2,20.5,0.0,1
2024-01-04 17:00:00,-8.8,29,1022.9,7.4,20.5,0.0,20
2024-01-04 18:00:00,-8.4,28,1022.6,6.4,18.0,0.0,31
2024-01-04 19:00:00,-9.3,29,1022.2,7.3,18.4,0.0,1
2024-01-04 20:00:00,-8.8,27,1022.0,6.8,18.0,0.0,100
2024-01-04 21:00:00,-10.5,31,1022.0,8.2,18.0,0.0,100
2024-01-04 22:00:00,-10.6,31,1021.3,8.4,19.4,0.0,100
2024-01-04 23:00:00,-9.7,28,1021.0,7.4,19.4,0.0,100
2024-01-05 00:00:00,-9.2,27,1020.9,6.9,18.7,0.0,100
2024-01-05 01:00:00,-9.3,30,1021.2,6.8,19.8,0.0,100
2024-01-05 02:00:00,-9.3,29,1022.1,7.4,19.4,0.0,100
2024-01-05 03:00:00,-8.1,28,1022.7,7.3,20.9,0.0,100
2024-01-05 04:00:00,-4.3,21,1023.1,4.6,20.9,0.0,100
2024-01-05 05:00:00,-2.8,19,1022.8,4.2,20.5,0.0,100
2024-01-05 06:00:00,-1.9,18,1021.2,2.9,20.9,0.0,100
2024-01-05 07:00:00,-1.3,18,1019.5,3.1,20.5,0.0,100
2024-01-05 08:00:00,-1.0,17,1018.2,5.7,24.5,0.0,100
2024-01-05 09:00:00,-1.0,17,1017.4,4.2,25.2,0.0,100
2024-01-05 10:00:00,-1.2,17,1017.6,3.3,22.3,0.0,99
2024-01-05 11:00:00,-1.4,17,1017.6,4.7,20.9,0.0,98
2024-01-05 12:00:00,-3.5,21,1017.9,8.2,24.5,0.0,43
2024-01-05 13:00:00,-4.5,23,1018.7,9.2,25.9,0.0,100
2024-01-05 14:00:00,-4.6,24,1019.8,4.2,25.6,0.0,72
2024-01-05 15:00:00,-3.9,22,1020.8,0.7,21.2,0.0,97
2024-01-05 16:00:00,-4.7,24,1021.9,2.3,16.6,0.0,100
2024-01-05 17:00:00,-6.3,27,1022.5,4.8,18.4,0.0,95
2024-01-05 18:00:00,-7.7,31,1022.7,5.6,18.4,0.0,19
2024-01-05 19:00:00,-9.4,35,1022.6,6.7,17.6,0.0,17
2024-01-05 20:00:00,-10.8,39,1022.6,8.6,19.8,0.0,1
2024-01-05 21:00:00,-10.1,37,1023.0,7.6,19.8,0.0,0
2024-01-05 22:00:00,-10.5,38,1023.0,7.8,19.1,0.0,0
2024-01-05 23:00:00,-8.0,30,1022.8,6.0,19.1,0.0,0
2024-01-06 00:00:00,-6.7,27,1023.5,2.2,17.3,0.0,0
2024-01-06 01:00:00,-7.7,31,1024.7,5.6,20.5,0.0,0
2024-01-06 02:00:00,-7.3,29,1026.2,3.4,18.7,0.0,0
2024-01-06 03:00:00,-8.8,33,1027.5,5.4,18.4,0.0,0
2024-01-06 04:00:00,-5.4,25,1028.3,2.2,18.4,0.0,0
2024-01-06 05:00:00,-4.0,24,1027.3,1.9,16.9,0.0,0
2024-01-06 06:00:00,-2.9,24,1026.0,1.8,17.6,0.0,0
2024-01-06 07:00:00,-2.2,22,1024.2,1.8,18.7,0.0,0
2024-01-06 08:00:00,-1.6,20,1022.7,2.1,18.4,0.0,0
2024-01-06 09:00:00,-1.2,20,1021.7,3.6,22.7,0.0,0
2024-01-06 10:00:00,-1.0,19,1021.5,4.6,24.8,0.0,0
2024-01-06 11:00:00,-1.3,18,1021.3,4.5,24.8,0.0,0
2024-01-06 12:00:00,-2.0,19,1021.8,2.3,23.4,0.0,0
2024-01-06 13:00:00,-3.1,21,1022.9,0.7,16.6,0.0,0
2024-01-06 14:00:00,-5.8,25,1023.3,6.9,19.8,0.0,0
2024-01-06 15:00:00,-6.8,25,1023.9,8.0,21.2,0.0,0
2024-01-06 16:00:00,-7.8,27,1024.5,8.5,21.2,0.0,0
2024-01-06 17:00:00,-8.7,29,1024.9,7.7,20.9,0.0,0
2024-01-06 18:00:00,-8.0,28,1024.9,6.9,19.4,0.0,0
2024-01-06 19:00:00,-5.5,23,1024.9,5.5,18.4,0.0,0
2024-01-06 20:00:00,-7.4,26,1024.3,6.3,16.9,0.0,0
2024-01-06 21:00:00,-8.1,26,1024.4,6.6,17.3,0.0,0
2024-01-06 22:00:00,-7.8,25,1024.2,6.6,17.6,0.0,0
2024-01-06 23:00:00,-7.6,23,1024.0,6.5,18.0,0.0,0
2024-01-07 00:00:00,-7.5,22,1024.0,6.6,18.0,0.0,0
2024-01-07 01:00:00,-7.7,23,1024.5,6.5,19.8,0.0,0
2024-01-07 02:00:00,-5.7,18,1026.0,5.8,19.4,0.0,0
2024-01-07 03:00:00,-6.9,20,1026.7,5.5,18.0,0.0,0
2024-01-07 04:00:00,-3.7,16,1027.2,3.2,17.6,0.0,0
2024-01-07 05:00:00,-2.1,15,1026.3,2.3,17.6,0.0,0
2024-01-07 06:00:00,-0.8,14,1024.6,2.3,18.7,0.0,0
2024-01-07 07:00:00,0.1,13,1022.5,3.3,21.6,0.0,0
2024-01-07 08:00:00,0.7,13,1020.7,3.1,22.3,0.0,9
2024-01-07 09:00:00,1.1,13,1019.9,4.0,22.7,0.0,32
2024-01-07 10:00:00,1.2,12,1019.3,6.9,25.6,0.0,36
2024-01-07 11:00:00,1.0,12,1019.1,7.8,25.9,0.0,26
2024-01-07 12:00:00,-2.5,16,1019.0,8.1,25.9,0.0,2
2024-01-07 13:00:00,-3.5,17,1019.1,10.0,24.5,0.0,67
2024-01-07 14:00:00,-4.5,17,1020.0,9.5,23.8,0.0,56
2024-01-07 15:00:00,-5.3,17,1020.6,9.8,23.0,0.0,100
2024-01-07 16:00:00,-6.1,17,1021.0,9.0,23.0,0.0,100
2024-01-07 17:00:00,-7.1,18,1021.0,8.0,22.0,0.0,98
2024-01-07 18:00:00,-6.9,18,1020.8,7.3,20.5,0.0,99
2024-01-07 19:00:00,-7.0,19,1020.1,7.3,20.2,0.0,100
2024-01-07 20:00:00,-7.8,20,1019.5,8.0,20.9,0.0,100
2024-01-07 21:00:00,-8.4,21,1019.0,8.4,21.2,0.0,97
2024-01-07 22:00:00,-8.5,22,1019.0,8.4,21.6,0.0,94
2024-01-07 23:00:00,-8.6,21,1018.8,8.8,21.6,0.0,100
2024-01-08 00:00:00,-8.7,21,1018.7,8.8,21.6,0.0,100
2024-01-08 01:00:00,-9.7,20,1020.0,8.7,22.0,0.0,93
2024-01-08 02:00:00,-9.6,18,1020.5,8.8,21.2,0.0,100
2024-01-08 03:00:00,-7.3,14,1020.7,8.6,21.2,0.0,100
2024-01-08 04:00:00,-1.8,9,1020.7,8.3,23.8,0.0,100
2024-01-08 05:00:00,1.1,7,1020.0,10.4,28.4,0.0,100
2024-01-08 06:00:00,2.2,8,1018.3,12.0,31.3,0.0,99
2024-01-08 07:00:00,2.8,8,1016.1,11.6,32.4,0.0,100
2024-01-08 08:00:00,3.2,8,1014.4,9.8,32.4,0.0,93
2024-01-08 09:00:00,3.4,8,1013.5,12.2,33.8,0.0,82
2024-01-08 10:00:00,2.9,8,1013.7,11.9,35.3,0.0,96
2024-01-08 11:00:00,2.2,9,1013.4,13.8,35.6,0.0,100
2024-01-08 12:00:00,-0.0,14,1013.2,12.7,32.4,0.0,46
2024-01-08 13:00:00,-2.3,16,1013.7,10.2,27.0,0.0,44
2024-01-08 14:00:00,-3.9,19,1014.4,8.9,25.9,0.0,27
2024-01-08 15:00:00,-5.0,20,1015.5,8.0,23.4,0.0,10
2024-01-08 16:00:00,-5.9,18,1016.5,9.7,20.5,0.0,48
2024-01-08 17:00:00,-6.8,18,1016.9,10.9,20.5,0.0,11
2024-01-08 18:00:00,-7.6,18,1016.6,11.9,21.6,0.0,23
2024-01-08 19:00:00,-8.3,20,1016.4,13.5,22.3,0.0,18
2024-01-08 20:00:00,-9.4,23,1016.5,14.0,23.0,0.0,27
2024-01-08 21:00:00,-10.2,26,1017.2,13.7,24.1,0.0,45
2024-01-08 22:00:00,-10.4,28,1017.5,12.9,23.8,0.0,51
2024-01-08 23:00:00,-10.1,29,1017.8,11.4,23.0,0.0,73
2024-01-09 00:00:00,-10.2,30,1018.5,10.0,22.3,0.0,84
2024-01-09 01:00:00,-10.0,32,1019.7,7.3,20.9,0.0,88
2024-01-09 02:00:00,-9.3,31,1020.9,6.6,20.9,0.0,94
2024-01-09 03:00:00,-7.2,27,1022.1,5.6,21.2,0.0,59
2024-01-09 04:00:00,-3.2,20,1023.2,2.9,21.6,0.0,56
2024-01-09 05:00:00,-2.1,20,1023.1,6.3,29.5,0.0,31
2024-01-09 06:00:00,-1.6,21,1022.5,7.0,33.1,0.0,15
2024-01-09 07:00:00,-1.1,21,1021.6,7.6,34.6,0.0,41
2024-01-09 08:00:00,-0.9,21,1020.7,7.3,35.3,0.0,51
2024-01-09 09:00:00,-0.8,20,1020.1,5.9,34.2,0.0,14
2024-01-09 10:00:00,-0.7,19,1019.9,4.8,30.2,0.0,3
2024-01-09 11:00:00,-0.9,18,1020.0,3.9,26.3,0.0,1
2024-01-09 12:00:00,-1.6,19,1020.3,2.5,23.0,0.0,8
2024-01-09 13:00:00,-2.8,24,1021.9,2.9,21.6,0.0,0
2024-01-09 14:00:00,-4.0,26,1022.8,2.2,19.4,0.0,0
2024-01-09 15:00:00,-6.4,30,1023.5,9.4,22.0,0.0,0
2024-01-09 16:00:00,-7.5,30,1024.6,10.1,22.7,0.0,0
2024-01-09 17:00:00,-8.5,30,1025.2,9.2,20.9,0.0,0
2024-01-09 18:00:00,-8.7,28,1025.4,11.8,19.8,0.0,0
2024-01-09 19:00:00,-9.6,27,1025.3,11.2,20.9,0.0,0
2024-01-09 20:00:00,-10.4,26,1025.3,10.5,19.8,0.0,0
2024-01-09 21:00:00,-10.9,27,1025.1,10.5,18.4,0.0,0
2024-01-09 22:00:00,-11.3,28,1024.9,10.8,18.4,0.0,28
2024-01-09 23:00:00,-11.8,30,1024.7,10.3,18.4,0.0,60
2024-01-10 00:00:00,-12.3,30,1024.9,8.9,18.0,0.0,67
2024-01-10 01:00:00,-8.9,27,1026.2,6.2,18.7,0.0,92
2024-01-10 02:00:00,-8.6,27,1027.3,6.3,16.9,0.0,0
2024-01-10 03:00:00,-6.8,23,1028.5,4.5,15.8,0.0,1
2024-01-10 04:00:00,-5.0,20,1029.5,1.1,14.8,0.0,0
2024-01-10 05:00:00,-3.7,18,1028.8,3.1,18.0,0.0,0
2024-01-10 06:00:00,-2.6,17,1026.8,1.9,18.4,0.0,25
2024-01-10 07:00:00,-1.6,15,1024.6,1.8,17.6,0.0,58
2024-01-10 08:00:00,-0.9,14,1023.0,1.8,17.6,0.0,0
2024-01-10 09:00:00,-0.5,14,1022.0,2.7,19.4,0.0,0
2024-01-10 10:00:00,-0.6,14,1021.8,2.1,19.4,0.0,0
2024-01-10 11:00:00,-1.1,14,1021.9,1.6,17.3,0.0,0
2024-01-10 12:00:00,-3.4,18,1022.1,7.2,19.4,0.0,0
2024-01-10 13:00:00,-2.2,14,1022.5,2.8,16.6,0.0,0
2024-01-10 14:00:00,-4.9,19,1022.9,5.4,16.2,0.0,0
2024-01-10 15:00:00,-6.0,20,1023.6,7.7,16.9,0.0,0
2024-01-10 16:00:00,-6.8,20,1024.4,9.3,18.4,0.0,0
2024-01-10 17:00:00,-7.5,22,1024.9,9.0,19.1,0.0,0
2024-01-10 18:00:00,-8.3,23,1024.8,8.2,19.1,0.0,0
2024-01-10 19:00:00,-8.2,22,1024.7,8.1,19.1,0.0,0
2024-01-10 20:00:00,-7.5,21,1024.9,7.4,17.6,0.0,0
2024-01-10 21:00:00,-5.9,18,1025.2,6.5,17.3,0.0,0
2024-01-10 22:00:00,-5.7,17,1025.4,6.5,16.9,0.0,0
2024-01-10 23:00:00,-5.8,18,1025.3,6.7,17.6,0.0,0
2024-01-11 00:00:00,-5.4,18,1025.7,6.7,17.6,0.0,0
2024-01-11 01:00:00,-6.0,19,1027.2,6.4,18.4,0.0,7
2024-01-11 02:00:00,-5.6,18,1028.3,6.7,17.3,0.0,0
2024-01-11 03:00:00,-5.8,18,1029.2,5.4,16.9,0.0,0
2024-01-11 04:00:00,-3.0,14,1030.0,4.6,17.6,0.0,0
2024-01-11 05:00:00,-1.8,13,1029.8,1.3,18.0,0.0,0
2024-01-11 06:00:00,-0.7,13,1028.1,1.1,15.5,0.0,0
2024-01-11 07:00:00,0.3,12,1026.1,1.0,15.8,0.0,0
2024-01-11 08:00:00,1.0,11,1024.3,1.1,16.2,0.0,0
2024-01-11 09:00:00,1.5,11,1023.0,0.8,15.8,0.0,0
2024-01-11 10:00:00,1.8,11,1022.1,1.8,16.6,0.0,0
2024-01-11 11:00:00,1.6,11,1021.8,1.9,16.9,0.0,0
2024-01-11 12:00:00,0.8,12,1021.9,3.6,15.8,0.0,0
2024-01-11 13:00:00,-2.9,15,1022.0,6.9,20.2,0.0,0
2024-01-11 14:00:00,-3.4,16,1022.4,8.2,20.2,0.0,0
2024-01-11 15:00:00,-3.9,17,1023.1,8.2,20.2,0.0,5
2024-01-11 16:00:00,-4.6,17,1023.7,7.4,19.8,0.0,19
2024-01-11 17:00:00,-4.3,17,1024.1,7.0,19.1,0.0,32
2024-01-11 18:00:00,-2.3,14,1024.2,5.9,18.7,0.0,30
2024-01-11 19:00:00,-1.3,13,1024.1,5.5,17.6,0.0,34
2024-01-11 20:00:00,-2.9,15,1023.9,6.4,18.4,0.0,86
2024-01-11 21:00:00,-2.2,14,1023.8,6.0,18.7,0.0,85
2024-01-11 22:00:00,-2.2,14,1023.8,6.4,18.4,0.0,58
2024-01-11 23:00:00,-2.6,14,1023.7,6.3,18.0,0.0,10
2024-01-12 00:00:00,-2.4,14,1024.3,6.0,17.6,0.0,85
2024-01-12 01:00:00,-3.4,15,1025.9,6.2,19.1,0.0,100
2024-01-12 02:00:00,-3.9,15,1026.8,6.4,17.3,0.0,100
2024-01-12 03:00:00,-4.9,16,1027.4,6.3,18.4,0.0,99
2024-01-12 04:00:00,-1.3,13,1028.0,5.4,19.4,0.0,100
2024-01-12 05:00:00,0.3,11,1027.5,3.4,20.2,0.0,100
2024-01-12 06:00:00,1.3,11,1026.0,3.7,20.9,0.0,100
2024-01-12 07:00:00,2.1,10,1024.1,3.9,22.0,0.0,100
2024-01-12 08:00:00,2.7,10,1022.5,4.7,23.0,0.0,100
2024-01-12 09:00:00,2.9,10,1021.2,6.5,25.9,0.0,100
2024-01-12 10:00:00,3.1,11,1020.5,7.3,27.0,0.0,100
2024-01-12 11:00:00,2.6,11,1020.3,7.4,27.0,0.0,100
2024-01-12 12:00:00,0.1,16,1020.1,6.8,26.3,0.0,100
2024-01-12 13:00:00,-0.9,17,1021.1,7.6,27.4,0.0,100
2024-01-12 14:00:00,-0.1,18,1021.1,4.9,25.2,0.0,100
2024-01-12 15:00:00,-0.9,20,1021.6,5.6,24.5,0.0,100
2024-01-12 16:00:00,-1.1,21,1021.7,5.5,24.5,0.0,100
2024-01-12 17:00:00,-0.2,19,1021.1,5.0,23.0,0.0,100
2024-01-12 18:00:00,-1.2,22,1020.5,5.9,22.0,0.0,100
2024-01-12 19:00:00,-1.8,24,1020.4,6.7,23.0,0.0,100
2024-01-12 20:00:00,-1.8,26,1020.4,5.9,23.0,0.0,100
2024-01-12 21:00:00,-2.4,29,1020.8,5.8,24.1,0.0,100
2024-01-12 22:00:00,-2.2,31,1020.9,5.6,23.8,0.0,100
2024-01-12 23:00:00,-1.7,35,1021.0,5.7,23.0,0.0,100
2024-01-13 00:00:00,-1.4,38,1021.3,5.4,22.7,0.0,100
2024-01-13 01:00:00,-4.3,45,1021.0,6.3,24.5,0.0,98
2024-01-13 02:00:00,-4.1,42,1022.1,6.2,25.9,0.0,100
2024-01-13 03:00:00,-2.6,37,1021.7,5.2,24.5,0.0,100
2024-01-13 04:00:00,0.4,30,1022.1,7.7,22.3,0.0,100
2024-01-13 05:00:00,1.7,29,1021.8,10.8,26.6,0.0,96
2024-01-13 06:00:00,2.4,28,1020.3,9.5,28.4,0.0,63
2024-01-13 07:00:00,2.7,26,1018.5,9.7,28.8,0.0,28
2024-01-13 08:00:00,2.9,27,1017.3,12.0,29.2,0.0,43
2024-01-13 09:00:00,2.8,28,1016.6,8.2,29.5,0.0,64
2024-01-13 10:00:00,2.4,28,1017.0,10.0,28.4,0.0,66
2024-01-13 11:00:00,1.2,28,1017.9,11.1,28.1,0.0,83
2024-01-13 12:00:00,-0.7,30,1018.2,9.3,28.4,0.0,98
2024-01-13 13:00:00,-1.8,27,1019.5,10.7,28.4,0.0,97
2024-01-13 14:00:00,-2.6,28,1019.3,9.4,23.4,0.0,84
2024-01-13 15:00:00,-3.4,29,1019.7,6.3,22.0,0.0,55
2024-01-13 16:00:00,-2.2,25,1020.2,5.2,19.4,0.0,60
2024-01-13 17:00:00,-2.1,23,1020.2,5.4,18.7,0.0,54
2024-01-13 18:00:00,-1.0,21,1020.3,3.6,18.7,0.0,52
2024-01-13 19:00:00,-2.2,22,1020.6,1.8,16.2,0.0,87
2024-01-13 20:00:00,-3.0,24,1020.9,4.0,15.8,0.0,73
2024-01-13 21:00:00,-2.9,22,1021.1,5.1,18.4,0.0,91
2024-01-13 22:00:00,-2.9,22,1021.0,3.1,18.7,0.0,94
2024-01-13 23:00:00,-3.1,23,1021.0,4.1,17.6,0.0,97
2024-01-14 00:00:00,-3.1,23,1021.2,4.9,19.4,0.0,74
2024-01-14 01:00:00,-4.6,28,1022.9,4.5,20.5,0.0,65
2024-01-14 02:00:00,-4.7,28,1023.5,4.2,18.4,0.0,40
2024-01-14 03:00:00,-4.2,27,1024.5,4.0,17.6,0.0,7
2024-01-14 04:00:00,-2.4,23,1025.2,3.3,18.0,0.0,0
2024-01-14 05:00:00,-0.8,19,1025.0,3.9,20.9,0.0,1
2024-01-14 06:00:00,0.2,17,1023.5,4.4,23.4,0.0,39
2024-01-14 07:00:00,0.8,15,1022.0,4.5,23.8,0.0,85
2024-01-14 08:00:00,1.2,14,1020.8,4.5,24.1,0.0,92
2024-01-14 09:00:00,1.5,13,1020.0,4.1,23.8,0.0,94
2024-01-14 10:00:00,1.6,13,1019.4,2.6,23.0,0.0,73
2024-01-14 11:00:00,1.2,14,1019.5,3.3,19.8,0.0,21
2024-01-14 12:00:00,0.4,15,1019.5,0.8,18.7,0.0,0
2024-01-14 13:00:00,-2.0,19,1020.3,5.0,19.4,0.0,0
2024-01-14 14:00:00,-1.0,17,1020.6,2.6,18.7,0.0,0
2024-01-14 15:00:00,-1.4,18,1021.2,1.1,15.8,0.0,0
2024-01-14 16:00:00,-1.9,19,1022.1,3.9,16.6,0.0,0
2024-01-14 17:00:00,-2.2,20,1022.3,3.9,16.6,0.0,1
2024-01-14 18:00:00,-2.5,20,1022.3,3.4,15.5,0.0,29
2024-01-14 19:00:00,-2.7,21,1022.4,4.1,15.8,0.0,54
2024-01-14 20:00:00,-2.8,20,1022.6,3.7,16.2,0.0,48
2024-01-14 21:00:00,-3.2,21,1022.6,1.4,15.5,0.0,4
2024-01-14 22:00:00,-3.6,21,1022.7,3.4,14.0,0.0,0
2024-01-14 23:00:00,-3.8,21,1022.7,4.1,15.1,0.0,0
2024-01-15 00:00:00,-3.9,21,1022.8,3.6,15.1,0.0,0
2024-01-15 01:00:00,-5.1,22,1025.2,2.3,13.7,0.0,1
2024-01-15 02:00:00,-5.4,23,1025.3,2.9,11.9,0.0,0
2024-01-15 03:00:00,-6.7,26,1025.6,5.3,16.9,0.0,5
2024-01-15 04:00:00,-3.7,21,1026.0,2.3,16.9,0.0,0
2024-01-15 05:00:00,-2.0,18,1025.4,0.5,14.4,0.0,4
2024-01-15 06:00:00,-0.9,16,1023.5,0.7,15.1,0.0,3
2024-01-15 07:00:00,-0.1,14,1021.3,2.3,18.7,0.0,7
2024-01-15 08:00:00,0.3,14,1019.4,2.5,20.2,0.0,0
2024-01-15 09:00:00,0.7,15,1017.9,2.6,20.5,0.0,24
2024-01-15 10:00:00,0.8,16,1017.1,2.8,21.2,0.0,94
2024-01-15 11:00:00,0.3,17,1017.0,2.4,19.4,0.0,36
2024-01-15 12:00:00,-0.7,19,1017.4,1.8,18.0,0.0,53
2024-01-15 13:00:00,-1.4,21,1017.6,1.4,18.7,0.0,22
2024-01-15 14:00:00,-2.0,23,1017.5,2.6,20.9,0.0,15
2024-01-15 15:00:00,-2.8,24,1017.6,2.3,20.5,0.0,8
2024-01-15 16:00:00,-3.2,25,1017.9,0.8,18.4,0.0,8
2024-01-15 17:00:00,-4.0,27,1017.7,1.5,14.8,0.0,6
2024-01-15 18:00:00,-4.3,29,1017.7,1.1,14.8,0.0,15
2024-01-15 19:00:00,-4.7,30,1017.5,1.8,14.4,0.0,34
2024-01-15 20:00:00,-5.6,33,1017.7,2.2,15.5,0.0,73
2024-01-15 21:00:00,-6.1,34,1017.8,2.8,16.2,0.0,67
2024-01-15 22:00:00,-6.3,35,1017.8,3.1,16.9,0.0,70
2024-01-15 23:00:00,-6.6,36,1017.8,3.3,18.4,0.0,58
2024-01-16 00:00:00,-6.8,37,1018.2,3.1,18.4,0.0,37
2024-01-16 01:00:00,-7.5,39,1019.3,4.3,21.6,0.0,2
2024-01-16 02:00:00,-7.9,41,1019.6,3.8,21.6,0.0,6
2024-01-16 03:00:00,-7.8,40,1020.4,3.4,19.8,0.0,1
2024-01-16 04:00:00,-4.8,31,1021.0,4.0,20.2,0.0,4
2024-01-16 05:00:00,-2.7,22,1020.1,5.4,25.9,0.0,8
2024-01-16 06:00:00,-1.5,23,1018.3,6.2,29.9,0.0,12
2024-01-16 07:00:00,-0.6,21,1016.0,7.4,32.8,0.0,1
2024-01-16 08:00:00,-0.3,19,1014.2,8.1,33.8,0.0,0
2024-01-16 09:00:00,0.1,18,1012.8,8.2,33.8,0.0,33
2024-01-16 10:00:00,0.1,19,1012.0,7.9,33.1,0.0,72
2024-01-16 11:00:00,-0.5,20,1011.9,8.2,32.4,0.0,99
2024-01-16 12:00:00,-1.6,23,1012.3,7.9,32.4,0.0,76
2024-01-16 13:00:00,-3.2,28,1014.9,8.6,34.2,0.0,67
2024-01-16 14:00:00,-4.2,39,1015.5,5.2,34.2,0.0,52
2024-01-16 15:00:00,-3.9,37,1015.7,2.3,28.1,0.0,77
2024-01-16 16:00:00,-4.7,43,1016.9,1.3,22.0,0.1,93
2024-01-16 17:00:00,-5.6,49,1017.6,2.9,18.0,0.0,95
2024-01-16 18:00:00,-6.0,47,1018.0,3.4,17.3,0.0,78
2024-01-16 19:00:00,-5.9,44,1018.0,1.1,16.2,0.0,59
2024-01-16 20:00:00,-6.1,44,1018.0,2.2,16.6,0.0,71
2024-01-16 21:00:00,-6.2,41,1018.1,2.7,19.4,0.0,77
2024-01-16 22:00:00,-6.4,41,1018.5,2.5,19.1,0.0,92
2024-01-16 23:00:00,-7.0,46,1018.9,1.5,19.4,0.0,92
2024-01-17 00:00:00,-7.4,49,1019.9,2.6,14.8,0.0,95
2024-01-17 01:00:00,-8.2,42,1022.4,0.8,14.8,0.0,62
2024-01-17 02:00:00,-8.5,44,1023.5,2.6,11.9,0.0,76
2024-01-17 03:00:00,-8.6,45,1024.5,7.1,19.4,0.0,49
2024-01-17 04:00:00,-7.0,43,1024.7,3.7,19.1,0.0,49
2024-01-17 05:00:00,-5.8,47,1023.5,4.1,22.0,0.0,22
2024-01-17 06:00:00,-4.7,47,1021.4,3.3,22.7,0.0,18
2024-01-17 07:00:00,-3.9,41,1018.9,2.9,21.6,0.0,15
2024-01-17 08:00:00,-3.1,33,1017.0,3.6,22.7,0.0,17
2024-01-17 09:00:00,-2.7,29,1015.8,3.6,23.4,0.0,54
2024-01-17 10:00:00,-2.5,26,1015.1,2.9,22.7,0.0,45
2024-01-17 11:00:00,-2.7,24,1015.4,4.6,22.0,0.0,54
2024-01-17 12:00:00,-4.2,27,1015.8,5.1,26.6,0.0,71
2024-01-17 13:00:00,-4.3,29,1016.6,4.1,26.3,0.0,94
2024-01-17 14:00:00,-4.0,32,1017.5,1.9,25.6,0.0,87
2024-01-17 15:00:00,-4.6,36,1018.4,1.5,18.0,0.0,44
2024-01-17 16:00:00,-5.3,39,1019.0,0.8,15.8,0.0,0
2024-01-17 17:00:00,-7.9,38,1019.9,9.5,22.7,0.0,0
2024-01-17 18:00:00,-9.0,35,1020.4,9.3,23.0,0.0,0
2024-01-17 19:00:00,-9.6,38,1021.0,6.1,22.7,0.0,0
2024-01-17 20:00:00,-7.8,33,1021.5,4.6,20.2,0.0,0
2024-01-17 21:00:00,-9.4,37,1022.1,5.6,18.4,0.0,0
2024-01-17 22:00:00,-11.4,42,1022.5,7.2,20.5,0.0,0
2024-01-17 23:00:00,-10.4,38,1022.9,6.2,20.9,0.0,1
2024-01-18 00:00:00,-8.2,31,1023.7,4.6,19.4,0.0,16
2024-01-18 01:00:00,-9.8,32,1024.6,5.6,20.9,0.0,0
2024-01-18 02:00:00,-11.8,37,1026.0,6.9,22.3,0.0,8
2024-01-18 03:00:00,-8.5,29,1027.1,2.4,20.9,0.0,19
2024-01-18 04:00:00,-7.3,29,1027.9,2.5,16.9,0.0,24
2024-01-18 05:00:00,-5.9,29,1026.7,5.2,25.2,0.0,0
2024-01-18 06:00:00,-4.7,27,1024.4,4.7,25.2,0.0,0
2024-01-18 07:00:00,-3.6,26,1021.7,4.1,25.2,0.0,0
2024-01-18 08:00:00,-2.8,24,1019.3,4.0,24.5,0.0,1
2024-01-18 09:00:00,-2.3,21,1018.1,3.5,24.5,0.0,1
2024-01-18 10:00:00,-2.2,21,1017.6,3.3,23.8,0.0,1
2024-01-18 11:00:00,-2.3,21,1017.2,3.4,22.3,0.0,0
2024-01-18 12:00:00,-3.9,23,1017.3,5.9,24.8,0.0,27
2024-01-18 13:00:00,-4.3,23,1018.3,3.9,24.1,0.0,67
2024-01-18 14:00:00,-5.9,26,1018.5,4.1,22.7,0.0,60
2024-01-18 15:00:00,-7.0,27,1019.0,5.1,22.0,0.0,45
2024-01-18 16:00:00,-7.8,26,1019.8,6.6,23.4,0.0,9
2024-01-18 17:00:00,-7.9,24,1020.2,5.4,24.1,0.0,0
2024-01-18 18:00:00,-8.8,25,1020.3,5.9,23.8,0.0,0
2024-01-18 19:00:00,-9.9,29,1020.3,7.1,24.1,0.0,0
2024-01-18 20:00:00,-7.1,25,1020.8,5.0,24.1,0.0,0
2024-01-18 21:00:00,-7.0,27,1021.2,4.7,23.8,0.0,0
2024-01-18 22:00:00,-7.4,29,1021.4,4.7,22.7,0.0,0
2024-01-18 23:00:00,-7.9,30,1021.9,4.8,22.3,0.0,9
2024-01-19 00:00:00,-8.3,31,1022.8,5.1,22.3,0.0,24
2024-01-19 01:00:00,-8.7,33,1024.8,4.6,23.0,0.0,29
2024-01-19 02:00:00,-8.8,34,1025.7,5.4,21.2,0.0,31
2024-01-19 03:00:00,-10.1,37,1026.1,5.1,20.2,0.0,25
2024-01-19 04:00:00,-5.8,27,1026.4,4.1,21.2,0.0,0
2024-01-19 05:00:00,-3.6,23,1024.6,6.1,27.0,0.0,0
2024-01-19 06:00:00,-2.3,21,1022.8,6.2,28.1,0.0,0
2024-01-19 07:00:00,-1.2,18,1020.3,6.6,29.9,0.0,0
2024-01-19 08:00:00,-0.4,15,1018.1,7.2,31.3,0.0,0
2024-01-19 09:00:00,0.1,13,1016.6,8.0,32.8,0.0,0
2024-01-19 10:00:00,0.1,12,1015.7,9.0,33.8,0.0,5
2024-01-19 11:00:00,-0.3,10,1015.4,9.8,33.5,0.0,0
2024-01-19 12:00:00,-2.4,13,1015.5,8.4,33.1,0.0,0
2024-01-19 13:00:00,-4.3,15,1017.0,6.6,27.4,0.0,0
2024-01-19 14:00:00,-5.1,16,1017.1,5.9,25.2,0.0,0
2024-01-19 15:00:00,-5.9,16,1017.3,7.6,25.9,0.0,0
2024-01-19 16:00:00,-7.1,18,1017.4,7.9,25.9,0.0,0
2024-01-19 17:00:00,-8.0,20,1017.1,8.3,24.8,0.0,0
2024-01-19 18:00:00,-8.6,22,1016.7,7.6,24.8,0.0,41
2024-01-19 19:00:00,-8.4,22,1016.4,7.2,24.1,0.0,93
2024-01-19 20:00:00,-7.8,21,1016.0,6.9,23.4,0.0,100
2024-01-19 21:00:00,-6.7,19,1015.7,6.1,23.0,0.0,100
2024-01-19 22:00:00,-5.2,17,1015.3,5.8,22.7,0.0,100
2024-01-19 23:00:00,-4.2,16,1015.4,4.7,22.7,0.0,99
2024-01-20 00:00:00,-4.2,16,1015.8,4.1,22.7,0.0,93
2024-01-20 01:00:00,-5.5,19,1017.8,4.7,23.4,0.0,37
2024-01-20 02:00:00,-5.5,19,1018.8,3.6,23.0,0.0,59
2024-01-20 03:00:00,-5.3,19,1020.0,3.7,20.9,0.0,61
2024-01-20 04:00:00,-4.3,17,1020.8,2.3,20.5,0.0,69
2024-01-20 05:00:00,-3.0,17,1020.5,4.2,24.1,0.0,65
2024-01-20 06:00:00,-2.1,17,1019.3,4.5,26.3,0.0,71
2024-01-20 07:00:00,-1.3,16,1017.6,4.0,26.3,0.0,93
2024-01-20 08:00:00,-0.9,14,1016.2,5.2,27.7,0.0,99
2024-01-20 09:00:00,-0.8,14,1015.5,6.6,30.2,0.0,79
2024-01-20 10:00:00,-0.9,14,1014.8,7.4,32.0,0.0,35
2024-01-20 11:00:00,-1.2,16,1014.8,6.8,31.7,0.0,68
2024-01-20 12:00:00,-2.9,20,1015.5,5.9,31.0,0.0,67
2024-01-20 13:00:00,-3.0,20,1017.3,2.9,27.0,0.0,94
2024-01-20 14:00:00,-3.4,22,1017.7,1.1,24.5,0.0,77
2024-01-20 15:00:00,-3.8,23,1018.5,0.8,20.5,0.0,21
2024-01-20 16:00:00,-6.7,29,1019.4,5.4,20.5,0.0,7
2024-01-20 17:00:00,-8.2,31,1020.1,8.6,23.0,0.0,22
2024-01-20 18:00:00,-9.2,33,1020.6,8.6,23.0,0.0,37
2024-01-20 19:00:00,-9.9,37,1021.1,9.2,20.9,0.0,29
2024-01-20 20:00:00,-10.7,41,1021.4,9.4,19.8,0.0,44
2024-01-20 21:00:00,-11.3,45,1021.8,8.6,19.1,0.0,61
2024-01-20 22:00:00,-11.9,47,1022.3,8.3,18.7,0.0,76
2024-01-20 23:00:00,-12.1,48,1022.8,8.1,18.0,0.0,80
2024-01-21 00:00:00,-11.3,45,1023.6,7.0,18.0,0.0,22
2024-01-21 01:00:00,-8.2,33,1025.5,4.1,16.2,0.0,12
2024-01-21 02:00:00,-12.5,46,1027.2,8.3,18.7,0.0,1
2024-01-21 03:00:00,-10.0,37,1028.1,6.0,19.1,0.0,0
2024-01-21 04:00:00,-6.3,28,1028.5,3.1,16.9,0.0,0
2024-01-21 05:00:00,-4.7,24,1027.7,4.7,24.1,0.0,0
2024-01-21 06:00:00,-3.9,22,1026.0,4.4,26.3,0.0,0
2024-01-21 07:00:00,-2.9,19,1023.8,2.8,24.5,0.0,0
2024-01-21 08:00:00,-1.9,15,1021.6,4.2,24.8,0.0,0
2024-01-21 09:00:00,-1.3,14,1020.2,4.2,25.6,0.0,0
2024-01-21 10:00:00,-1.0,12,1019.5,3.8,25.2,0.0,0
2024-01-21 11:00:00,-1.2,12,1019.5,4.7,23.4,0.0,1
2024-01-21 12:00:00,-3.4,17,1019.5,4.8,23.8,0.0,0
2024-01-21 13:00:00,-4.7,20,1021.5,5.4,25.2,0.0,0
2024-01-21 14:00:00,-4.4,19,1021.8,3.1,23.0,0.0,0
2024-01-21 15:00:00,-7.0,25,1022.0,6.3,19.1,0.0,0
2024-01-21 16:00:00,-8.0,25,1022.4,7.1,20.5,0.0,0
2024-01-21 17:00:00,-8.0,23,1022.7,6.2,20.5,0.0,0
2024-01-21 18:00:00,-8.4,22,1022.7,6.6,19.8,0.0,0
2024-01-21 19:00:00,-8.7,23,1022.3,6.6,19.8,0.0,0
2024-01-21 20:00:00,-9.3,26,1021.9,6.9,19.8,0.0,0
2024-01-21 21:00:00,-9.8,27,1021.4,7.3,20.2,0.0,0
2024-01-21 22:00:00,-9.5,25,1020.7,6.9,20.2,0.0,0
2024-01-21 23:00:00,-9.5,23,1020.2,6.9,19.8,0.0,0
2024-01-22 00:00:00,-9.1,21,1020.0,6.9,20.2,0.0,0
2024-01-22 01:00:00,-8.1,20,1021.7,6.2,24.1,0.0,0
2024-01-22 02:00:00,-7.6,18,1022.1,6.1,20.9,0.0,0
2024-01-22 03:00:00,-7.3,17,1022.4,5.4,20.2,0.0,0
2024-01-22 04:00:00,-3.2,12,1022.7,4.2,20.5,0.0,0
2024-01-22 05:00:00,-0.7,10,1022.0,7.6,28.4,0.0,0
2024-01-22 06:00:00,0.7,9,1020.2,8.9,32.8,0.0,0
2024-01-22 07:00:00,1.5,8,1017.9,9.2,34.2,0.0,0
2024-01-22 08:00:00,2.2,8,1016.0,10.4,36.0,0.0,0
2024-01-22 09:00:00,2.5,7,1014.6,10.2,36.0,0.0,53
2024-01-22 10:00:00,2.5,6,1013.9,9.7,36.0,0.0,100
2024-01-22 11:00:00,2.1,5,1013.5,8.5,33.1,0.0,100
2024-01-22 12:00:00,-0.4,8,1013.2,5.1,29.5,0.0,100
2024-01-22 13:00:00,-2.2,9,1014.2,7.6,25.9,0.0,100
2024-01-22 14:00:00,-1.9,9,1014.6,4.3,25.2,0.0,100
2024-01-22 15:00:00,-0.8,8,1015.1,3.8,23.0,0.0,100
2024-01-22 16:00:00,-2.1,10,1015.7,4.7,24.5,0.0,100
2024-01-22 17:00:00,-1.2,10,1015.8,3.1,24.1,0.0,100
2024-01-22 18:00:00,-2.0,10,1016.0,1.5,21.2,0.0,100
2024-01-22 19:00:00,-4.1,12,1016.1,5.7,21.2,0.0,83
2024-01-22 20:00:00,-7.2,15,1016.3,7.5,23.8,0.0,21
2024-01-22 21:00:00,-6.8,14,1016.8,6.7,23.4,0.0,34
2024-01-22 22:00:00,-6.3,13,1017.0,6.2,21.6,0.0,34
2024-01-22 23:00:00,-9.3,17,1017.0,7.7,20.2,0.0,33
2024-01-23 00:00:00,-10.7,19,1017.6,8.3,20.9,0.0,39
2024-01-23 01:00:00,-9.6,19,1018.6,7.9,20.5,0.0,14
2024-01-23 02:00:00,-10.3,20,1019.5,7.7,21.2,0.0,27
2024-01-23 03:00:00,-7.8,17,1020.2,5.1,21.2,0.0,48
2024-01-23 04:00:00,-4.5,14,1021.5,2.5,19.1,0.0,42
2024-01-23 05:00:00,-3.2,14,1021.4,4.4,23.8,0.0,29
2024-01-23 06:00:00,-2.4,15,1020.0,5.4,27.0,0.0,12
2024-01-23 07:00:00,-1.5,15,1018.1,5.4,28.1,0.0,21
2024-01-23 08:00:00,-1.0,15,1016.3,4.7,27.7,0.0,44
2024-01-23 09:00:00,-0.6,15,1015.1,4.0,26.3,0.0,54
2024-01-23 10:00:00,-0.5,14,1014.4,4.4,25.2,0.0,55
2024-01-23 11:00:00,-0.9,14,1014.4,4.1,24.5,0.0,70
2024-01-23 12:00:00,-2.3,17,1014.7,3.2,23.4,0.0,80
2024-01-23 13:00:00,-2.6,16,1014.9,1.9,20.2,0.0,50
2024-01-23 14:00:00,-3.6,18,1015.5,1.1,16.6,0.0,73
2024-01-23 15:00:00,-5.7,21,1016.1,9.2,20.2,0.0,84
2024-01-23 16:00:00,-6.8,25,1016.8,9.0,22.0,0.0,95
2024-01-23 17:00:00,-7.9,28,1017.0,8.2,21.2,0.0,99
2024-01-23 18:00:00,-8.5,29,1017.5,8.7,20.5,0.0,100
2024-01-23 19:00:00,-9.6,30,1017.4,7.3,21.2,0.0,94
2024-01-23 20:00:00,-8.7,26,1017.6,6.0,19.8,0.0,97
2024-01-23 21:00:00,-6.6,21,1018.2,4.0,17.6,0.0,65
2024-01-23 22:00:00,-10.6,29,1018.4,7.5,17.3,0.0,18
2024-01-23 23:00:00,-11.3,29,1018.5,7.8,19.1,0.0,0
2024-01-24 00:00:00,-9.9,25,1019.3,6.7,18.4,0.0,0
2024-01-24 01:00:00,-8.0,24,1021.3,1.4,14.4,0.0,0
2024-01-24 02:00:00,-8.4,24,1022.9,5.1,15.8,0.0,0
2024-01-24 03:00:00,-9.6,25,1024.5,5.1,17.3,0.0,0
2024-01-24 04:00:00,-6.5,20,1025.8,4.0,18.7,0.0,0
2024-01-24 05:00:00,-5.3,21,1025.4,5.4,25.2,0.0,0
2024-01-24 06:00:00,-4.4,21,1023.9,6.1,28.8,0.0,0
2024-01-24 07:00:00,-3.6,21,1021.4,5.9,29.2,0.0,0
2024-01-24 08:00:00,-2.9,21,1019.5,5.6,29.2,0.0,0
2024-01-24 09:00:00,-2.5,21,1018.3,5.2,28.1,0.0,0
2024-01-24 10:00:00,-2.4,20,1017.4,5.2,27.4,0.0,2
2024-01-24 11:00:00,-2.6,20,1017.3,4.7,26.6,0.0,1
2024-01-24 12:00:00,-3.7,23,1017.4,2.4,24.1,0.0,0
2024-01-24 13:00:00,-4.3,23,1018.4,3.0,19.8,0.0,0
2024-01-24 14:00:00,-5.0,25,1019.1,1.1,18.0,0.0,0
2024-01-24 15:00:00,-5.5,26,1019.4,2.0,13.7,0.0,0
2024-01-24 16:00:00,-7.9,28,1019.9,9.0,20.9,0.0,0
2024-01-24 17:00:00,-8.9,30,1020.7,6.8,21.2,0.0,0
2024-01-24 18:00:00,-6.1,23,1021.3,4.7,18.4,0.0,0
2024-01-24 19:00:00,-5.9,22,1021.2,2.9,16.6,0.0,0
2024-01-24 20:00:00,-6.2,22,1021.5,0.5,14.0,0.0,16
2024-01-24 21:00:00,-6.5,22,1022.0,0.0,11.2,0.0,19
2024-01-24 22:00:00,-6.6,22,1022.2,2.0,13.3,0.0,95
2024-01-24 23:00:00,-6.7,21,1022.6,2.1,13.7,0.0,90
2024-01-25 00:00:00,-7.0,22,1023.3,0.8,13.0,0.0,42
2024-01-25 01:00:00,-7.7,23,1024.3,0.8,15.5,0.0,43
2024-01-25 02:00:00,-7.8,24,1026.2,2.6,13.0,0.0,64
2024-01-25 03:00:00,-9.4,28,1027.1,5.5,19.1,0.0,100
2024-01-25 04:00:00,-6.5,21,1027.5,2.7,18.7,0.0,99
2024-01-25 05:00:00,-5.2,21,1026.9,4.1,22.0,0.0,61
2024-01-25 06:00:00,-4.1,21,1024.8,4.1,23.4,0.0,75
2024-01-25 07:00:00,-3.1,19,1022.3,3.3,23.4,0.0,98
2024-01-25 08:00:00,-2.7,19,1020.1,3.2,22.3,0.0,100
2024-01-25 09:00:00,-2.5,18,1019.1,1.8,21.2,0.0,100
2024-01-25 10:00:00,-2.1,18,1018.3,1.8,18.0,0.0,90
2024-01-25 11:00:00,-2.1,19,1017.8,3.8,21.2,0.0,34
2024-01-25 12:00:00,-3.3,23,1018.1,5.4,25.2,0.0,48
2024-01-25 13:00:00,-4.4,23,1018.9,6.2,27.0,0.0,83
2024-01-25 14:00:00,-4.5,26,1019.7,3.9,27.0,0.0,88
2024-01-25 15:00:00,-4.1,25,1020.7,1.8,25.9,0.0,82
2024-01-25 16:00:00,-4.8,27,1021.5,0.4,20.9,0.0,100
2024-01-25 17:00:00,-5.3,28,1021.9,1.8,15.5,0.0,98
2024-01-25 18:00:00,-5.8,30,1021.8,1.1,14.0,0.0,35
2024-01-25 19:00:00,-6.1,31,1021.5,3.3,12.6,0.0,86
2024-01-25 20:00:00,-8.1,38,1021.1,5.7,17.3,0.0,100
2024-01-25 21:00:00,-5.9,32,1020.8,4.1,18.4,0.0,99
2024-01-25 22:00:00,-6.3,34,1020.4,1.4,16.6,0.0,100
2024-01-25 23:00:00,-6.4,35,1020.4,3.3,13.7,0.0,100
2024-01-26 00:00:00,-6.6,35,1020.5,4.6,16.9,0.0,100
2024-01-26 01:00:00,-7.7,39,1021.4,5.0,19.1,0.0,100
2024-01-26 02:00:00,-6.9,36,1022.2,3.3,18.4,0.0,100
2024-01-26 03:00:00,-6.8,35,1023.8,2.2,14.8,0.0,100
2024-01-26 04:00:00,-5.6,32,1024.5,2.4,16.9,0.0,100
2024-01-26 05:00:00,-4.5,31,1023.6,1.9,19.4,0.0,52
2024-01-26 06:00:00,-3.3,30,1022.1,1.8,19.1,0.0,100
2024-01-26 07:00:00,-3.0,32,1020.8,3.0,21.6,0.0,90
2024-01-26 08:00:00,-2.5,33,1018.9,5.6,27.4,0.1,59
2024-01-26 09:00:00,-2.1,32,1017.7,6.6,30.2,0.0,59
2024-01-26 10:00:00,-2.2,33,1017.4,3.7,30.2,0.0,93
2024-01-26 11:00:00,-3.0,38,1018.1,4.6,24.1,0.0,93
2024-01-26 12:00:00,-3.9,40,1018.8,4.8,23.8,0.0,87
2024-01-26 13:00:00,-5.4,42,1021.8,2.1,18.0,0.0,73
2024-01-26 14:00:00,-5.4,38,1021.6,5.0,21.6,0.0,67
2024-01-26 15:00:00,-5.5,40,1022.2,5.2,24.1,0.2,74
2024-01-26 16:00:00,-5.7,39,1023.4,4.8,23.8,0.0,59
2024-01-26 17:00:00,-7.1,45,1024.1,4.1,23.4,0.0,66
2024-01-26 18:00:00,-7.8,55,1025.0,4.3,23.8,0.0,77
2024-01-26 19:00:00,-7.9,62,1025.4,4.1,25.2,0.1,92
2024-01-26 20:00:00,-8.5,68,1025.7,4.0,24.8,0.1,84
2024-01-26 21:00:00,-8.8,65,1026.0,3.3,24.5,0.0,59
2024-01-26 22:00:00,-9.4,63,1026.4,2.9,22.0,0.0,33
2024-01-26 23:00:00,-9.3,57,1027.0,2.8,20.9,0.0,44
2024-01-27 00:00:00,-8.8,50,1027.4,2.3,19.8,0.0,62
2024-01-27 01:00:00,-9.6,57,1028.8,3.9,24.1,0.0,30
2024-01-27 02:00:00,-9.5,54,1029.7,1.5,21.2,0.0,54
2024-01-27 03:00:00,-8.8,50,1031.5,1.5,14.4,0.0,69
2024-01-27 04:00:00,-7.3,45,1033.0,3.2,18.7,0.0,60
2024-01-27 05:00:00,-5.9,49,1032.4,3.5,22.0,0.0,50
2024-01-27 06:00:00,-5.0,47,1031.1,3.9,23.8,0.0,4
2024-01-27 07:00:00,-4.0,43,1028.4,2.5,23.8,0.0,1
2024-01-27 08:00:00,-3.4,38,1026.0,1.8,20.9,0.0,3
2024-01-27 09:00:00,-2.7,33,1024.3,2.2,18.7,0.0,23
2024-01-27 10:00:00,-2.3,31,1023.0,2.7,19.4,0.0,0
2024-01-27 11:00:00,-2.2,30,1022.4,1.8,19.1,0.0,1
2024-01-27 12:00:00,-2.5,31,1022.3,1.3,15.8,0.0,29
2024-01-27 13:00:00,-4.1,32,1023.6,2.6,20.2,0.0,7
2024-01-27 14:00:00,-5.2,36,1024.0,3.8,17.6,0.0,64
2024-01-27 15:00:00,-5.1,33,1024.4,6.9,17.3,0.0,100
2024-01-27 16:00:00,-5.0,31,1024.7,7.1,19.1,0.0,100
2024-01-27 17:00:00,-5.0,30,1024.7,3.9,19.1,0.0,93
2024-01-27 18:00:00,-4.5,28,1024.5,3.1,14.4,0.0,97
2024-01-27 19:00:00,-5.3,30,1024.3,3.9,16.2,0.0,100
2024-01-27 20:00:00,-4.6,29,1023.9,2.2,16.2,0.0,100
2024-01-27 21:00:00,-4.9,31,1023.8,1.1,15.1,0.0,99
2024-01-27 22:00:00,-5.7,36,1023.4,3.5,15.8,0.0,100
2024-01-27 23:00:00,-5.2,37,1023.0,3.4,17.3,0.0,80
2024-01-28 00:00:00,-5.6,39,1023.1,2.3,16.9,0.0,54
2024-01-28 01:00:00,-5.7,41,1023.5,3.8,19.8,0.0,92
2024-01-28 02:00:00,-6.1,42,1024.2,4.0,19.1,0.0,35
2024-01-28 03:00:00,-5.8,43,1024.6,3.3,17.3,0.0,85
2024-01-28 04:00:00,-3.4,35,1024.9,4.0,19.1,0.0,79
2024-01-28 05:00:00,-1.6,30,1024.0,5.2,24.1,0.0,83
2024-01-28 06:00:00,-0.4,27,1022.2,5.1,25.2,0.0,86
2024-01-28 07:00:00,0.4,25,1019.6,5.7,27.0,0.0,42
2024-01-28 08:00:00,1.2,24,1017.3,7.0,29.9,0.0,92
2024-01-28 09:00:00,1.6,25,1015.5,6.1,29.9,0.0,98
2024-01-28 10:00:00,1.6,26,1014.5,8.4,29.9,0.0,99
2024-01-28 11:00:00,1.2,27,1014.4,9.6,31.3,0.0,100
2024-01-28 12:00:00,0.7,29,1014.4,8.4,30.6,0.0,100
2024-01-28 13:00:00,-0.2,32,1014.6,6.6,27.7,0.0,83
2024-01-28 14:00:00,-0.1,33,1016.1,1.5,23.4,0.0,85
2024-01-28 15:00:00,-1.0,36,1017.7,3.1,18.7,0.0,82
2024-01-28 16:00:00,-2.3,46,1019.3,5.7,24.8,0.0,96
2024-01-28 17:00:00,-2.8,50,1019.7,6.2,24.8,0.0,97
2024-01-28 18:00:00,-3.3,53,1019.9,6.0,24.1,0.0,91
2024-01-28 19:00:00,-4.2,57,1020.1,5.0,23.0,0.0,88
2024-01-28 20:00:00,-4.5,56,1019.6,5.1,21.2,0.0,73
2024-01-28 21:00:00,-5.0,56,1019.8,5.4,21.6,0.0,99
2024-01-28 22:00:00,-4.0,52,1019.9,4.2,21.2,0.0,100
2024-01-28 23:00:00,-4.3,54,1020.1,4.0,19.8,0.0,92
2024-01-29 00:00:00,-4.7,56,1020.3,4.4,18.4,0.1,100
2024-01-29 01:00:00,-4.1,53,1020.5,3.2,18.4,0.0,100
2024-01-29 02:00:00,-4.4,53,1021.1,4.1,17.3,0.1,99
2024-01-29 03:00:00,-4.6,51,1021.6,6.2,21.6,0.2,92
2024-01-29 04:00:00,-3.4,40,1021.6,3.1,22.0,0.1,100
2024-01-29 05:00:00,-2.8,40,1021.2,2.9,19.1,0.1,78
2024-01-29 06:00:00,-1.8,37,1020.1,4.3,22.7,0.0,6
2024-01-29 07:00:00,-0.8,33,1017.9,4.0,24.1,0.0,7
2024-01-29 08:00:00,-0.3,32,1016.1,4.8,24.1,0.0,80
2024-01-29 09:00:00,-0.4,33,1014.9,5.1,24.8,0.0,71
2024-01-29 10:00:00,-1.0,35,1015.2,6.3,25.9,0.0,51
2024-01-29 11:00:00,-1.7,34,1016.0,6.6,27.0,0.0,49
2024-01-29 12:00:00,-3.0,36,1017.1,6.8,26.3,0.0,58
2024-01-29 13:00:00,-4.0,42,1018.5,5.6,22.3,0.0,50
2024-01-29 14:00:00,-4.5,41,1019.3,7.8,23.4,0.1,49
2024-01-29 15:00:00,-5.1,37,1019.8,5.5,23.0,0.0,41
2024-01-29 16:00:00,-5.7,36,1020.1,4.0,22.7,0.0,30
2024-01-29 17:00:00,-5.6,31,1020.5,2.9,21.2,0.0,13
2024-01-29 18:00:00,-5.6,29,1020.8,2.9,18.4,0.0,23
2024-01-29 19:00:00,-6.5,30,1020.6,3.6,19.4,0.0,33
2024-01-29 20:00:00,-7.1,31,1020.8,3.7,20.5,0.0,44
2024-01-29 21:00:00,-7.6,33,1021.3,3.9,20.5,0.0,53
2024-01-29 22:00:00,-8.5,38,1021.4,4.3,21.6,0.0,63
2024-01-29 23:00:00,-8.8,40,1021.1,4.7,22.7,0.0,59
2024-01-30 00:00:00,-9.0,40,1021.1,4.8,22.7,0.0,81
2024-01-30 01:00:00,-8.9,48,1023.8,4.1,23.4,0.0,93
2024-01-30 02:00:00,-8.2,46,1024.1,3.4,21.6,0.0,98
2024-01-30 03:00:00,-7.4,44,1024.6,4.3,20.5,0.1,100
2024-01-30 04:00:00,-5.9,38,1024.1,4.6,22.7,0.1,100
2024-01-30 05:00:00,-4.5,38,1022.5,6.6,27.4,0.1,98
2024-01-30 06:00:00,-3.6,38,1020.5,8.9,32.4,0.1,95
2024-01-30 07:00:00,-2.7,34,1018.1,11.6,36.4,0.0,100
2024-01-30 08:00:00,-2.1,30,1015.7,11.9,37.4,0.0,100
2024-01-30 09:00:00,-1.9,31,1014.1,10.6,37.4,0.0,100
2024-01-30 10:00:00,-1.9,32,1013.1,10.6,36.0,0.1,100
2024-01-30 11:00:00,-2.0,34,1012.4,8.7,34.9,0.1,100
2024-01-30 12:00:00,-2.2,36,1012.0,8.9,32.4,0.1,100
2024-01-30 13:00:00,-3.2,40,1013.3,6.8,28.4,0.0,100
2024-01-30 14:00:00,-2.8,41,1013.4,8.0,29.9,0.1,100
2024-01-30 15:00:00,-3.0,43,1013.3,7.9,31.7,0.2,83
2024-01-30 16:00:00,-3.8,44,1014.1,9.8,32.8,0.1,62
2024-01-30 17:00:00,-4.6,44,1015.0,7.9,32.0,0.0,75
2024-01-30 18:00:00,-5.3,47,1015.3,8.4,29.5,0.0,23
2024-01-30 19:00:00,-6.9,54,1015.4,8.6,29.2,0.0,30
2024-01-30 20:00:00,-7.8,55,1015.6,7.6,27.4,0.0,38
2024-01-30 21:00:00,-8.2,51,1015.6,7.4,25.9,0.0,44
2024-01-30 22:00:00,-8.7,52,1016.1,8.0,25.9,0.0,37
2024-01-30 23:00:00,-8.9,52,1015.5,7.6,26.3,0.0,84
2024-01-31 00:00:00,-8.6,52,1014.9,8.0,25.2,0.0,100
2024-01-31 01:00:00,-7.1,51,1013.6,4.5,22.7,0.1,100
2024-01-31 02:00:00,-7.4,52,1014.2,7.5,25.9,0.1,100
2024-01-31 03:00:00,-5.2,44,1014.1,8.6,26.6,0.1,100
2024-01-31 04:00:00,-4.6,42,1013.5,7.0,26.6,0.1,100
2024-01-31 05:00:00,-4.1,42,1013.3,11.1,33.5,0.1,46
2024-01-31 06:00:00,-2.7,37,1011.7,12.3,37.8,0.0,25
2024-01-31 07:00:00,-1.7,34,1009.4,12.3,39.2,0.0,59
2024-01-31 08:00:00,-1.1,31,1007.4,7.2,38.2,0.0,45
2024-01-31 09:00:00,0.0,19,1005.6,7.2,37.1,0.0,44
2024-01-31 10:00:00,-0.1,21,1004.8,10.0,43.9,0.0,94
2024-01-31 11:00:00,-0.5,23,1004.5,10.7,43.2,0.0,77
2024-01-31 12:00:00,-0.9,21,1004.4,7.9,41.8,0.0,97
2024-01-31 13:00:00,-3.0,24,1006.4,11.9,38.9,0.0,37
2024-01-31 14:00:00,-3.2,25,1007.2,9.6,42.5,0.0,91
2024-01-31 15:00:00,-4.4,24,1008.2,9.0,42.1,0.0,79
2024-01-31 16:00:00,-6.2,28,1009.0,5.9,39.6,0.0,99
2024-01-31 17:00:00,-6.4,28,1010.2,4.0,32.0,0.0,100
2024-01-31 18:00:00,-6.6,29,1011.1,10.0,26.3,0.0,100
2024-01-31 19:00:00,-7.8,33,1011.9,12.1,24.5,0.1,99
2024-01-31 20:00:00,-8.1,37,1012.6,11.8,24.1,0.2,100
2024-01-31 21:00:00,-7.7,39,1012.0,10.8,26.3,0.2,100
2024-01-31 22:00:00,-7.6,40,1010.6,10.6,25.9,0.1,100
2024-01-31 23:00:00,-7.7,39,1009.7,11.9,25.6,0.1,100
2024-02-01 00:00:00,-9.9,50,1009.9,14.1,23.8,0.1,100
2024-02-01 01:00:00,-8.5,40,1009.8,13.7,22.0,0.2,100
2024-02-01 02:00:00,-9.7,51,1009.2,14.3,20.2,0.3,100
2024-02-01 03:00:00,-8.5,51,1009.9,14.7,22.0,0.2,100
2024-02-01 04:00:00,-6.3,50,1009.0,13.0,25.6,0.5,100
2024-02-01 05:00:00,-4.7,45,1007.5,14.1,27.7,0.3,100
2024-02-01 06:00:00,-4.9,47,1008.1,12.0,33.8,0.3,100
2024-02-01 07:00:00,-4.1,48,1006.6,8.0,33.8,0.5,98
2024-02-01 08:00:00,-3.2,51,1004.5,11.5,38.5,0.1,98
2024-02-01 09:00:00,-3.8,53,1005.3,12.7,43.6,0.2,80
2024-02-01 10:00:00,-4.6,44,1005.4,13.0,42.8,0.1,87
2024-02-01 11:00:00,-5.7,46,1006.3,11.5,37.1,0.0,79
2024-02-01 12:00:00,-8.8,51,1008.6,11.6,31.0,0.0,100
2024-02-01 13:00:00,-10.3,53,1013.5,13.4,26.6,0.0,93
2024-02-01 14:00:00,-10.9,54,1013.2,12.9,31.0,0.0,98
2024-02-01 15:00:00,-10.3,58,1013.4,10.0,31.3,0.1,99
2024-02-01 16:00:00,-10.9,59,1014.0,7.2,29.9,0.1,99
2024-02-01 17:00:00,-11.3,60,1015.4,6.9,27.7,0.3,100
2024-02-01 18:00:00,-11.3,60,1016.4,6.2,27.0,0.8,100
2024-02-01 19:00:00,-11.6,63,1018.0,5.9,25.2,0.8,100
2024-02-01 20:00:00,-12.9,61,1019.5,6.7,23.8,0.9,100
2024-02-01 21:00:00,-14.1,54,1021.1,7.4,26.3,0.6,100
2024-02-01 22:00:00,-14.4,51,1021.8,7.4,28.4,0.2,97
2024-02-01 23:00:00,-15.2,54,1022.9,7.5,29.2,0.1,96
2024-02-02 00:00:00,-14.7,55,1024.0,6.9,28.8,0.1,95
2024-02-02 01:00:00,-15.9,53,1026.0,7.0,30.2,0.0,99
2024-02-02 02:00:00,-15.9,52,1027.4,6.9,28.4,0.0,100
2024-02-02 03:00:00,-17.4,59,1028.8,7.4,27.4,0.1,100
2024-02-02 04:00:00,-14.7,61,1029.9,7.9,29.5,0.1,98
2024-02-02 05:00:00,-12.0,58,1030.0,8.2,31.7,0.0,90
2024-02-02 06:00:00,-10.8,50,1029.9,9.6,34.6,0.0,60
2024-02-02 07:00:00,-10.3,46,1028.7,10.2,34.9,0.0,31
2024-02-02 08:00:00,-9.9,44,1027.5,10.1,34.6,0.0,37
2024-02-02 09:00:00,-9.9,42,1026.8,10.0,33.8,0.0,48
2024-02-02 10:00:00,-10.1,45,1026.4,10.1,32.8,0.0,32
2024-02-02 11:00:00,-12.6,47,1026.9,9.5,32.8,0.0,8
2024-02-02 12:00:00,-13.4,33,1027.6,7.3,32.0,0.0,0
2024-02-02 13:00:00,-13.3,31,1028.9,5.4,27.0,0.0,4
2024-02-02 14:00:00,-15.1,37,1030.4,5.4,24.5,0.0,37
2024-02-02 15:00:00,-16.7,38,1032.4,7.8,23.8,0.0,93
2024-02-02 16:00:00,-17.7,33,1032.3,8.0,23.8,0.0,100
2024-02-02 17:00:00,-15.5,28,1031.9,7.3,23.4,0.0,100
2024-02-02 18:00:00,-15.4,30,1031.6,7.1,23.4,0.0,100
2024-02-02 19:00:00,-15.2,32,1030.9,7.0,23.0,0.0,100
2024-02-02 20:00:00,-15.1,31,1030.4,6.6,22.7,0.0,100
2024-02-02 21:00:00,-14.7,30,1029.8,6.8,21.6,0.0,100
2024-02-02 22:00:00,-13.8,29,1029.1,6.3,21.6,0.0,100
2024-02-02 23:00:00,-13.7,32,1028.4,6.5,21.6,0.0,100
2024-02-03 00:00:00,-13.6,34,1028.0,6.2,21.6,0.0,100
2024-02-03 01:00:00,-15.6,43,1028.4,6.6,24.5,0.0,100
2024-02-03 02:00:00,-13.9,40,1028.8,6.3,22.0,0.0,100
2024-02-03 03:00:00,-13.4,43,1028.5,5.7,20.5,0.0,100
2024-02-03 04:00:00,-11.8,55,1027.4,7.2,22.7,0.0,100
2024-02-03 05:00:00,-7.3,50,1024.8,7.1,24.1,0.0,100
2024-02-03 06:00:00,-5.4,42,1022.1,8.2,28.4,0.0,100
2024-02-03 07:00:00,-4.4,41,1018.5,8.8,29.5,0.0,100
2024-02-03 08:00:00,-3.6,41,1015.9,10.6,30.6,0.0,100
2024-02-03 09:00:00,-3.5,44,1014.7,11.1,33.1,0.0,100
2024-02-03 10:00:00,-3.8,49,1014.5,11.3,33.8,0.0,100
2024-02-03 11:00:00,-3.8,55,1013.9,8.5,32.4,0.1,100
2024-02-03 12:00:00,-5.6,61,1014.3,7.2,27.0,0.1,100
2024-02-03 13:00:00,-9.8,59,1015.3,11.7,27.7,0.0,98
2024-02-03 14:00:00,-8.9,60,1015.3,10.0,25.6,0.1,87
2024-02-03 15:00:00,-9.9,61,1015.7,9.2,24.1,0.2,90
2024-02-03 16:00:00,-11.7,59,1016.1,10.2,26.3,0.1,45
2024-02-03 17:00:00,-14.7,60,1016.7,12.0,25.9,0.0,41
2024-02-03 18:00:00,-15.1,62,1016.2,13.0,28.1,0.1,73
2024-02-03 19:00:00,-14.6,61,1015.9,11.8,27.7,0.0,39
2024-02-03 20:00:00,-15.8,64,1014.4,13.7,28.4,0.0,100
2024-02-03 21:00:00,-12.1,59,1012.4,12.1,28.1,0.0,99
2024-02-03 22:00:00,-11.3,57,1011.1,13.0,26.3,0.1,94
2024-02-03 23:00:00,-11.9,54,1010.1,15.3,25.9,0.0,87
2024-02-04 00:00:00,-11.8,54,1010.5,12.4,32.8,0.6,13
2024-02-04 01:00:00,-12.8,55,1011.0,17.9,33.1,0.1,76
2024-02-04 02:00:00,-13.6,55,1010.5,18.7,37.1,0.0,100
2024-02-04 03:00:00,-10.9,57,1011.2,15.0,36.0,0.1,81
2024-02-04 04:00:00,-7.9,62,1011.7,13.2,25.2,0.1,95
2024-02-04 05:00:00,-4.6,54,1011.9,12.0,27.0,0.1,74
2024-02-04 06:00:00,-4.3,50,1011.5,15.0,29.9,0.0,62
2024-02-04 07:00:00,-4.6,56,1010.7,14.8,30.6,0.0,63
2024-02-04 08:00:00,-4.4,52,1009.9,13.9,31.3,0.0,64
2024-02-04 09:00:00,-4.3,53,1009.2,13.8,28.8,0.0,58
2024-02-04 10:00:00,-4.5,49,1009.2,13.6,26.3,0.0,49
2024-02-04 11:00:00,-6.0,52,1008.9,14.3,25.6,0.0,48
2024-02-04 12:00:00,-8.2,52,1009.1,14.5,23.0,0.0,76
2024-02-04 13:00:00,-11.7,58,1013.5,17.7,34.6,0.0,76
2024-02-04 14:00:00,-12.8,56,1013.2,17.2,29.9,0.0,62
2024-02-04 15:00:00,-13.7,56,1013.3,16.0,22.7,0.0,34
2024-02-04 16:00:00,-14.3,58,1014.3,14.2,22.3,0.0,22
2024-02-04 17:00:00,-15.1,58,1014.8,12.7,24.5,0.0,37
2024-02-04 18:00:00,-15.2,57,1015.8,10.7,25.2,0.0,20
2024-02-04 19:00:00,-13.1,53,1015.7,9.3,25.2,0.0,33
2024-02-04 20:00:00,-10.9,49,1016.0,8.3,25.6,0.0,33
2024-02-04 21:00:00,-9.3,45,1016.5,8.0,25.2,0.1,50
2024-02-04 22:00:00,-11.2,47,1017.5,8.0,26.3,0.1,68
2024-02-04 23:00:00,-9.4,41,1018.3,7.0,26.6,0.1,59
2024-02-05 00:00:00,-9.9,39,1019.4,6.7,25.9,0.1,48
2024-02-05 01:00:00,-12.0,41,1019.5,8.3,25.2,0.0,37
2024-02-05 02:00:00,-10.7,36,1020.4,8.0,24.5,0.0,34
2024-02-05 03:00:00,-13.3,39,1021.6,8.3,23.8,0.0,43
2024-02-05 04:00:00,-13.8,45,1022.3,8.7,24.5,0.0,50
2024-02-05 05:00:00,-10.7,50,1022.0,8.7,26.6,0.0,54
2024-02-05 06:00:00,-7.7,42,1021.4,7.6,26.6,0.0,51
2024-02-05 07:00:00,-7.0,37,1019.8,8.7,28.8,0.0,45
2024-02-05 08:00:00,-6.6,35,1018.5,9.4,29.9,0.0,27
2024-02-05 09:00:00,-6.5,35,1017.5,9.8,29.9,0.0,9
2024-02-05 10:00:00,-7.0,39,1016.9,10.2,29.2,0.0,6
2024-02-05 11:00:00,-9.2,46,1016.7,10.3,28.4,0.0,2
2024-02-05 12:00:00,-14.0,46,1016.9,10.2,27.7,0.0,2
2024-02-05 13:00:00,-16.6,45,1017.8,12.9,27.4,0.0,8
2024-02-05 14:00:00,-17.8,43,1019.2,10.8,27.4,0.0,19
2024-02-05 15:00:00,-15.6,36,1020.2,9.0,24.8,0.0,27
2024-02-05 16:00:00,-12.9,30,1020.9,8.1,24.1,0.0,15
2024-02-05 17:00:00,-13.1,29,1021.4,8.5,23.4,0.0,29
2024-02-05 18:00:00,-11.8,27,1021.5,8.0,23.4,0.0,40
2024-02-05 19:00:00,-13.8,31,1021.8,8.7,24.5,0.0,51
2024-02-05 20:00:00,-14.6,33,1021.7,8.8,24.5,0.0,52
2024-02-05 21:00:00,-14.0,31,1021.7,8.4,23.8,0.0,47
2024-02-05 22:00:00,-12.8,29,1022.0,8.0,23.4,0.0,45
2024-02-05 23:00:00,-12.7,27,1022.1,7.6,23.0,0.0,40
2024-02-06 00:00:00,-12.8,26,1022.8,7.6,22.7,0.0,38
2024-02-06 01:00:00,-16.3,36,1024.6,8.7,24.8,0.0,51
2024-02-06 02:00:00,-13.6,27,1026.1,7.6,23.8,0.0,33
2024-02-06 03:00:00,-13.0,25,1026.7,7.3,22.3,0.0,22
2024-02-06 04:00:00,-14.1,30,1026.9,7.2,22.7,0.0,21
2024-02-06 05:00:00,-13.2,45,1026.8,6.8,25.2,0.0,12
2024-02-06 06:00:00,-9.6,38,1026.1,8.7,28.8,0.0,7
2024-02-06 07:00:00,-8.4,34,1024.0,8.8,31.0,0.0,4
2024-02-06 08:00:00,-8.0,33,1022.7,10.8,32.8,0.0,2
2024-02-06 09:00:00,-7.9,33,1021.7,11.6,33.1,0.0,1
2024-02-06 10:00:00,-8.3,35,1021.3,12.1,32.8,0.0,0
2024-02-06 11:00:00,-10.3,40,1021.6,11.4,33.1,0.0,0
2024-02-06 12:00:00,-14.2,36,1022.2,9.5,32.0,0.0,0
2024-02-06 13:00:00,-17.5,38,1023.8,11.3,30.6,0.0,0
2024-02-06 14:00:00,-17.9,33,1025.2,10.3,30.6,0.0,0
2024-02-06 15:00:00,-16.0,26,1025.8,9.0,29.9,0.0,0
2024-02-06 16:00:00,-16.4,23,1026.4,9.0,27.7,0.0,0
2024-02-06 17:00:00,-16.8,23,1026.3,9.0,26.6,0.0,0
2024-02-06 18:00:00,-17.0,24,1026.1,9.4,26.3,0.0,0
2024-02-06 19:00:00,-16.7,25,1026.1,9.0,25.9,0.0,0
2024-02-06 20:00:00,-16.5,26,1025.9,9.0,25.6,0.0,0
2024-02-06 21:00:00,-17.2,27,1025.6,9.4,25.2,0.0,0
2024-02-06 22:00:00,-18.3,28,1025.3,9.5,25.2,0.0,36
2024-02-06 23:00:00,-17.3,25,1025.6,9.5,26.3,0.0,90
2024-02-07 00:00:00,-13.5,19,1025.9,8.4,26.3,0.0,21
2024-02-07 01:00:00,-18.9,28,1027.4,9.5,28.1,0.0,1
2024-02-07 02:00:00,-15.7,21,1028.4,8.9,25.2,0.0,0
2024-02-07 03:00:00,-13.2,17,1028.2,7.6,23.0,0.0,0
2024-02-07 04:00:00,-13.7,22,1027.7,7.6,23.4,0.0,0
2024-02-07 05:00:00,-12.2,37,1027.0,10.9,28.4,0.0,46
2024-02-07 06:00:00,-8.7,31,1026.4,12.2,31.7,0.0,90
2024-02-07 07:00:00,-7.9,30,1024.9,12.3,33.1,0.0,85
2024-02-07 08:00:00,-7.2,29,1023.2,11.9,34.2,0.0,93
2024-02-07 09:00:00,-7.1,30,1022.2,12.4,34.2,0.0,82
2024-02-07 10:00:00,-7.5,33,1021.8,11.5,33.5,0.0,78
2024-02-07 11:00:00,-9.3,40,1022.1,10.2,31.0,0.0,81
2024-02-07 12:00:00,-13.0,36,1022.8,8.6,28.8,0.0,83
2024-02-07 13:00:00,-11.0,25,1024.9,7.3,28.4,0.0,40
2024-02-07 14:00:00,-9.9,20,1026.9,5.9,29.2,0.0,82
2024-02-07 15:00:00,-10.1,20,1028.6,5.5,29.5,0.0,48
2024-02-07 16:00:00,-10.8,21,1030.1,6.3,28.1,0.0,4
2024-02-07 17:00:00,-12.1,21,1031.3,7.4,25.6,0.0,0
2024-02-07 18:00:00,-13.8,21,1032.4,8.2,24.1,0.0,0
2024-02-07 19:00:00,-17.2,23,1033.2,9.2,21.2,0.0,0
2024-02-07 20:00:00,-19.9,28,1034.4,10.0,21.6,0.0,0
2024-02-07 21:00:00,-20.4,28,1035.0,10.2,20.5,0.0,0
2024-02-07 22:00:00,-19.2,25,1036.4,9.8,17.3,0.0,0
2024-02-07 23:00:00,-19.4,25,1037.3,10.0,18.4,0.0,0
2024-02-08 00:00:00,-18.8,24,1038.3,9.5,19.4,0.0,0
2024-02-08 01:00:00,-17.4,26,1039.5,9.0,19.8,0.0,0
2024-02-08 02:00:00,-18.2,27,1041.9,9.1,20.5,0.0,0
2024-02-08 03:00:00,-15.9,23,1043.3,7.7,19.8,0.0,0
2024-02-08 04:00:00,-16.0,26,1044.1,7.2,20.2,0.0,0
2024-02-08 05:00:00,-11.4,17,1044.5,1.1,19.8,0.0,0
2024-02-08 06:00:00,-10.6,23,1044.0,3.4,16.9,0.0,0
2024-02-08 07:00:00,-9.7,25,1042.2,3.9,18.7,0.0,0
2024-02-08 08:00:00,-9.0,27,1040.1,3.7,19.1,0.0,0
2024-02-08 09:00:00,-8.5,28,1038.4,3.6,19.1,0.0,0
2024-02-08 10:00:00,-8.5,44,1036.9,3.9,18.4,0.0,0
2024-02-08 11:00:00,-8.1,24,1036.4,3.9,18.7,0.0,0
2024-02-08 12:00:00,-8.4,26,1036.1,1.5,18.0,0.0,0
2024-02-08 13:00:00,-11.3,32,1033.1,8.0,18.7,0.0,0
2024-02-08 14:00:00,-17.8,40,1033.6,11.1,19.8,0.0,0
2024-02-08 15:00:00,-18.3,31,1033.7,10.8,19.1,0.0,0
2024-02-08 16:00:00,-16.5,24,1034.0,10.3,16.6,0.0,0
2024-02-08 17:00:00,-14.9,21,1034.5,9.5,14.8,0.0,0
2024-02-08 18:00:00,-13.2,18,1034.8,9.2,15.5,0.0,0
2024-02-08 19:00:00,-11.9,17,1035.0,8.5,15.5,0.0,0
2024-02-08 20:00:00,-11.8,17,1035.0,8.4,15.5,0.0,0
2024-02-08 21:00:00,-12.1,17,1035.1,8.2,15.1,0.0,0
2024-02-08 22:00:00,-12.4,17,1035.2,8.1,14.0,0.0,0
2024-02-08 23:00:00,-12.7,16,1035.5,8.2,14.0,0.0,0
2024-02-09 00:00:00,-12.8,16,1036.1,8.2,13.7,0.0,0
2024-02-09 01:00:00,-13.4,22,1036.7,7.6,13.0,0.0,0
2024-02-09 02:00:00,-12.9,19,1038.8,6.5,13.3,0.0,0
2024-02-09 03:00:00,-12.2,16,1039.5,5.7,14.0,0.0,0
2024-02-09 04:00:00,-10.8,15,1039.9,4.4,14.4,0.0,0
2024-02-09 05:00:00,-9.9,14,1039.1,3.3,14.4,0.0,0
2024-02-09 06:00:00,-8.9,22,1037.6,3.3,15.5,0.0,0
2024-02-09 07:00:00,-8.1,26,1035.6,5.2,20.2,0.0,0
2024-02-09 08:00:00,-7.4,31,1033.7,6.0,22.7,0.0,0
2024-02-09 09:00:00,-7.0,33,1032.0,6.3,23.0,0.0,0
2024-02-09 10:00:00,-6.9,45,1030.8,4.8,23.0,0.0,0
2024-02-09 11:00:00,-6.4,24,1030.0,2.9,20.5,0.0,0
2024-02-09 12:00:00,-7.3,26,1030.1,6.4,18.4,0.0,0
2024-02-09 13:00:00,-6.2,17,1028.1,6.9,21.6,0.0,0
2024-02-09 14:00:00,-10.5,17,1029.9,8.7,20.2,0.0,0
2024-02-09 15:00:00,-8.2,10,1030.7,7.9,20.2,0.0,0
2024-02-09 16:00:00,-8.1,10,1032.1,7.6,19.1,0.0,0
2024-02-09 17:00:00,-8.5,11,1033.1,7.9,17.6,0.0,0
2024-02-09 18:00:00,-8.8,13,1033.8,8.2,17.6,0.0,0
2024-02-09 19:00:00,-9.1,13,1034.4,8.2,17.3,0.0,0
2024-02-09 20:00:00,-9.3,14,1034.9,7.9,16.9,0.0,0
2024-02-09 21:00:00,-9.7,16,1035.5,7.6,16.6,0.0,0
2024-02-09 22:00:00,-10.0,17,1036.1,7.6,16.2,0.0,0
2024-02-09 23:00:00,-10.4,18,1036.5,7.3,15.8,0.0,0
2024-02-10 00:00:00,-10.7,19,1037.4,7.3,15.8,0.0,0
2024-02-10 01:00:00,-12.0,23,1038.6,8.4,16.6,0.0,0
2024-02-10 02:00:00,-11.9,22,1040.5,7.1,15.1,0.0,0
2024-02-10 03:00:00,-11.2,20,1042.1,5.2,15.5,0.0,0
2024-02-10 04:00:00,-10.3,19,1042.9,2.8,14.8,0.0,0
2024-02-10 05:00:00,-9.9,18,1042.7,1.8,13.0,0.0,0
2024-02-10 06:00:00,-9.2,24,1042.2,2.2,13.0,0.0,0
2024-02-10 07:00:00,-8.4,29,1040.7,3.4,16.9,0.0,0
2024-02-10 08:00:00,-8.0,32,1038.7,2.5,16.9,0.0,0
2024-02-10 09:00:00,-7.4,34,1036.6,3.3,17.3,0.0,0
2024-02-10 10:00:00,-7.2,35,1035.6,3.4,17.6,0.0,0
2024-02-10 11:00:00,-7.4,29,1035.2,3.6,17.6,0.0,0
2024-02-10 12:00:00,-7.3,24,1035.1,1.0,17.3,0.0,0
2024-02-10 13:00:00,-7.3,30,1033.7,3.5,13.0,0.0,0
2024-02-10 14:00:00,-13.5,44,1035.2,9.4,18.4,0.0,0
2024-02-10 15:00:00,-9.0,33,1036.1,7.3,18.4,0.0,0
2024-02-10 16:00:00,-13.0,34,1037.2,9.1,18.0,0.0,0
2024-02-10 17:00:00,-10.1,24,1038.0,8.1,18.4,0.0,0
2024-02-10 18:00:00,-10.2,20,1038.8,7.9,17.6,0.0,0
2024-02-10 19:00:00,-10.3,18,1039.3,6.8,18.4,0.0,0
2024-02-10 20:00:00,-10.5,16,1039.3,6.9,16.9,0.0,0
2024-02-10 21:00:00,-10.9,16,1039.7,5.7,17.3,0.0,0
2024-02-10 22:00:00,-11.2,16,1040.2,5.9,15.5,0.0,0
2024-02-10 23:00:00,-11.5,16,1040.8,4.1,15.5,0.0,0
2024-02-11 00:00:00,-11.9,17,1041.5,4.6,13.7,0.0,0
2024-02-11 01:00:00,-12.4,20,1040.4,5.9,15.1,0.0,0
2024-02-11 02:00:00,-12.3,20,1043.7,3.1,15.1,0.0,0
2024-02-11 03:00:00,-12.0,18,1044.5,2.8,12.2,0.0,0
2024-02-11 04:00:00,-11.4,18,1044.9,0.8,11.2,0.0,0
2024-02-11 05:00:00,-11.1,19,1045.0,1.1,8.6,0.0,0
2024-02-11 06:00:00,-10.2,27,1044.1,1.8,12.6,0.0,0
2024-02-11 07:00:00,-9.3,32,1042.0,2.1,13.0,0.0,0
2024-02-11 08:00:00,-8.4,37,1039.4,1.9,13.3,0.0,0
2024-02-11 09:00:00,-7.7,39,1037.1,2.1,13.7,0.0,0
2024-02-11 10:00:00,-7.5,41,1036.2,2.1,14.0,0.0,50
2024-02-11 11:00:00,-7.6,39,1036.1,1.1,14.0,0.0,19
2024-02-11 12:00:00,-7.9,40,1036.0,4.0,13.7,0.0,72
2024-02-11 13:00:00,-7.8,35,1033.1,7.2,20.5,0.0,0
2024-02-11 14:00:00,-7.5,28,1034.4,6.1,19.4,0.0,0
2024-02-11 15:00:00,-7.7,20,1034.9,6.7,17.3,0.0,0
2024-02-11 16:00:00,-7.8,13,1035.5,6.7,16.6,0.0,0
2024-02-11 17:00:00,-8.1,11,1036.2,7.3,16.6,0.0,0
2024-02-11 18:00:00,-8.3,11,1036.5,7.3,16.6,0.0,0
2024-02-11 19:00:00,-8.5,11,1036.6,7.0,16.2,0.0,0
2024-02-11 20:00:00,-8.8,12,1037.0,6.8,15.8,0.0,12
2024-02-11 21:00:00,-9.0,12,1037.3,6.1,15.8,0.0,85
2024-02-11 22:00:00,-9.2,13,1037.6,5.3,15.1,0.0,80
2024-02-11 23:00:00,-9.6,15,1038.3,5.4,14.4,0.0,94
2024-02-12 00:00:00,-9.9,16,1039.1,5.4,14.4,0.0,91
2024-02-12 01:00:00,-10.7,20,1038.3,6.8,17.3,0.0,0
2024-02-12 02:00:00,-10.6,19,1039.9,5.3,14.8,0.0,12
2024-02-12 03:00:00,-10.2,19,1040.9,4.2,13.3,0.0,42
2024-02-12 04:00:00,-9.3,18,1040.6,2.3,13.0,0.0,28
2024-02-12 05:00:00,-8.6,18,1039.6,1.1,11.5,0.0,81
2024-02-12 06:00:00,-7.4,26,1037.4,1.8,13.3,0.0,85
2024-02-12 07:00:00,-6.3,29,1034.7,3.3,17.6,0.0,100
2024-02-12 08:00:00,-5.2,28,1030.9,2.6,17.6,0.0,98
2024-02-12 09:00:00,-4.5,29,1027.8,4.0,19.1,0.0,97
2024-02-12 10:00:00,-4.0,35,1026.4,6.1,23.4,0.0,100
2024-02-12 11:00:00,-5.0,52,1025.5,4.3,23.8,0.0,100
2024-02-12 12:00:00,-7.2,42,1025.1,7.2,22.0,0.0,100
2024-02-12 13:00:00,-8.9,47,1023.6,11.3,25.6,0.0,100
2024-02-12 14:00:00,-9.7,43,1024.2,10.8,24.8,0.0,100
2024-02-12 15:00:00,-9.1,33,1024.1,8.4,24.8,0.0,100
2024-02-12 16:00:00,-7.1,21,1024.8,7.2,23.4,0.0,100
2024-02-12 17:00:00,-7.0,22,1024.8,7.4,22.3,0.0,100
2024-02-12 18:00:00,-7.0,23,1025.0,7.6,22.3,0.0,100
2024-02-12 19:00:00,-6.9,24,1025.1,7.3,22.3,0.0,100
2024-02-12 20:00:00,-6.3,22,1025.3,7.0,22.3,0.0,100
2024-02-12 21:00:00,-7.8,25,1025.3,7.6,22.0,0.0,100
2024-02-12 22:00:00,-6.4,22,1025.3,7.3,22.0,0.0,97
2024-02-12 23:00:00,-6.7,23,1025.8,6.6,21.6,0.0,95
2024-02-13 00:00:00,-7.4,23,1026.9,6.4,20.5,0.0,96
2024-02-13 01:00:00,-11.2,29,1027.8,8.6,22.0,0.0,100
2024-02-13 02:00:00,-8.9,25,1030.2,7.2,21.2,0.0,95
2024-02-13 03:00:00,-10.1,28,1031.8,7.1,19.1,0.0,50
2024-02-13 04:00:00,-9.3,35,1033.0,5.6,20.2,0.0,60
2024-02-13 05:00:00,-6.8,32,1033.4,4.1,19.4,0.0,52
2024-02-13 06:00:00,-6.0,34,1032.6,3.4,19.1,0.0,9
2024-02-13 07:00:00,-5.3,36,1030.9,1.9,19.1,0.0,13
2024-02-13 08:00:00,-4.6,37,1028.8,1.1,16.6,0.0,22
2024-02-13 09:00:00,-4.2,37,1027.5,0.8,14.8,0.0,19
2024-02-13 10:00:00,-3.9,35,1026.8,0.8,14.4,0.0,3
2024-02-13 11:00:00,-3.9,30,1026.8,2.0,15.8,0.0,0
2024-02-13 12:00:00,-4.4,29,1027.1,1.1,16.9,0.0,0
2024-02-13 13:00:00,-4.8,23,1026.8,2.9,19.4,0.0,0
2024-02-13 14:00:00,-8.0,28,1027.9,7.6,20.2,0.0,0
2024-02-13 15:00:00,-11.4,33,1028.8,9.1,20.5,0.0,0
2024-02-13 16:00:00,-7.5,25,1030.2,7.5,20.5,0.0,0
2024-02-13 17:00:00,-7.7,25,1031.5,7.2,18.0,0.0,0
2024-02-13 18:00:00,-8.2,26,1032.1,7.5,17.6,0.0,0
2024-02-13 19:00:00,-8.6,26,1032.7,8.0,17.3,0.0,0
2024-02-13 20:00:00,-10.0,28,1033.4,8.3,17.6,0.0,0
2024-02-13 21:00:00,-11.0,29,1033.9,8.5,18.0,0.0,0
2024-02-13 22:00:00,-9.8,29,1034.3,8.0,18.0,0.0,0
2024-02-13 23:00:00,-10.0,29,1034.8,7.1,18.4,0.0,0
2024-02-14 00:00:00,-10.3,31,1035.7,7.7,18.7,0.0,0
2024-02-14 01:00:00,-11.6,35,1035.4,8.2,20.5,0.0,0
2024-02-14 02:00:00,-10.7,33,1038.1,5.9,20.5,0.0,0
2024-02-14 03:00:00,-10.1,31,1040.0,5.6,18.4,0.0,0
2024-02-14 04:00:00,-9.3,31,1041.1,3.1,18.0,0.0,0
2024-02-14 05:00:00,-8.7,38,1041.4,4.4,19.8,0.0,0
2024-02-14 06:00:00,-8.0,42,1040.5,4.7,21.6,0.0,0
2024-02-14 07:00:00,-7.2,44,1038.5,4.0,21.6,0.0,0
2024-02-14 08:00:00,-6.4,44,1035.9,4.2,20.2,0.0,0
2024-02-14 09:00:00,-5.7,44,1033.9,4.5,20.9,0.0,0
2024-02-14 10:00:00,-5.3,42,1032.5,4.6,20.9,0.0,0
2024-02-14 11:00:00,-6.3,60,1032.2,4.0,20.5,0.0,0
2024-02-14 12:00:00,-5.4,35,1032.6,3.1,18.7,0.0,0
2024-02-14 13:00:00,-5.5,35,1031.0,3.4,14.4,0.0,0
2024-02-14 14:00:00,-12.9,53,1032.1,10.0,21.2,0.0,0
2024-02-14 15:00:00,-10.0,41,1033.5,8.4,20.9,0.0,0
2024-02-14 16:00:00,-12.7,36,1034.6,9.3,18.7,0.0,0
2024-02-14 17:00:00,-11.0,23,1035.3,8.8,18.4,0.0,0
2024-02-14 18:00:00,-8.4,16,1036.4,8.0,17.3,0.0,0
2024-02-14 19:00:00,-8.7,15,1037.5,6.1,15.8,0.0,0
2024-02-14 20:00:00,-9.1,14,1038.3,5.7,16.9,0.0,0
2024-02-14 21:00:00,-9.5,14,1039.1,5.4,16.6,0.0,0
2024-02-14 22:00:00,-9.7,14,1039.5,5.4,15.5,0.0,0
2024-02-14 23:00:00,-9.8,14,1040.3,4.6,14.0,0.0,0
2024-02-15 00:00:00,-10.1,15,1041.1,4.4,13.3,0.0,0
2024-02-15 01:00:00,-10.3,19,1041.1,4.9,17.6,0.0,0
2024-02-15 02:00:00,-10.4,21,1043.1,3.6,15.8,0.0,0
2024-02-15 03:00:00,-9.9,22,1044.2,3.1,11.9,0.0,0
2024-02-15 04:00:00,-9.1,26,1044.4,2.5,12.2,0.0,0
2024-02-15 05:00:00,-8.5,32,1043.6,2.5,12.6,0.0,0
2024-02-15 06:00:00,-7.2,36,1041.6,3.6,15.5,0.0,0
2024-02-15 07:00:00,-6.1,39,1038.8,4.1,17.6,0.0,0
2024-02-15 08:00:00,-5.1,41,1035.7,4.6,19.4,0.0,0
2024-02-15 09:00:00,-4.3,42,1033.3,4.6,20.2,0.0,0
2024-02-15 10:00:00,-4.0,43,1032.0,4.4,20.5,0.0,0
2024-02-15 11:00:00,-5.0,60,1031.6,3.5,19.1,0.0,0
2024-02-15 12:00:00,-4.4,37,1031.8,1.1,16.6,0.0,0
2024-02-15 13:00:00,-3.4,39,1030.0,4.0,14.8,0.0,0
2024-02-15 14:00:00,-3.7,42,1030.7,5.4,15.1,0.0,0
2024-02-15 15:00:00,-3.7,39,1030.8,2.9,14.8,0.0,0
2024-02-15 16:00:00,-3.7,34,1031.2,4.4,14.4,0.0,0
2024-02-15 17:00:00,-3.8,26,1031.2,6.0,15.8,0.0,0
2024-02-15 18:00:00,-3.9,19,1031.2,6.3,15.8,0.0,6
2024-02-15 19:00:00,-4.3,15,1031.0,6.6,16.2,0.0,10
2024-02-15 20:00:00,-4.5,15,1031.0,6.3,16.9,0.0,0
2024-02-15 21:00:00,-4.8,16,1031.0,6.1,16.6,0.0,5
2024-02-15 22:00:00,-5.2,19,1030.8,5.8,16.2,0.0,4
2024-02-15 23:00:00,-5.5,22,1030.7,6.3,15.8,0.0,17
2024-02-16 00:00:00,-5.8,23,1030.9,6.6,16.2,0.0,12
2024-02-16 01:00:00,-6.1,27,1030.1,7.6,20.2,0.0,67
2024-02-16 02:00:00,-6.5,27,1031.5,7.4,18.4,0.0,43
2024-02-16 03:00:00,-6.0,25,1032.6,6.1,15.8,0.0,42
2024-02-16 04:00:00,-5.3,26,1033.3,4.5,15.5,0.0,82
2024-02-16 05:00:00,-4.4,30,1032.8,2.7,15.1,0.0,4
2024-02-16 06:00:00,-3.2,32,1031.7,1.8,14.8,0.0,2
2024-02-16 07:00:00,-2.3,33,1030.0,2.9,17.6,0.0,2
2024-02-16 08:00:00,-1.4,33,1028.1,3.9,20.9,0.0,51
2024-02-16 09:00:00,-0.6,28,1026.7,4.3,22.0,0.0,100
2024-02-16 10:00:00,-0.3,26,1025.5,3.8,22.3,0.0,76
2024-02-16 11:00:00,-0.3,19,1024.7,1.8,21.2,0.0,0
2024-02-16 12:00:00,-0.6,19,1024.7,0.5,16.2,0.0,3
2024-02-16 13:00:00,-1.1,18,1024.4,2.1,18.4,0.0,6
2024-02-16 14:00:00,-3.3,20,1024.6,7.4,16.9,0.0,0
2024-02-16 15:00:00,-5.6,24,1024.5,8.0,17.6,0.0,14
2024-02-16 16:00:00,-5.9,24,1025.5,8.2,18.0,0.0,74
2024-02-16 17:00:00,-3.6,21,1025.7,6.9,18.0,0.0,66
2024-02-16 18:00:00,-4.0,22,1025.7,6.4,17.3,0.0,100
2024-02-16 19:00:00,-3.6,22,1024.9,5.0,19.1,0.0,100
2024-02-16 20:00:00,-3.4,24,1024.2,5.4,19.1,0.0,100
2024-02-16 21:00:00,-3.1,27,1023.5,5.5,19.1,0.0,100
2024-02-16 22:00:00,-3.1,31,1022.9,4.7,18.7,0.0,100
2024-02-16 23:00:00,-2.9,35,1022.1,4.4,19.4,0.0,100
2024-02-17 00:00:00,-3.1,38,1021.7,4.1,19.4,0.0,100
2024-02-17 01:00:00,-3.5,40,1022.5,4.5,22.0,0.0,100
2024-02-17 02:00:00,-3.8,43,1023.2,3.6,19.8,0.0,100
2024-02-17 03:00:00,-5.0,54,1023.8,5.2,19.1,0.1,100
2024-02-17 04:00:00,-3.3,66,1024.0,4.0,19.1,0.1,100
2024-02-17 05:00:00,-2.1,51,1023.6,4.8,21.6,0.1,100
2024-02-17 06:00:00,-1.7,52,1022.7,4.1,22.7,0.1,99
2024-02-17 07:00:00,-1.1,51,1020.8,6.3,24.5,0.0,100
2024-02-17 08:00:00,-0.6,51,1018.8,9.4,28.8,0.0,95
2024-02-17 09:00:00,-0.1,51,1016.9,10.5,31.0,0.0,96
2024-02-17 10:00:00,0.1,53,1015.7,11.4,33.1,0.0,99
2024-02-17 11:00:00,-0.1,56,1015.2,12.2,35.6,0.0,99
2024-02-17 12:00:00,-1.0,64,1015.2,9.0,35.6,0.0,100
2024-02-17 13:00:00,-0.8,54,1016.6,3.6,25.6,0.0,83
2024-02-17 14:00:00,-1.5,58,1017.5,4.3,22.3,0.0,99
2024-02-17 15:00:00,-1.9,60,1017.9,2.6,22.3,0.0,91
2024-02-17 16:00:00,-2.2,61,1018.1,3.8,19.4,0.0,98
2024-02-17 17:00:00,-1.9,59,1017.9,4.7,20.5,0.0,100
2024-02-17 18:00:00,-1.8,59,1017.7,2.1,20.5,0.0,100
2024-02-17 19:00:00,-2.3,62,1017.8,3.0,18.4,0.0,100
2024-02-17 20:00:00,-2.1,60,1017.6,2.2,19.1,0.0,100
2024-02-17 21:00:00,-2.1,60,1017.4,3.6,17.6,0.0,100
2024-02-17 22:00:00,-1.9,58,1016.2,5.1,19.4,0.0,100
2024-02-17 23:00:00,-1.6,54,1015.2,4.7,21.2,0.0,100
2024-02-18 00:00:00,-1.7,54,1014.6,2.3,20.9,0.1,100
2024-02-18 01:00:00,-2.1,56,1015.4,3.7,21.6,0.1,100
2024-02-18 02:00:00,-4.8,65,1016.3,6.2,20.9,0.2,100
2024-02-18 03:00:00,-4.4,67,1016.4,6.1,22.3,0.2,100
2024-02-18 04:00:00,-1.9,62,1016.4,8.3,23.8,0.2,100
2024-02-18 05:00:00,-1.1,58,1015.5,7.5,23.8,0.1,100
2024-02-18 06:00:00,-0.5,56,1014.0,9.1,24.5,0.1,100
2024-02-18 07:00:00,0.6,52,1011.2,9.1,26.3,0.0,100
2024-02-18 08:00:00,0.7,54,1009.4,9.9,28.1,0.1,100
2024-02-18 09:00:00,0.6,57,1008.3,8.4,28.1,0.2,100
2024-02-18 10:00:00,0.6,60,1008.1,10.3,28.8,0.3,100
2024-02-18 11:00:00,-0.0,65,1007.8,7.2,28.8,0.3,100
2024-02-18 12:00:00,-0.7,64,1008.0,12.1,31.3,0.2,100
2024-02-18 13:00:00,-2.5,69,1010.5,12.4,29.2,0.2,100
2024-02-18 14:00:00,-3.2,69,1011.8,12.2,29.5,0.1,100
2024-02-18 15:00:00,-4.7,67,1011.6,11.1,29.2,0.0,99
2024-02-18 16:00:00,-5.5,63,1010.7,13.1,25.9,0.0,100
2024-02-18 17:00:00,-4.4,63,1010.1,12.4,25.2,0.1,100
2024-02-18 18:00:00,-4.5,65,1010.6,12.9,26.6,0.3,100
2024-02-18 19:00:00,-4.3,66,1009.8,12.6,27.7,0.2,100
2024-02-18 20:00:00,-4.5,65,1009.2,14.5,28.1,0.1,100
2024-02-18 21:00:00,-4.4,64,1007.9,13.2,29.2,0.1,100
2024-02-18 22:00:00,-4.8,62,1006.7,12.4,29.5,0.1,100
2024-02-18 23:00:00,-4.5,60,1007.5,13.0,36.4,0.2,100
2024-02-19 00:00:00,-4.4,60,1008.7,13.5,38.5,0.3,100
2024-02-19 01:00:00,-5.0,60,1009.4,13.2,36.0,0.2,100
2024-02-19 02:00:00,-5.6,59,1009.1,12.5,29.5,0.1,100
2024-02-19 03:00:00,-4.6,58,1008.9,13.0,24.5,0.2,100
2024-02-19 04:00:00,-2.8,59,1007.5,9.7,24.5,0.4,100
2024-02-19 05:00:00,-1.4,63,1006.3,5.2,31.7,0.7,100
2024-02-19 06:00:00,-0.8,71,1004.7,5.9,27.4,0.3,100
2024-02-19 07:00:00,-0.4,72,1002.7,9.4,37.1,0.2,100
2024-02-19 08:00:00,0.6,69,1001.0,10.6,37.8,0.2,100
2024-02-19 09:00:00,0.7,73,999.3,9.9,41.8,0.1,100
2024-02-19 10:00:00,0.6,72,999.0,9.7,41.0,0.2,100
2024-02-19 11:00:00,0.1,71,998.6,11.5,36.4,0.6,100
2024-02-19 12:00:00,-1.2,64,998.4,15.8,39.6,1.8,100
2024-02-19 13:00:00,-4.3,54,1000.6,17.9,43.9,3.1,100
2024-02-19 14:00:00,-3.5,72,999.5,11.9,42.1,0.8,100
2024-02-19 15:00:00,-3.4,73,999.5,13.0,34.2,1.3,100
2024-02-19 16:00:00,-3.7,72,998.1,11.1,36.0,2.2,92
2024-02-19 17:00:00,-4.4,58,1000.5,16.5,42.1,1.7,98
2024-02-19 18:00:00,-5.5,63,1002.3,13.5,47.5,2.6,100
2024-02-19 19:00:00,-4.3,63,1000.9,15.8,56.9,0.4,98
2024-02-19 20:00:00,-3.0,49,1002.6,18.9,66.2,0.1,79
2024-02-19 21:00:00,-5.6,37,1005.7,18.3,66.6,0.0,44
2024-02-19 22:00:00,-9.6,35,1007.1,16.3,55.1,0.0,39
2024-02-19 23:00:00,-13.6,36,1008.6,15.0,46.1,0.0,80
2024-02-20 00:00:00,-15.5,39,1009.6,13.4,40.7,0.0,98
2024-02-20 01:00:00,-8.5,43,1008.0,8.7,36.7,0.0,73
2024-02-20 02:00:00,-8.8,36,1010.6,8.6,36.4,0.0,67
2024-02-20 03:00:00,-10.2,39,1012.8,9.4,35.6,0.0,55
2024-02-20 04:00:00,-10.8,47,1013.9,11.3,33.8,0.0,100
2024-02-20 05:00:00,-6.9,45,1014.0,12.9,32.0,0.0,100
2024-02-20 06:00:00,-5.5,46,1013.4,13.4,31.7,0.0,100
2024-02-20 07:00:00,-4.9,43,1012.0,12.7,32.8,0.0,98
2024-02-20 08:00:00,-4.8,46,1009.7,14.4,34.9,0.0,100
2024-02-20 09:00:00,-4.8,50,1008.3,13.4,33.8,0.0,100
2024-02-20 10:00:00,-5.0,51,1007.4,12.6,31.0,0.0,100
2024-02-20 11:00:00,-6.2,50,1006.9,12.9,26.6,0.1,98
2024-02-20 12:00:00,-7.8,51,1007.4,15.1,24.5,0.0,100
2024-02-20 13:00:00,-9.7,54,1009.8,16.4,32.4,0.1,90
2024-02-20 14:00:00,-11.2,56,1010.8,16.5,26.6,0.0,100
2024-02-20 15:00:00,-11.1,58,1011.1,14.6,28.8,0.1,100
2024-02-20 16:00:00,-11.2,57,1011.2,13.3,29.2,0.0,100
2024-02-20 17:00:00,-11.3,56,1012.0,13.0,27.7,0.0,95
2024-02-20 18:00:00,-11.9,56,1012.8,13.5,26.6,0.0,82
2024-02-20 19:00:00,-13.0,55,1013.4,14.2,26.3,0.0,86
2024-02-20 20:00:00,-13.3,53,1013.9,13.4,25.6,0.0,90
2024-02-20 21:00:00,-13.4,50,1014.3,13.2,26.3,0.0,69
2024-02-20 22:00:00,-14.9,49,1015.1,11.8,25.9,0.0,89
2024-02-20 23:00:00,-13.5,44,1015.8,9.5,24.1,0.0,96
2024-02-21 00:00:00,-13.9,45,1016.0,9.5,24.5,0.0,97
2024-02-21 01:00:00,-12.0,45,1015.9,7.6,26.6,0.1,100
2024-02-21 02:00:00,-9.9,36,1016.3,5.6,24.8,0.1,100
2024-02-21 03:00:00,-11.1,43,1017.6,6.1,22.3,0.1,100
2024-02-21 04:00:00,-10.1,54,1018.0,7.7,22.7,0.1,100
2024-02-21 05:00:00,-8.3,50,1017.7,7.2,25.2,0.1,98
2024-02-21 06:00:00,-7.8,42,1017.4,7.6,27.4,0.1,98
2024-02-21 07:00:00,-7.3,42,1016.1,7.4,28.4,0.0,81
2024-02-21 08:00:00,-7.3,43,1015.5,7.2,27.7,0.0,92
2024-02-21 09:00:00,-7.4,46,1015.3,8.4,27.4,0.0,94
2024-02-21 10:00:00,-7.7,50,1015.5,8.7,27.7,0.0,80
2024-02-21 11:00:00,-10.0,55,1015.4,8.7,27.4,0.0,84
2024-02-21 12:00:00,-11.6,47,1015.6,9.2,26.6,0.0,56
2024-02-21 13:00:00,-14.6,49,1016.6,11.0,26.3,0.0,78
2024-02-21 14:00:00,-11.9,35,1017.4,8.0,26.3,0.0,42
2024-02-21 15:00:00,-10.8,28,1018.3,7.8,23.0,0.0,53
2024-02-21 16:00:00,-10.8,25,1018.7,7.9,20.9,0.0,28
2024-02-21 17:00:00,-11.2,24,1018.7,7.2,20.9,0.0,26
2024-02-21 18:00:00,-12.1,26,1019.1,7.2,21.6,0.0,33
2024-02-21 19:00:00,-12.6,27,1019.6,8.0,22.7,0.0,37
2024-02-21 20:00:00,-12.9,28,1020.1,8.1,22.7,0.0,59
2024-02-21 21:00:00,-13.0,28,1020.3,7.8,22.0,0.0,55
2024-02-21 22:00:00,-13.1,28,1020.5,7.8,21.6,0.0,58
2024-02-21 23:00:00,-13.2,28,1021.2,7.7,21.2,0.0,87
2024-02-22 00:00:00,-13.4,29,1022.3,7.3,21.2,0.0,88
2024-02-22 01:00:00,-12.8,37,1023.1,6.6,20.9,0.0,63
2024-02-22 02:00:00,-12.6,36,1025.0,5.0,20.9,0.0,42
2024-02-22 03:00:00,-12.4,35,1026.5,4.9,19.4,0.0,53
2024-02-22 04:00:00,-12.3,36,1027.2,4.7,18.0,0.0,77
2024-02-22 05:00:00,-13.6,57,1027.5,6.2,20.5,0.1,73
2024-02-22 06:00:00,-11.4,42,1027.1,5.8,22.7,0.0,70
2024-02-22 07:00:00,-10.9,40,1026.2,4.8,22.0,0.0,62
2024-02-22 08:00:00,-10.5,40,1024.8,4.6,22.3,0.0,52
2024-02-22 09:00:00,-10.1,36,1023.7,4.3,22.3,0.0,37
2024-02-22 10:00:00,-10.7,54,1023.3,5.2,23.0,0.0,28
2024-02-22 11:00:00,-9.7,27,1023.0,4.2,23.0,0.0,5
2024-02-22 12:00:00,-9.9,25,1023.1,3.3,22.3,0.0,1
2024-02-22 13:00:00,-13.9,30,1023.3,9.2,24.8,0.0,48
2024-02-22 14:00:00,-12.4,26,1024.3,8.2,24.1,0.0,76
2024-02-22 15:00:00,-12.7,27,1025.7,6.2,22.0,0.0,40
2024-02-22 16:00:00,-13.2,28,1026.7,5.8,20.2,0.0,4
2024-02-22 17:00:00,-13.5,27,1027.9,6.3,19.4,0.0,1
2024-02-22 18:00:00,-13.8,27,1028.8,6.4,19.1,0.0,3
2024-02-22 19:00:00,-14.0,27,1029.5,6.5,18.0,0.0,3
2024-02-22 20:00:00,-14.2,28,1030.0,7.1,17.3,0.0,2
2024-02-22 21:00:00,-14.4,28,1030.2,7.6,16.6,0.0,6
2024-02-22 22:00:00,-14.6,28,1030.2,8.0,16.9,0.0,0
2024-02-22 23:00:00,-14.8,28,1030.5,8.2,16.9,0.0,0
2024-02-23 00:00:00,-15.0,27,1031.2,8.0,16.6,0.0,0
2024-02-23 01:00:00,-16.2,33,1032.0,8.7,16.6,0.0,0
2024-02-23 02:00:00,-15.7,29,1033.9,7.8,15.8,0.0,0
2024-02-23 03:00:00,-15.0,27,1034.5,5.5,15.5,0.0,0
2024-02-23 04:00:00,-14.3,26,1035.5,2.9,14.8,0.0,0
2024-02-23 05:00:00,-13.6,27,1034.9,3.7,14.4,0.0,0
2024-02-23 06:00:00,-13.4,54,1034.3,3.1,15.1,0.0,32
2024-02-23 07:00:00,-12.2,37,1032.7,5.2,20.5,0.0,95
2024-02-23 08:00:00,-11.6,38,1030.3,5.6,22.7,0.0,82
2024-02-23 09:00:00,-11.3,43,1028.7,5.8,23.0,0.0,94
2024-02-23 10:00:00,-12.0,57,1027.6,5.9,23.0,0.0,100
2024-02-23 11:00:00,-11.0,38,1026.5,5.2,22.7,0.0,100
2024-02-23 12:00:00,-10.8,36,1026.0,5.4,21.6,0.0,100
2024-02-23 13:00:00,-11.6,30,1024.5,7.3,21.2,0.0,100
2024-02-23 14:00:00,-11.9,22,1025.8,7.7,21.2,0.0,100
2024-02-23 15:00:00,-12.3,17,1026.0,7.6,21.6,0.0,100
2024-02-23 16:00:00,-12.3,16,1026.8,6.8,20.9,0.0,100
2024-02-23 17:00:00,-12.8,17,1027.1,7.4,20.2,0.0,100
2024-02-23 18:00:00,-13.1,17,1027.4,7.4,20.5,0.0,100
2024-02-23 19:00:00,-13.3,17,1027.7,7.7,19.8,0.0,98
2024-02-23 20:00:00,-13.6,19,1027.2,8.0,19.4,0.0,54
2024-02-23 21:00:00,-13.8,21,1027.3,7.1,19.4,0.0,70
2024-02-23 22:00:00,-14.1,23,1027.6,8.0,19.1,0.0,81
2024-02-23 23:00:00,-14.3,24,1027.8,7.2,19.1,0.0,56
2024-02-24 00:00:00,-14.5,24,1028.9,7.1,18.0,0.0,43
2024-02-24 01:00:00,-15.0,31,1028.7,7.8,19.8,0.0,47
2024-02-24 02:00:00,-15.1,30,1031.0,7.4,19.4,0.0,12
2024-02-24 03:00:00,-14.4,29,1031.7,6.6,18.0,0.0,15
2024-02-24 04:00:00,-14.2,30,1032.7,5.8,17.3,0.0,10
2024-02-24 05:00:00,-14.6,52,1032.3,6.8,20.5,0.0,20
2024-02-24 06:00:00,-12.7,36,1032.3,3.3,20.2,0.0,24
2024-02-24 07:00:00,-12.0,39,1031.0,5.0,20.9,0.0,10
2024-02-24 08:00:00,-11.5,38,1029.3,4.2,20.9,0.0,5
2024-02-24 09:00:00,-11.3,38,1028.5,3.4,20.2,0.0,14
2024-02-24 10:00:00,-11.4,58,1027.8,2.9,19.1,0.0,22
2024-02-24 11:00:00,-10.9,35,1027.1,2.0,18.4,0.0,10
2024-02-24 12:00:00,-11.1,35,1026.9,3.5,17.3,0.0,6
2024-02-24 13:00:00,-15.9,38,1024.9,9.9,23.0,0.0,29
2024-02-24 14:00:00,-12.7,26,1026.2,8.2,22.3,0.0,61
2024-02-24 15:00:00,-13.1,26,1027.1,7.8,19.4,0.0,97
2024-02-24 16:00:00,-13.3,25,1027.6,7.4,19.1,0.0,100
2024-02-24 17:00:00,-13.0,25,1027.8,7.7,18.4,0.0,100
2024-02-24 18:00:00,-12.6,26,1027.3,7.7,19.1,0.0,100
2024-02-24 19:00:00,-12.5,27,1027.0,8.0,20.2,0.0,100
2024-02-24 20:00:00,-12.4,26,1026.9,7.7,20.2,0.0,100
2024-02-24 21:00:00,-12.5,27,1026.9,8.0,21.2,0.0,99
2024-02-24 22:00:00,-12.0,28,1026.7,7.2,21.2,0.0,99
2024-02-24 23:00:00,-11.9,30,1027.3,6.6,21.2,0.0,78
2024-02-25 00:00:00,-12.1,31,1028.2,6.3,20.5,0.0,72
2024-02-25 01:00:00,-12.9,37,1029.4,5.8,21.6,0.0,78
2024-02-25 02:00:00,-12.9,37,1031.2,3.3,20.9,0.0,74
2024-02-25 03:00:00,-12.6,36,1032.8,2.7,18.0,0.0,68
2024-02-25 04:00:00,-12.3,35,1033.4,3.8,18.7,0.0,80
2024-02-25 05:00:00,-12.3,54,1033.3,5.8,22.7,0.0,71
2024-02-25 06:00:00,-10.4,41,1032.5,6.9,26.3,0.0,47
2024-02-25 07:00:00,-9.7,39,1031.0,8.7,30.2,0.0,37
2024-02-25 08:00:00,-9.3,38,1029.6,9.4,32.8,0.0,38
2024-02-25 09:00:00,-8.9,37,1028.2,9.4,32.8,0.0,41
2024-02-25 10:00:00,-9.2,45,1027.6,8.9,32.8,0.0,24
2024-02-25 11:00:00,-11.2,44,1027.2,7.4,32.8,0.0,20
2024-02-25 12:00:00,-10.2,31,1027.1,7.8,30.2,0.0,12
2024-02-25 13:00:00,-10.3,29,1026.6,7.6,26.3,0.0,6
2024-02-25 14:00:00,-11.0,29,1027.9,7.2,25.9,0.0,25
2024-02-25 15:00:00,-11.4,28,1028.0,7.3,25.2,0.0,57
2024-02-25 16:00:00,-11.4,26,1028.1,7.3,24.1,0.0,36
2024-02-25 17:00:00,-11.6,26,1028.6,7.3,24.1,0.0,81
2024-02-25 18:00:00,-11.6,26,1028.9,7.9,23.4,0.0,96
2024-02-25 19:00:00,-11.7,26,1029.2,7.6,23.0,0.0,95
2024-02-25 20:00:00,-11.3,25,1029.6,7.6,22.7,0.0,100
2024-02-25 21:00:00,-10.7,24,1029.1,7.2,22.0,0.0,100
2024-02-25 22:00:00,-10.3,24,1029.1,6.1,21.6,0.0,100
2024-02-25 23:00:00,-10.2,24,1029.4,6.1,21.2,0.0,68
2024-02-26 00:00:00,-10.3,24,1029.1,5.8,20.5,0.0,10
2024-02-26 01:00:00,-12.5,29,1030.8,8.4,25.2,0.0,73
2024-02-26 02:00:00,-11.4,25,1031.3,7.8,23.0,0.0,90
2024-02-26 03:00:00,-10.2,23,1030.2,6.6,19.4,0.0,100
2024-02-26 04:00:00,-9.9,27,1029.7,6.3,18.7,0.0,100
2024-02-26 05:00:00,-8.4,46,1029.0,8.9,22.7,0.0,100
2024-02-26 06:00:00,-5.5,34,1026.8,7.2,24.1,0.0,100
2024-02-26 07:00:00,-4.7,34,1024.4,9.1,26.6,0.0,100
2024-02-26 08:00:00,-4.2,35,1022.8,9.0,27.7,0.0,100
2024-02-26 09:00:00,-3.6,35,1020.9,9.5,27.4,0.0,90
2024-02-26 10:00:00,-3.8,43,1019.8,10.3,27.0,0.0,82
2024-02-26 11:00:00,-4.6,47,1019.1,10.4,28.1,0.0,99
2024-02-26 12:00:00,-7.2,52,1019.5,9.5,28.8,0.0,100
2024-02-26 13:00:00,-7.6,55,1019.8,10.0,32.4,0.0,99
2024-02-26 14:00:00,-9.1,55,1020.2,9.6,28.1,0.0,100
2024-02-26 15:00:00,-7.9,53,1021.1,8.4,26.3,0.0,100
2024-02-26 16:00:00,-7.5,54,1021.2,7.6,25.2,0.1,100
2024-02-26 17:00:00,-7.7,56,1021.6,8.1,25.9,0.1,100
2024-02-26 18:00:00,-7.5,54,1021.1,8.2,25.2,0.0,98
2024-02-26 19:00:00,-6.8,52,1020.8,7.7,24.8,0.0,100
2024-02-26 20:00:00,-5.2,47,1020.5,6.8,24.8,0.0,100
2024-02-26 21:00:00,-4.5,45,1020.0,6.5,24.8,0.0,100
2024-02-26 22:00:00,-3.5,43,1019.8,5.8,25.2,0.0,100
2024-02-26 23:00:00,-3.8,44,1019.6,5.4,24.8,0.1,100
2024-02-27 00:00:00,-4.1,45,1020.0,5.8,24.1,0.1,100
2024-02-27 01:00:00,-8.3,56,1020.3,8.0,24.5,0.0,100
2024-02-27 02:00:00,-6.0,50,1021.4,6.3,23.0,0.1,100
2024-02-27 03:00:00,-6.6,55,1022.4,6.6,22.7,0.0,70
2024-02-27 04:00:00,-5.9,62,1023.0,7.6,23.0,0.0,68
2024-02-27 05:00:00,-3.6,49,1022.7,3.6,23.4,0.0,80
2024-02-27 06:00:00,-3.2,52,1022.2,4.6,20.2,0.0,37
2024-02-27 07:00:00,-2.4,51,1020.9,5.4,23.0,0.0,20
2024-02-27 08:00:00,-1.8,48,1019.6,6.9,24.8,0.0,35
2024-02-27 09:00:00,-1.7,48,1018.6,7.6,25.9,0.0,74
2024-02-27 10:00:00,-2.1,52,1018.2,4.6,25.6,0.0,46
2024-02-27 11:00:00,-3.2,62,1018.0,4.0,22.3,0.0,31
2024-02-27 12:00:00,-5.7,54,1018.3,7.5,24.1,0.0,52
2024-02-27 13:00:00,-5.5,48,1019.9,7.6,24.1,0.0,36
2024-02-27 14:00:00,-5.7,46,1020.4,7.4,23.0,0.0,62
2024-02-27 15:00:00,-6.0,43,1021.2,6.7,22.3,0.0,68
2024-02-27 16:00:00,-6.7,41,1021.9,6.6,22.0,0.0,50
2024-02-27 17:00:00,-7.0,39,1022.4,7.3,20.5,0.0,62
2024-02-27 18:00:00,-7.1,39,1022.2,8.0,21.2,0.0,64
2024-02-27 19:00:00,-7.6,42,1022.2,8.2,21.6,0.0,92
2024-02-27 20:00:00,-6.9,42,1022.4,6.3,21.2,0.0,96
2024-02-27 21:00:00,-7.0,44,1022.7,5.9,19.4,0.0,99
2024-02-27 22:00:00,-7.0,46,1023.1,4.7,19.4,0.0,92
2024-02-27 23:00:00,-7.0,46,1023.8,4.3,18.4,0.0,72
2024-02-28 00:00:00,-7.3,45,1024.5,4.8,18.4,0.0,67
2024-02-28 01:00:00,-8.6,44,1025.1,6.5,22.7,0.0,58
2024-02-28 02:00:00,-8.5,41,1026.7,5.9,21.6,0.0,73
2024-02-28 03:00:00,-7.9,37,1027.7,6.2,20.9,0.0,89
2024-02-28 04:00:00,-8.4,43,1027.6,5.5,21.2,0.0,86
2024-02-28 05:00:00,-6.2,48,1027.0,6.5,23.4,0.0,88
2024-02-28 06:00:00,-5.0,41,1025.6,7.7,26.3,0.0,100
2024-02-28 07:00:00,-3.9,41,1023.2,6.9,27.4,0.0,100
2024-02-28 08:00:00,-2.8,37,1020.9,6.1,27.0,0.0,100
2024-02-28 09:00:00,-2.2,34,1019.2,7.0,27.0,0.0,100
2024-02-28 10:00:00,-2.3,42,1018.4,7.9,28.8,0.0,99
2024-02-28 11:00:00,-4.2,49,1018.2,6.6,29.2,0.0,99
2024-02-28 12:00:00,-2.5,26,1018.3,5.4,27.4,0.0,98
2024-02-28 13:00:00,-5.2,30,1019.2,8.0,25.9,0.0,88
2024-02-28 14:00:00,-4.9,27,1019.5,6.9,25.6,0.0,57
2024-02-28 15:00:00,-6.1,27,1020.0,6.8,24.8,0.0,91
2024-02-28 16:00:00,-6.2,26,1021.0,6.9,25.6,0.0,70
2024-02-28 17:00:00,-6.3,27,1021.5,6.2,25.6,0.0,80
2024-02-28 18:00:00,-6.4,28,1021.4,6.2,24.8,0.0,41
2024-02-28 19:00:00,-6.6,30,1021.7,6.0,23.8,0.0,11
2024-02-28 20:00:00,-6.8,33,1022.0,5.9,23.8,0.0,1
2024-02-28 21:00:00,-6.7,34,1022.3,4.8,22.7,0.0,0
2024-02-28 22:00:00,-6.8,34,1022.4,5.0,21.2,0.0,0
2024-02-28 23:00:00,-6.8,35,1022.8,5.0,19.4,0.0,0
2024-02-29 00:00:00,-6.9,35,1023.6,4.7,19.4,0.0,0
2024-02-29 01:00:00,-9.4,40,1025.8,7.3,21.6,0.0,1
2024-02-29 02:00:00,-8.7,36,1027.1,6.3,19.8,0.0,0
2024-02-29 03:00:00,-8.0,34,1027.7,6.1,18.4,0.0,8
2024-02-29 04:00:00,-6.6,31,1027.7,5.1,18.7,0.0,27
2024-02-29 05:00:00,-6.1,53,1026.8,5.9,20.2,0.0,49
2024-02-29 06:00:00,-3.6,37,1025.5,7.4,24.1,0.0,86
2024-02-29 07:00:00,-2.4,34,1023.9,8.7,28.4,0.0,100
2024-02-29 08:00:00,-1.6,31,1022.2,7.4,28.8,0.0,100
2024-02-29 09:00:00,-0.8,30,1020.4,6.0,26.6,0.0,100
2024-02-29 10:00:00,-0.8,42,1019.9,7.0,25.6,0.0,100
2024-02-29 11:00:00,-1.4,46,1019.6,9.0,27.0,0.0,100
2024-02-29 12:00:00,-4.5,47,1019.6,11.8,28.4,0.0,100
2024-02-29 13:00:00,-7.6,43,1020.8,10.0,28.4,0.0,100
2024-02-29 14:00:00,-7.3,46,1021.5,9.5,27.7,0.0,100
2024-02-29 15:00:00,-7.0,45,1022.2,9.3,28.4,0.0,100
2024-02-29 16:00:00,-6.1,41,1022.4,8.3,25.6,0.0,100
2024-02-29 17:00:00,-5.2,40,1022.8,8.0,25.9,0.0,100
2024-02-29 18:00:00,-4.9,39,1022.3,7.9,25.2,0.0,100
2024-02-29 19:00:00,-4.8,38,1021.7,7.6,24.1,0.0,100
2024-02-29 20:00:00,-3.4,36,1021.3,6.6,24.1,0.0,99
2024-02-29 21:00:00,-3.6,36,1020.8,7.6,22.7,0.0,100
2024-02-29 22:00:00,-4.8,39,1020.1,7.8,21.2,0.0,100
2024-02-29 23:00:00,-4.4,39,1019.3,7.7,20.9,0.0,100
2024-03-01 00:00:00,-4.9,40,1018.8,8.4,21.6,0.0,100
2024-03-01 01:00:00,-7.9,55,1019.4,10.0,22.0,0.0,100
2024-03-01 02:00:00,-6.3,51,1019.1,9.1,22.0,0.0,100
2024-03-01 03:00:00,-3.3,50,1018.6,6.5,22.0,0.1,100
2024-03-01 04:00:00,-1.7,60,1018.5,9.4,23.4,0.2,100
2024-03-01 05:00:00,0.2,53,1018.7,11.7,26.3,0.2,100
2024-03-01 06:00:00,0.1,53,1018.0,11.1,26.6,0.3,100
2024-03-01 07:00:00,0.6,53,1016.5,13.5,27.0,0.2,100
2024-03-01 08:00:00,0.7,52,1015.2,13.0,27.0,0.1,100
2024-03-01 09:00:00,0.8,50,1014.9,10.7,26.6,0.0,100
2024-03-01 10:00:00,0.7,53,1014.0,11.5,24.1,0.0,100
2024-03-01 11:00:00,0.0,57,1013.6,9.4,24.5,0.0,100
2024-03-01 12:00:00,-1.3,57,1013.9,10.2,23.8,0.0,100
2024-03-01 13:00:00,-2.9,58,1014.8,13.4,22.0,0.1,100
2024-03-01 14:00:00,-3.6,63,1014.6,10.1,23.0,0.1,100
2024-03-01 15:00:00,-3.6,63,1013.9,11.1,27.4,0.3,100
2024-03-01 16:00:00,-3.2,63,1013.3,11.6,30.2,1.0,100
2024-03-01 17:00:00,-4.3,60,1012.0,11.3,32.8,0.4,100
2024-03-01 18:00:00,-5.1,58,1011.8,13.9,23.4,0.1,100
2024-03-01 19:00:00,-4.2,61,1009.9,13.2,24.8,0.3,100
2024-03-01 20:00:00,-4.7,62,1008.9,9.6,24.8,0.4,100
2024-03-01 21:00:00,-4.2,60,1008.3,12.5,24.8,0.4,100
2024-03-01 22:00:00,-4.3,62,1006.8,9.4,32.4,0.6,100
2024-03-01 23:00:00,-4.1,56,1006.3,14.3,31.0,1.0,98
2024-03-02 00:00:00,-5.0,57,1006.7,15.3,28.4,2.9,100
2024-03-02 01:00:00,-4.8,59,1006.5,15.4,27.0,0.7,100
2024-03-02 02:00:00,-4.5,62,1006.6,13.6,29.2,1.7,100
2024-03-02 03:00:00,-3.3,60,1006.2,13.2,26.6,1.6,100
2024-03-02 04:00:00,-2.1,62,1007.3,13.0,28.8,2.4,100
2024-03-02 05:00:00,-1.1,63,1007.6,11.6,30.2,2.2,98
2024-03-02 06:00:00,0.6,67,1007.0,10.5,30.6,1.7,99
2024-03-02 07:00:00,1.2,61,1006.3,8.6,27.7,1.4,96
2024-03-02 08:00:00,0.8,55,1005.3,5.5,25.6,0.8,100
2024-03-02 09:00:00,0.2,59,1004.9,8.1,27.7,0.4,100
2024-03-02 10:00:00,-0.4,55,1002.7,10.4,27.4,0.4,100
2024-03-02 11:00:00,-1.9,59,1002.8,11.4,28.8,1.5,100
2024-03-02 12:00:00,-2.9,58,1002.9,12.3,32.4,0.9,100
2024-03-02 13:00:00,-1.1,76,1003.6,2.8,22.7,0.5,100
2024-03-02 14:00:00,-1.8,66,1003.2,5.1,18.7,1.0,100
2024-03-02 15:00:00,-2.0,64,1002.9,4.0,20.5,1.4,100
2024-03-02 16:00:00,-4.0,68,1002.9,6.5,20.2,0.9,100
2024-03-02 17:00:00,-5.1,51,1001.1,8.9,31.0,0.2,100
2024-03-02 18:00:00,-6.1,58,1002.3,11.9,30.6,0.4,100
2024-03-02 19:00:00,-6.0,61,1000.6,9.9,27.7,1.8,100
2024-03-02 20:00:00,-4.1,53,999.2,8.0,25.9,2.8,100
2024-03-02 21:00:00,-2.5,46,999.6,5.5,28.1,2.4,99
2024-03-02 22:00:00,-1.8,42,999.4,5.7,28.4,0.5,66
2024-03-02 23:00:00,-2.5,47,999.5,7.7,36.4,0.2,48
2024-03-03 00:00:00,-7.8,68,1003.2,9.7,36.4,0.5,99
2024-03-03 01:00:00,-2.1,67,1002.3,6.6,40.3,0.1,68
2024-03-03 02:00:00,-2.2,58,1002.5,5.0,31.7,0.0,95
2024-03-03 03:00:00,-2.6,47,1003.1,7.3,31.0,0.1,46
2024-03-03 04:00:00,-3.4,40,1005.0,6.0,32.8,0.0,59
2024-03-03 05:00:00,-3.0,36,1005.7,2.7,29.5,0.0,46
2024-03-03 06:00:00,-2.3,35,1005.2,3.1,20.9,0.1,19
2024-03-03 07:00:00,-2.8,56,1003.7,7.0,31.3,0.1,34
2024-03-03 08:00:00,-2.6,49,1003.4,9.3,37.1,0.5,98
2024-03-03 09:00:00,-3.7,65,1004.8,7.8,40.3,0.7,90
2024-03-03 10:00:00,-4.2,70,1005.2,6.8,42.1,0.5,75
2024-03-03 11:00:00,-4.3,56,1004.7,4.2,37.4,0.2,83
2024-03-03 12:00:00,-7.8,49,1004.3,8.0,23.8,0.8,99
2024-03-03 13:00:00,-4.2,69,1004.3,1.1,23.4,1.7,80
2024-03-03 14:00:00,-6.5,61,1005.9,7.0,24.8,0.9,96
2024-03-03 15:00:00,-11.5,46,1006.0,12.7,25.2,2.4,68
2024-03-03 16:00:00,-12.8,51,1006.4,12.7,25.2,1.3,95
2024-03-03 17:00:00,-11.1,46,1006.5,10.2,30.2,0.2,93
2024-03-03 18:00:00,-10.7,44,1007.0,9.8,29.9,0.4,46
2024-03-03 19:00:00,-12.7,45,1008.0,10.8,29.9,0.4,69
2024-03-03 20:00:00,-15.0,47,1010.3,12.1,31.0,0.9,62
2024-03-03 21:00:00,-17.4,50,1011.9,15.1,31.3,0.6,43
2024-03-03 22:00:00,-17.2,48,1012.9,14.7,33.5,0.6,70
2024-03-03 23:00:00,-18.1,48,1014.4,14.7,34.9,0.2,37
2024-03-04 00:00:00,-19.4,51,1016.3,14.7,29.2,0.1,15
2024-03-04 01:00:00,-20.7,47,1016.3,17.6,32.8,0.1,8
2024-03-04 02:00:00,-21.3,51,1018.2,17.9,34.9,0.0,1
2024-03-04 03:00:00,-18.3,48,1019.4,16.6,34.9,0.0,6
2024-03-04 04:00:00,-14.5,45,1019.8,14.5,33.1,0.0,1
2024-03-04 05:00:00,-10.8,43,1019.6,13.2,30.6,0.0,0
2024-03-04 06:00:00,-8.2,41,1019.2,11.7,31.7,0.0,0
2024-03-04 07:00:00,-6.8,36,1018.5,13.4,35.6,0.0,0
2024-03-04 08:00:00,-6.8,35,1018.5,13.0,37.1,0.0,0
2024-03-04 09:00:00,-7.0,35,1018.8,13.3,38.2,0.0,0
2024-03-04 10:00:00,-7.9,38,1019.1,13.4,38.2,0.0,0
2024-03-04 11:00:00,-10.4,40,1019.9,13.2,35.6,0.0,0
2024-03-04 12:00:00,-14.2,38,1020.5,12.6,31.7,0.0,0
2024-03-04 13:00:00,-15.9,34,1021.6,11.8,28.1,0.0,3
2024-03-04 14:00:00,-16.1,30,1022.7,11.3,25.2,0.0,28
2024-03-04 15:00:00,-14.2,25,1023.1,10.5,23.8,0.0,82
2024-03-04 16:00:00,-11.8,21,1023.8,9.6,21.6,0.0,97
2024-03-04 17:00:00,-11.4,20,1024.1,9.3,21.2,0.0,97
2024-03-04 18:00:00,-11.4,19,1024.6,8.9,21.6,0.0,100
2024-03-04 19:00:00,-11.3,18,1025.0,8.9,21.6,0.0,100
2024-03-04 20:00:00,-11.2,18,1025.3,8.6,21.6,0.0,95
2024-03-04 21:00:00,-11.2,18,1025.3,8.6,21.6,0.0,90
2024-03-04 22:00:00,-11.2,17,1025.3,8.0,22.0,0.0,79
2024-03-04 23:00:00,-11.5,17,1025.9,8.0,22.0,0.0,85
2024-03-05 00:00:00,-11.5,17,1026.7,8.2,22.0,0.0,92
2024-03-05 01:00:00,-13.2,21,1028.4,9.3,23.8,0.0,100
2024-03-05 02:00:00,-12.0,19,1029.7,8.9,21.6,0.0,100
2024-03-05 03:00:00,-10.5,18,1029.9,7.3,19.8,0.0,92
2024-03-05 04:00:00,-10.2,20,1030.2,6.7,20.2,0.0,74
2024-03-05 05:00:00,-10.4,36,1030.2,6.2,20.5,0.0,95
2024-03-05 06:00:00,-7.9,32,1029.3,7.3,22.7,0.0,95
2024-03-05 07:00:00,-6.9,29,1027.0,6.6,23.0,0.0,100
2024-03-05 08:00:00,-6.0,26,1024.8,6.6,23.0,0.0,98
2024-03-05 09:00:00,-5.7,28,1023.3,7.3,24.5,0.0,89
2024-03-05 10:00:00,-6.0,42,1022.4,7.3,24.5,0.0,74
2024-03-05 11:00:00,-7.0,34,1021.8,6.4,24.1,0.0,87
2024-03-05 12:00:00,-5.4,19,1021.7,3.2,22.7,0.0,63
2024-03-05 13:00:00,-10.8,36,1021.2,9.3,23.0,0.0,99
2024-03-05 14:00:00,-11.8,36,1021.5,9.2,23.0,0.0,98
2024-03-05 15:00:00,-9.5,29,1021.8,7.8,22.7,0.0,99
2024-03-05 16:00:00,-7.8,25,1022.2,7.0,22.3,0.0,98
2024-03-05 17:00:00,-7.8,26,1022.8,6.6,21.6,0.0,99
2024-03-05 18:00:00,-7.7,26,1023.0,6.8,20.9,0.0,94
2024-03-05 19:00:00,-7.7,27,1022.8,6.8,20.5,0.0,89
2024-03-05 20:00:00,-7.8,27,1022.8,6.6,20.5,0.0,52
2024-03-05 21:00:00,-8.5,28,1023.0,6.8,20.2,0.0,45
2024-03-05 22:00:00,-9.1,29,1023.5,7.3,20.5,0.0,48
2024-03-05 23:00:00,-9.5,30,1023.9,6.8,20.5,0.0,48
2024-03-06 00:00:00,-9.8,31,1024.4,7.3,19.8,0.0,45
2024-03-06 01:00:00,-11.1,37,1025.0,8.7,19.8,0.0,51
2024-03-06 02:00:00,-10.4,33,1026.2,8.9,19.8,0.0,59
2024-03-06 03:00:00,-9.6,31,1026.3,7.9,19.8,0.0,59
2024-03-06 04:00:00,-8.4,31,1026.1,6.5,20.5,0.0,68
2024-03-06 05:00:00,-8.6,47,1025.6,6.3,20.5,0.0,82
2024-03-06 06:00:00,-5.8,45,1024.5,6.9,22.3,0.0,72
2024-03-06 07:00:00,-5.0,38,1022.5,8.0,23.0,0.0,74
2024-03-06 08:00:00,-4.5,38,1020.3,9.4,24.8,0.0,53
2024-03-06 09:00:00,-4.1,40,1018.9,10.1,25.9,0.0,44
2024-03-06 10:00:00,-4.3,45,1018.1,10.8,26.3,0.0,19
2024-03-06 11:00:00,-6.4,51,1017.6,9.5,26.3,0.0,25
2024-03-06 12:00:00,-7.9,40,1017.9,9.7,25.2,0.0,75
2024-03-06 13:00:00,-11.3,46,1017.9,11.0,24.1,0.0,99
2024-03-06 14:00:00,-10.3,39,1018.3,9.7,23.4,0.0,100
2024-03-06 15:00:00,-9.5,36,1018.5,9.2,20.9,0.0,99
2024-03-06 16:00:00,-7.3,32,1019.0,8.1,20.2,0.0,100
2024-03-06 17:00:00,-7.6,32,1019.1,8.6,19.4,0.0,100
2024-03-06 18:00:00,-7.1,32,1018.7,6.8,19.8,0.0,100
2024-03-06 19:00:00,-7.3,33,1018.7,6.8,18.4,0.0,99
2024-03-06 20:00:00,-6.8,34,1018.2,7.2,19.1,0.0,99
2024-03-06 21:00:00,-6.8,35,1018.4,7.6,19.1,0.0,91
2024-03-06 22:00:00,-7.0,37,1017.9,7.7,19.4,0.0,87
2024-03-06 23:00:00,-7.2,38,1018.2,8.0,19.8,0.0,92
2024-03-07 00:00:00,-7.6,39,1019.1,8.1,19.4,0.1,93
2024-03-07 01:00:00,-9.6,43,1019.3,8.9,19.4,0.1,99
2024-03-07 02:00:00,-10.1,44,1021.5,8.7,19.4,0.1,99
2024-03-07 03:00:00,-10.3,49,1022.0,8.2,20.5,0.2,86
2024-03-07 04:00:00,-8.8,53,1023.0,6.4,20.9,0.1,100
2024-03-07 05:00:00,-6.5,55,1022.7,6.5,21.6,0.0,97
2024-03-07 06:00:00,-5.8,42,1022.3,4.8,20.9,0.0,91
2024-03-07 07:00:00,-5.5,45,1021.4,4.3,20.2,0.1,83
2024-03-07 08:00:00,-4.9,43,1019.4,2.3,19.4,0.0,12
2024-03-07 09:00:00,-4.5,39,1018.0,3.3,19.8,0.0,13
2024-03-07 10:00:00,-4.6,40,1017.7,3.3,19.4,0.0,8
2024-03-07 11:00:00,-5.9,49,1018.0,5.1,20.5,0.0,27
2024-03-07 12:00:00,-4.9,36,1018.2,4.6,20.5,0.0,24
2024-03-07 13:00:00,-5.1,33,1018.2,6.5,22.7,0.0,10
2024-03-07 14:00:00,-5.8,34,1018.9,5.7,22.3,0.0,7
2024-03-07 15:00:00,-6.6,35,1020.0,6.2,20.5,0.0,55
2024-03-07 16:00:00,-7.2,36,1021.1,8.2,18.7,0.0,76
2024-03-07 17:00:00,-7.3,35,1021.3,8.1,19.4,0.0,13
2024-03-07 18:00:00,-7.5,36,1021.2,7.7,19.8,0.0,9
2024-03-07 19:00:00,-7.7,37,1021.5,7.7,20.2,0.0,52
2024-03-07 20:00:00,-7.9,38,1021.7,8.1,20.5,0.0,94
2024-03-07 21:00:00,-8.1,38,1022.0,8.0,20.5,0.0,96
2024-03-07 22:00:00,-8.3,38,1021.8,8.1,20.9,0.0,88
2024-03-07 23:00:00,-8.7,38,1022.0,8.0,20.5,0.0,79
2024-03-08 00:00:00,-9.1,37,1022.7,8.0,20.5,0.0,97
2024-03-08 01:00:00,-10.8,42,1023.9,9.2,22.7,0.0,87
2024-03-08 02:00:00,-9.2,36,1024.6,8.4,21.2,0.0,84
2024-03-08 03:00:00,-9.9,36,1025.1,8.3,21.2,0.0,99
2024-03-08 04:00:00,-10.1,44,1025.1,7.9,22.7,0.0,99
2024-03-08 05:00:00,-6.9,50,1024.5,9.0,24.8,0.0,100
2024-03-08 06:00:00,-4.9,38,1022.8,8.6,25.9,0.0,100
2024-03-08 07:00:00,-4.1,34,1021.1,8.6,25.9,0.0,99
2024-03-08 08:00:00,-3.4,31,1020.0,9.0,27.0,0.0,98
2024-03-08 09:00:00,-3.1,30,1018.8,8.6,27.4,0.0,59
2024-03-08 10:00:00,-3.4,43,1018.4,8.3,27.7,0.0,21
2024-03-08 11:00:00,-5.0,42,1018.7,6.8,27.4,0.0,7
2024-03-08 12:00:00,-3.8,25,1019.1,6.7,25.9,0.0,2
2024-03-08 13:00:00,-8.3,29,1019.8,9.7,26.3,0.0,1
2024-03-08 14:00:00,-6.9,25,1020.3,8.8,25.6,0.0,0
2024-03-08 15:00:00,-6.5,23,1021.3,7.7,24.5,0.0,0
2024-03-08 16:00:00,-6.8,24,1022.2,7.6,23.8,0.0,4
2024-03-08 17:00:00,-7.0,25,1022.9,7.6,22.7,0.0,0
2024-03-08 18:00:00,-7.2,26,1023.2,6.8,23.0,0.0,0
2024-03-08 19:00:00,-7.5,27,1023.7,6.5,23.0,0.0,0
2024-03-08 20:00:00,-7.9,29,1024.2,5.9,22.7,0.0,0
2024-03-08 21:00:00,-8.3,30,1025.2,5.5,22.3,0.0,0
2024-03-08 22:00:00,-8.5,30,1026.1,5.4,22.0,0.0,0
2024-03-08 23:00:00,-8.8,31,1027.2,5.4,21.6,0.0,0
2024-03-09 00:00:00,-9.0,31,1028.5,5.4,20.2,0.0,0
2024-03-09 01:00:00,-10.4,35,1029.3,6.2,20.9,0.0,0
2024-03-09 02:00:00,-10.0,33,1031.5,6.2,19.1,0.0,0
2024-03-09 03:00:00,-9.2,30,1032.2,5.4,17.3,0.0,0
2024-03-09 04:00:00,-8.4,28,1032.9,4.5,17.6,0.0,0
2024-03-09 05:00:00,-7.8,32,1033.1,3.9,18.4,0.0,0
2024-03-09 06:00:00,-6.2,32,1032.4,3.3,18.4,0.0,0
2024-03-09 07:00:00,-5.1,33,1030.9,4.0,18.7,0.0,0
2024-03-09 08:00:00,-4.3,35,1029.1,4.7,20.5,0.0,0
2024-03-09 09:00:00,-3.9,38,1028.1,5.5,22.7,0.0,0
2024-03-09 10:00:00,-4.1,53,1027.6,5.8,23.4,0.0,6
2024-03-09 11:00:00,-3.8,39,1027.2,3.9,22.3,0.0,17
2024-03-09 12:00:00,-3.9,40,1027.1,3.6,18.4,0.0,4
2024-03-09 13:00:00,-4.8,35,1027.0,5.8,20.2,0.0,1
2024-03-09 14:00:00,-5.8,32,1027.6,6.2,20.2,0.0,2
2024-03-09 15:00:00,-6.2,23,1027.4,8.1,17.6,0.0,0
2024-03-09 16:00:00,-6.4,17,1027.7,7.3,16.6,0.0,0
2024-03-09 17:00:00,-6.6,13,1028.6,7.3,18.7,0.0,0
2024-03-09 18:00:00,-6.5,13,1028.5,7.0,18.7,0.0,46
2024-03-09 19:00:00,-6.8,14,1028.0,7.2,18.0,0.0,56
2024-03-09 20:00:00,-7.1,15,1027.7,7.8,18.0,0.0,85
2024-03-09 21:00:00,-7.1,16,1027.4,7.6,19.1,0.0,90
2024-03-09 22:00:00,-7.2,17,1027.4,8.0,19.8,0.0,64
2024-03-09 23:00:00,-6.9,17,1027.0,8.0,19.4,0.0,94
2024-03-10 00:00:00,-6.9,16,1027.0,7.6,19.1,0.0,68
2024-03-10 01:00:00,-7.9,17,1027.8,8.7,22.7,0.0,100
2024-03-10 02:00:00,-6.5,15,1028.5,7.9,20.2,0.0,82
2024-03-10 03:00:00,-5.0,14,1028.6,6.8,18.7,0.0,72
2024-03-10 04:00:00,-4.2,16,1028.6,7.0,21.2,0.0,93
2024-03-10 05:00:00,-3.2,25,1028.0,5.7,21.6,0.0,100
2024-03-10 06:00:00,-0.6,35,1026.5,5.6,20.9,0.0,100
2024-03-10 07:00:00,0.7,24,1024.8,6.9,23.8,0.0,100
2024-03-10 08:00:00,1.3,28,1023.5,6.8,24.1,0.0,100
2024-03-10 09:00:00,1.4,34,1022.4,8.7,24.1,0.0,100
2024-03-10 10:00:00,1.2,39,1021.4,12.4,26.3,0.0,100
2024-03-10 11:00:00,0.4,43,1021.3,12.1,27.0,0.0,100
2024-03-10 12:00:00,-1.6,50,1020.7,11.5,26.3,0.0,100
2024-03-10 13:00:00,-4.5,48,1021.0,10.8,27.7,0.0,100
2024-03-10 14:00:00,-5.4,49,1021.4,10.5,26.6,0.0,100
2024-03-10 15:00:00,-5.1,44,1020.9,9.3,23.4,0.0,100
2024-03-10 16:00:00,-4.9,37,1021.4,9.3,24.1,0.0,100
2024-03-10 17:00:00,-3.0,35,1021.5,8.1,22.0,0.0,100
2024-03-10 18:00:00,-1.8,34,1021.8,7.2,22.3,0.1,100
2024-03-10 19:00:00,-1.4,36,1022.9,6.6,23.4,0.1,100
2024-03-10 20:00:00,-1.1,37,1022.6,6.0,20.9,0.1,100
2024-03-10 21:00:00,-4.3,46,1022.8,8.2,21.2,0.1,100
2024-03-10 22:00:00,-4.4,47,1023.1,8.0,23.0,0.1,100
2024-03-10 23:00:00,-4.5,47,1022.8,8.0,23.0,0.1,99
2024-03-11 00:00:00,-3.0,42,1023.1,6.7,22.3,0.0,100
2024-03-11 01:00:00,-3.2,43,1023.1,5.7,20.9,0.1,100
2024-03-11 02:00:00,-3.2,43,1024.0,4.4,19.4,0.0,97
2024-03-11 03:00:00,-2.5,42,1024.8,5.0,20.2,0.0,98
2024-03-11 04:00:00,-1.9,62,1024.8,5.5,21.6,0.1,84
2024-03-11 05:00:00,-0.6,45,1024.2,5.6,22.7,0.1,90
2024-03-11 06:00:00,-0.0,45,1023.4,6.1,25.9,0.1,95
2024-03-11 07:00:00,0.1,46,1022.6,7.7,28.1,0.0,72
2024-03-11 08:00:00,0.5,45,1021.2,7.1,29.2,0.0,56
2024-03-11 09:00:00,1.0,43,1019.5,7.5,28.1,0.0,80
2024-03-11 10:00:00,1.2,42,1018.5,6.9,28.1,0.0,100
2024-03-11 11:00:00,0.2,60,1017.7,5.9,26.3,0.0,100
2024-03-11 12:00:00,-0.3,46,1018.2,5.5,26.6,0.0,100
2024-03-11 13:00:00,-1.0,37,1019.8,6.5,23.8,0.0,99
2024-03-11 14:00:00,-1.5,36,1020.6,5.8,21.6,0.0,96
2024-03-11 15:00:00,-1.8,37,1021.3,5.9,20.9,0.0,100
2024-03-11 16:00:00,-2.0,38,1021.7,6.0,22.0,0.0,99
2024-03-11 17:00:00,-2.5,38,1021.7,5.8,20.9,0.0,99
2024-03-11 18:00:00,-2.7,38,1021.5,5.4,20.5,0.0,99
2024-03-11 19:00:00,-2.8,39,1020.7,6.3,19.4,0.0,94
2024-03-11 20:00:00,-2.9,38,1020.8,5.7,19.4,0.0,97
2024-03-11 21:00:00,-2.9,38,1020.4,4.7,19.4,0.0,98
2024-03-11 22:00:00,-3.0,38,1020.2,4.9,19.8,0.0,83
2024-03-11 23:00:00,-3.4,38,1020.5,5.1,20.5,0.0,94
2024-03-12 00:00:00,-3.9,38,1021.0,4.9,20.2,0.0,98
2024-03-12 01:00:00,-4.8,45,1021.0,7.5,20.9,0.0,100
2024-03-12 02:00:00,-4.0,41,1021.9,6.8,20.5,0.0,100
2024-03-12 03:00:00,-3.7,40,1022.5,6.2,20.5,0.0,100
2024-03-12 04:00:00,-3.0,40,1023.4,2.9,19.8,0.0,98
2024-03-12 05:00:00,-2.9,47,1023.9,2.8,17.6,0.0,100
2024-03-12 06:00:00,-2.2,50,1023.4,5.4,22.3,0.0,100
2024-03-12 07:00:00,-1.9,57,1022.9,7.0,26.3,0.0,100
2024-03-12 08:00:00,-1.7,61,1022.1,6.6,27.4,0.1,100
2024-03-12 09:00:00,-1.5,61,1021.4,6.9,28.1,0.1,100
2024-03-12 10:00:00,-1.4,61,1020.9,6.8,29.2,0.1,79
2024-03-12 11:00:00,-2.1,70,1021.2,6.9,29.9,0.0,84
2024-03-12 12:00:00,-2.3,58,1021.2,4.7,29.2,0.0,72
2024-03-12 13:00:00,-3.9,53,1022.6,6.9,20.9,0.0,29
2024-03-12 14:00:00,-7.6,53,1022.5,9.3,21.6,0.0,23
2024-03-12 15:00:00,-4.3,39,1023.3,7.4,21.2,0.0,10
2024-03-12 16:00:00,-4.7,34,1023.5,7.3,18.4,0.0,6
2024-03-12 17:00:00,-4.5,26,1023.5,7.4,16.9,0.0,93
2024-03-12 18:00:00,-4.0,23,1023.3,7.3,16.6,0.0,93
2024-03-12 19:00:00,-4.0,25,1023.4,7.8,18.0,0.0,98
2024-03-12 20:00:00,-4.2,27,1022.6,8.1,18.4,0.0,87
2024-03-12 21:00:00,-4.7,31,1021.6,8.8,18.4,0.0,80
2024-03-12 22:00:00,-6.3,34,1020.5,9.4,19.1,0.0,100
2024-03-12 23:00:00,-6.7,34,1019.9,9.5,19.4,0.0,40
2024-03-13 00:00:00,-5.1,32,1019.6,8.9,19.1,0.0,94
2024-03-13 01:00:00,-6.5,37,1020.5,9.0,19.1,0.0,71
2024-03-13 02:00:00,-6.5,34,1021.3,8.9,18.4,0.0,100
2024-03-13 03:00:00,-7.4,37,1021.6,8.7,19.8,0.0,100
2024-03-13 04:00:00,-5.8,50,1021.1,9.4,21.6,0.0,100
2024-03-13 05:00:00,-2.7,39,1019.9,8.6,23.0,0.0,100
2024-03-13 06:00:00,-1.7,31,1018.6,8.4,23.0,0.0,100
2024-03-13 07:00:00,-1.1,30,1016.9,8.9,24.1,0.0,97
2024-03-13 08:00:00,-0.8,31,1015.0,9.0,24.1,0.0,100
2024-03-13 09:00:00,-0.6,34,1013.1,11.7,25.2,0.0,99
2024-03-13 10:00:00,-0.4,39,1010.8,12.7,25.2,0.0,100
2024-03-13 11:00:00,-1.0,45,1010.2,12.4,24.8,0.0,100
2024-03-13 12:00:00,-2.2,50,1009.6,13.8,25.2,0.1,100
2024-03-13 13:00:00,-4.7,56,1011.2,9.8,25.2,0.1,100
2024-03-13 14:00:00,-5.0,53,1012.6,7.9,23.8,0.1,100
2024-03-13 15:00:00,-5.2,53,1013.5,7.9,21.6,0.1,99
2024-03-13 16:00:00,-4.3,47,1014.8,6.4,23.4,0.2,99
2024-03-13 17:00:00,-3.4,43,1015.3,5.5,21.6,0.1,100
2024-03-13 18:00:00,-5.3,49,1014.9,6.9,20.9,0.0,100
2024-03-13 19:00:00,-4.7,44,1014.9,6.6,21.6,0.0,99
2024-03-13 20:00:00,-3.8,41,1016.0,5.8,20.9,0.0,100
2024-03-13 21:00:00,-5.3,47,1016.0,7.1,21.6,0.0,99
2024-03-13 22:00:00,-4.5,42,1015.8,7.2,21.2,0.0,100
2024-03-13 23:00:00,-3.0,39,1015.2,5.7,21.2,0.0,100
2024-03-14 00:00:00,-3.1,38,1015.6,1.5,20.9,0.0,100
2024-03-14 01:00:00,-4.2,39,1017.0,7.1,21.6,0.0,91
2024-03-14 02:00:00,-3.8,36,1018.4,6.1,21.6,0.0,68
2024-03-14 03:00:00,-5.3,44,1019.9,6.2,22.0,0.0,97
2024-03-14 04:00:00,-4.1,52,1021.6,5.1,22.0,0.0,21
2024-03-14 05:00:00,-3.6,47,1022.1,5.4,23.4,0.0,1
2024-03-14 06:00:00,-3.0,47,1022.2,4.4,24.1,0.0,1
2024-03-14 07:00:00,-2.6,46,1022.1,4.0,22.7,0.0,46
2024-03-14 08:00:00,-2.3,46,1021.7,6.2,24.1,0.0,7
2024-03-14 09:00:00,-1.8,46,1020.9,7.6,26.6,0.0,13
2024-03-14 10:00:00,-1.6,47,1020.2,7.6,26.6,0.0,25
2024-03-14 11:00:00,-2.4,61,1020.1,7.2,26.3,0.0,27
2024-03-14 12:00:00,-2.2,42,1020.0,5.9,25.2,0.0,45
2024-03-14 13:00:00,-5.0,45,1022.0,8.4,26.3,0.0,31
2024-03-14 14:00:00,-4.1,39,1022.5,8.0,26.6,0.0,15
2024-03-14 15:00:00,-4.7,37,1022.9,5.4,25.2,0.0,7
2024-03-14 16:00:00,-5.6,36,1023.6,5.8,20.9,0.0,6
2024-03-14 17:00:00,-6.0,32,1023.6,6.7,20.2,0.0,2
2024-03-14 18:00:00,-6.3,30,1023.6,7.0,19.1,0.0,6
2024-03-14 19:00:00,-6.6,30,1023.4,6.9,20.2,0.0,11
2024-03-14 20:00:00,-6.9,31,1023.2,7.2,20.2,0.0,12
2024-03-14 21:00:00,-7.3,31,1023.1,7.6,20.2,0.0,13
2024-03-14 22:00:00,-7.5,31,1022.6,7.7,20.5,0.0,10
2024-03-14 23:00:00,-7.7,30,1022.6,7.8,20.2,0.0,7
2024-03-15 00:00:00,-7.8,28,1022.9,7.7,20.2,0.0,5
2024-03-15 01:00:00,-8.5,27,1024.5,8.0,22.0,0.0,0
2024-03-15 02:00:00,-8.0,24,1026.0,6.9,20.9,0.0,0
2024-03-15 03:00:00,-7.0,22,1026.9,6.2,19.4,0.0,0
2024-03-15 04:00:00,-7.4,31,1027.3,6.2,19.8,0.0,0
2024-03-15 05:00:00,-5.3,37,1026.9,7.0,22.0,0.0,2
2024-03-15 06:00:00,-4.2,28,1026.1,4.8,22.0,0.0,14
2024-03-15 07:00:00,-3.4,25,1025.0,4.2,20.2,0.0,4
2024-03-15 08:00:00,-2.7,24,1023.9,4.2,20.5,0.0,9
2024-03-15 09:00:00,-2.3,23,1022.8,4.7,20.5,0.0,22
2024-03-15 10:00:00,-2.3,25,1022.3,5.5,20.9,0.0,50
2024-03-15 11:00:00,-3.5,51,1022.4,5.8,21.2,0.0,93
2024-03-15 12:00:00,-2.7,21,1022.1,5.9,20.9,0.0,89
2024-03-15 13:00:00,-7.1,28,1022.3,9.1,22.7,0.0,98
2024-03-15 14:00:00,-8.9,26,1022.6,9.9,21.6,0.0,95
2024-03-15 15:00:00,-7.1,19,1023.3,9.2,20.9,0.0,47
2024-03-15 16:00:00,-5.7,16,1023.5,8.5,19.8,0.0,0
2024-03-15 17:00:00,-5.9,16,1023.4,7.9,19.1,0.0,0
2024-03-15 18:00:00,-6.2,16,1023.6,7.9,19.1,0.0,0
2024-03-15 19:00:00,-6.5,18,1023.4,8.2,19.4,0.0,30
2024-03-15 20:00:00,-6.7,20,1023.5,7.9,19.4,0.0,74
2024-03-15 21:00:00,-6.9,21,1023.5,7.8,19.8,0.0,85
2024-03-15 22:00:00,-6.9,22,1023.5,7.0,19.8,0.0,98
2024-03-15 23:00:00,-6.8,22,1023.9,6.4,19.4,0.0,84
2024-03-16 00:00:00,-6.8,22,1024.5,5.7,19.4,0.0,67
2024-03-16 01:00:00,-7.8,23,1026.2,6.8,21.2,0.0,86
2024-03-16 02:00:00,-7.5,23,1028.1,5.6,20.2,0.0,46
2024-03-16 03:00:00,-6.7,23,1029.4,4.7,18.4,0.0,6
2024-03-16 04:00:00,-6.0,23,1029.9,3.0,18.4,0.0,0
2024-03-16 05:00:00,-5.4,31,1029.8,3.8,18.7,0.0,0
2024-03-16 06:00:00,-4.5,32,1029.0,2.5,18.7,0.0,0
2024-03-16 07:00:00,-3.7,29,1028.2,3.5,19.8,0.0,0
2024-03-16 08:00:00,-3.3,29,1027.5,4.3,22.0,0.0,0
2024-03-16 09:00:00,-3.1,30,1026.6,4.6,22.3,0.0,0
2024-03-16 10:00:00,-2.9,29,1025.9,4.0,22.3,0.0,0
2024-03-16 11:00:00,-2.8,25,1025.7,1.8,20.9,0.0,0
2024-03-16 12:00:00,-3.2,26,1026.0,1.4,16.6,0.0,0
2024-03-16 13:00:00,-4.1,24,1026.0,4.4,18.0,0.0,0
2024-03-16 14:00:00,-5.3,24,1026.9,6.9,17.6,0.0,4
2024-03-16 15:00:00,-6.0,24,1027.9,8.5,18.4,0.0,0
2024-03-16 16:00:00,-6.4,25,1028.6,7.5,18.0,0.0,1
2024-03-16 17:00:00,-6.7,25,1029.2,7.2,17.3,0.0,0
2024-03-16 18:00:00,-6.9,24,1029.5,7.6,16.9,0.0,0
2024-03-16 19:00:00,-7.1,24,1029.4,8.1,17.3,0.0,0
2024-03-16 20:00:00,-7.3,23,1029.7,8.4,17.3,0.0,0
2024-03-16 21:00:00,-7.6,23,1030.1,8.1,17.3,0.0,0
2024-03-16 22:00:00,-7.7,22,1030.7,7.5,17.3,0.0,0
2024-03-16 23:00:00,-7.8,22,1031.7,7.3,16.9,0.0,0
2024-03-17 00:00:00,-7.9,22,1032.9,7.2,16.9,0.0,0
2024-03-17 01:00:00,-8.9,27,1033.9,7.7,16.6,0.0,0
2024-03-17 02:00:00,-8.5,26,1036.4,6.7,15.8,0.0,0
2024-03-17 03:00:00,-7.9,25,1037.1,5.1,16.6,0.0,0
2024-03-17 04:00:00,-7.2,23,1037.3,2.5,16.2,0.0,0
2024-03-17 05:00:00,-6.8,28,1036.5,1.6,14.8,0.0,0
2024-03-17 06:00:00,-5.7,31,1035.2,2.3,15.1,0.0,0
2024-03-17 07:00:00,-4.9,33,1033.0,1.5,15.1,0.0,0
2024-03-17 08:00:00,-4.1,35,1031.3,2.2,15.5,0.0,1
2024-03-17 09:00:00,-3.6,37,1030.3,2.9,17.6,0.0,2
2024-03-17 10:00:00,-3.4,39,1029.6,3.1,17.3,0.0,97
2024-03-17 11:00:00,-3.6,56,1029.4,1.6,16.9,0.0,83
2024-03-17 12:00:00,-3.6,39,1029.2,0.8,11.5,0.0,100
2024-03-17 13:00:00,-3.9,40,1028.7,4.2,16.6,0.0,3
2024-03-17 14:00:00,-5.1,38,1029.3,7.1,16.2,0.0,0
2024-03-17 15:00:00,-5.7,32,1029.8,7.2,14.8,0.0,0
2024-03-17 16:00:00,-6.2,27,1030.0,7.2,16.2,0.0,0
2024-03-17 17:00:00,-6.6,22,1030.3,6.8,16.2,0.0,5
2024-03-17 18:00:00,-6.7,21,1030.4,6.8,16.6,0.0,17
2024-03-17 19:00:00,-6.6,21,1030.0,7.0,17.6,0.0,95
2024-03-17 20:00:00,-6.7,20,1030.2,6.7,16.9,0.0,92
2024-03-17 21:00:00,-6.8,20,1030.3,6.7,16.6,0.0,98
2024-03-17 22:00:00,-7.0,21,1030.3,5.1,15.8,0.0,100
2024-03-17 23:00:00,-7.4,21,1030.3,6.4,16.9,0.0,94
2024-03-18 00:00:00,-7.6,21,1030.9,5.9,16.9,0.0,99
2024-03-18 01:00:00,-8.8,23,1031.1,7.3,15.8,0.0,96
2024-03-18 02:00:00,-8.2,23,1033.5,3.8,15.8,0.0,74
2024-03-18 03:00:00,-7.6,22,1034.2,4.2,15.8,0.0,59
2024-03-18 04:00:00,-6.7,24,1034.4,2.3,16.6,0.0,85
2024-03-18 05:00:00,-6.1,34,1033.7,1.8,14.8,0.0,99
2024-03-18 06:00:00,-5.2,40,1032.5,2.4,14.8,0.0,97
2024-03-18 07:00:00,-4.6,44,1030.7,2.8,15.5,0.0,100
2024-03-18 08:00:00,-3.9,46,1028.7,3.0,16.9,0.0,100
2024-03-18 09:00:00,-3.2,49,1027.1,3.8,19.1,0.0,100
2024-03-18 10:00:00,-2.7,51,1026.0,3.0,19.1,0.0,100
2024-03-18 11:00:00,-2.5,52,1025.4,3.7,18.4,0.0,98
2024-03-18 12:00:00,-2.8,48,1025.2,3.4,19.4,0.0,99
2024-03-18 13:00:00,-2.6,44,1024.2,1.5,17.3,0.0,91
2024-03-18 14:00:00,-3.6,47,1025.2,3.1,14.0,0.0,83
2024-03-18 15:00:00,-4.8,47,1025.9,7.3,16.9,0.0,31
2024-03-18 16:00:00,-5.1,44,1026.5,7.1,17.3,0.0,11
2024-03-18 17:00:00,-5.9,40,1027.0,7.9,16.6,0.0,49
2024-03-18 18:00:00,-6.3,40,1027.5,7.5,17.3,0.0,67
2024-03-18 19:00:00,-6.4,39,1027.7,6.0,16.6,0.0,11
2024-03-18 20:00:00,-6.7,39,1027.7,6.7,17.3,0.0,2
2024-03-18 21:00:00,-7.0,38,1027.7,6.7,16.9,0.0,6
2024-03-18 22:00:00,-7.3,38,1028.5,6.4,16.6,0.0,53
2024-03-18 23:00:00,-7.6,38,1029.2,5.1,15.5,0.0,94
2024-03-19 00:00:00,-8.0,38,1030.4,4.6,15.1,0.0,95
2024-03-19 01:00:00,-8.9,45,1031.8,4.1,15.1,0.0,94
2024-03-19 02:00:00,-8.7,45,1033.8,3.3,13.7,0.0,31
2024-03-19 03:00:00,-7.9,43,1035.1,1.3,13.3,0.0,48
2024-03-19 04:00:00,-7.3,45,1035.8,1.1,11.2,0.0,96
2024-03-19 05:00:00,-6.5,55,1035.8,2.9,14.4,0.0,91
2024-03-19 06:00:00,-5.9,57,1034.6,3.2,16.2,0.0,94
2024-03-19 07:00:00,-5.1,61,1032.9,4.1,19.1,0.0,80
2024-03-19 08:00:00,-4.4,62,1031.0,4.3,20.5,0.0,9
2024-03-19 09:00:00,-3.6,61,1029.2,4.4,21.6,0.0,11
2024-03-19 10:00:00,-2.8,58,1028.4,3.9,21.6,0.0,21
2024-03-19 11:00:00,-2.6,55,1027.9,4.2,19.8,0.0,9
2024-03-19 12:00:00,-3.1,59,1028.1,2.7,19.4,0.0,35
2024-03-19 13:00:00,-3.3,52,1028.3,0.8,14.8,0.0,5
2024-03-19 14:00:00,-6.1,59,1029.2,7.6,16.9,0.0,67
2024-03-19 15:00:00,-8.1,51,1030.2,9.2,18.7,0.0,6
2024-03-19 16:00:00,-10.3,42,1030.2,10.7,19.8,0.0,0
2024-03-19 17:00:00,-11.8,40,1030.3,11.4,18.4,0.0,6
2024-03-19 18:00:00,-13.1,41,1030.5,12.2,19.8,0.0,22
2024-03-19 19:00:00,-13.0,39,1030.4,11.7,19.8,0.0,52
2024-03-19 20:00:00,-12.0,35,1030.2,11.3,20.9,0.0,12
2024-03-19 21:00:00,-8.8,29,1030.2,10.0,22.3,0.0,81
2024-03-19 22:00:00,-5.6,24,1030.2,7.6,23.4,0.0,27
2024-03-19 23:00:00,-5.3,23,1031.4,3.6,21.6,0.0,1
2024-03-20 00:00:00,-6.2,25,1033.0,2.9,13.3,0.0,4
2024-03-20 01:00:00,-6.4,21,1034.2,4.3,20.9,0.0,0
2024-03-20 02:00:00,-6.3,20,1036.4,4.0,19.1,0.0,0
2024-03-20 03:00:00,-6.0,21,1038.1,2.9,16.6,0.0,0
2024-03-20 04:00:00,-5.4,29,1038.8,3.6,17.3,0.0,0
2024-03-20 05:00:00,-4.6,35,1038.4,3.9,17.3,0.0,0
2024-03-20 06:00:00,-4.1,38,1037.5,5.5,20.5,0.0,0
2024-03-20 07:00:00,-3.5,42,1036.2,5.1,21.2,0.0,0
2024-03-20 08:00:00,-3.1,45,1034.4,4.0,20.2,0.0,0
2024-03-20 09:00:00,-2.4,47,1032.7,2.9,16.9,0.0,0
2024-03-20 10:00:00,-1.8,49,1031.1,3.1,14.8,0.0,0
2024-03-20 11:00:00,-1.5,49,1029.9,3.7,16.6,0.0,0
2024-03-20 12:00:00,-1.7,43,1029.1,1.8,16.2,0.0,0
2024-03-20 13:00:00,-0.7,47,1028.0,2.1,14.0,0.0,0
2024-03-20 14:00:00,-1.3,49,1028.1,5.0,13.3,0.0,5
2024-03-20 15:00:00,-1.3,45,1028.3,5.4,14.4,0.0,44
2024-03-20 16:00:00,-1.2,38,1028.4,3.9,14.8,0.0,90
2024-03-20 17:00:00,-1.5,32,1028.4,4.8,13.7,0.0,100
2024-03-20 18:00:00,-1.2,23,1028.7,4.8,14.0,0.0,97
2024-03-20 19:00:00,-1.4,19,1028.2,5.6,15.1,0.0,82
2024-03-20 20:00:00,-1.8,19,1028.0,6.1,15.1,0.0,100
2024-03-20 21:00:00,-1.9,19,1027.0,6.4,16.2,0.0,100
2024-03-20 22:00:00,-2.1,20,1027.0,5.4,16.2,0.0,100
2024-03-20 23:00:00,-2.4,21,1026.8,5.8,16.2,0.0,37
2024-03-21 00:00:00,-2.7,22,1027.2,6.6,16.2,0.0,74
2024-03-21 01:00:00,-2.9,24,1027.3,7.1,16.6,0.0,2
2024-03-21 02:00:00,-2.9,26,1027.4,5.9,15.8,0.0,0
2024-03-21 03:00:00,-3.0,32,1028.1,5.1,15.1,0.0,0
2024-03-21 04:00:00,-2.1,36,1027.8,3.1,14.4,0.0,0
2024-03-21 05:00:00,-1.2,38,1027.0,1.9,13.7,0.0,0
2024-03-21 06:00:00,-0.6,41,1025.9,2.6,14.4,0.0,13
2024-03-21 07:00:00,0.2,41,1024.2,2.2,14.8,0.0,19
2024-03-21 08:00:00,0.9,39,1021.9,2.3,14.4,0.0,35
2024-03-21 09:00:00,1.5,38,1019.9,1.9,15.5,0.0,16
2024-03-21 10:00:00,2.1,41,1018.2,2.5,15.1,0.0,44
2024-03-21 11:00:00,2.4,42,1017.2,2.3,15.1,0.0,47
2024-03-21 12:00:00,2.8,37,1016.6,3.4,16.2,0.0,100
2024-03-21 13:00:00,1.1,51,1015.2,7.4,22.7,0.0,100
2024-03-21 14:00:00,3.2,35,1015.0,4.1,21.6,0.0,100
2024-03-21 15:00:00,3.5,35,1015.7,3.6,18.4,0.0,100
2024-03-21 16:00:00,1.4,51,1016.8,6.0,22.7,0.0,77
2024-03-21 17:00:00,0.9,56,1018.2,5.1,25.2,0.0,100
2024-03-21 18:00:00,1.0,53,1017.9,5.5,21.2,0.0,100
2024-03-21 19:00:00,-0.8,58,1017.4,6.8,19.1,0.0,98
2024-03-21 20:00:00,0.1,54,1017.0,5.6,19.4,0.0,86
2024-03-21 21:00:00,0.3,54,1017.2,5.0,19.1,0.0,62
2024-03-21 22:00:00,0.5,51,1017.1,4.3,18.7,0.0,60
2024-03-21 23:00:00,0.4,51,1017.1,4.2,18.0,0.0,82
2024-03-22 00:00:00,0.2,50,1017.4,4.2,17.3,0.0,85
2024-03-22 01:00:00,-0.3,53,1017.8,6.2,21.2,0.0,100
2024-03-22 02:00:00,-0.2,52,1018.5,3.3,20.9,0.0,58
2024-03-22 03:00:00,-0.2,55,1019.1,4.7,18.7,0.0,57
2024-03-22 04:00:00,0.1,53,1019.2,5.4,20.2,0.0,97
2024-03-22 05:00:00,0.4,50,1018.8,6.0,20.9,0.0,99
2024-03-22 06:00:00,0.9,49,1017.9,6.0,21.2,0.0,100
2024-03-22 07:00:00,0.8,52,1017.0,5.6,21.2,0.1,100
2024-03-22 08:00:00,1.4,51,1016.0,6.5,22.3,0.0,78
2024-03-22 09:00:00,1.5,54,1015.3,7.9,25.9,0.0,95
2024-03-22 10:00:00,1.2,55,1015.0,7.3,26.6,0.0,74
2024-03-22 11:00:00,0.9,56,1015.3,6.4,26.3,0.0,46
2024-03-22 12:00:00,-0.6,73,1015.9,6.0,27.4,0.3,67
2024-03-22 13:00:00,-2.8,75,1018.0,7.6,23.4,0.1,74
2024-03-22 14:00:00,-2.5,67,1018.7,5.2,23.0,0.2,71
2024-03-22 15:00:00,-1.4,55,1018.8,4.5,20.5,0.0,77
2024-03-22 16:00:00,-2.2,56,1019.5,4.0,18.7,0.0,64
2024-03-22 17:00:00,-2.3,52,1019.5,6.0,19.8,0.0,62
2024-03-22 18:00:00,-2.6,48,1020.1,3.0,20.2,0.0,45
2024-03-22 19:00:00,-3.3,52,1020.3,3.0,18.0,0.0,45
2024-03-22 20:00:00,-3.8,52,1020.1,3.2,19.4,0.0,63
2024-03-22 21:00:00,-4.4,52,1020.5,4.0,19.8,0.0,86
2024-03-22 22:00:00,-4.9,51,1020.8,4.3,19.8,0.0,96
2024-03-22 23:00:00,-5.4,52,1021.7,4.7,18.7,0.0,98
2024-03-23 00:00:00,-5.9,54,1022.6,5.9,17.6,0.0,97
2024-03-23 01:00:00,-5.5,53,1023.3,3.9,19.4,0.0,95
2024-03-23 02:00:00,-5.4,55,1025.0,3.2,16.6,0.0,4
2024-03-23 03:00:00,-4.5,59,1026.3,2.9,15.8,0.0,8
2024-03-23 04:00:00,-3.6,63,1027.3,3.9,18.0,0.0,1
2024-03-23 05:00:00,-2.8,61,1027.3,1.8,18.4,0.0,9
2024-03-23 06:00:00,-2.3,57,1026.5,1.1,14.4,0.0,11
2024-03-23 07:00:00,-1.7,52,1024.9,1.6,13.3,0.0,27
2024-03-23 08:00:00,-0.8,49,1023.1,2.6,16.6,0.0,97
2024-03-23 09:00:00,-0.0,45,1021.5,4.3,20.2,0.0,99
2024-03-23 10:00:00,0.5,42,1021.0,5.5,22.7,0.0,100
2024-03-23 11:00:00,0.8,38,1020.6,3.6,22.3,0.0,100
2024-03-23 12:00:00,0.5,37,1020.7,2.3,19.1,0.0,100
2024-03-23 13:00:00,0.6,29,1020.8,2.7,23.0,0.0,100
2024-03-23 14:00:00,-0.3,31,1021.4,4.0,18.4,0.0,59
2024-03-23 15:00:00,-2.0,30,1022.5,7.6,18.7,0.0,58
2024-03-23 16:00:00,-2.3,29,1022.7,7.8,18.7,0.0,29
2024-03-23 17:00:00,-1.7,27,1022.8,7.1,19.1,0.0,17
2024-03-23 18:00:00,-2.0,29,1022.8,6.3,19.1,0.0,38
2024-03-23 19:00:00,-2.5,30,1023.0,7.7,18.0,0.0,60
2024-03-23 20:00:00,-2.5,31,1022.2,7.2,18.0,0.0,49
2024-03-23 21:00:00,-3.0,31,1021.2,6.7,17.3,0.0,100
2024-03-23 22:00:00,-3.5,32,1020.6,8.0,17.6,0.0,100
2024-03-23 23:00:00,-2.3,30,1020.4,5.9,18.4,0.0,100
2024-03-24 00:00:00,-1.9,32,1020.8,7.0,18.7,0.0,100
2024-03-24 01:00:00,-3.2,45,1021.7,6.5,22.0,0.1,100
2024-03-24 02:00:00,-3.0,48,1022.3,6.5,21.6,0.0,100
2024-03-24 03:00:00,-1.3,58,1022.5,6.9,22.0,0.0,100
2024-03-24 04:00:00,1.1,46,1022.2,7.2,23.8,0.0,100
2024-03-24 05:00:00,1.8,42,1021.6,7.3,25.6,0.0,100
2024-03-24 06:00:00,2.2,39,1021.1,5.6,24.8,0.0,100
2024-03-24 07:00:00,2.6,38,1020.1,5.4,23.4,0.0,98
2024-03-24 08:00:00,2.9,40,1019.0,6.6,26.6,0.0,100
2024-03-24 09:00:00,2.9,42,1018.6,7.3,28.8,0.0,0
2024-03-24 10:00:00,2.5,42,1018.7,6.6,28.4,0.0,13
2024-03-24 11:00:00,2.4,42,1019.1,4.6,26.6,0.0,42
2024-03-24 12:00:00,1.7,39,1019.9,3.0,23.0,0.0,53
2024-03-24 13:00:00,1.1,40,1020.7,3.8,24.1,0.0,56
2024-03-24 14:00:00,0.2,42,1022.4,1.4,23.8,0.0,33
2024-03-24 15:00:00,-0.7,44,1024.0,3.8,18.7,0.0,27
2024-03-24 16:00:00,-1.3,43,1025.3,6.6,20.2,0.0,30
2024-03-24 17:00:00,-3.3,47,1026.2,7.6,21.6,0.0,8
2024-03-24 18:00:00,-1.7,41,1026.2,6.9,22.0,0.0,5
2024-03-24 19:00:00,-1.7,41,1026.3,5.4,19.8,0.0,23
2024-03-24 20:00:00,-1.8,42,1026.6,4.3,17.3,0.0,17
2024-03-24 21:00:00,-2.4,44,1026.4,3.9,15.5,0.0,52
2024-03-24 22:00:00,-3.1,47,1026.9,3.4,13.3,0.0,69
2024-03-24 23:00:00,-3.4,50,1027.7,4.3,15.1,0.0,26
2024-03-25 00:00:00,-3.8,53,1028.9,2.9,15.5,0.0,30
2024-03-25 01:00:00,-3.7,44,1029.6,4.1,15.1,0.0,35
2024-03-25 02:00:00,-3.7,45,1031.4,1.6,15.1,0.0,58
2024-03-25 03:00:00,-3.6,47,1032.3,2.3,15.5,0.0,62
2024-03-25 04:00:00,-3.0,47,1032.6,3.8,19.1,0.0,60
2024-03-25 05:00:00,-2.3,49,1031.9,3.7,19.8,0.0,26
2024-03-25 06:00:00,-1.7,49,1030.6,3.3,19.1,0.0,2
2024-03-25 07:00:00,-1.1,48,1029.1,1.8,17.6,0.0,0
2024-03-25 08:00:00,-0.6,46,1027.8,1.3,12.6,0.0,4
2024-03-25 09:00:00,-0.1,44,1026.8,2.1,13.3,0.0,0
2024-03-25 10:00:00,0.3,44,1026.0,2.1,14.8,0.0,2
2024-03-25 11:00:00,0.7,44,1025.5,1.6,15.1,0.0,10
2024-03-25 12:00:00,0.8,43,1025.3,2.3,13.7,0.0,8
2024-03-25 13:00:00,0.7,37,1025.5,1.5,14.8,0.0,1
2024-03-25 14:00:00,-0.4,38,1025.9,5.1,15.8,0.0,0
2024-03-25 15:00:00,-0.7,38,1027.5,4.1,17.6,0.0,22
2024-03-25 16:00:00,-1.3,39,1028.9,3.6,15.5,0.0,46
2024-03-25 17:00:00,-1.8,37,1029.6,5.1,16.6,0.0,14
2024-03-25 18:00:00,-2.1,36,1029.3,6.4,19.1,0.0,10
2024-03-25 19:00:00,-2.5,35,1029.8,6.6,19.1,0.0,19
2024-03-25 20:00:00,-2.8,34,1029.8,6.1,17.3,0.0,81
2024-03-25 21:00:00,-3.3,35,1029.3,3.9,17.3,0.0,100
2024-03-25 22:00:00,-3.7,34,1029.4,7.2,17.3,0.0,100
2024-03-25 23:00:00,-3.6,33,1029.9,3.7,16.9,0.0,100
2024-03-26 00:00:00,-3.7,30,1030.2,6.1,16.2,0.0,100
2024-03-26 01:00:00,-4.0,27,1029.6,4.6,16.6,0.0,79
2024-03-26 02:00:00,-3.6,25,1030.8,3.3,15.5,0.0,33
2024-03-26 03:00:00,-2.8,24,1030.9,0.4,13.3,0.0,21
2024-03-26 04:00:00,-1.8,32,1031.3,1.3,11.2,0.0,98
2024-03-26 05:00:00,-1.0,37,1030.9,2.6,14.0,0.0,100
2024-03-26 06:00:00,-0.1,38,1030.1,1.9,14.8,0.0,84
2024-03-26 07:00:00,0.5,39,1028.9,2.2,14.0,0.0,100
2024-03-26 08:00:00,1.1,40,1027.6,2.5,14.0,0.0,100
2024-03-26 09:00:00,1.4,42,1026.2,3.2,16.6,0.0,100
2024-03-26 10:00:00,1.6,39,1025.4,2.9,16.9,0.0,100
2024-03-26 11:00:00,1.8,37,1024.9,1.4,15.5,0.0,100
2024-03-26 12:00:00,1.9,36,1025.0,1.0,11.5,0.0,99
2024-03-26 13:00:00,2.3,36,1024.2,2.3,14.8,0.0,69
2024-03-26 14:00:00,1.6,40,1024.7,5.4,15.5,0.0,71
2024-03-26 15:00:00,0.9,36,1025.4,7.3,16.9,0.0,98
2024-03-26 16:00:00,1.1,30,1025.5,5.5,16.9,0.0,100
2024-03-26 17:00:00,0.7,26,1025.2,5.2,16.6,0.0,100
2024-03-26 18:00:00,1.1,24,1025.7,6.0,17.6,0.0,100
2024-03-26 19:00:00,1.5,23,1025.5,2.5,18.0,0.0,100
2024-03-26 20:00:00,1.0,28,1026.3,2.3,15.5,0.0,100
2024-03-26 21:00:00,0.9,33,1026.3,2.9,15.5,0.1,99
2024-03-26 22:00:00,0.6,37,1026.2,2.4,14.8,0.0,93
2024-03-26 23:00:00,0.4,39,1026.2,3.6,15.1,0.0,100
2024-03-27 00:00:00,0.4,42,1026.1,2.8,15.5,0.0,99
2024-03-27 01:00:00,0.4,47,1026.6,4.3,19.1,0.1,99
2024-03-27 02:00:00,0.7,49,1027.3,3.3,18.4,0.0,98
2024-03-27 03:00:00,1.4,52,1028.0,1.5,16.6,0.0,100
2024-03-27 04:00:00,1.8,58,1028.8,3.3,17.6,0.1,100
2024-03-27 05:00:00,2.3,60,1028.9,3.4,18.4,0.0,100
2024-03-27 06:00:00,2.6,61,1028.3,3.8,18.4,0.0,96
2024-03-27 07:00:00,2.9,60,1027.3,3.4,19.1,0.0,100
2024-03-27 08:00:00,3.3,59,1026.4,5.2,19.8,0.0,100
2024-03-27 09:00:00,3.9,54,1024.2,3.4,19.4,0.0,100
2024-03-27 10:00:00,3.9,61,1023.8,4.4,20.2,0.0,100
2024-03-27 11:00:00,3.6,69,1023.2,4.7,20.5,0.0,100
2024-03-27 12:00:00,3.7,59,1023.4,3.6,20.9,0.0,100
2024-03-27 13:00:00,4.4,45,1022.9,3.4,19.1,0.0,100
2024-03-27 14:00:00,3.9,46,1023.7,2.4,18.0,0.0,100
2024-03-27 15:00:00,3.5,47,1024.3,5.0,15.8,0.0,100
2024-03-27 16:00:00,3.1,46,1024.4,5.6,18.0,0.0,100
2024-03-27 17:00:00,3.0,44,1024.7,5.0,17.6,0.0,100
2024-03-27 18:00:00,3.1,42,1024.3,1.9,17.6,0.0,100
2024-03-27 19:00:00,2.7,43,1023.8,3.7,14.0,0.0,100
2024-03-27 20:00:00,2.4,43,1023.0,6.4,17.3,0.0,100
2024-03-27 21:00:00,3.6,41,1021.4,5.2,18.7,0.0,100
2024-03-27 22:00:00,3.5,44,1020.6,4.2,18.0,0.0,100
2024-03-27 23:00:00,2.3,49,1020.2,6.2,19.1,0.0,100
2024-03-28 00:00:00,1.9,52,1020.4,6.6,20.5,0.1,100
2024-03-28 01:00:00,1.6,52,1021.1,6.6,22.0,0.0,100
2024-03-28 02:00:00,1.2,62,1021.6,6.8,20.9,0.0,100
2024-03-28 03:00:00,3.3,62,1021.8,8.1,23.4,0.0,100
2024-03-28 04:00:00,3.8,60,1022.2,7.2,23.0,0.0,100
2024-03-28 05:00:00,4.3,58,1021.8,7.2,23.4,0.0,98
2024-03-28 06:00:00,4.6,58,1021.4,7.9,25.2,0.0,98
2024-03-28 07:00:00,4.8,58,1020.6,8.2,26.3,0.0,99
2024-03-28 08:00:00,4.7,58,1020.2,8.2,26.6,0.0,99
2024-03-28 09:00:00,4.3,60,1020.0,7.6,26.6,0.0,99
2024-03-28 10:00:00,3.8,64,1020.3,6.8,24.1,0.0,100
2024-03-28 11:00:00,3.6,71,1019.5,5.4,22.3,0.0,100
2024-03-28 12:00:00,3.1,76,1019.5,4.5,21.6,0.0,100
2024-03-28 13:00:00,3.8,58,1020.1,1.5,23.4,0.0,100
2024-03-28 14:00:00,3.6,58,1020.4,4.3,16.9,0.0,100
2024-03-28 15:00:00,1.0,67,1020.6,6.6,20.2,0.0,100
2024-03-28 16:00:00,2.6,55,1020.6,5.1,19.8,0.0,100
2024-03-28 17:00:00,3.1,50,1019.9,4.8,18.0,0.1,100
2024-03-28 18:00:00,2.8,50,1019.4,2.6,17.3,0.0,43
2024-03-28 19:00:00,3.6,45,1018.3,4.6,17.6,0.0,78
2024-03-28 20:00:00,3.5,45,1018.0,2.7,18.0,0.1,76
2024-03-28 21:00:00,2.3,48,1017.5,5.8,18.4,0.0,57
2024-03-28 22:00:00,3.2,44,1017.1,5.0,19.1,0.0,85
2024-03-28 23:00:00,2.5,46,1017.4,4.7,18.4,0.0,42
2024-03-29 00:00:00,2.7,46,1018.2,3.8,18.7,0.0,65
2024-03-29 01:00:00,-1.2,65,1019.5,7.9,20.9,0.1,95
2024-03-29 02:00:00,0.6,66,1020.6,7.3,20.9,0.0,79
2024-03-29 03:00:00,1.5,67,1021.5,5.8,20.9,0.0,84
2024-03-29 04:00:00,2.6,55,1022.3,5.9,19.4,0.0,73
2024-03-29 05:00:00,2.8,53,1022.4,5.7,21.6,0.0,73
2024-03-29 06:00:00,3.2,53,1022.2,6.0,20.2,0.0,82
2024-03-29 07:00:00,3.5,53,1021.3,5.9,20.2,0.0,69
2024-03-29 08:00:00,4.0,51,1019.8,5.9,19.8,0.0,100
2024-03-29 09:00:00,4.3,51,1018.8,4.0,20.2,0.0,100
2024-03-29 10:00:00,4.1,58,1018.2,7.3,22.0,0.0,100
2024-03-29 11:00:00,3.8,61,1018.0,8.0,22.3,0.0,100
2024-03-29 12:00:00,2.6,66,1018.3,5.0,22.3,0.0,67
2024-03-29 13:00:00,-0.1,63,1020.0,8.9,20.5,0.0,81
2024-03-29 14:00:00,-0.9,64,1021.1,8.7,20.9,0.0,87
2024-03-29 15:00:00,-2.1,56,1022.3,7.7,20.5,0.0,95
2024-03-29 16:00:00,-1.9,47,1022.9,7.1,20.5,0.0,82
2024-03-29 17:00:00,-3.8,53,1022.6,9.2,19.8,0.0,96
2024-03-29 18:00:00,-2.9,49,1022.2,8.2,21.2,0.0,41
2024-03-29 19:00:00,-2.3,43,1022.3,8.0,20.9,0.0,46
2024-03-29 20:00:00,-0.6,36,1022.2,7.1,20.9,0.0,88
2024-03-29 21:00:00,-2.5,41,1022.1,8.0,21.2,0.0,52
2024-03-29 22:00:00,-0.1,36,1021.6,6.5,20.9,0.0,97
2024-03-29 23:00:00,-3.6,44,1020.8,8.4,22.0,0.0,100
2024-03-30 00:00:00,-4.9,50,1020.1,9.8,24.8,0.0,100
2024-03-30 01:00:00,-5.2,53,1018.8,11.8,24.1,0.0,100
2024-03-30 02:00:00,-1.7,53,1019.5,12.4,26.6,0.0,100
2024-03-30 03:00:00,0.6,60,1020.3,11.8,28.4,0.3,100
2024-03-30 04:00:00,1.1,54,1021.2,11.9,28.8,0.3,100
2024-03-30 05:00:00,0.6,58,1022.2,13.1,27.4,0.2,100
2024-03-30 06:00:00,1.0,58,1021.8,13.2,26.3,0.2,100
2024-03-30 07:00:00,1.6,57,1020.9,10.7,26.3,0.1,100
2024-03-30 08:00:00,1.4,56,1020.7,10.8,25.6,0.0,100
2024-03-30 09:00:00,1.9,56,1019.8,12.0,25.9,0.0,100
2024-03-30 10:00:00,1.9,53,1019.1,10.4,25.6,0.0,54
2024-03-30 11:00:00,1.9,49,1018.6,8.2,26.3,0.0,55
2024-03-30 12:00:00,0.5,60,1018.6,8.4,23.8,0.0,67
2024-03-30 13:00:00,-1.4,61,1019.0,10.0,23.4,0.0,56
2024-03-30 14:00:00,-4.3,58,1018.7,10.7,23.4,0.0,99
2024-03-30 15:00:00,-5.0,51,1018.3,9.3,22.3,0.0,100
2024-03-30 16:00:00,-5.4,48,1018.7,10.3,24.5,0.0,100
2024-03-30 17:00:00,-2.4,39,1019.0,7.1,25.9,0.0,100
2024-03-30 18:00:00,-0.6,33,1019.1,5.9,24.5,0.0,100
2024-03-30 19:00:00,-2.3,45,1018.7,13.4,25.9,0.0,100
2024-03-30 20:00:00,-2.3,51,1018.7,12.1,26.6,0.0,100
2024-03-30 21:00:00,-2.8,53,1018.7,11.5,27.4,0.1,100
2024-03-30 22:00:00,-3.5,54,1018.7,10.2,27.0,0.0,100
2024-03-30 23:00:00,-3.4,53,1018.7,11.6,24.8,0.0,100
2024-03-31 00:00:00,-2.9,53,1019.1,12.3,26.6,0.0,96
2024-03-31 01:00:00,-3.4,58,1019.2,11.2,29.2,0.9,100
2024-03-31 02:00:00,-2.4,60,1019.6,12.2,29.9,0.7,95
2024-03-31 03:00:00,-1.8,60,1021.1,11.2,32.4,0.5,90
2024-03-31 04:00:00,-1.6,60,1022.8,9.5,28.8,0.1,47
2024-03-31 05:00:00,-1.0,60,1022.5,8.0,25.9,0.0,32
2024-03-31 06:00:00,-0.7,58,1022.2,6.5,24.1,0.0,59
2024-03-31 07:00:00,-0.5,57,1022.3,5.6,22.7,0.0,90
2024-03-31 08:00:00,-0.3,56,1022.4,4.3,23.0,0.0,78
2024-03-31 09:00:00,-0.2,55,1022.4,4.7,24.8,0.1,83
2024-03-31 10:00:00,0.1,48,1022.2,5.1,24.8,0.0,78
2024-03-31 11:00:00,0.3,42,1022.0,2.6,23.0,0.0,41
2024-03-31 12:00:00,0.4,38,1021.6,1.8,19.4,0.0,42
2024-03-31 13:00:00,-0.2,45,1022.5,0.8,14.4,0.0,12
2024-03-31 14:00:00,-0.8,47,1022.3,1.5,15.5,0.0,10
2024-03-31 15:00:00,-1.3,43,1022.8,5.2,20.2,0.0,4
2024-03-31 16:00:00,-1.9,36,1023.3,6.3,20.2,0.0,3
2024-03-31 17:00:00,-3.6,32,1023.1,6.8,20.5,0.0,7
2024-03-31 18:00:00,-4.4,30,1022.5,6.9,20.9,0.0,4
2024-03-31 19:00:00,-3.2,27,1022.1,6.5,21.6,0.0,6
2024-03-31 20:00:00,-3.0,27,1021.7,6.2,21.6,0.0,11
2024-03-31 21:00:00,-6.4,37,1021.5,7.6,22.3,0.0,99
2024-03-31 22:00:00,-6.1,36,1020.6,8.0,22.7,0.0,100
2024-03-31 23:00:00,-3.5,30,1020.4,6.5,22.3,0.0,100
2024-04-01 00:00:00,-3.6,29,1020.7,6.5,21.6,0.0,100
2024-04-01 01:00:00,-7.7,42,1021.7,7.6,24.8,0.0,100
2024-04-01 02:00:00,-6.3,51,1022.1,7.8,22.3,0.0,100
2024-04-01 03:00:00,-1.6,46,1021.5,8.0,23.8,0.0,98
2024-04-01 04:00:00,0.1,39,1020.8,9.5,27.0,0.0,21
2024-04-01 05:00:00,1.3,34,1019.6,8.8,27.7,0.0,14
2024-04-01 06:00:00,2.0,32,1018.2,9.5,28.8,0.0,43
2024-04-01 07:00:00,2.7,31,1016.7,10.7,29.9,0.0,48
2024-04-01 08:00:00,3.0,33,1015.4,12.0,30.6,0.0,72
2024-04-01 09:00:00,3.3,35,1014.5,12.6,31.7,0.0,69
2024-04-01 10:00:00,3.3,38,1013.7,12.1,32.0,0.0,57
2024-04-01 11:00:00,3.1,40,1013.5,10.8,31.3,0.0,41
2024-04-01 12:00:00,1.1,51,1013.5,10.0,30.2,0.0,22
2024-04-01 13:00:00,-2.5,42,1014.5,10.9,32.0,0.0,0
2024-04-01 14:00:00,-2.8,31,1015.7,8.3,32.0,0.0,0
2024-04-01 15:00:00,-0.7,21,1016.6,6.6,29.2,0.0,0
2024-04-01 16:00:00,0.0,20,1017.4,5.4,25.6,0.0,0
2024-04-01 17:00:00,-0.9,22,1017.5,5.8,23.4,0.0,0
2024-04-01 18:00:00,-4.8,31,1017.6,8.0,23.8,0.0,0
2024-04-01 19:00:00,-5.4,32,1017.4,8.0,24.1,0.0,0
2024-04-01 20:00:00,-4.6,29,1017.4,7.6,24.1,0.0,0
2024-04-01 21:00:00,-4.2,28,1017.3,7.3,23.8,0.0,6
2024-04-01 22:00:00,-3.7,26,1017.4,7.3,22.7,0.0,24
2024-04-01 23:00:00,-2.8,25,1017.7,6.9,22.3,0.0,0
2024-04-02 00:00:00,-2.8,25,1018.1,6.9,21.2,0.0,0
2024-04-02 01:00:00,-8.6,35,1019.3,8.5,22.3,0.0,26
2024-04-02 02:00:00,-7.0,43,1019.9,8.1,20.9,0.0,43
2024-04-02 03:00:00,-1.8,44,1020.1,8.4,23.4,0.0,0
2024-04-02 04:00:00,0.0,39,1020.2,7.6,25.2,0.0,1
2024-04-02 05:00:00,0.9,34,1019.7,7.3,25.9,0.0,36
2024-04-02 06:00:00,1.6,32,1018.8,7.4,25.6,0.0,74
2024-04-02 07:00:00,2.3,31,1017.6,7.4,25.6,0.0,86
2024-04-02 08:00:00,2.9,31,1016.6,8.1,27.0,0.0,91
2024-04-02 09:00:00,3.2,34,1015.7,10.7,29.2,0.0,88
2024-04-02 10:00:00,3.1,37,1014.8,12.5,29.9,0.0,94
2024-04-02 11:00:00,2.9,39,1014.4,12.4,29.2,0.0,99
2024-04-02 12:00:00,1.5,48,1014.3,11.9,28.4,0.0,94
2024-04-02 13:00:00,-1.8,52,1014.3,13.0,27.4,0.0,97
2024-04-02 14:00:00,-3.3,49,1015.5,11.6,27.4,0.0,100
2024-04-02 15:00:00,-4.2,47,1016.4,9.8,25.9,0.0,98
2024-04-02 16:00:00,-5.0,43,1016.9,9.1,23.0,0.0,87
2024-04-02 17:00:00,-5.1,38,1016.7,9.0,21.6,0.0,94
2024-04-02 18:00:00,-4.0,32,1016.6,8.1,20.9,0.0,54
2024-04-02 19:00:00,-3.2,28,1016.3,7.6,20.9,0.0,63
2024-04-02 20:00:00,-5.6,34,1016.6,8.9,21.6,0.0,81
2024-04-02 21:00:00,-6.2,37,1016.4,9.0,21.6,0.0,85
2024-04-02 22:00:00,-6.7,39,1016.2,9.3,22.0,0.0,82
2024-04-02 23:00:00,-7.2,40,1016.4,9.7,22.0,0.0,98
2024-04-03 00:00:00,-7.1,38,1017.0,9.7,22.0,0.0,100
2024-04-03 01:00:00,-8.0,49,1018.2,11.2,22.0,0.0,99
2024-04-03 02:00:00,-3.7,48,1018.7,10.8,22.3,0.0,79
2024-04-03 03:00:00,-0.1,45,1019.4,9.8,24.5,0.0,45
2024-04-03 04:00:00,0.6,42,1019.9,10.4,26.6,0.0,31
2024-04-03 05:00:00,1.5,40,1019.8,8.9,27.0,0.0,29
2024-04-03 06:00:00,2.0,40,1019.2,8.6,27.7,0.0,49
2024-04-03 07:00:00,2.2,41,1018.6,9.2,27.4,0.0,19
2024-04-03 08:00:00,2.6,39,1017.3,6.6,26.6,0.0,45
2024-04-03 09:00:00,3.0,41,1016.4,9.5,27.0,0.0,35
2024-04-03 10:00:00,2.7,43,1015.9,9.4,28.1,0.0,63
2024-04-03 11:00:00,2.0,48,1016.2,11.0,27.4,0.0,51
2024-04-03 12:00:00,0.5,56,1016.7,9.5,25.9,0.0,91
2024-04-03 13:00:00,-2.0,60,1017.4,10.1,26.6,0.0,35
2024-04-03 14:00:00,-3.1,59,1018.7,11.9,26.6,0.0,64
2024-04-03 15:00:00,-4.1,61,1020.3,9.0,26.3,0.0,76
2024-04-03 16:00:00,-4.7,56,1021.6,7.6,23.8,0.0,34
2024-04-03 17:00:00,-3.6,49,1022.3,6.5,21.2,0.0,19
2024-04-03 18:00:00,-4.0,50,1022.3,6.5,20.5,0.0,9
2024-04-03 19:00:00,-6.6,58,1022.8,9.3,21.6,0.0,8
2024-04-03 20:00:00,-6.5,57,1023.2,10.2,23.0,0.0,1
2024-04-03 21:00:00,-6.6,55,1023.3,8.7,23.0,0.0,21
2024-04-03 22:00:00,-6.6,57,1024.0,8.9,22.0,0.0,24
2024-04-03 23:00:00,-6.1,54,1024.3,7.8,22.3,0.0,37
2024-04-04 00:00:00,-7.0,56,1024.9,8.2,21.6,0.0,50
2024-04-04 01:00:00,-7.6,59,1025.4,9.1,24.1,0.0,65
2024-04-04 02:00:00,-4.7,59,1026.8,8.0,23.4,0.0,60
2024-04-04 03:00:00,-3.0,50,1027.4,7.9,23.4,0.0,58
2024-04-04 04:00:00,-2.1,48,1027.6,5.4,23.8,0.0,53
2024-04-04 05:00:00,-1.1,47,1027.0,4.0,22.3,0.0,57
2024-04-04 06:00:00,-0.2,44,1026.0,3.6,20.9,0.0,50
2024-04-04 07:00:00,0.7,42,1024.9,5.1,23.8,0.0,80
2024-04-04 08:00:00,1.4,41,1023.6,6.2,25.9,0.0,100
2024-04-04 09:00:00,1.9,40,1022.5,6.1,25.9,0.0,100
2024-04-04 10:00:00,2.7,36,1021.5,6.2,26.3,0.0,100
2024-04-04 11:00:00,2.7,32,1020.7,7.1,25.9,0.0,100
2024-04-04 12:00:00,2.4,30,1020.5,7.3,25.6,0.0,100
2024-04-04 13:00:00,0.4,50,1019.9,11.9,26.3,0.0,94
2024-04-04 14:00:00,-1.6,49,1020.2,11.0,26.3,0.0,87
2024-04-04 15:00:00,-2.0,47,1021.2,8.2,24.1,0.0,100
2024-04-04 16:00:00,-1.8,37,1021.4,9.0,23.0,0.0,100
2024-04-04 17:00:00,-1.8,27,1020.9,8.4,23.4,0.0,100
2024-04-04 18:00:00,-1.4,28,1020.5,8.4,23.0,0.0,100
2024-04-04 19:00:00,-1.9,33,1019.7,7.8,23.4,0.0,100
2024-04-04 20:00:00,-1.8,35,1019.3,9.0,24.1,0.0,98
2024-04-04 21:00:00,-2.8,41,1018.9,7.7,24.5,0.0,88
2024-04-04 22:00:00,-3.2,43,1019.1,9.2,24.8,0.0,93
2024-04-04 23:00:00,-3.8,45,1019.7,9.4,24.8,0.0,99
2024-04-05 00:00:00,-3.9,47,1020.5,8.1,24.1,0.0,100
2024-04-05 01:00:00,-2.8,41,1021.0,10.9,25.2,0.0,70
2024-04-05 02:00:00,-2.0,39,1022.1,7.8,25.2,0.0,92
2024-04-05 03:00:00,-1.2,40,1022.7,8.0,24.1,0.0,100
2024-04-05 04:00:00,-0.7,41,1023.0,3.5,24.1,0.0,81
2024-04-05 05:00:00,0.3,46,1021.8,3.9,22.3,0.0,91
2024-04-05 06:00:00,1.1,48,1021.0,2.5,22.0,0.0,84
2024-04-05 07:00:00,1.8,49,1019.4,3.3,22.3,0.0,41
2024-04-05 08:00:00,2.3,50,1018.4,5.2,25.9,0.0,57
2024-04-05 09:00:00,2.8,48,1017.2,6.4,28.1,0.0,88
2024-04-05 10:00:00,2.3,50,1017.2,7.6,29.9,0.0,55
2024-04-05 11:00:00,2.2,47,1016.9,5.7,29.2,0.0,77
2024-04-05 12:00:00,0.8,51,1018.6,5.0,28.1,0.0,82
2024-04-05 13:00:00,0.2,59,1019.2,3.6,23.8,0.0,99
2024-04-05 14:00:00,-1.4,65,1021.3,6.8,29.5,0.0,85
2024-04-05 15:00:00,-1.9,67,1022.8,5.9,28.1,0.1,99
2024-04-05 16:00:00,-2.0,63,1023.8,7.5,22.0,0.0,97
2024-04-05 17:00:00,-2.5,61,1024.0,6.6,22.3,0.0,83
2024-04-05 18:00:00,-3.2,52,1024.0,8.4,22.0,0.0,34
2024-04-05 19:00:00,-3.7,49,1024.0,7.1,22.3,0.0,22
2024-04-05 20:00:00,-4.6,56,1024.1,5.2,20.5,0.0,41
2024-04-05 21:00:00,-4.9,56,1024.0,7.1,17.6,0.0,60
2024-04-05 22:00:00,-5.2,57,1024.1,8.7,18.7,0.0,68
2024-04-05 23:00:00,-5.4,58,1024.5,8.7,18.7,0.0,61
2024-04-06 00:00:00,-4.8,55,1024.9,8.4,20.9,0.0,70
2024-04-06 01:00:00,-4.7,53,1025.6,8.0,22.0,0.0,81
2024-04-06 02:00:00,-3.6,52,1026.9,5.2,20.9,0.0,63
2024-04-06 03:00:00,-3.3,50,1027.4,4.7,21.2,0.0,71
2024-04-06 04:00:00,-2.7,49,1027.8,4.7,23.0,0.0,74
2024-04-06 05:00:00,-2.0,53,1027.3,4.3,22.3,0.0,73
2024-04-06 06:00:00,-1.0,54,1025.9,3.6,22.7,0.0,65
2024-04-06 07:00:00,0.1,55,1024.5,2.0,22.0,0.0,46
2024-04-06 08:00:00,1.0,54,1022.7,1.1,19.1,0.0,33
2024-04-06 09:00:00,1.6,52,1021.3,1.5,17.6,0.0,29
2024-04-06 10:00:00,2.2,47,1020.0,2.0,19.1,0.0,22
2024-04-06 11:00:00,2.3,43,1019.1,2.0,19.4,0.0,3
2024-04-06 12:00:00,2.0,41,1019.1,2.2,19.1,0.0,3
2024-04-06 13:00:00,0.9,58,1018.0,5.8,22.7,0.0,5
2024-04-06 14:00:00,-0.9,56,1018.7,5.4,22.3,0.0,3
2024-04-06 15:00:00,0.7,35,1020.2,3.1,21.6,0.0,6
2024-04-06 16:00:00,0.1,35,1021.1,1.8,16.6,0.0,2
2024-04-06 17:00:00,-2.1,43,1021.5,5.2,16.9,0.0,3
2024-04-06 18:00:00,-3.3,35,1021.6,7.4,20.2,0.0,2
2024-04-06 19:00:00,-3.8,36,1021.7,6.4,19.8,0.0,0
2024-04-06 20:00:00,-4.3,39,1021.8,6.4,19.1,0.0,5
2024-04-06 21:00:00,-4.8,42,1021.9,6.9,20.5,0.0,21
2024-04-06 22:00:00,-4.7,42,1022.1,6.1,20.5,0.0,34
2024-04-06 23:00:00,-5.8,46,1022.6,7.1,19.8,0.0,92
2024-04-07 00:00:00,-5.8,46,1023.1,6.6,20.9,0.0,99
2024-04-07 01:00:00,-5.1,42,1023.3,9.6,21.2,0.0,84
2024-04-07 02:00:00,-2.7,37,1024.9,6.3,20.9,0.0,92
2024-04-07 03:00:00,-2.2,37,1025.5,5.0,22.0,0.0,99
2024-04-07 04:00:00,-1.5,45,1025.7,5.5,24.8,0.0,99
2024-04-07 05:00:00,-0.5,51,1025.1,5.5,25.6,0.0,100
2024-04-07 06:00:00,0.2,53,1024.0,4.7,25.9,0.0,100
2024-04-07 07:00:00,1.1,52,1022.6,4.1,24.8,0.0,84
2024-04-07 08:00:00,1.9,51,1021.2,4.7,26.3,0.0,46
2024-04-07 09:00:00,2.0,50,1020.2,3.3,26.6,0.0,81
2024-04-07 10:00:00,2.0,52,1019.4,1.8,23.0,0.0,70
2024-04-07 11:00:00,1.8,51,1019.6,6.2,27.7,0.0,88
2024-04-07 12:00:00,0.4,57,1021.2,5.2,34.9,0.0,75
2024-04-07 13:00:00,0.3,68,1020.6,2.4,25.2,0.0,43
2024-04-07 14:00:00,-0.1,48,1021.4,2.6,20.2,0.0,9
2024-04-07 15:00:00,-1.3,59,1022.6,3.3,19.4,0.0,3
2024-04-07 16:00:00,-3.1,61,1023.8,10.7,25.2,0.0,23
2024-04-07 17:00:00,-4.1,55,1024.3,10.3,25.9,0.0,21
2024-04-07 18:00:00,-4.4,47,1024.7,9.7,22.7,0.0,21
2024-04-07 19:00:00,-4.7,44,1024.9,9.5,22.3,0.0,26
2024-04-07 20:00:00,-5.7,43,1024.9,7.2,20.9,0.0,35
2024-04-07 21:00:00,-6.5,44,1024.9,7.3,16.6,0.0,59
2024-04-07 22:00:00,-6.5,45,1025.4,8.9,18.0,0.1,79
2024-04-07 23:00:00,-6.8,48,1025.9,8.4,18.0,0.0,39
2024-04-08 00:00:00,-7.1,50,1026.7,8.2,18.4,0.0,31
2024-04-08 01:00:00,-6.9,48,1028.5,7.8,16.9,0.0,45
2024-04-08 02:00:00,-5.4,44,1029.8,5.4,18.4,0.0,20
2024-04-08 03:00:00,-3.4,49,1030.2,2.5,18.7,0.0,0
2024-04-08 04:00:00,-2.0,59,1030.2,4.7,24.1,0.0,0
2024-04-08 05:00:00,-0.9,64,1029.8,4.7,25.6,0.0,0
2024-04-08 06:00:00,0.2,63,1028.7,5.4,28.1,0.0,0
2024-04-08 07:00:00,1.2,55,1027.3,5.9,28.4,0.3,14
2024-04-08 08:00:00,1.9,52,1026.1,5.6,29.5,0.1,5
2024-04-08 09:00:00,2.6,45,1024.9,4.8,28.1,0.2,15
2024-04-08 10:00:00,3.0,41,1023.9,5.1,27.4,0.0,2
2024-04-08 11:00:00,3.0,40,1023.3,5.1,27.0,0.0,0
2024-04-08 12:00:00,2.7,39,1023.2,3.8,25.6,0.0,0
2024-04-08 13:00:00,2.8,34,1022.4,2.3,25.2,0.0,1
2024-04-08 14:00:00,1.4,37,1023.2,0.4,18.4,0.0,0
2024-04-08 15:00:00,-2.2,53,1024.6,9.7,20.2,0.0,0
2024-04-08 16:00:00,-3.3,41,1025.6,12.3,23.0,0.0,0
2024-04-08 17:00:00,-3.8,32,1026.4,10.7,23.0,0.0,0
2024-04-08 18:00:00,-4.2,25,1027.0,9.8,22.0,0.0,0
2024-04-08 19:00:00,-4.8,26,1027.0,9.1,20.9,0.0,0
2024-04-08 20:00:00,-5.3,29,1026.9,8.5,20.2,0.0,0
2024-04-08 21:00:00,-6.1,32,1027.0,7.1,20.2,0.0,0
2024-04-08 22:00:00,-6.5,33,1027.6,6.4,19.4,0.0,0
2024-04-08 23:00:00,-6.8,34,1027.9,6.4,19.8,0.0,0
2024-04-09 00:00:00,-7.0,35,1029.0,6.1,19.8,0.0,0
2024-04-09 01:00:00,-6.3,36,1030.1,7.7,23.0,0.0,0
2024-04-09 02:00:00,-3.9,31,1031.5,4.0,22.3,0.0,0
2024-04-09 03:00:00,-2.7,31,1032.0,3.8,20.9,0.0,0
2024-04-09 04:00:00,-1.4,38,1031.7,5.2,25.2,0.0,0
2024-04-09 05:00:00,-0.3,45,1030.8,4.9,25.2,0.0,0
2024-04-09 06:00:00,0.7,48,1029.6,5.2,26.6,0.0,0
2024-04-09 07:00:00,1.7,49,1028.0,4.0,26.6,0.0,0
2024-04-09 08:00:00,2.6,48,1026.3,2.9,24.5,0.0,0
2024-04-09 09:00:00,3.4,43,1024.6,2.6,21.2,0.0,0
2024-04-09 10:00:00,3.9,36,1023.3,3.7,23.0,0.0,1
2024-04-09 11:00:00,4.0,30,1022.6,2.6,23.0,0.0,5
2024-04-09 12:00:00,4.0,27,1022.3,1.8,20.9,0.0,1
2024-04-09 13:00:00,3.9,26,1021.6,1.1,19.8,0.0,0
2024-04-09 14:00:00,2.5,29,1022.2,1.1,11.2,0.0,0
2024-04-09 15:00:00,-1.1,51,1023.7,10.8,21.2,0.0,0
2024-04-09 16:00:00,-2.2,53,1024.7,11.4,22.0,0.0,0
2024-04-09 17:00:00,-2.7,50,1025.6,9.8,21.2,0.0,0
2024-04-09 18:00:00,-3.0,40,1026.7,9.8,22.0,0.0,0
2024-04-09 19:00:00,-3.4,39,1027.3,8.9,22.3,0.0,0
2024-04-09 20:00:00,-4.3,41,1027.7,6.6,21.6,0.0,0
2024-04-09 21:00:00,-4.7,42,1027.7,6.6,20.5,0.0,34
2024-04-09 22:00:00,-3.7,39,1028.2,4.8,20.2,0.0,18
2024-04-09 23:00:00,-5.3,43,1028.7,5.7,19.1,0.0,1
2024-04-10 00:00:00,-5.6,44,1029.5,5.6,19.8,0.0,0
2024-04-10 01:00:00,-5.6,37,1030.5,7.7,22.3,0.0,0
2024-04-10 02:00:00,-3.4,29,1031.6,4.0,22.3,0.0,1
2024-04-10 03:00:00,-2.5,25,1031.7,4.7,21.6,0.0,1
2024-04-10 04:00:00,-1.2,33,1030.9,5.6,24.8,0.0,0
2024-04-10 05:00:00,-0.2,43,1029.9,4.5,25.2,0.0,6
2024-04-10 06:00:00,0.8,44,1028.9,3.7,23.8,0.0,38
2024-04-10 07:00:00,1.8,42,1027.3,2.8,22.0,0.0,21
2024-04-10 08:00:00,2.9,40,1025.8,3.2,21.6,0.0,10
2024-04-10 09:00:00,3.8,37,1024.4,3.5,22.7,0.0,27
2024-04-10 10:00:00,4.0,35,1023.4,2.2,22.7,0.0,37
2024-04-10 11:00:00,4.2,32,1022.3,2.9,19.1,0.0,5
2024-04-10 12:00:00,3.9,31,1021.8,3.3,19.4,0.0,0
2024-04-10 13:00:00,4.0,26,1021.1,2.1,18.4,0.0,100
2024-04-10 14:00:00,3.1,28,1021.4,3.8,16.2,0.0,100
2024-04-10 15:00:00,-0.5,53,1022.5,5.8,16.9,0.0,100
2024-04-10 16:00:00,-1.0,51,1023.6,8.2,18.7,0.0,100
2024-04-10 17:00:00,-1.2,44,1024.0,9.7,20.9,0.0,100
2024-04-10 18:00:00,-1.5,43,1023.9,8.4,21.2,0.0,100
2024-04-10 19:00:00,-1.4,28,1023.7,5.7,19.8,0.0,1
2024-04-10 20:00:00,-2.6,23,1023.7,8.9,19.8,0.0,13
2024-04-10 21:00:00,-2.7,23,1023.3,10.2,22.3,0.0,78
2024-04-10 22:00:00,-3.4,25,1023.6,8.1,22.3,0.0,100
2024-04-10 23:00:00,-2.8,25,1023.7,7.2,22.3,0.0,100
2024-04-11 00:00:00,-1.8,25,1024.7,6.6,21.6,0.0,100
2024-04-11 01:00:00,-0.8,30,1024.0,8.7,23.0,0.0,100
2024-04-11 02:00:00,0.8,29,1025.0,6.0,23.0,0.0,100
2024-04-11 03:00:00,1.3,32,1024.9,1.8,21.2,0.0,100
2024-04-11 04:00:00,1.7,37,1025.1,1.8,16.9,0.0,100
2024-04-11 05:00:00,2.2,42,1024.9,2.3,18.0,0.0,96
2024-04-11 06:00:00,2.6,45,1024.4,2.3,20.2,0.0,45
2024-04-11 07:00:00,3.4,47,1023.6,3.3,23.8,0.0,51
2024-04-11 08:00:00,3.9,49,1022.7,3.1,23.8,0.0,33
2024-04-11 09:00:00,4.3,48,1021.3,4.8,25.9,0.0,64
2024-04-11 10:00:00,4.1,49,1021.1,6.6,31.3,0.0,55
2024-04-11 11:00:00,4.0,48,1021.1,5.0,31.7,0.0,34
2024-04-11 12:00:00,3.6,47,1021.8,5.6,29.2,0.0,34
2024-04-11 13:00:00,3.6,40,1021.9,1.3,22.3,0.0,3
2024-04-11 14:00:00,2.0,51,1023.1,3.7,19.1,0.0,17
2024-04-11 15:00:00,0.6,59,1024.9,4.6,20.2,0.0,13
2024-04-11 16:00:00,-0.7,61,1026.0,8.9,22.7,0.0,5
2024-04-11 17:00:00,-1.2,59,1026.0,9.9,24.1,0.0,0
2024-04-11 18:00:00,-1.7,63,1026.5,6.9,23.4,0.0,11
2024-04-11 19:00:00,-1.8,60,1026.7,5.9,21.2,0.0,24
2024-04-11 20:00:00,-1.6,52,1026.3,5.0,19.1,0.0,22
2024-04-11 21:00:00,-2.3,51,1026.3,7.9,19.1,0.0,29
2024-04-11 22:00:00,-2.7,52,1026.6,8.1,20.2,0.0,37
2024-04-11 23:00:00,-3.7,55,1026.9,7.1,19.8,0.0,38
2024-04-12 00:00:00,-4.2,56,1028.0,7.7,20.5,0.0,27
2024-04-12 01:00:00,-3.9,56,1029.4,10.0,22.0,0.0,51
2024-04-12 02:00:00,-2.0,48,1030.8,6.6,21.6,0.0,70
2024-04-12 03:00:00,-0.4,43,1030.8,5.4,22.7,0.0,70
2024-04-12 04:00:00,0.4,49,1030.5,6.4,27.4,0.0,49
2024-04-12 05:00:00,1.5,53,1029.4,6.0,27.0,0.0,90
2024-04-12 06:00:00,2.7,53,1027.9,5.8,27.7,0.0,85
2024-04-12 07:00:00,3.6,51,1026.3,5.4,28.1,0.0,83
2024-04-12 08:00:00,4.5,50,1025.2,4.6,27.4,0.0,19
2024-04-12 09:00:00,5.0,47,1024.4,3.8,25.2,0.0,36
2024-04-12 10:00:00,5.1,45,1023.5,3.0,23.8,0.0,67
2024-04-12 11:00:00,5.1,43,1023.1,3.1,21.2,0.0,68
2024-04-12 12:00:00,4.9,40,1022.8,3.1,20.2,0.0,24
2024-04-12 13:00:00,4.0,64,1022.2,2.5,17.6,0.0,34
2024-04-12 14:00:00,2.0,60,1023.1,5.4,16.9,0.0,64
2024-04-12 15:00:00,1.3,55,1024.2,9.4,22.7,0.0,13
2024-04-12 16:00:00,0.2,58,1025.2,6.7,23.4,0.0,0
2024-04-12 17:00:00,0.9,46,1025.2,5.1,20.5,0.0,2
2024-04-12 18:00:00,-0.1,48,1024.9,5.8,18.0,0.0,97
2024-04-12 19:00:00,-1.0,53,1024.9,8.2,20.2,0.0,100
2024-04-12 20:00:00,-1.0,53,1024.7,7.1,20.9,0.0,98
2024-04-12 21:00:00,-1.0,49,1025.2,6.6,19.8,0.0,98
2024-04-12 22:00:00,-1.6,41,1026.1,7.1,20.9,0.0,88
2024-04-12 23:00:00,-2.2,39,1027.0,7.6,20.5,0.0,57
2024-04-13 00:00:00,-1.8,35,1028.0,5.9,20.9,0.0,92
2024-04-13 01:00:00,-1.4,35,1028.2,5.2,19.8,0.0,99
2024-04-13 02:00:00,0.3,28,1029.1,5.1,18.0,0.0,100
2024-04-13 03:00:00,1.4,31,1028.8,2.2,18.0,0.0,100
2024-04-13 04:00:00,2.5,36,1028.1,2.8,18.4,0.0,100
2024-04-13 05:00:00,3.5,39,1026.9,4.0,22.0,0.0,100
2024-04-13 06:00:00,4.5,41,1025.4,4.0,23.4,0.0,100
2024-04-13 07:00:00,5.6,38,1023.7,3.3,23.0,0.0,95
2024-04-13 08:00:00,6.7,34,1022.0,4.3,23.0,0.0,53
2024-04-13 09:00:00,7.3,31,1020.2,3.7,23.4,0.0,93
2024-04-13 10:00:00,7.6,27,1018.5,3.4,22.7,0.0,98
2024-04-13 11:00:00,7.6,25,1017.1,2.6,22.0,0.0,13
2024-04-13 12:00:00,7.4,25,1016.6,2.6,19.4,0.0,27
2024-04-13 13:00:00,6.2,43,1015.7,9.4,22.3,0.0,94
2024-04-13 14:00:00,4.2,53,1016.1,10.5,25.6,0.0,100
2024-04-13 15:00:00,3.8,55,1017.1,8.9,24.1,0.0,100
2024-04-13 16:00:00,3.1,55,1017.5,7.2,23.4,0.0,92
2024-04-13 17:00:00,6.4,24,1017.8,4.2,22.7,0.0,100
2024-04-13 18:00:00,3.4,43,1017.4,6.7,21.6,0.0,100
2024-04-13 19:00:00,1.9,47,1017.3,9.5,23.4,0.0,100
2024-04-13 20:00:00,3.2,50,1017.3,8.4,24.1,0.0,100
2024-04-13 21:00:00,3.6,47,1017.6,10.2,24.1,0.0,100
2024-04-13 22:00:00,3.1,52,1019.0,10.1,25.6,0.0,100
2024-04-13 23:00:00,2.4,57,1020.3,9.2,24.8,0.0,96
2024-04-14 00:00:00,1.6,56,1020.7,9.9,23.8,0.0,100
2024-04-14 01:00:00,1.2,53,1021.3,12.1,23.8,0.0,87
2024-04-14 02:00:00,3.6,48,1022.1,11.2,23.4,0.0,88
2024-04-14 03:00:00,5.5,36,1021.7,6.0,25.9,0.0,99
2024-04-14 04:00:00,6.5,36,1021.3,7.1,25.2,0.0,52
2024-04-14 05:00:00,7.8,36,1020.1,7.0,28.8,0.0,82
2024-04-14 06:00:00,8.9,37,1018.5,7.7,29.2,0.0,100
2024-04-14 07:00:00,9.4,37,1017.0,6.7,29.5,0.0,100
2024-04-14 08:00:00,9.8,36,1015.9,6.8,28.8,0.0,100
2024-04-14 09:00:00,9.3,35,1015.7,4.7,28.8,0.0,100
2024-04-14 10:00:00,8.5,37,1016.2,9.4,32.0,0.0,100
2024-04-14 11:00:00,7.4,40,1016.7,6.6,34.6,0.0,100
2024-04-14 12:00:00,6.7,43,1017.5,2.6,26.3,0.0,100
2024-04-14 13:00:00,6.9,64,1016.8,2.1,24.1,0.0,98
2024-04-14 14:00:00,6.6,43,1017.9,2.5,14.4,0.0,65
2024-04-14 15:00:00,5.8,44,1020.2,2.4,14.4,0.0,78
2024-04-14 16:00:00,3.9,62,1020.6,7.1,19.8,0.0,98
2024-04-14 17:00:00,5.1,46,1020.8,3.1,20.5,0.1,44
2024-04-14 18:00:00,4.8,42,1020.6,3.6,15.8,0.1,99
2024-04-14 19:00:00,3.0,63,1020.3,7.1,22.7,0.5,92
2024-04-14 20:00:00,3.8,57,1020.0,5.0,23.0,0.0,61
2024-04-14 21:00:00,4.8,45,1020.5,4.3,19.8,0.0,33
2024-04-14 22:00:00,1.8,61,1021.4,8.5,22.0,0.0,74
2024-04-14 23:00:00,1.8,57,1021.3,6.2,22.7,0.0,97
2024-04-15 00:00:00,3.4,47,1021.9,4.2,20.2,0.0,99
2024-04-15 01:00:00,3.9,48,1022.1,3.4,22.0,0.0,60
2024-04-15 02:00:00,4.3,47,1022.9,6.0,19.1,0.0,75
2024-04-15 03:00:00,4.9,46,1022.7,3.1,22.7,0.0,100
2024-04-15 04:00:00,5.8,49,1021.9,5.0,25.6,0.0,100
2024-04-15 05:00:00,4.8,54,1022.7,1.1,25.9,0.2,100
2024-04-15 06:00:00,5.0,57,1022.7,7.6,24.1,0.4,89
2024-04-15 07:00:00,6.2,54,1020.6,4.5,24.8,0.2,84
2024-04-15 08:00:00,6.8,54,1019.1,4.5,23.0,0.2,97
2024-04-15 09:00:00,6.9,54,1017.4,4.3,24.5,0.1,100
2024-04-15 10:00:00,7.2,51,1015.9,3.4,22.7,0.1,100
2024-04-15 11:00:00,6.8,48,1015.5,3.6,20.2,0.0,100
2024-04-15 12:00:00,6.3,49,1015.8,4.1,18.7,0.1,100
2024-04-15 13:00:00,6.0,53,1015.8,8.3,22.3,0.0,100
2024-04-15 14:00:00,5.2,55,1017.5,6.6,22.7,0.1,100
2024-04-15 15:00:00,4.4,62,1019.0,8.1,20.5,0.8,100
2024-04-15 16:00:00,4.2,64,1019.4,9.0,21.2,0.1,100
2024-04-15 17:00:00,4.3,61,1018.6,8.7,22.7,0.1,100
2024-04-15 18:00:00,4.0,61,1017.8,9.4,23.4,0.4,80
2024-04-15 19:00:00,2.7,67,1018.1,9.8,24.8,0.3,100
2024-04-15 20:00:00,2.8,66,1017.8,10.0,25.2,0.5,98
2024-04-15 21:00:00,2.1,70,1017.5,6.9,23.4,0.4,86
2024-04-15 22:00:00,2.0,65,1018.2,9.8,23.4,0.1,99
2024-04-15 23:00:00,2.2,64,1017.7,10.2,23.0,0.1,75
2024-04-16 00:00:00,1.5,68,1018.3,8.1,23.0,0.0,72
2024-04-16 01:00:00,-0.3,68,1019.5,10.8,23.8,0.1,66
2024-04-16 02:00:00,1.3,69,1020.4,9.7,24.5,0.0,60
2024-04-16 03:00:00,2.0,50,1021.0,3.4,25.6,0.0,52
2024-04-16 04:00:00,2.7,50,1021.1,2.8,19.1,0.0,52
2024-04-16 05:00:00,3.2,50,1020.9,1.6,18.7,0.0,50
2024-04-16 06:00:00,4.3,51,1020.6,3.8,24.1,0.0,76
2024-04-16 07:00:00,5.3,50,1019.6,4.6,27.0,0.0,79
2024-04-16 08:00:00,5.8,48,1018.4,3.6,27.0,0.1,48
2024-04-16 09:00:00,5.7,51,1018.0,3.1,26.3,0.4,60
2024-04-16 10:00:00,5.3,52,1018.4,4.0,24.1,0.5,59
2024-04-16 11:00:00,5.2,51,1018.1,5.5,26.3,0.0,58
2024-04-16 12:00:00,5.2,46,1018.1,3.8,25.6,0.0,34
2024-04-16 13:00:00,3.4,52,1020.7,4.1,21.6,0.0,50
2024-04-16 14:00:00,2.3,57,1021.2,3.3,21.2,0.0,14
2024-04-16 15:00:00,2.9,44,1021.8,1.1,18.4,0.0,6
2024-04-16 16:00:00,2.5,45,1022.4,0.7,13.7,0.0,10
2024-04-16 17:00:00,0.9,54,1022.7,4.8,17.3,0.0,9
2024-04-16 18:00:00,0.2,54,1022.5,4.7,18.4,0.0,6
2024-04-16 19:00:00,-0.0,49,1022.0,4.3,17.3,0.0,47
2024-04-16 20:00:00,-0.6,49,1022.3,5.1,16.6,0.0,7
2024-04-16 21:00:00,-1.8,54,1022.8,7.7,18.4,0.0,24
2024-04-16 22:00:00,-1.4,47,1023.0,5.9,18.7,0.0,4
2024-04-16 23:00:00,0.9,34,1023.1,2.9,18.0,0.0,99
2024-04-17 00:00:00,0.4,35,1022.8,2.6,16.2,0.0,100
2024-04-17 01:00:00,-0.2,33,1022.4,3.7,16.9,0.0,100
2024-04-17 02:00:00,1.9,31,1022.7,4.1,20.9,0.0,99
2024-04-17 03:00:00,2.7,38,1022.7,2.9,20.9,0.0,99
2024-04-17 04:00:00,3.8,38,1022.6,2.5,20.2,0.0,89
2024-04-17 05:00:00,5.2,34,1021.8,0.5,18.4,0.0,79
2024-04-17 06:00:00,6.0,35,1020.7,1.4,17.3,0.0,91
2024-04-17 07:00:00,7.0,35,1019.5,1.3,17.6,0.0,88
2024-04-17 08:00:00,7.9,32,1017.8,1.8,19.4,0.0,22
2024-04-17 09:00:00,8.5,31,1015.9,1.0,19.4,0.0,14
2024-04-17 10:00:00,9.0,29,1014.6,1.8,18.4,0.0,37
2024-04-17 11:00:00,9.0,27,1014.1,3.9,22.3,0.0,97
2024-04-17 12:00:00,8.6,27,1013.9,4.3,23.8,0.0,57
2024-04-17 13:00:00,7.4,51,1014.1,6.0,22.3,0.0,99
2024-04-17 14:00:00,5.1,54,1014.0,8.1,22.7,0.0,100
2024-04-17 15:00:00,7.7,29,1014.6,1.1,21.2,0.0,100
2024-04-17 16:00:00,7.3,30,1015.3,1.8,16.9,0.0,100
2024-04-17 17:00:00,7.3,30,1014.7,1.3,13.7,0.0,100
2024-04-17 18:00:00,4.5,45,1014.0,6.4,22.7,0.0,100
2024-04-17 19:00:00,5.2,40,1014.3,5.9,25.6,0.0,100
2024-04-17 20:00:00,6.1,33,1014.1,4.8,26.3,0.0,100
2024-04-17 21:00:00,5.6,35,1014.5,4.8,26.3,0.0,100
2024-04-17 22:00:00,6.1,27,1014.7,3.9,24.8,0.0,76
2024-04-17 23:00:00,3.3,47,1014.9,6.0,21.2,0.0,100
2024-04-18 00:00:00,2.5,49,1015.4,9.5,24.1,0.0,100
2024-04-18 01:00:00,3.2,48,1015.8,9.9,23.4,0.0,100
2024-04-18 02:00:00,4.7,47,1016.9,6.6,24.5,0.0,100
2024-04-18 03:00:00,4.7,36,1017.5,6.2,23.8,0.0,100
2024-04-18 04:00:00,5.4,38,1017.1,5.5,24.1,0.0,95
2024-04-18 05:00:00,6.5,40,1015.9,3.7,24.5,0.0,97
2024-04-18 06:00:00,7.3,42,1014.8,4.6,24.5,0.0,100
2024-04-18 07:00:00,7.0,44,1014.6,0.8,24.5,0.0,100
2024-04-18 08:00:00,6.4,47,1014.3,3.8,22.0,0.2,100
2024-04-18 09:00:00,6.8,47,1013.3,4.4,24.1,0.1,99
2024-04-18 10:00:00,7.0,45,1012.2,1.1,24.1,0.0,65
2024-04-18 11:00:00,7.3,46,1011.8,1.3,16.6,0.0,100
2024-04-18 12:00:00,5.7,51,1013.5,3.0,17.6,0.0,97
2024-04-18 13:00:00,4.9,58,1014.2,5.5,19.8,0.0,73
2024-04-18 14:00:00,3.8,72,1015.5,3.6,19.8,0.0,99
2024-04-18 15:00:00,4.0,61,1016.2,6.6,21.6,0.0,93
2024-04-18 16:00:00,3.6,62,1017.3,5.7,21.2,0.0,90
2024-04-18 17:00:00,3.1,66,1017.4,5.5,21.2,0.0,95
2024-04-18 18:00:00,2.5,71,1018.1,4.3,19.4,0.0,82
2024-04-18 19:00:00,2.4,71,1018.3,4.2,19.4,0.0,57
2024-04-18 20:00:00,2.0,69,1018.6,4.1,17.6,0.0,60
2024-04-18 21:00:00,1.6,67,1018.7,7.0,19.4,0.0,75
2024-04-18 22:00:00,1.5,68,1018.9,7.4,20.9,0.0,84
2024-04-18 23:00:00,0.8,62,1019.5,7.2,21.6,0.0,75
2024-04-19 00:00:00,0.4,59,1020.7,6.5,23.0,0.0,80
2024-04-19 01:00:00,1.1,56,1021.2,6.1,22.0,0.0,56
2024-04-19 02:00:00,1.1,41,1021.5,6.2,24.1,0.0,47
2024-04-19 03:00:00,1.9,41,1021.6,6.2,25.2,0.0,77
2024-04-19 04:00:00,2.9,43,1021.0,4.6,25.2,0.0,98
2024-04-19 05:00:00,4.1,41,1019.7,3.3,24.1,0.0,51
2024-04-19 06:00:00,5.6,37,1017.7,2.9,22.7,0.0,17
2024-04-19 07:00:00,6.8,35,1015.9,2.6,23.0,0.0,61
2024-04-19 08:00:00,7.8,35,1013.7,2.6,23.0,0.0,83
2024-04-19 09:00:00,8.4,34,1012.0,3.7,24.8,0.0,47
2024-04-19 10:00:00,9.0,32,1010.1,4.5,25.2,0.0,100
2024-04-19 11:00:00,9.0,30,1009.5,3.2,25.6,0.0,100
2024-04-19 12:00:00,8.5,30,1009.5,4.6,21.2,0.0,100
2024-04-19 13:00:00,7.6,44,1009.0,9.0,28.8,0.0,100
2024-04-19 14:00:00,7.0,56,1008.9,8.3,27.0,0.0,100
2024-04-19 15:00:00,6.4,64,1010.1,7.7,24.1,0.0,100
2024-04-19 16:00:00,6.0,58,1010.0,8.1,25.9,0.0,97
2024-04-19 17:00:00,4.8,61,1009.8,9.4,28.1,0.0,96
2024-04-19 18:00:00,4.6,58,1012.0,8.9,35.3,0.0,100
2024-04-19 19:00:00,3.2,64,1015.0,9.8,39.2,0.0,98
2024-04-19 20:00:00,2.4,71,1014.7,4.5,29.5,0.0,85
2024-04-19 21:00:00,2.2,55,1015.3,0.8,18.4,0.0,77
2024-04-19 22:00:00,0.9,66,1016.3,6.5,18.7,0.0,78
2024-04-19 23:00:00,0.7,64,1016.7,7.2,21.2,0.0,48
2024-04-20 00:00:00,0.4,67,1017.1,4.2,20.9,0.0,51
2024-04-20 01:00:00,1.0,69,1018.3,2.3,20.9,0.0,98
2024-04-20 02:00:00,0.7,52,1019.7,3.1,16.2,0.0,78
2024-04-20 03:00:00,1.0,53,1020.1,4.8,20.5,0.0,40
2024-04-20 04:00:00,1.8,51,1020.0,5.7,24.1,0.0,52
2024-04-20 05:00:00,3.4,51,1019.4,5.4,27.4,0.0,74
2024-04-20 06:00:00,4.5,48,1018.0,4.4,26.6,0.0,85
2024-04-20 07:00:00,5.6,44,1016.0,3.3,25.2,0.0,89
2024-04-20 08:00:00,6.5,41,1014.6,2.5,23.8,0.0,89
2024-04-20 09:00:00,6.9,39,1013.3,2.3,21.2,0.0,81
2024-04-20 10:00:00,6.6,39,1013.0,3.6,22.7,0.0,66
2024-04-20 11:00:00,6.3,39,1013.0,3.9,24.1,0.0,59
2024-04-20 12:00:00,6.2,39,1012.7,2.9,23.0,0.0,35
2024-04-20 13:00:00,5.8,55,1012.9,3.9,27.4,0.0,83
2024-04-20 14:00:00,3.8,65,1014.5,5.4,22.3,0.0,83
2024-04-20 15:00:00,2.6,60,1016.5,8.0,28.1,0.0,52
2024-04-20 16:00:00,2.1,62,1016.9,7.3,27.4,0.0,54
2024-04-20 17:00:00,2.2,49,1017.9,3.6,22.7,0.0,47
2024-04-20 18:00:00,0.4,61,1018.2,8.7,22.3,0.0,52
2024-04-20 19:00:00,-0.1,63,1017.2,7.1,22.7,0.0,28
2024-04-20 20:00:00,1.7,45,1016.9,3.0,20.9,0.0,16
2024-04-20 21:00:00,-1.0,61,1016.7,7.3,17.3,0.0,40
2024-04-20 22:00:00,-0.7,59,1017.2,6.1,19.4,0.0,72
2024-04-20 23:00:00,1.4,41,1017.8,2.1,18.7,0.0,54
2024-04-21 00:00:00,0.9,43,1019.0,3.3,17.6,0.0,59
2024-04-21 01:00:00,0.6,59,1020.0,4.8,21.2,0.0,98
2024-04-21 02:00:00,0.9,57,1020.9,5.6,25.6,0.0,67
2024-04-21 03:00:00,1.2,58,1021.4,6.3,27.0,0.0,82
2024-04-21 04:00:00,2.5,51,1021.0,4.9,26.6,0.0,84
2024-04-21 05:00:00,4.1,49,1019.9,4.2,25.2,0.0,61
2024-04-21 06:00:00,5.3,47,1018.6,3.6,24.5,0.0,37
2024-04-21 07:00:00,6.1,43,1017.4,2.6,23.8,0.0,47
2024-04-21 08:00:00,6.8,41,1016.2,2.4,20.5,0.0,76
2024-04-21 09:00:00,7.0,39,1015.3,3.0,21.2,0.0,54
2024-04-21 10:00:00,7.2,40,1014.3,6.6,26.6,0.0,56
2024-04-21 11:00:00,6.7,39,1014.3,5.8,27.0,0.0,62
2024-04-21 12:00:00,6.7,36,1014.0,1.8,24.5,0.0,65
2024-04-21 13:00:00,6.9,58,1012.7,3.8,22.0,0.0,94
2024-04-21 14:00:00,6.9,33,1013.2,1.6,20.2,0.0,97
2024-04-21 15:00:00,4.3,56,1013.7,4.7,20.2,0.0,100
2024-04-21 16:00:00,4.4,44,1014.5,3.1,20.2,0.0,44
2024-04-21 17:00:00,1.7,63,1015.7,7.7,18.0,0.0,49
2024-04-21 18:00:00,0.6,64,1016.3,7.9,21.6,0.0,97
2024-04-21 19:00:00,1.8,50,1017.4,4.1,19.8,0.0,99
2024-04-21 20:00:00,2.0,47,1018.1,2.8,15.8,0.0,99
2024-04-21 21:00:00,0.6,60,1018.2,4.0,15.8,0.0,97
2024-04-21 22:00:00,-0.1,64,1018.9,6.3,19.8,0.0,91
2024-04-21 23:00:00,0.0,62,1019.8,4.5,21.6,0.0,98
2024-04-22 00:00:00,0.8,52,1020.5,1.3,18.0,0.1,92
2024-04-22 01:00:00,0.7,72,1021.3,2.2,19.1,0.0,98
2024-04-22 02:00:00,1.0,58,1022.0,4.1,20.2,0.0,100
2024-04-22 03:00:00,1.5,61,1022.3,3.9,20.5,0.0,85
2024-04-22 04:00:00,2.8,58,1021.8,5.6,26.3,0.0,54
2024-04-22 05:00:00,3.9,53,1020.9,4.0,26.3,0.0,54
2024-04-22 06:00:00,5.1,46,1019.5,3.4,23.8,0.0,50
2024-04-22 07:00:00,6.2,39,1018.2,4.1,25.2,0.0,78
2024-04-22 08:00:00,7.0,32,1016.7,3.1,25.6,0.0,48
2024-04-22 09:00:00,7.1,28,1015.8,2.0,23.0,0.0,52
2024-04-22 10:00:00,7.1,27,1015.0,1.5,19.1,0.0,57
2024-04-22 11:00:00,7.0,29,1014.7,2.2,18.4,0.0,35
2024-04-22 12:00:00,6.5,31,1014.8,2.3,18.4,0.0,50
2024-04-22 13:00:00,6.0,57,1014.2,1.3,25.6,0.0,27
2024-04-22 14:00:00,4.2,53,1014.4,6.6,20.9,0.0,11
2024-04-22 15:00:00,3.4,54,1015.2,4.9,21.6,0.0,12
2024-04-22 16:00:00,2.1,58,1016.2,5.0,19.1,0.0,11
2024-04-22 17:00:00,0.9,61,1017.3,6.0,19.1,0.0,15
2024-04-22 18:00:00,0.4,57,1017.4,8.2,21.6,0.0,24
2024-04-22 19:00:00,0.3,52,1017.3,9.7,22.7,0.0,10
2024-04-22 20:00:00,-0.4,54,1017.7,6.6,23.0,0.0,7
2024-04-22 21:00:00,2.2,34,1018.0,3.7,20.5,0.0,2
2024-04-22 22:00:00,1.2,37,1018.4,4.3,17.6,0.0,16
2024-04-22 23:00:00,-0.7,46,1018.5,5.4,19.4,0.0,47
2024-04-23 00:00:00,-0.1,40,1019.3,4.2,19.1,0.0,62
2024-04-23 01:00:00,-0.7,58,1020.8,4.5,19.8,0.0,38
2024-04-23 02:00:00,0.2,44,1022.1,3.7,19.1,0.0,43
2024-04-23 03:00:00,1.0,43,1022.4,5.8,24.5,0.0,39
2024-04-23 04:00:00,2.4,43,1021.9,5.2,24.8,0.0,2
2024-04-23 05:00:00,3.8,45,1020.4,5.6,27.7,0.0,9
2024-04-23 06:00:00,5.0,45,1019.2,4.5,27.7,0.0,10
2024-04-23 07:00:00,6.1,44,1017.7,3.5,25.9,0.0,3
2024-04-23 08:00:00,7.0,41,1016.2,4.5,27.0,0.0,25
2024-04-23 09:00:00,7.2,39,1015.2,4.5,27.0,0.0,64
2024-04-23 10:00:00,7.6,36,1013.8,4.3,26.6,0.0,49
2024-04-23 11:00:00,7.6,34,1013.2,4.4,26.3,0.0,42
2024-04-23 12:00:00,7.1,34,1013.4,3.0,24.8,0.0,29
2024-04-23 13:00:00,7.0,37,1012.6,3.9,30.2,0.0,2
2024-04-23 14:00:00,6.3,34,1013.4,3.0,22.7,0.0,5
2024-04-23 15:00:00,5.6,34,1014.8,1.8,19.4,0.0,17
2024-04-23 16:00:00,4.7,36,1015.9,0.5,14.8,0.0,33
2024-04-23 17:00:00,1.5,59,1016.6,5.8,18.0,0.0,11
2024-04-23 18:00:00,0.5,64,1017.0,6.2,19.1,0.0,12
2024-04-23 19:00:00,0.3,60,1017.3,6.1,19.8,0.0,25
2024-04-23 20:00:00,-0.1,60,1017.2,6.6,20.2,0.0,77
2024-04-23 21:00:00,2.2,41,1017.1,3.6,19.4,0.0,37
2024-04-23 22:00:00,1.6,43,1017.4,0.8,15.8,0.0,3
2024-04-23 23:00:00,-0.1,51,1017.9,4.6,17.3,0.0,3
2024-04-24 00:00:00,0.1,47,1018.8,4.2,18.4,0.0,11
2024-04-24 01:00:00,0.5,56,1020.1,4.0,16.9,0.0,21
2024-04-24 02:00:00,1.1,48,1020.5,6.0,25.6,0.0,21
2024-04-24 03:00:00,2.0,46,1020.3,5.7,26.3,0.0,84
2024-04-24 04:00:00,3.2,46,1019.7,4.6,27.0,0.0,84
2024-04-24 05:00:00,4.5,46,1018.6,4.2,25.2,0.0,59
2024-04-24 06:00:00,5.5,43,1017.6,4.3,25.6,0.0,56
2024-04-24 07:00:00,6.1,42,1016.8,2.7,25.6,0.0,74
2024-04-24 08:00:00,6.9,40,1015.4,2.2,22.3,0.0,82
2024-04-24 09:00:00,7.6,38,1014.2,3.3,23.0,0.0,44
2024-04-24 10:00:00,7.7,36,1013.5,4.2,25.2,0.0,25
2024-04-24 11:00:00,7.2,37,1013.6,6.0,29.2,0.0,40
2024-04-24 12:00:00,6.6,40,1013.8,5.8,30.6,0.0,58
2024-04-24 13:00:00,6.9,33,1013.9,5.2,31.3,0.0,14
2024-04-24 14:00:00,5.2,62,1015.3,4.0,26.6,0.0,0
2024-04-24 15:00:00,4.1,64,1016.7,4.6,21.6,0.0,1
2024-04-24 16:00:00,4.8,44,1018.2,3.3,22.0,0.0,0
2024-04-24 17:00:00,3.8,47,1018.9,1.9,20.2,0.0,1
2024-04-24 18:00:00,1.4,57,1019.8,4.8,21.2,0.0,0
2024-04-24 19:00:00,-0.5,63,1019.6,6.9,22.3,0.0,0
2024-04-24 20:00:00,1.0,48,1019.9,4.4,22.0,0.0,6
2024-04-24 21:00:00,-1.3,59,1020.0,5.9,16.6,0.0,9
2024-04-24 22:00:00,-1.8,55,1020.6,8.4,20.9,0.0,11
2024-04-24 23:00:00,-2.0,52,1021.4,9.2,22.7,0.0,7
2024-04-25 00:00:00,-2.7,56,1022.1,5.6,22.3,0.0,2
2024-04-25 01:00:00,-0.7,46,1024.5,7.4,24.1,0.0,74
2024-04-25 02:00:00,1.0,42,1025.3,4.7,24.8,0.0,65
2024-04-25 03:00:00,1.9,43,1025.5,6.3,27.4,0.0,35
2024-04-25 04:00:00,3.1,43,1024.6,6.2,28.8,0.0,0
2024-04-25 05:00:00,4.6,42,1023.5,5.8,29.2,0.0,0
2024-04-25 06:00:00,6.2,40,1021.7,5.8,29.2,0.0,6
2024-04-25 07:00:00,7.3,38,1020.1,5.9,30.2,0.0,6
2024-04-25 08:00:00,8.2,35,1018.6,5.0,30.6,0.0,11
2024-04-25 09:00:00,8.8,33,1017.3,4.3,29.2,0.0,10
2024-04-25 10:00:00,9.1,30,1016.1,4.4,27.4,0.0,9
2024-04-25 11:00:00,9.1,29,1015.5,3.7,26.6,0.0,29
2024-04-25 12:00:00,8.9,28,1015.1,3.9,23.8,0.0,30
2024-04-25 13:00:00,8.3,34,1015.6,4.0,26.3,0.0,11
2024-04-25 14:00:00,7.0,44,1016.3,3.1,21.2,0.0,6
2024-04-25 15:00:00,6.7,37,1017.2,3.0,19.1,0.0,2
2024-04-25 16:00:00,3.6,59,1018.4,5.7,22.0,0.0,8
2024-04-25 17:00:00,2.7,56,1018.9,8.4,23.8,0.0,15
2024-04-25 18:00:00,1.8,57,1019.0,9.2,23.8,0.0,0
2024-04-25 19:00:00,1.0,60,1018.9,8.5,22.7,0.0,0
2024-04-25 20:00:00,1.3,54,1018.7,5.8,20.5,0.0,2
2024-04-25 21:00:00,0.4,57,1018.8,6.9,17.6,0.0,11
2024-04-25 22:00:00,-0.1,55,1019.3,8.8,20.9,0.0,30
2024-04-25 23:00:00,0.2,51,1019.9,6.6,20.9,0.0,23
2024-04-26 00:00:00,0.1,48,1020.9,6.2,19.1,0.0,5
2024-04-26 01:00:00,1.7,50,1022.3,3.4,18.7,0.0,10
2024-04-26 02:00:00,2.3,42,1023.4,5.5,22.0,0.0,6
2024-04-26 03:00:00,3.1,40,1023.3,6.2,24.8,0.0,11
2024-04-26 04:00:00,4.2,41,1022.5,5.4,25.6,0.0,13
2024-04-26 05:00:00,5.5,40,1021.2,5.0,25.6,0.0,22
2024-04-26 06:00:00,6.8,36,1019.4,3.9,25.6,0.0,39
2024-04-26 07:00:00,7.8,33,1018.0,2.3,23.8,0.0,53
2024-04-26 08:00:00,8.5,31,1016.6,1.5,20.9,0.0,41
2024-04-26 09:00:00,9.0,29,1015.6,2.5,22.0,0.0,55
2024-04-26 10:00:00,9.3,27,1014.1,3.9,22.7,0.0,53
2024-04-26 11:00:00,9.2,26,1013.4,6.5,27.7,0.0,60
2024-04-26 12:00:00,8.9,26,1013.2,8.2,31.3,0.0,41
2024-04-26 13:00:00,8.6,24,1013.0,9.4,31.7,0.0,100
2024-04-26 14:00:00,7.1,34,1013.5,8.7,31.0,0.0,100
2024-04-26 15:00:00,6.5,40,1014.0,9.7,27.0,0.0,100
2024-04-26 16:00:00,5.5,49,1014.5,7.7,24.5,0.0,100
2024-04-26 17:00:00,5.2,50,1014.6,5.4,22.7,0.0,100
2024-04-26 18:00:00,5.4,42,1014.9,5.0,20.2,0.0,100
2024-04-26 19:00:00,3.7,49,1014.8,7.3,22.3,0.0,98
2024-04-26 20:00:00,2.9,48,1014.0,8.2,23.4,0.0,96
2024-04-26 21:00:00,2.9,43,1013.8,6.7,23.4,0.0,100
2024-04-26 22:00:00,5.4,29,1013.9,4.2,22.3,0.0,100
2024-04-26 23:00:00,3.1,44,1014.2,5.5,20.5,0.0,80
2024-04-27 00:00:00,2.1,46,1014.6,9.7,24.8,0.0,75
2024-04-27 01:00:00,3.5,47,1014.2,8.2,28.4,0.0,100
2024-04-27 02:00:00,4.2,36,1015.5,4.6,26.3,0.0,100
2024-04-27 03:00:00,4.0,40,1017.0,9.6,26.3,0.1,100
2024-04-27 04:00:00,4.1,43,1017.5,6.9,26.3,0.1,100
2024-04-27 05:00:00,4.3,44,1017.5,7.6,29.2,0.0,100
2024-04-27 06:00:00,5.9,41,1016.1,6.5,28.8,0.0,100
2024-04-27 07:00:00,6.6,37,1014.7,5.1,27.7,0.0,100
2024-04-27 08:00:00,7.1,36,1013.4,3.2,25.6,0.0,93
2024-04-27 09:00:00,7.2,37,1012.7,5.4,25.6,0.0,91
2024-04-27 10:00:00,6.9,37,1012.3,5.5,25.9,0.0,100
2024-04-27 11:00:00,6.6,37,1012.1,4.4,24.1,0.0,100
2024-04-27 12:00:00,5.9,40,1012.7,3.8,22.0,0.0,87
2024-04-27 13:00:00,6.9,35,1011.4,6.9,23.8,0.0,81
2024-04-27 14:00:00,5.2,40,1013.6,6.7,23.8,0.1,59
2024-04-27 15:00:00,3.5,44,1016.0,8.9,24.1,0.0,58
2024-04-27 16:00:00,2.4,54,1018.1,6.8,25.2,0.0,47
2024-04-27 17:00:00,1.7,61,1018.9,4.7,19.1,0.0,47
2024-04-27 18:00:00,1.1,57,1018.8,7.4,20.2,0.0,55
2024-04-27 19:00:00,1.4,57,1018.8,7.0,21.2,0.0,48
2024-04-27 20:00:00,1.2,56,1018.6,6.6,20.9,0.0,56
2024-04-27 21:00:00,1.4,49,1018.4,8.7,22.3,0.0,78
2024-04-27 22:00:00,0.9,55,1018.5,6.8,22.7,0.0,72
2024-04-27 23:00:00,0.9,55,1018.3,8.2,21.6,0.1,56
2024-04-28 00:00:00,0.5,66,1018.8,4.1,22.3,0.1,74
2024-04-28 01:00:00,1.4,47,1020.2,5.3,21.6,0.0,83
2024-04-28 02:00:00,1.6,43,1020.3,5.2,20.2,0.1,100
2024-04-28 03:00:00,2.6,38,1019.4,4.1,21.6,0.1,100
2024-04-28 04:00:00,3.5,34,1019.0,1.8,22.7,0.0,100
2024-04-28 05:00:00,4.9,33,1017.6,3.3,22.0,0.0,68
2024-04-28 06:00:00,6.4,32,1016.5,6.1,27.0,0.0,69
2024-04-28 07:00:00,7.8,30,1014.3,2.9,27.7,0.0,70
2024-04-28 08:00:00,9.2,26,1012.0,0.8,24.1,0.0,89
2024-04-28 09:00:00,9.3,26,1011.2,2.2,25.6,0.0,74
2024-04-28 10:00:00,9.4,26,1010.7,5.1,26.3,0.0,84
2024-04-28 11:00:00,8.3,28,1011.6,7.0,31.7,0.0,81
2024-04-28 12:00:00,8.1,27,1011.7,3.3,29.9,0.0,55
2024-04-28 13:00:00,7.2,25,1013.2,10.7,32.4,0.0,96
2024-04-28 14:00:00,6.0,27,1014.7,8.9,36.7,0.0,99
2024-04-28 15:00:00,5.1,34,1016.2,5.0,31.7,0.0,94
2024-04-28 16:00:00,4.6,38,1017.1,1.8,23.4,0.0,99
2024-04-28 17:00:00,3.8,51,1018.0,3.8,22.0,0.0,89
2024-04-28 18:00:00,3.6,36,1017.9,10.4,24.5,0.0,88
2024-04-28 19:00:00,2.9,40,1016.8,10.3,26.6,0.0,100
2024-04-28 20:00:00,4.0,32,1016.6,1.9,26.3,0.0,99
2024-04-28 21:00:00,3.5,31,1017.0,2.8,16.9,0.0,100
2024-04-28 22:00:00,2.4,38,1016.8,9.0,27.4,0.0,100
2024-04-28 23:00:00,1.4,45,1016.5,5.6,27.0,0.0,100
2024-04-29 00:00:00,2.2,38,1016.5,9.4,27.0,0.0,99
2024-04-29 01:00:00,3.1,34,1015.0,9.2,26.3,0.0,99
2024-04-29 02:00:00,5.4,27,1015.1,9.1,30.6,0.0,100
2024-04-29 03:00:00,5.1,31,1016.1,11.2,32.4,0.0,100
2024-04-29 04:00:00,5.8,33,1015.5,14.5,34.2,0.1,84
2024-04-29 05:00:00,7.2,29,1014.4,9.8,35.6,0.0,99
2024-04-29 06:00:00,6.7,29,1014.5,9.9,31.7,0.0,100
2024-04-29 07:00:00,6.6,35,1013.0,5.4,31.3,0.1,100
2024-04-29 08:00:00,8.2,37,1010.2,7.3,32.8,0.1,100
2024-04-29 09:00:00,7.3,45,1009.9,9.4,36.0,0.1,100
2024-04-29 10:00:00,6.0,52,1010.0,7.2,34.2,0.3,100
2024-04-29 11:00:00,4.6,58,1010.8,4.0,27.0,0.4,100
2024-04-29 12:00:00,4.4,54,1011.0,7.2,27.7,0.6,100
2024-04-29 13:00:00,4.0,55,1011.4,5.5,25.6,1.2,99
2024-04-29 14:00:00,3.3,56,1013.2,4.4,23.0,1.3,99
2024-04-29 15:00:00,3.4,62,1014.1,1.5,22.7,1.8,82
2024-04-29 16:00:00,2.6,68,1016.0,3.2,20.2,1.6,89
2024-04-29 17:00:00,0.1,71,1016.6,5.8,22.3,1.3,93
2024-04-29 18:00:00,-0.6,69,1016.8,6.5,23.8,0.1,71
2024-04-29 19:00:00,-1.7,70,1016.8,7.2,25.2,0.4,62
2024-04-29 20:00:00,-1.4,67,1016.5,9.1,25.2,0.1,43
2024-04-29 21:00:00,-1.4,61,1016.3,7.2,25.2,0.0,88
2024-04-29 22:00:00,-0.7,56,1016.3,6.9,22.7,0.3,88
2024-04-29 23:00:00,1.1,51,1016.8,5.4,21.2,0.4,90
2024-04-30 00:00:00,1.2,47,1017.6,4.8,20.5,0.2,78
2024-04-30 01:00:00,-4.7,51,1018.1,8.9,22.0,0.0,32
2024-04-30 02:00:00,-3.2,47,1018.8,8.3,22.7,0.0,41
2024-04-30 03:00:00,-1.3,49,1019.1,6.6,23.0,0.0,30
2024-04-30 04:00:00,1.4,48,1018.4,6.4,23.0,0.0,22
2024-04-30 05:00:00,2.4,42,1017.5,6.6,23.0,0.0,50
2024-04-30 06:00:00,3.5,37,1015.9,8.9,26.6,0.0,27
2024-04-30 07:00:00,4.2,38,1013.8,9.8,27.0,0.0,38
2024-04-30 08:00:00,4.9,39,1011.6,10.5,29.9,0.0,51
2024-04-30 09:00:00,5.3,39,1009.5,11.9,31.0,0.0,51
2024-04-30 10:00:00,5.0,44,1008.1,9.1,31.0,0.0,69
2024-04-30 11:00:00,4.3,42,1008.2,10.8,31.7,0.0,85
2024-04-30 12:00:00,2.5,41,1008.8,13.0,32.4,0.0,97
2024-04-30 13:00:00,6.1,24,1006.5,6.9,25.2,0.0,95
2024-04-30 14:00:00,4.8,27,1007.0,11.8,25.9,0.0,99
2024-04-30 15:00:00,3.5,32,1007.4,10.8,27.0,0.0,99
2024-04-30 16:00:00,3.0,35,1008.5,8.5,27.7,0.0,99
2024-04-30 17:00:00,1.6,46,1010.4,5.7,25.2,0.0,99
2024-04-30 18:00:00,-2.9,67,1012.7,7.2,25.2,0.6,100
2024-04-30 19:00:00,-1.5,61,1012.2,7.4,25.9,0.0,100
2024-04-30 20:00:00,-2.7,60,1012.0,5.9,24.8,0.0,99
2024-04-30 21:00:00,-1.3,47,1012.2,3.6,25.6,0.0,100
2024-04-30 22:00:00,-1.9,48,1012.2,4.2,20.2,0.0,99
2024-04-30 23:00:00,-1.1,39,1010.9,3.3,20.5,0.0,100
2024-05-01 00:00:00,-1.3,40,1011.5,0.8,18.7,0.0,98
2024-05-01 01:00:00,-1.5,46,1012.8,2.1,20.5,0.0,100
2024-05-01 02:00:00,-1.1,43,1013.6,3.1,17.6,0.0,99
2024-05-01 03:00:00,-0.3,39,1013.4,2.3,19.8,0.0,99
2024-05-01 04:00:00,0.9,35,1013.0,4.3,23.4,0.0,100
2024-05-01 05:00:00,2.1,33,1012.4,5.6,28.8,0.0,100
2024-05-01 06:00:00,3.1,32,1011.3,5.7,30.2,0.0,63
2024-05-01 07:00:00,3.9,31,1010.3,4.0,29.5,0.0,75
2024-05-01 08:00:00,4.0,33,1010.1,5.0,27.4,0.0,34
2024-05-01 09:00:00,4.3,33,1009.7,6.4,32.4,0.1,70
2024-05-01 10:00:00,4.2,38,1009.5,4.7,32.4,0.2,100
2024-05-01 11:00:00,3.8,38,1009.8,5.2,29.2,0.0,100
2024-05-01 12:00:00,4.1,35,1009.8,3.4,29.2,0.0,100
2024-05-01 13:00:00,3.4,44,1011.0,4.3,30.2,0.0,100
2024-05-01 14:00:00,3.0,47,1012.3,4.0,26.6,0.2,93
2024-05-01 15:00:00,2.2,60,1013.8,3.2,23.4,0.6,73
2024-05-01 16:00:00,1.5,67,1015.3,2.5,20.5,0.5,56
2024-05-01 17:00:00,0.5,66,1016.4,3.9,19.1,0.0,78
2024-05-01 18:00:00,0.3,61,1017.4,6.8,23.8,0.0,64
2024-05-01 19:00:00,-0.7,62,1017.9,8.1,25.9,0.0,42
2024-05-01 20:00:00,-1.8,60,1018.0,9.7,25.6,0.0,75
2024-05-01 21:00:00,-2.4,57,1019.0,9.3,26.3,0.0,71
2024-05-01 22:00:00,-2.8,57,1020.0,7.0,25.9,0.0,61
2024-05-01 23:00:00,-3.2,55,1020.9,4.3,23.8,0.0,69
2024-05-02 00:00:00,-3.4,54,1022.1,4.1,20.9,0.0,23
2024-05-02 01:00:00,-1.9,56,1023.7,6.6,22.3,0.1,96
2024-05-02 02:00:00,-0.6,48,1025.0,4.6,24.5,0.0,76
2024-05-02 03:00:00,0.4,46,1024.8,6.8,28.4,0.0,40
2024-05-02 04:00:00,1.6,44,1023.7,6.8,30.6,0.0,4
2024-05-02 05:00:00,3.0,43,1022.3,5.1,29.5,0.0,1
2024-05-02 06:00:00,4.6,40,1020.1,4.0,27.0,0.0,0
2024-05-02 07:00:00,5.9,37,1018.1,3.8,24.5,0.0,0
2024-05-02 08:00:00,6.8,35,1016.6,2.9,23.8,0.0,0
2024-05-02 09:00:00,7.4,32,1015.5,2.2,22.0,0.0,6
2024-05-02 10:00:00,7.8,29,1014.5,1.9,20.2,0.0,76
2024-05-02 11:00:00,7.9,26,1014.1,2.0,18.4,0.0,36
2024-05-02 12:00:00,7.8,26,1014.7,3.3,21.6,0.0,5
2024-05-02 13:00:00,7.8,39,1015.4,3.2,26.6,0.0,12
2024-05-02 14:00:00,6.1,45,1015.9,4.1,22.3,0.0,26
2024-05-02 15:00:00,6.4,27,1017.3,1.5,22.7,0.0,64
2024-05-02 16:00:00,3.1,53,1018.5,5.6,19.1,0.0,67
2024-05-02 17:00:00,2.8,44,1019.2,11.7,27.7,0.0,36
2024-05-02 18:00:00,1.5,52,1019.5,9.0,27.7,0.0,97
2024-05-02 19:00:00,0.6,55,1019.4,7.6,23.0,0.0,2
2024-05-02 20:00:00,2.6,38,1019.5,4.7,20.5,0.0,2
2024-05-02 21:00:00,1.2,46,1020.3,5.9,16.9,0.0,0
2024-05-02 22:00:00,-0.0,51,1021.2,7.1,20.9,0.0,0
2024-05-02 23:00:00,0.3,45,1021.8,6.5,19.8,0.0,0
2024-05-03 00:00:00,1.2,36,1022.4,5.5,20.2,0.0,0
2024-05-03 01:00:00,1.4,49,1022.3,6.1,16.9,0.0,6
2024-05-03 02:00:00,3.8,32,1023.0,3.9,19.1,0.0,4
2024-05-03 03:00:00,4.9,32,1023.1,4.1,19.4,0.0,43
2024-05-03 04:00:00,6.0,32,1022.8,2.6,20.5,0.0,7
2024-05-03 05:00:00,7.3,31,1021.5,4.1,22.3,0.0,5
2024-05-03 06:00:00,8.5,30,1019.6,2.1,23.4,0.0,41
2024-05-03 07:00:00,9.9,28,1017.1,2.8,21.2,0.0,32
2024-05-03 08:00:00,10.8,26,1015.5,1.8,21.6,0.0,100
2024-05-03 09:00:00,11.6,25,1013.5,2.4,20.9,0.0,100
2024-05-03 10:00:00,12.0,23,1012.0,0.8,20.5,0.0,100
2024-05-03 11:00:00,12.0,23,1011.1,3.6,20.5,0.0,100
2024-05-03 12:00:00,11.7,26,1011.2,7.3,26.3,0.0,100
2024-05-03 13:00:00,10.2,35,1013.8,9.6,28.8,0.0,100
2024-05-03 14:00:00,9.4,42,1014.9,8.9,28.1,0.0,100
2024-05-03 15:00:00,8.5,53,1015.8,5.9,28.4,0.0,100
2024-05-03 16:00:00,7.8,50,1016.3,7.4,23.4,0.0,100
2024-05-03 17:00:00,6.8,55,1016.8,9.6,24.5,0.1,100
2024-05-03 18:00:00,6.5,60,1016.8,10.6,26.6,0.1,100
2024-05-03 19:00:00,5.7,61,1017.9,7.3,27.7,0.2,100
2024-05-03 20:00:00,4.6,65,1018.7,5.8,27.4,0.5,100
2024-05-03 21:00:00,3.9,70,1019.8,4.1,24.8,0.6,100
2024-05-03 22:00:00,2.9,71,1020.5,4.4,19.4,0.9,93
2024-05-03 23:00:00,2.5,72,1020.5,5.8,18.4,0.5,100
2024-05-04 00:00:00,2.4,78,1020.7,3.4,19.1,0.6,100
2024-05-04 01:00:00,3.4,62,1022.1,7.1,22.7,0.3,42
2024-05-04 02:00:00,4.0,56,1022.2,3.9,21.6,0.0,24
2024-05-04 03:00:00,4.8,56,1021.8,3.3,19.8,0.0,21
2024-05-04 04:00:00,5.6,56,1021.2,1.8,19.1,0.0,53
2024-05-04 05:00:00,6.5,55,1020.4,3.3,20.9,0.0,44
2024-05-04 06:00:00,7.6,51,1019.1,4.5,24.5,0.0,63
2024-05-04 07:00:00,7.5,53,1018.4,1.5,25.2,0.0,85
2024-05-04 08:00:00,8.6,49,1016.7,2.8,22.7,0.0,84
2024-05-04 09:00:00,7.0,61,1017.8,4.0,28.4,0.0,86
2024-05-04 10:00:00,8.2,57,1016.6,4.4,23.4,0.0,87
2024-05-04 11:00:00,5.8,74,1018.4,4.7,31.3,1.9,100
2024-05-04 12:00:00,5.6,75,1018.6,3.1,24.8,0.4,96
2024-05-04 13:00:00,5.3,68,1019.5,3.1,21.2,0.6,91
2024-05-04 14:00:00,4.2,77,1021.1,1.6,19.4,0.4,73
2024-05-04 15:00:00,4.0,77,1021.6,4.0,18.7,0.2,24
2024-05-04 16:00:00,3.5,78,1022.5,5.4,18.7,0.0,73
2024-05-04 17:00:00,3.2,75,1022.4,8.5,22.7,0.0,82
2024-05-04 18:00:00,2.4,77,1022.1,8.9,23.0,0.0,50
2024-05-04 19:00:00,2.6,78,1021.3,6.4,20.9,0.0,42
2024-05-04 20:00:00,3.0,75,1020.7,5.2,18.0,0.0,38
2024-05-04 21:00:00,3.1,76,1020.5,4.0,18.4,0.0,48
2024-05-04 22:00:00,2.4,74,1020.5,4.9,17.6,0.0,22
2024-05-04 23:00:00,2.1,78,1020.7,3.0,17.6,0.0,17
2024-05-05 00:00:00,1.3,80,1021.5,4.1,14.8,0.0,35
2024-05-05 01:00:00,2.1,67,1022.4,4.7,17.6,0.0,31
2024-05-05 02:00:00,1.9,69,1023.8,5.6,23.0,0.0,66
2024-05-05 03:00:00,2.8,66,1023.4,6.9,26.3,0.0,22
2024-05-05 04:00:00,3.9,62,1022.2,6.1,28.8,0.0,8
2024-05-05 05:00:00,5.3,57,1020.7,3.9,27.0,0.0,10
2024-05-05 06:00:00,6.8,52,1018.5,3.1,23.0,0.0,10
2024-05-05 07:00:00,7.9,46,1016.9,4.1,23.8,0.0,8
2024-05-05 08:00:00,8.9,42,1015.4,3.4,24.5,0.0,16
2024-05-05 09:00:00,9.3,40,1014.0,3.3,22.7,0.0,25
2024-05-05 10:00:00,9.9,38,1012.7,3.6,22.7,0.0,20
2024-05-05 11:00:00,10.1,38,1012.1,2.5,23.0,0.0,21
2024-05-05 12:00:00,9.9,38,1012.0,2.7,19.8,0.0,20
2024-05-05 13:00:00,10.1,36,1012.0,2.8,18.4,0.0,1
2024-05-05 14:00:00,8.1,52,1012.6,7.6,22.3,0.0,0
2024-05-05 15:00:00,6.5,57,1013.5,10.5,25.6,0.0,0
2024-05-05 16:00:00,5.1,61,1014.4,10.5,25.2,0.0,0
2024-05-05 17:00:00,3.7,66,1015.5,7.4,23.8,0.0,0
2024-05-05 18:00:00,2.8,64,1015.9,6.9,20.2,0.0,0
2024-05-05 19:00:00,2.6,58,1016.3,9.2,21.6,0.0,0
2024-05-05 20:00:00,1.8,59,1016.4,7.7,22.0,0.0,0
2024-05-05 21:00:00,1.9,55,1016.7,6.4,21.2,0.0,0
2024-05-05 22:00:00,4.4,38,1017.6,3.8,19.8,0.0,0
2024-05-05 23:00:00,4.1,39,1018.6,4.3,17.3,0.0,0
2024-05-06 00:00:00,3.7,40,1019.4,4.3,17.6,0.0,0
2024-05-06 01:00:00,2.8,58,1020.7,6.6,22.0,0.0,0
2024-05-06 02:00:00,4.3,46,1021.5,5.6,24.1,0.0,0
2024-05-06 03:00:00,5.3,45,1021.5,5.5,24.8,0.0,0
2024-05-06 04:00:00,6.6,45,1020.8,5.3,25.9,0.0,5
2024-05-06 05:00:00,7.8,42,1019.8,4.4,26.3,0.0,8
2024-05-06 06:00:00,8.9,40,1018.7,3.6,24.8,0.0,37
2024-05-06 07:00:00,9.8,37,1017.5,2.7,23.4,0.0,34
2024-05-06 08:00:00,10.6,36,1016.1,2.2,21.6,0.0,37
2024-05-06 09:00:00,11.2,35,1015.0,2.3,22.3,0.0,36
2024-05-06 10:00:00,11.4,35,1014.1,3.4,25.6,0.0,25
2024-05-06 11:00:00,11.4,32,1013.8,2.6,25.6,0.0,13
2024-05-06 12:00:00,11.3,30,1013.7,2.9,23.8,0.1,8
2024-05-06 13:00:00,10.8,34,1014.3,3.2,32.8,0.0,14
2024-05-06 14:00:00,9.6,38,1015.3,3.5,24.8,0.0,6
2024-05-06 15:00:00,8.4,40,1016.7,3.9,25.2,0.0,0
2024-05-06 16:00:00,8.4,34,1017.7,2.3,24.1,0.0,0
2024-05-06 17:00:00,5.1,56,1018.3,5.5,20.9,0.0,0
2024-05-06 18:00:00,3.8,56,1018.9,11.7,27.0,0.0,0
2024-05-06 19:00:00,2.5,60,1019.2,10.5,26.6,0.0,0
2024-05-06 20:00:00,1.7,61,1019.6,9.0,24.8,0.0,0
2024-05-06 21:00:00,1.0,62,1019.8,8.2,22.7,0.0,0
2024-05-06 22:00:00,0.8,59,1020.2,9.2,23.4,0.0,0
2024-05-06 23:00:00,0.8,57,1020.6,6.1,23.0,0.0,0
2024-05-07 00:00:00,0.0,59,1021.1,8.4,19.8,0.0,0
2024-05-07 01:00:00,3.0,61,1022.4,6.1,21.6,0.0,0
2024-05-07 02:00:00,4.7,44,1023.3,5.9,24.5,0.0,0
2024-05-07 03:00:00,5.7,42,1023.3,6.3,28.1,0.0,0
2024-05-07 04:00:00,7.0,42,1023.0,4.9,27.7,0.0,0
2024-05-07 05:00:00,8.3,42,1022.0,3.9,26.3,0.0,7
2024-05-07 06:00:00,9.6,38,1020.7,3.3,24.5,0.0,42
2024-05-07 07:00:00,10.5,36,1020.0,2.1,23.8,0.0,48
2024-05-07 08:00:00,11.1,33,1019.0,3.4,24.8,0.0,64
2024-05-07 09:00:00,11.2,28,1018.2,4.4,27.0,0.0,36
2024-05-07 10:00:00,11.6,26,1017.6,5.4,29.2,0.0,40
2024-05-07 11:00:00,11.3,27,1017.8,6.0,33.5,0.0,63
2024-05-07 12:00:00,11.2,27,1017.6,4.9,31.0,0.0,47
2024-05-07 13:00:00,10.1,39,1018.5,7.4,30.6,0.6,12
2024-05-07 14:00:00,8.0,48,1019.8,6.9,30.6,0.7,10
2024-05-07 15:00:00,6.6,54,1020.8,8.2,26.3,0.0,0
2024-05-07 16:00:00,5.1,63,1021.5,4.8,22.3,0.0,0
2024-05-07 17:00:00,4.2,57,1022.2,8.9,22.0,0.0,0
2024-05-07 18:00:00,3.4,55,1023.0,8.4,22.7,0.0,0
2024-05-07 19:00:00,6.1,32,1023.1,4.0,21.6,0.0,0
2024-05-07 20:00:00,3.3,45,1022.9,6.1,19.8,0.0,0
2024-05-07 21:00:00,2.3,44,1023.0,6.4,20.9,0.0,0
2024-05-07 22:00:00,4.5,30,1023.5,4.9,21.2,0.0,0
2024-05-07 23:00:00,3.5,33,1024.0,5.2,19.8,0.0,0
2024-05-08 00:00:00,4.4,28,1024.8,4.6,19.8,0.0,0
2024-05-08 01:00:00,2.8,51,1026.6,4.3,21.2,0.0,0
2024-05-08 02:00:00,4.9,35,1027.7,5.7,24.8,0.0,0
2024-05-08 03:00:00,6.2,34,1027.2,6.3,27.7,0.0,0
2024-05-08 04:00:00,7.3,33,1026.2,6.1,28.4,0.0,0
2024-05-08 05:00:00,8.7,32,1024.8,5.8,28.4,0.0,0
2024-05-08 06:00:00,10.0,29,1023.1,5.8,28.8,0.0,0
2024-05-08 07:00:00,11.3,27,1021.1,5.1,28.8,0.0,0
2024-05-08 08:00:00,12.2,25,1019.2,4.0,27.7,0.0,0
2024-05-08 09:00:00,12.9,24,1017.6,4.2,25.6,0.0,13
2024-05-08 10:00:00,13.3,23,1016.3,4.3,25.9,0.0,2
2024-05-08 11:00:00,13.5,22,1015.5,4.0,25.9,0.0,17
2024-05-08 12:00:00,13.2,21,1015.1,4.8,25.6,0.0,21
2024-05-08 13:00:00,14.2,30,1014.2,3.1,31.7,0.0,5
2024-05-08 14:00:00,12.6,23,1014.7,3.9,21.2,0.0,2
2024-05-08 15:00:00,9.3,42,1016.5,7.3,22.7,0.0,0
2024-05-08 16:00:00,7.8,40,1017.3,11.5,25.2,0.0,0
2024-05-08 17:00:00,6.0,44,1017.8,11.6,23.8,0.0,0
2024-05-08 18:00:00,4.9,42,1018.1,10.7,22.0,0.0,0
2024-05-08 19:00:00,4.2,41,1018.8,10.0,21.6,0.0,0
2024-05-08 20:00:00,3.6,40,1018.6,9.5,20.5,0.0,0
2024-05-08 21:00:00,2.9,41,1018.5,8.9,20.2,0.0,0
2024-05-08 22:00:00,3.5,34,1018.9,6.6,19.4,0.0,0
2024-05-08 23:00:00,3.8,30,1019.9,6.2,19.4,0.0,0
2024-05-09 00:00:00,4.4,25,1020.8,5.8,19.4,0.0,0
2024-05-09 01:00:00,4.2,45,1022.9,5.2,19.4,0.0,0
2024-05-09 02:00:00,6.8,29,1023.5,4.8,22.0,0.0,0
2024-05-09 03:00:00,7.7,32,1023.6,5.6,25.6,0.0,0
2024-05-09 04:00:00,9.0,31,1022.6,5.7,27.4,0.0,0
2024-05-09 05:00:00,10.4,28,1020.9,4.7,27.4,0.0,0
2024-05-09 06:00:00,11.8,25,1018.9,3.6,26.3,0.0,0
2024-05-09 07:00:00,13.1,22,1017.4,2.2,24.5,0.0,28
2024-05-09 08:00:00,14.2,20,1015.8,2.6,22.3,0.0,16
2024-05-09 09:00:00,15.0,17,1014.3,3.2,24.5,0.0,2
2024-05-09 10:00:00,15.3,16,1013.0,4.0,24.8,0.0,8
2024-05-09 11:00:00,15.1,15,1012.5,4.0,25.2,0.0,6
2024-05-09 12:00:00,14.9,15,1012.6,4.0,24.8,0.0,20
2024-05-09 13:00:00,13.9,18,1014.6,2.8,39.6,0.0,26
2024-05-09 14:00:00,13.1,17,1014.4,2.3,23.0,0.0,5
2024-05-09 15:00:00,11.3,36,1015.9,4.0,20.5,0.0,0
2024-05-09 16:00:00,9.4,36,1016.9,9.0,25.2,0.0,0
2024-05-09 17:00:00,7.8,39,1017.4,9.4,25.2,0.0,0
2024-05-09 18:00:00,6.4,42,1018.1,9.5,24.1,0.0,0
2024-05-09 19:00:00,5.2,44,1019.0,8.4,23.0,0.0,0
2024-05-09 20:00:00,4.3,44,1019.2,8.4,21.2,0.0,0
2024-05-09 21:00:00,3.8,39,1019.3,9.6,19.8,0.0,0
2024-05-09 22:00:00,3.1,39,1019.9,9.6,20.2,0.0,0
2024-05-09 23:00:00,2.5,40,1020.6,7.9,19.8,0.0,0
2024-05-10 00:00:00,2.5,38,1021.7,7.6,19.1,0.0,0
2024-05-10 01:00:00,4.6,42,1022.3,7.2,18.7,0.0,0
2024-05-10 02:00:00,7.8,29,1022.8,2.6,18.4,0.0,0
2024-05-10 03:00:00,9.0,27,1023.6,5.5,24.5,0.0,0
2024-05-10 04:00:00,10.2,27,1022.9,4.8,26.3,0.0,0
2024-05-10 05:00:00,11.5,25,1021.2,4.5,25.9,0.0,0
2024-05-10 06:00:00,12.9,22,1019.4,4.7,27.4,0.0,0
2024-05-10 07:00:00,13.9,19,1018.0,4.0,27.4,0.0,1
2024-05-10 08:00:00,14.8,18,1016.1,4.4,27.4,0.0,2
2024-05-10 09:00:00,15.5,17,1014.5,4.1,27.4,0.0,0
2024-05-10 10:00:00,15.7,17,1013.2,3.4,26.3,0.0,1
2024-05-10 11:00:00,15.6,16,1012.7,3.3,24.5,0.0,0
2024-05-10 12:00:00,15.1,15,1012.4,2.9,23.8,0.0,0
2024-05-10 13:00:00,14.0,23,1015.4,12.2,47.5,0.0,5
2024-05-10 14:00:00,12.3,27,1016.8,8.4,47.9,0.0,61
2024-05-10 15:00:00,11.3,33,1017.8,6.5,36.4,0.0,77
2024-05-10 16:00:00,9.6,50,1018.6,5.0,29.5,0.0,100
2024-05-10 17:00:00,10.1,34,1018.6,2.3,23.0,0.0,94
2024-05-10 18:00:00,9.4,35,1019.3,1.6,18.4,0.0,97
2024-05-10 19:00:00,6.5,47,1019.9,8.7,22.3,0.0,99
2024-05-10 20:00:00,5.4,53,1020.1,6.6,23.8,0.0,91
2024-05-10 21:00:00,6.7,42,1020.7,4.9,20.9,0.0,13
2024-05-10 22:00:00,4.9,48,1021.1,5.6,18.7,0.0,15
2024-05-10 23:00:00,3.3,52,1021.6,6.9,18.7,0.0,82
2024-05-11 00:00:00,2.7,50,1022.1,8.9,22.0,0.0,1
2024-05-11 01:00:00,5.5,50,1023.2,6.1,18.4,0.0,2
2024-05-11 02:00:00,7.2,37,1023.5,4.4,23.0,0.0,16
2024-05-11 03:00:00,8.0,35,1023.5,1.8,20.9,0.0,30
2024-05-11 04:00:00,9.7,29,1021.9,0.5,16.2,0.0,24
2024-05-11 05:00:00,11.1,25,1019.8,1.4,19.1,0.0,91
2024-05-11 06:00:00,12.4,24,1017.8,2.2,21.2,0.0,35
2024-05-11 07:00:00,13.6,22,1016.2,2.6,22.3,0.0,83
2024-05-11 08:00:00,14.2,21,1014.6,1.6,22.3,0.0,99
2024-05-11 09:00:00,14.4,23,1013.7,1.9,20.2,0.0,100
2024-05-11 10:00:00,13.9,27,1013.3,2.2,23.8,0.1,99
2024-05-11 11:00:00,14.1,26,1012.9,6.3,29.5,0.0,100
2024-05-11 12:00:00,12.5,31,1014.7,8.8,41.8,0.0,100
2024-05-11 13:00:00,12.0,30,1016.2,10.2,50.8,0.0,90
2024-05-11 14:00:00,11.5,33,1016.7,5.9,41.4,0.0,94
2024-05-11 15:00:00,11.4,34,1017.0,1.0,31.3,0.0,47
2024-05-11 16:00:00,9.9,52,1018.2,4.0,22.3,0.0,9
2024-05-11 17:00:00,9.5,39,1018.9,2.3,22.0,0.0,7
2024-05-11 18:00:00,7.3,53,1019.4,4.7,22.3,0.0,3
2024-05-11 19:00:00,6.1,56,1019.2,5.5,22.7,0.0,4
2024-05-11 20:00:00,5.0,58,1018.7,7.2,23.0,0.0,4
2024-05-11 21:00:00,4.4,56,1018.2,7.9,24.1,0.0,50
2024-05-11 22:00:00,5.3,49,1018.3,4.8,22.7,0.0,20
2024-05-11 23:00:00,6.2,43,1018.5,2.3,19.1,0.0,20
2024-05-12 00:00:00,3.8,55,1019.7,5.4,21.2,0.0,55
2024-05-12 01:00:00,6.3,49,1019.8,5.8,22.0,0.0,71
2024-05-12 02:00:00,7.6,40,1019.9,4.0,20.5,0.0,56
2024-05-12 03:00:00,8.4,38,1019.8,3.9,22.0,0.0,25
2024-05-12 04:00:00,9.6,36,1018.8,5.8,26.3,0.0,47
2024-05-12 05:00:00,10.9,31,1016.4,6.0,27.4,0.0,59
2024-05-12 06:00:00,12.3,27,1014.3,5.5,28.8,0.0,80
2024-05-12 07:00:00,13.5,24,1012.5,3.8,29.5,0.0,97
2024-05-12 08:00:00,13.5,25,1012.1,5.1,26.6,0.0,100
2024-05-12 09:00:00,12.4,28,1012.6,3.6,28.1,0.0,100
2024-05-12 10:00:00,10.9,35,1013.8,6.5,23.8,0.1,87
2024-05-12 11:00:00,10.0,36,1014.1,6.5,31.0,0.1,63
2024-05-12 12:00:00,9.1,42,1015.5,5.5,27.0,0.4,93
2024-05-12 13:00:00,7.6,50,1018.6,5.0,30.2,0.1,84
2024-05-12 14:00:00,6.5,50,1020.0,3.1,27.0,0.1,66
2024-05-12 15:00:00,5.8,51,1021.7,1.9,25.2,0.0,54
2024-05-12 16:00:00,5.0,55,1022.7,1.6,20.9,0.0,52
2024-05-12 17:00:00,4.5,56,1022.8,2.6,18.0,0.0,48
2024-05-12 18:00:00,4.1,57,1022.9,4.3,19.4,0.0,56
2024-05-12 19:00:00,3.6,57,1022.8,4.1,19.4,0.0,71
2024-05-12 20:00:00,3.0,56,1022.4,5.6,20.5,0.1,54
2024-05-12 21:00:00,2.0,64,1023.2,4.8,20.5,0.2,51
2024-05-12 22:00:00,1.6,57,1023.6,8.1,21.6,0.2,57
2024-05-12 23:00:00,1.0,55,1024.3,6.1,22.7,0.1,54
2024-05-13 00:00:00,0.6,52,1025.1,5.4,24.5,0.0,76
2024-05-13 01:00:00,1.9,51,1026.4,7.3,26.6,0.7,95
2024-05-13 02:00:00,2.0,51,1027.2,2.5,26.6,0.1,72
2024-05-13 03:00:00,2.1,51,1027.4,4.5,22.3,0.1,77
2024-05-13 04:00:00,2.7,47,1027.2,3.8,22.7,0.0,72
2024-05-13 05:00:00,4.0,39,1026.0,3.1,21.6,0.0,80
2024-05-13 06:00:00,5.6,33,1024.5,1.8,21.2,0.0,55
2024-05-13 07:00:00,7.2,29,1023.3,2.6,23.4,0.0,52
2024-05-13 08:00:00,8.1,26,1022.1,2.6,25.6,0.0,51
2024-05-13 09:00:00,8.4,27,1021.3,2.5,23.0,0.0,59
2024-05-13 10:00:00,8.4,25,1020.8,5.6,30.6,0.0,50
2024-05-13 11:00:00,8.3,25,1020.7,5.2,30.2,0.0,54
2024-05-13 12:00:00,7.7,26,1021.1,5.4,30.6,0.0,31
2024-05-13 13:00:00,7.4,25,1022.5,6.3,35.3,0.0,21
2024-05-13 14:00:00,6.8,28,1022.8,4.8,32.8,0.0,28
2024-05-13 15:00:00,6.3,30,1023.7,4.4,27.4,0.0,10
2024-05-13 16:00:00,5.2,47,1024.5,3.6,24.1,0.0,4
2024-05-13 17:00:00,4.5,42,1024.9,2.8,20.9,0.0,3
2024-05-13 18:00:00,3.0,50,1025.1,5.5,20.5,0.0,11
2024-05-13 19:00:00,2.1,52,1025.4,5.4,22.3,0.0,8
2024-05-13 20:00:00,1.3,47,1025.3,7.4,20.5,0.0,23
2024-05-13 21:00:00,0.7,45,1025.8,8.9,22.7,0.0,46
2024-05-13 22:00:00,0.3,43,1026.6,10.2,22.7,0.0,52
2024-05-13 23:00:00,0.5,44,1027.1,4.6,22.7,0.0,45
2024-05-14 00:00:00,1.4,38,1028.0,1.1,18.4,0.0,17
2024-05-14 01:00:00,2.0,41,1029.1,1.1,13.7,0.0,43
2024-05-14 02:00:00,3.6,37,1029.5,4.8,22.0,0.0,0
2024-05-14 03:00:00,4.8,33,1029.7,6.3,28.8,0.0,0
2024-05-14 04:00:00,6.0,30,1028.8,5.4,28.8,0.0,0
2024-05-14 05:00:00,7.6,27,1027.1,5.0,27.4,0.0,0
2024-05-14 06:00:00,9.0,25,1025.5,4.7,28.4,0.0,0
2024-05-14 07:00:00,10.5,23,1023.8,5.0,28.4,0.0,19
2024-05-14 08:00:00,11.7,21,1022.3,5.5,29.9,0.0,51
2024-05-14 09:00:00,12.3,17,1020.6,4.2,30.6,0.3,63
2024-05-14 10:00:00,12.5,16,1019.3,3.4,26.3,0.2,4
2024-05-14 11:00:00,12.8,16,1018.3,4.2,25.2,0.0,2
2024-05-14 12:00:00,12.8,15,1018.0,5.0,25.9,0.0,0
2024-05-14 13:00:00,13.3,12,1019.1,2.9,27.4,0.0,21
2024-05-14 14:00:00,12.4,13,1019.5,0.8,19.4,0.0,4
2024-05-14 15:00:00,9.7,27,1020.8,6.9,19.8,0.0,0
2024-05-14 16:00:00,8.0,25,1021.0,9.4,23.0,0.0,0
2024-05-14 17:00:00,6.3,29,1021.7,9.1,24.8,0.0,0
2024-05-14 18:00:00,5.2,35,1022.5,7.9,24.8,0.0,0
2024-05-14 19:00:00,4.3,35,1023.3,8.2,20.9,0.0,0
2024-05-14 20:00:00,3.5,32,1023.2,8.9,19.8,0.0,0
2024-05-14 21:00:00,3.4,32,1023.7,6.1,19.8,0.0,0
2024-05-14 22:00:00,3.2,30,1024.0,5.9,19.1,0.0,0
2024-05-14 23:00:00,1.3,37,1024.6,7.9,21.6,0.0,0
2024-05-15 00:00:00,3.3,26,1025.6,5.5,21.6,0.0,0
2024-05-15 01:00:00,5.0,24,1027.1,2.8,15.5,0.0,0
2024-05-15 02:00:00,7.0,25,1027.9,1.8,15.5,0.0,0
2024-05-15 03:00:00,8.6,20,1027.9,5.1,24.8,0.0,0
2024-05-15 04:00:00,9.8,20,1027.2,5.0,27.0,0.0,0
2024-05-15 05:00:00,11.1,19,1025.6,5.4,28.4,0.0,1
2024-05-15 06:00:00,12.3,17,1023.8,5.1,29.2,0.0,5
2024-05-15 07:00:00,13.5,14,1021.8,5.9,30.2,0.0,37
2024-05-15 08:00:00,14.3,12,1020.5,5.8,31.7,0.0,54
2024-05-15 09:00:00,14.8,12,1018.9,5.8,31.7,0.0,50
2024-05-15 10:00:00,15.0,11,1017.5,5.4,30.6,0.0,34
2024-05-15 11:00:00,15.2,11,1016.9,4.2,29.2,0.0,35
2024-05-15 12:00:00,14.9,11,1016.9,5.6,28.4,0.0,46
2024-05-15 13:00:00,14.9,10,1016.7,4.7,28.4,0.0,4
2024-05-15 14:00:00,13.5,22,1017.9,2.6,26.6,0.0,2
2024-05-15 15:00:00,12.5,13,1019.3,0.4,19.4,0.0,1
2024-05-15 16:00:00,9.4,32,1021.0,7.1,21.2,0.0,0
2024-05-15 17:00:00,8.2,27,1021.6,10.3,26.3,0.0,0
2024-05-15 18:00:00,6.3,37,1022.3,7.7,25.9,0.0,0
2024-05-15 19:00:00,5.3,40,1022.9,6.4,23.8,0.0,0
2024-05-15 20:00:00,4.1,40,1023.2,7.4,21.2,0.0,0
2024-05-15 21:00:00,3.7,33,1023.5,9.7,20.5,0.0,0
2024-05-15 22:00:00,2.8,35,1024.3,8.9,20.9,0.0,0
2024-05-15 23:00:00,2.7,35,1025.4,6.9,20.2,0.0,0
2024-05-16 00:00:00,5.7,20,1026.2,3.5,19.8,0.0,0
2024-05-16 01:00:00,5.3,24,1027.7,1.3,14.8,0.0,0
2024-05-16 02:00:00,6.8,25,1028.4,3.2,18.7,0.0,0
2024-05-16 03:00:00,8.3,23,1028.1,4.7,24.1,0.0,0
2024-05-16 04:00:00,9.6,23,1027.4,3.5,23.8,0.0,0
2024-05-16 05:00:00,11.0,21,1026.3,4.0,24.8,0.0,0
2024-05-16 06:00:00,12.3,19,1024.6,4.7,27.4,0.0,0
2024-05-16 07:00:00,13.5,17,1022.6,4.5,28.1,0.0,0
2024-05-16 08:00:00,14.5,15,1020.5,4.4,29.2,0.0,0
2024-05-16 09:00:00,15.3,14,1018.9,4.0,27.4,0.0,4
2024-05-16 10:00:00,15.5,13,1017.7,4.3,27.0,0.0,15
2024-05-16 11:00:00,15.5,13,1017.0,3.7,26.3,0.0,17
2024-05-16 12:00:00,15.1,14,1016.5,3.1,24.1,0.0,3
2024-05-16 13:00:00,14.8,15,1016.8,4.7,29.9,0.0,0
2024-05-16 14:00:00,13.4,29,1017.8,3.5,24.1,0.0,0
2024-05-16 15:00:00,12.8,19,1019.0,2.2,19.4,0.0,8
2024-05-16 16:00:00,11.9,21,1020.0,1.1,15.5,0.0,84
2024-05-16 17:00:00,11.1,23,1020.5,1.9,12.6,0.0,55
2024-05-16 18:00:00,7.9,40,1020.7,7.4,20.2,0.0,83
2024-05-16 19:00:00,7.0,39,1020.9,8.7,21.6,0.0,77
2024-05-16 20:00:00,6.2,39,1020.7,9.1,22.0,0.0,1
2024-05-16 21:00:00,4.9,43,1020.8,8.3,21.6,0.0,0
2024-05-16 22:00:00,7.4,27,1021.2,4.0,19.8,0.0,0
2024-05-16 23:00:00,3.4,44,1021.8,6.9,17.3,0.0,0
2024-05-17 00:00:00,2.9,43,1022.4,7.5,20.9,0.0,0
2024-05-17 01:00:00,5.4,52,1024.1,4.1,19.1,0.0,0
2024-05-17 02:00:00,7.9,31,1024.7,3.1,18.0,0.0,0
2024-05-17 03:00:00,9.2,29,1024.6,3.8,22.0,0.0,0
2024-05-17 04:00:00,10.7,26,1023.5,4.2,23.8,0.0,0
2024-05-17 05:00:00,12.1,21,1021.9,4.1,24.8,0.0,0
2024-05-17 06:00:00,13.5,19,1020.2,4.1,25.2,0.0,0
2024-05-17 07:00:00,14.5,17,1018.6,4.5,27.0,0.0,21
2024-05-17 08:00:00,15.4,16,1017.1,4.3,27.7,0.0,38
2024-05-17 09:00:00,15.6,17,1015.8,3.4,27.4,0.0,60
2024-05-17 10:00:00,15.9,17,1014.7,3.4,24.1,0.0,21
2024-05-17 11:00:00,15.8,17,1014.1,5.4,28.1,0.0,21
2024-05-17 12:00:00,14.9,17,1014.5,6.5,31.3,0.0,14
2024-05-17 13:00:00,14.8,19,1015.3,4.3,36.4,0.0,0
2024-05-17 14:00:00,13.7,21,1016.2,2.9,26.6,0.0,0
2024-05-17 15:00:00,12.3,36,1017.2,4.3,21.6,0.0,7
2024-05-17 16:00:00,10.7,43,1018.4,4.9,22.0,0.0,4
2024-05-17 17:00:00,11.5,24,1018.9,3.3,20.5,0.0,0
2024-05-17 18:00:00,10.7,25,1019.2,1.9,18.0,0.0,0
2024-05-17 19:00:00,9.8,27,1019.4,2.9,15.1,0.0,0
2024-05-17 20:00:00,6.5,39,1019.5,8.9,23.4,0.0,0
2024-05-17 21:00:00,5.6,44,1019.8,6.9,23.4,0.0,0
2024-05-17 22:00:00,8.1,29,1020.2,3.7,21.6,0.0,0
2024-05-17 23:00:00,7.7,29,1020.9,1.3,17.6,0.0,0
2024-05-18 00:00:00,5.3,37,1021.8,5.4,18.0,0.0,0
2024-05-18 01:00:00,6.5,42,1022.7,6.6,21.2,0.0,0
2024-05-18 02:00:00,8.5,30,1023.4,5.3,23.0,0.0,0
2024-05-18 03:00:00,9.4,28,1022.9,4.6,26.3,0.0,0
2024-05-18 04:00:00,10.9,26,1021.8,3.4,24.1,0.0,0
2024-05-18 05:00:00,12.3,23,1020.3,4.8,25.9,0.0,0
2024-05-18 06:00:00,13.6,21,1018.4,5.5,28.8,0.0,0
2024-05-18 07:00:00,14.7,18,1016.4,6.0,31.0,0.0,0
2024-05-18 08:00:00,15.6,16,1014.7,6.0,31.3,0.0,9
2024-05-18 09:00:00,16.3,14,1013.0,6.4,31.3,0.0,1
2024-05-18 10:00:00,16.8,13,1011.4,5.9,31.3,0.0,4
2024-05-18 11:00:00,16.7,13,1010.5,4.8,30.2,0.0,1
2024-05-18 12:00:00,16.3,14,1010.4,3.9,27.4,0.0,5
2024-05-18 13:00:00,16.0,18,1009.9,5.8,30.2,0.0,10
2024-05-18 14:00:00,14.8,20,1011.2,2.3,27.0,0.0,6
2024-05-18 15:00:00,13.3,39,1012.6,3.7,22.3,0.0,2
2024-05-18 16:00:00,13.1,28,1013.8,1.5,22.3,0.0,11
2024-05-18 17:00:00,11.4,39,1014.3,4.2,20.2,0.0,32
2024-05-18 18:00:00,9.5,45,1014.3,6.2,21.2,0.0,5
2024-05-18 19:00:00,10.8,32,1014.0,3.6,20.9,0.0,8
2024-05-18 20:00:00,9.8,34,1014.1,2.6,15.1,0.0,29
2024-05-18 21:00:00,6.6,49,1015.1,7.0,18.0,0.0,95
2024-05-18 22:00:00,6.5,46,1016.0,8.4,22.3,0.0,48
2024-05-18 23:00:00,6.5,45,1016.5,6.1,22.3,0.0,0
2024-05-19 00:00:00,8.5,36,1017.1,2.0,20.5,0.0,0
2024-05-19 01:00:00,8.0,51,1017.8,5.2,19.4,0.0,29
2024-05-19 02:00:00,9.5,38,1019.1,4.1,20.2,0.0,8
2024-05-19 03:00:00,10.7,34,1018.8,4.5,23.0,0.0,0
2024-05-19 04:00:00,12.2,31,1017.6,4.1,23.8,0.0,0
2024-05-19 05:00:00,13.6,29,1016.0,4.0,24.8,0.0,5
2024-05-19 06:00:00,15.1,26,1014.0,3.9,25.6,0.0,21
2024-05-19 07:00:00,16.0,23,1012.6,6.2,31.0,0.0,36
2024-05-19 08:00:00,16.7,21,1010.9,6.5,31.7,0.0,39
2024-05-19 09:00:00,17.1,20,1009.7,7.8,32.8,0.0,46
2024-05-19 10:00:00,16.4,23,1009.7,13.8,45.4,0.0,87
2024-05-19 11:00:00,14.4,32,1010.9,11.2,51.1,0.0,83
2024-05-19 12:00:00,14.5,22,1010.1,10.0,40.3,0.0,26
2024-05-19 13:00:00,14.0,24,1010.0,6.5,32.8,0.0,51
2024-05-19 14:00:00,13.3,23,1010.7,3.3,27.7,0.0,39
2024-05-19 15:00:00,12.8,33,1011.3,4.0,20.5,0.0,25
2024-05-19 16:00:00,12.6,25,1012.4,2.2,19.4,0.0,11
2024-05-19 17:00:00,11.9,26,1013.2,1.5,16.6,0.0,22
2024-05-19 18:00:00,9.5,37,1013.1,8.1,22.3,0.0,48
2024-05-19 19:00:00,8.8,39,1012.7,8.2,23.8,0.0,1
2024-05-19 20:00:00,10.7,29,1012.7,1.4,23.4,0.0,0
2024-05-19 21:00:00,10.0,31,1013.1,1.4,14.8,0.0,1
2024-05-19 22:00:00,9.6,33,1013.4,2.2,15.5,0.0,1
2024-05-19 23:00:00,9.3,33,1014.0,4.3,16.9,0.0,29
2024-05-20 00:00:00,7.4,41,1014.9,5.4,18.7,0.0,29
2024-05-20 01:00:00,8.1,53,1016.9,3.9,19.1,0.0,19
2024-05-20 02:00:00,9.5,37,1017.5,4.3,20.9,0.0,27
2024-05-20 03:00:00,9.8,38,1018.7,6.9,29.2,0.0,16
2024-05-20 04:00:00,11.2,34,1018.1,6.2,28.8,0.0,28
2024-05-20 05:00:00,12.2,32,1017.2,6.1,30.6,0.0,32
2024-05-20 06:00:00,13.3,29,1016.3,4.5,29.9,0.0,48
2024-05-20 07:00:00,13.9,27,1015.0,2.4,26.6,0.0,44
2024-05-20 08:00:00,15.2,25,1013.4,6.0,31.7,0.0,22
2024-05-20 09:00:00,15.0,25,1013.1,9.3,39.6,0.0,32
2024-05-20 10:00:00,14.6,27,1012.9,10.0,40.7,0.0,26
2024-05-20 11:00:00,14.5,27,1012.2,7.4,40.7,0.0,21
2024-05-20 12:00:00,14.2,28,1012.1,4.7,35.3,0.0,4
2024-05-20 13:00:00,13.6,31,1012.3,9.6,41.4,0.0,19
2024-05-20 14:00:00,12.6,34,1013.8,7.6,40.7,0.0,5
2024-05-20 15:00:00,12.2,36,1014.7,4.6,36.0,0.0,2
2024-05-20 16:00:00,12.0,34,1015.6,2.1,27.7,0.0,0
2024-05-20 17:00:00,11.2,35,1016.3,2.6,20.5,0.0,1
2024-05-20 18:00:00,10.4,36,1016.9,1.8,19.1,0.0,0
2024-05-20 19:00:00,9.6,37,1017.1,1.5,16.2,0.0,0
2024-05-20 20:00:00,8.7,40,1017.4,3.1,14.4,0.0,0
2024-05-20 21:00:00,6.7,51,1017.8,5.1,18.4,0.0,0
2024-05-20 22:00:00,5.8,54,1018.1,5.4,18.7,0.0,0
2024-05-20 23:00:00,7.3,46,1018.6,1.1,18.4,0.0,0
2024-05-21 00:00:00,6.9,48,1019.2,0.8,12.2,0.0,0
2024-05-21 01:00:00,6.3,51,1021.3,1.8,14.8,0.0,1
2024-05-21 02:00:00,7.7,42,1021.7,4.4,22.3,0.0,1
2024-05-21 03:00:00,8.9,36,1021.6,4.3,24.5,0.0,0
2024-05-21 04:00:00,10.4,32,1020.2,4.3,24.8,0.0,0
2024-05-21 05:00:00,12.1,28,1018.7,4.7,27.0,0.0,1
2024-05-21 06:00:00,13.7,24,1017.2,5.4,29.9,0.0,0
2024-05-21 07:00:00,15.0,22,1015.5,5.4,31.0,0.0,21
2024-05-21 08:00:00,15.9,20,1013.6,5.9,32.4,0.0,34
2024-05-21 09:00:00,17.0,18,1011.9,5.8,31.3,0.0,40
2024-05-21 10:00:00,17.2,17,1010.9,6.5,33.1,0.0,47
2024-05-21 11:00:00,17.0,18,1010.6,4.8,32.8,0.0,38
2024-05-21 12:00:00,16.9,18,1010.3,4.2,27.7,0.0,20
2024-05-21 13:00:00,16.8,20,1010.5,8.0,34.9,0.0,19
2024-05-21 14:00:00,15.7,21,1011.6,5.2,36.0,0.0,2
2024-05-21 15:00:00,14.5,23,1012.8,5.4,29.9,0.0,0
2024-05-21 16:00:00,13.0,28,1014.3,3.9,29.5,0.0,0
2024-05-21 17:00:00,11.5,30,1015.3,4.5,26.6,0.0,0
2024-05-21 18:00:00,10.2,33,1016.1,5.2,26.6,0.0,0
2024-05-21 19:00:00,9.5,34,1016.3,4.7,25.2,0.0,0
2024-05-21 20:00:00,7.8,38,1016.5,6.3,23.8,0.0,0
2024-05-21 21:00:00,7.1,39,1016.8,6.2,22.7,0.0,0
2024-05-21 22:00:00,6.3,39,1017.1,6.5,20.5,0.0,0
2024-05-21 23:00:00,5.9,39,1017.6,6.2,19.1,0.0,0
2024-05-22 00:00:00,6.0,37,1018.6,5.6,18.0,0.0,0
2024-05-22 01:00:00,8.0,35,1020.6,0.7,15.8,0.0,0
2024-05-22 02:00:00,9.7,34,1021.1,3.8,19.8,0.0,0
2024-05-22 03:00:00,11.0,33,1020.7,5.2,24.8,0.0,0
2024-05-22 04:00:00,12.4,30,1019.6,5.8,27.7,0.0,0
2024-05-22 05:00:00,13.9,27,1018.4,6.2,29.9,0.0,0
2024-05-22 06:00:00,15.4,24,1016.5,6.3,31.3,0.0,0
2024-05-22 07:00:00,16.8,21,1014.3,6.6,32.4,0.0,6
2024-05-22 08:00:00,17.8,19,1012.5,6.5,33.8,0.0,26
2024-05-22 09:00:00,18.5,17,1011.1,6.1,33.1,0.0,7
2024-05-22 10:00:00,19.0,15,1010.1,6.8,34.2,0.0,4
2024-05-22 11:00:00,18.9,15,1009.3,8.3,37.1,0.0,4
2024-05-22 12:00:00,18.5,15,1009.1,8.7,38.9,0.0,1
2024-05-22 13:00:00,18.4,14,1009.0,9.3,42.5,0.0,0
2024-05-22 14:00:00,17.0,16,1010.2,6.6,40.0,0.0,0
2024-05-22 15:00:00,15.7,18,1011.6,7.8,34.6,0.0,0
2024-05-22 16:00:00,14.1,21,1013.3,7.4,33.5,0.0,0
2024-05-22 17:00:00,12.4,25,1014.0,7.3,31.7,0.0,0
2024-05-22 18:00:00,10.8,30,1014.7,5.5,29.9,0.0,0
2024-05-22 19:00:00,9.8,31,1015.0,5.4,27.0,0.0,0
2024-05-22 20:00:00,8.3,33,1014.8,7.1,23.4,0.0,0
2024-05-22 21:00:00,7.8,33,1015.0,6.4,23.0,0.0,0
2024-05-22 22:00:00,8.9,27,1015.4,5.0,20.9,0.0,0
2024-05-22 23:00:00,9.6,24,1015.9,4.2,18.7,0.0,0
2024-05-23 00:00:00,9.3,23,1016.9,3.9,17.6,0.0,0
2024-05-23 01:00:00,9.1,31,1017.4,2.4,17.6,0.0,0
2024-05-23 02:00:00,11.3,27,1018.0,3.9,18.7,0.0,0
2024-05-23 03:00:00,12.5,25,1017.5,5.4,25.2,0.0,0
2024-05-23 04:00:00,13.9,22,1016.4,4.9,25.9,0.0,0
2024-05-23 05:00:00,15.3,19,1015.0,4.1,25.9,0.0,0
2024-05-23 06:00:00,16.5,18,1013.7,3.4,25.6,0.0,29
2024-05-23 07:00:00,17.7,16,1012.0,3.1,25.2,0.0,21
2024-05-23 08:00:00,18.4,13,1010.3,3.9,26.6,0.0,14
2024-05-23 09:00:00,18.9,12,1009.1,5.6,31.3,0.0,7
2024-05-23 10:00:00,19.2,11,1008.1,7.2,34.9,0.0,18
2024-05-23 11:00:00,19.1,11,1007.4,10.8,42.8,0.0,14
2024-05-23 12:00:00,18.6,10,1007.8,12.4,49.0,0.0,0
2024-05-23 13:00:00,17.9,9,1008.7,9.7,46.1,0.0,0
2024-05-23 14:00:00,16.4,11,1010.2,4.2,42.1,0.0,0
2024-05-23 15:00:00,14.8,20,1011.7,4.0,30.2,0.0,0
2024-05-23 16:00:00,14.1,17,1012.9,3.7,27.4,0.0,0
2024-05-23 17:00:00,14.3,12,1013.6,2.6,26.3,0.0,0
2024-05-23 18:00:00,13.4,12,1013.9,1.8,23.4,0.0,0
2024-05-23 19:00:00,12.4,14,1014.0,0.4,19.8,0.0,0
2024-05-23 20:00:00,10.0,19,1014.0,5.0,19.4,0.0,0
2024-05-23 21:00:00,7.8,24,1014.2,6.4,22.3,0.0,0
2024-05-23 22:00:00,9.0,21,1015.0,4.7,21.2,0.0,0
2024-05-23 23:00:00,6.0,29,1015.7,6.8,20.9,0.0,0
2024-05-24 00:00:00,6.3,27,1016.1,5.9,20.9,0.0,0
2024-05-24 01:00:00,8.8,29,1017.9,2.6,18.0,0.0,0
2024-05-24 02:00:00,10.7,20,1018.1,2.2,18.0,0.0,0
2024-05-24 03:00:00,12.4,17,1017.0,4.0,23.0,0.0,0
2024-05-24 04:00:00,13.7,16,1016.1,4.8,27.4,0.0,0
2024-05-24 05:00:00,15.0,16,1015.3,4.2,27.4,0.0,0
2024-05-24 06:00:00,16.1,15,1014.1,4.5,28.4,0.0,0
2024-05-24 07:00:00,17.3,14,1012.7,6.1,31.3,0.0,21
2024-05-24 08:00:00,18.2,13,1010.7,7.9,34.9,0.0,40
2024-05-24 09:00:00,18.9,13,1009.3,8.4,37.1,0.0,26
2024-05-24 10:00:00,18.8,14,1008.6,8.2,38.2,0.0,59
2024-05-24 11:00:00,18.7,14,1007.7,8.4,38.5,0.0,14
2024-05-24 12:00:00,17.8,15,1008.1,8.6,40.0,0.0,1
2024-05-24 13:00:00,18.2,13,1007.1,10.6,42.5,0.0,51
2024-05-24 14:00:00,16.7,16,1008.7,8.0,42.8,0.0,6
2024-05-24 15:00:00,15.4,19,1011.2,9.6,43.6,0.0,0
2024-05-24 16:00:00,13.9,21,1013.4,9.8,45.7,0.0,0
2024-05-24 17:00:00,12.5,24,1014.6,7.9,43.2,0.0,0
2024-05-24 18:00:00,11.1,29,1014.8,6.4,37.1,0.0,0
2024-05-24 19:00:00,11.5,26,1015.0,4.7,31.7,0.0,0
2024-05-24 20:00:00,12.0,24,1015.1,3.3,26.6,0.0,0
2024-05-24 21:00:00,10.8,27,1015.2,1.1,23.0,0.0,0
2024-05-24 22:00:00,10.1,28,1015.4,1.0,15.8,0.0,0
2024-05-24 23:00:00,7.8,33,1015.8,5.6,18.7,0.0,0
2024-05-25 00:00:00,9.5,27,1016.7,1.1,18.7,0.0,0
2024-05-25 01:00:00,8.8,38,1017.8,2.6,16.2,0.0,0
2024-05-25 02:00:00,10.7,30,1017.8,2.6,19.8,0.0,0
2024-05-25 03:00:00,12.2,27,1017.5,3.1,21.2,0.0,0
2024-05-25 04:00:00,13.5,25,1016.5,3.1,21.6,0.0,0
2024-05-25 05:00:00,15.0,22,1015.1,4.5,25.2,0.0,0
2024-05-25 06:00:00,16.2,19,1013.4,5.2,28.4,0.0,28
2024-05-25 07:00:00,17.2,17,1011.7,5.5,29.5,0.0,23
2024-05-25 08:00:00,17.8,16,1010.0,4.5,29.5,0.0,65
2024-05-25 09:00:00,18.5,16,1008.3,3.5,25.9,0.0,65
2024-05-25 10:00:00,18.8,17,1007.3,5.0,28.4,0.0,37
2024-05-25 11:00:00,18.7,17,1006.7,6.8,33.1,0.0,54
2024-05-25 12:00:00,18.3,17,1006.9,8.4,37.1,0.0,51
2024-05-25 13:00:00,17.4,16,1008.6,12.2,47.9,0.0,2
2024-05-25 14:00:00,16.1,17,1009.6,7.9,47.9,0.0,1
2024-05-25 15:00:00,15.3,19,1010.8,6.1,36.7,0.0,0
2024-05-25 16:00:00,14.0,21,1012.1,7.4,36.0,0.0,0
2024-05-25 17:00:00,12.5,24,1012.8,7.1,38.2,0.0,0
2024-05-25 18:00:00,11.9,26,1013.2,4.4,34.9,0.0,0
2024-05-25 19:00:00,12.1,24,1013.0,3.0,25.2,0.0,0
2024-05-25 20:00:00,9.7,30,1012.9,5.0,19.8,0.0,0
2024-05-25 21:00:00,10.3,27,1013.1,3.2,18.7,0.0,0
2024-05-25 22:00:00,7.5,35,1013.7,6.5,20.2,0.0,0
2024-05-25 23:00:00,10.2,28,1014.3,3.3,20.9,0.0,0
2024-05-26 00:00:00,9.6,29,1015.1,2.5,16.2,0.0,0
2024-05-26 01:00:00,10.2,24,1015.4,1.8,18.4,0.0,0
2024-05-26 02:00:00,11.2,24,1015.9,2.1,19.1,0.0,0
2024-05-26 03:00:00,12.6,22,1015.2,1.4,16.9,0.0,0
2024-05-26 04:00:00,13.9,21,1014.3,1.8,18.0,0.0,0
2024-05-26 05:00:00,15.2,19,1012.9,2.5,20.9,0.0,10
2024-05-26 06:00:00,16.4,17,1011.7,2.2,21.6,0.0,33
2024-05-26 07:00:00,17.7,17,1009.8,1.3,20.9,0.0,48
2024-05-26 08:00:00,19.1,14,1007.3,3.1,24.5,0.0,33
2024-05-26 09:00:00,19.6,13,1005.6,3.4,26.6,0.0,71
2024-05-26 10:00:00,20.2,11,1004.4,6.4,33.8,0.0,28
2024-05-26 11:00:00,20.2,9,1003.9,9.0,41.4,0.0,24
2024-05-26 12:00:00,19.4,9,1004.3,11.8,49.3,0.0,0
2024-05-26 13:00:00,18.4,11,1005.8,16.6,60.5,0.0,8
2024-05-26 14:00:00,16.8,14,1007.4,12.1,60.5,0.0,3
2024-05-26 15:00:00,15.7,17,1009.1,9.7,50.4,0.0,1
2024-05-26 16:00:00,14.7,20,1011.1,9.3,46.1,0.0,0
2024-05-26 17:00:00,13.3,24,1012.3,7.3,41.0,0.0,0
2024-05-26 18:00:00,11.9,27,1012.8,6.2,36.0,0.0,0
2024-05-26 19:00:00,10.8,30,1012.8,5.4,32.0,0.0,0
2024-05-26 20:00:00,11.5,28,1012.9,3.8,28.8,0.0,0
2024-05-26 21:00:00,10.9,29,1013.0,1.8,24.5,0.0,0
2024-05-26 22:00:00,10.1,31,1013.3,0.5,17.3,0.0,0
2024-05-26 23:00:00,9.6,32,1013.9,1.5,13.0,0.0,0
2024-05-27 00:00:00,7.4,36,1014.3,5.2,17.3,0.0,0
2024-05-27 01:00:00,9.2,38,1015.0,2.2,17.3,0.0,0
2024-05-27 02:00:00,10.9,29,1015.3,3.6,19.1,0.0,0
2024-05-27 03:00:00,12.4,25,1014.3,3.1,20.9,0.0,0
2024-05-27 04:00:00,13.8,21,1012.9,3.2,22.0,0.0,0
2024-05-27 05:00:00,15.1,20,1011.4,4.1,25.6,0.0,16
2024-05-27 06:00:00,16.3,17,1009.9,4.3,26.3,0.0,14
2024-05-27 07:00:00,17.2,16,1008.0,2.9,26.3,0.0,13
2024-05-27 08:00:00,18.4,15,1006.1,3.6,24.1,0.0,36
2024-05-27 09:00:00,19.6,13,1003.8,6.9,32.8,0.0,62
2024-05-27 10:00:00,20.2,12,1002.4,6.4,33.8,0.0,75
2024-05-27 11:00:00,20.6,10,1001.5,11.6,47.2,0.0,26
2024-05-27 12:00:00,20.1,7,1001.4,14.0,54.4,0.0,12
2024-05-27 13:00:00,18.2,10,1003.2,15.7,60.8,0.0,6
2024-05-27 14:00:00,16.6,15,1005.0,10.9,59.8,0.0,19
2024-05-27 15:00:00,15.7,18,1006.4,8.0,46.8,0.0,76
2024-05-27 16:00:00,14.8,21,1007.8,8.2,40.0,0.0,13
2024-05-27 17:00:00,13.5,24,1008.5,7.6,38.5,0.0,0
2024-05-27 18:00:00,12.4,24,1009.1,9.0,37.1,0.0,0
2024-05-27 19:00:00,11.1,27,1009.7,8.3,36.7,0.0,0
2024-05-27 20:00:00,10.0,30,1009.9,5.6,34.2,0.0,0
2024-05-27 21:00:00,10.3,30,1010.0,4.7,29.9,0.0,21
2024-05-27 22:00:00,10.3,30,1010.6,4.3,27.7,0.0,47
2024-05-27 23:00:00,10.1,30,1011.2,2.9,26.3,0.0,42
2024-05-28 00:00:00,7.5,37,1011.8,5.7,23.4,0.0,41
2024-05-28 01:00:00,9.0,35,1013.0,2.9,19.8,0.0,23
2024-05-28 02:00:00,9.9,31,1012.8,3.3,21.6,0.0,3
2024-05-28 03:00:00,11.2,30,1012.2,3.3,23.0,0.0,0
2024-05-28 04:00:00,12.5,29,1011.1,2.5,22.7,0.0,35
2024-05-28 05:00:00,13.9,24,1009.8,2.6,23.0,0.0,66
2024-05-28 06:00:00,14.8,21,1008.6,2.5,23.4,0.0,54
2024-05-28 07:00:00,15.1,21,1007.7,4.1,25.6,0.0,61
2024-05-28 08:00:00,16.1,19,1006.0,5.1,29.5,0.0,66
2024-05-28 09:00:00,17.0,17,1004.5,6.9,34.9,0.0,68
2024-05-28 10:00:00,17.1,17,1003.3,9.4,41.8,0.0,85
2024-05-28 11:00:00,16.8,16,1002.9,11.3,45.0,0.0,29
2024-05-28 12:00:00,16.5,16,1003.1,14.0,50.8,0.0,17
2024-05-28 13:00:00,14.7,20,1005.7,14.2,54.7,0.0,81
2024-05-28 14:00:00,13.3,23,1007.4,13.7,52.2,0.0,51
2024-05-28 15:00:00,12.3,27,1009.1,12.1,47.9,0.0,89
2024-05-28 16:00:00,11.2,30,1011.0,9.8,43.6,0.0,68
2024-05-28 17:00:00,10.3,34,1012.0,9.6,39.6,0.0,83
2024-05-28 18:00:00,9.6,35,1012.0,6.6,36.7,0.0,48
2024-05-28 19:00:00,8.2,42,1012.4,4.6,29.5,0.0,49
2024-05-28 20:00:00,7.7,41,1012.7,4.0,24.8,0.0,27
2024-05-28 21:00:00,7.5,41,1013.2,3.5,22.3,0.0,29
2024-05-28 22:00:00,6.6,44,1013.7,3.8,20.2,0.0,4
2024-05-28 23:00:00,7.1,41,1013.8,3.0,20.2,0.0,0
2024-05-29 00:00:00,6.9,42,1014.9,0.8,18.4,0.0,15
2024-05-29 01:00:00,5.8,45,1016.8,4.0,18.7,0.0,18
2024-05-29 02:00:00,7.4,42,1016.1,3.6,19.4,0.0,14
2024-05-29 03:00:00,8.9,39,1015.3,2.4,19.8,0.0,6
2024-05-29 04:00:00,10.0,34,1014.7,3.3,23.0,0.0,65
2024-05-29 05:00:00,11.4,27,1013.4,3.7,24.1,0.0,50
2024-05-29 06:00:00,12.4,24,1012.1,1.5,25.2,0.0,53
2024-05-29 07:00:00,13.8,21,1010.5,3.9,25.9,0.0,54
2024-05-29 08:00:00,15.0,16,1008.8,6.2,33.1,0.0,80
2024-05-29 09:00:00,15.6,16,1007.4,6.8,36.4,0.0,89
2024-05-29 10:00:00,14.6,18,1007.7,5.0,35.3,0.0,98
2024-05-29 11:00:00,14.1,20,1007.8,5.4,29.5,0.0,98
2024-05-29 12:00:00,13.7,22,1008.4,5.8,30.2,0.0,95
2024-05-29 13:00:00,10.7,27,1013.4,3.4,31.7,0.0,100
2024-05-29 14:00:00,10.2,32,1014.7,6.9,26.3,0.0,98
2024-05-29 15:00:00,9.1,37,1016.6,5.4,26.6,0.0,85
2024-05-29 16:00:00,7.9,42,1018.5,5.7,27.4,0.0,90
2024-05-29 17:00:00,7.1,44,1019.1,4.0,26.3,0.0,64
2024-05-29 18:00:00,6.8,48,1019.4,2.2,20.9,0.0,30
2024-05-29 19:00:00,6.2,57,1019.1,2.1,17.3,0.0,10
2024-05-29 20:00:00,5.9,60,1019.1,2.3,17.6,0.0,16
2024-05-29 21:00:00,6.1,54,1018.5,2.7,15.1,0.0,1
2024-05-29 22:00:00,5.4,56,1019.1,3.2,16.2,0.0,3
2024-05-29 23:00:00,4.3,53,1019.1,5.5,19.8,0.0,28
2024-05-30 00:00:00,6.4,38,1019.4,0.7,20.2,0.0,58
2024-05-30 01:00:00,6.3,48,1018.0,4.1,19.8,0.0,100
2024-05-30 02:00:00,7.2,34,1018.3,1.0,19.8,0.0,100
2024-05-30 03:00:00,7.7,33,1018.6,5.5,22.7,0.0,100
2024-05-30 04:00:00,8.5,35,1018.4,7.0,27.4,0.0,100
2024-05-30 05:00:00,9.8,33,1017.3,6.4,28.4,0.0,57
2024-05-30 06:00:00,10.3,35,1017.6,12.7,42.8,0.0,96
2024-05-30 07:00:00,9.3,43,1018.2,11.0,45.4,0.0,95
2024-05-30 08:00:00,8.5,46,1018.3,6.1,41.4,0.0,96
2024-05-30 09:00:00,9.6,44,1017.1,5.5,30.6,0.1,91
2024-05-30 10:00:00,9.2,48,1017.1,5.9,29.5,0.1,81
2024-05-30 11:00:00,8.0,56,1018.0,5.4,27.0,0.4,90
2024-05-30 12:00:00,9.0,47,1016.8,3.3,26.6,0.1,38
2024-05-30 13:00:00,9.0,47,1017.4,4.4,31.0,0.2,69
2024-05-30 14:00:00,8.3,48,1018.1,6.8,29.5,0.0,82
2024-05-30 15:00:00,8.1,46,1018.9,5.8,28.8,0.0,95
2024-05-30 16:00:00,7.4,49,1020.0,4.7,25.9,0.0,46
2024-05-30 17:00:00,6.7,50,1020.4,4.1,23.8,0.0,27
2024-05-30 18:00:00,6.0,59,1020.6,3.7,20.9,0.0,27
2024-05-30 19:00:00,6.3,54,1019.8,2.5,18.7,0.0,0
2024-05-30 20:00:00,5.3,62,1019.9,3.3,19.1,0.0,27
2024-05-30 21:00:00,5.5,60,1020.1,3.4,18.7,0.0,6
2024-05-30 22:00:00,5.1,61,1020.6,3.1,17.6,0.0,27
2024-05-30 23:00:00,4.9,61,1021.2,1.8,16.6,0.0,32
2024-05-31 00:00:00,4.7,60,1021.8,1.1,14.8,0.0,30
2024-05-31 01:00:00,3.6,62,1024.6,3.8,20.2,0.0,58
2024-05-31 02:00:00,4.5,55,1024.6,2.1,19.1,0.0,36
2024-05-31 03:00:00,5.9,48,1024.1,2.1,17.6,0.0,14
2024-05-31 04:00:00,7.4,44,1023.1,3.5,23.0,0.0,11
2024-05-31 05:00:00,9.1,38,1021.9,4.3,26.3,0.0,40
2024-05-31 06:00:00,10.5,32,1020.7,6.9,32.0,0.0,36
2024-05-31 07:00:00,11.5,29,1019.1,9.4,37.8,0.0,50
2024-05-31 08:00:00,11.8,28,1017.9,8.3,40.3,0.0,61
2024-05-31 09:00:00,11.9,26,1016.9,7.6,36.7,0.0,75
2024-05-31 10:00:00,12.7,24,1015.4,4.5,33.5,0.0,97
2024-05-31 11:00:00,12.6,25,1015.1,7.9,33.5,0.0,87
2024-05-31 12:00:00,11.5,29,1016.1,7.0,37.1,0.0,82
2024-05-31 13:00:00,12.2,24,1015.8,9.4,39.2,0.0,59
2024-05-31 14:00:00,10.9,27,1016.9,7.8,39.6,0.0,22
2024-05-31 15:00:00,9.7,33,1018.5,3.7,34.2,0.0,79
2024-05-31 16:00:00,7.7,44,1020.9,4.2,24.5,0.0,77
2024-05-31 17:00:00,7.5,50,1021.5,4.6,23.0,0.1,55
2024-05-31 18:00:00,6.4,59,1021.9,5.2,24.8,0.0,32
2024-05-31 19:00:00,5.5,61,1021.5,4.3,23.0,0.0,8
2024-05-31 20:00:00,4.8,64,1021.1,4.0,22.3,0.0,3
2024-05-31 21:00:00,5.6,55,1020.8,3.3,19.1,0.0,3
2024-05-31 22:00:00,5.1,58,1021.4,3.3,19.4,0.0,6
2024-05-31 23:00:00,5.1,57,1021.6,2.4,16.9,0.0,7
2024-06-01 00:00:00,4.9,55,1021.7,1.3,15.8,0.0,12
2024-06-01 01:00:00,5.0,46,1022.6,2.8,15.5,0.0,54
2024-06-01 02:00:00,6.1,41,1023.2,2.4,17.6,0.0,26
2024-06-01 03:00:00,7.2,38,1023.1,1.1,16.9,0.0,16
2024-06-01 04:00:00,8.9,33,1021.4,2.9,21.2,0.0,12
2024-06-01 05:00:00,10.9,28,1019.3,5.7,28.1,0.0,91
2024-06-01 06:00:00,11.9,28,1017.7,4.5,30.2,0.0,92
2024-06-01 07:00:00,12.5,30,1016.6,4.1,29.2,0.0,55
2024-06-01 08:00:00,12.7,30,1015.7,5.2,27.4,0.0,95
2024-06-01 09:00:00,11.8,32,1016.3,9.7,40.3,0.0,68
2024-06-01 10:00:00,13.1,29,1015.0,8.8,42.1,0.0,90
2024-06-01 11:00:00,12.6,32,1014.8,8.2,40.0,0.0,59
2024-06-01 12:00:00,11.4,34,1016.0,8.7,35.6,0.0,88
2024-06-01 13:00:00,9.9,42,1018.2,7.1,36.0,0.0,95
2024-06-01 14:00:00,8.3,48,1020.5,6.7,32.4,0.1,98
2024-06-01 15:00:00,6.4,61,1023.3,4.0,31.3,0.8,90
2024-06-01 16:00:00,6.0,63,1023.8,4.0,24.1,0.1,76
2024-06-01 17:00:00,5.8,64,1023.9,4.6,21.2,0.0,73
2024-06-01 18:00:00,5.6,65,1023.7,4.7,22.3,0.0,21
2024-06-01 19:00:00,4.7,76,1023.4,3.7,21.6,0.0,12
2024-06-01 20:00:00,4.2,72,1023.0,3.0,18.0,0.0,11
2024-06-01 21:00:00,3.8,66,1022.9,2.9,17.3,0.0,20
2024-06-01 22:00:00,3.5,64,1023.3,0.5,14.8,0.0,8
2024-06-01 23:00:00,2.5,70,1023.9,3.6,16.6,0.0,33
2024-06-02 00:00:00,3.4,58,1024.9,0.8,16.9,0.0,38
2024-06-02 01:00:00,3.5,69,1024.7,1.5,14.4,0.0,60
2024-06-02 02:00:00,4.4,60,1025.6,3.7,19.1,0.0,74
2024-06-02 03:00:00,5.2,57,1025.5,2.9,20.2,0.2,62
2024-06-02 04:00:00,7.0,47,1024.5,4.3,23.8,0.0,29
2024-06-02 05:00:00,8.7,44,1023.0,5.8,28.4,0.0,40
2024-06-02 06:00:00,10.1,39,1021.5,7.1,32.4,0.0,36
2024-06-02 07:00:00,11.4,35,1019.8,7.6,34.6,0.0,40
2024-06-02 08:00:00,12.5,30,1018.0,7.0,34.9,0.2,24
2024-06-02 09:00:00,13.1,29,1016.8,7.0,34.2,0.0,22
2024-06-02 10:00:00,13.5,25,1015.8,5.1,33.8,0.0,23
2024-06-02 11:00:00,13.7,23,1015.2,4.4,29.2,0.0,27
2024-06-02 12:00:00,13.7,22,1014.9,4.0,27.0,0.0,23
2024-06-02 13:00:00,13.9,19,1015.0,5.5,29.9,0.0,10
2024-06-02 14:00:00,12.8,48,1015.7,2.3,27.4,0.0,4
2024-06-02 15:00:00,12.5,20,1017.3,1.8,18.4,0.0,5
2024-06-02 16:00:00,11.8,22,1018.5,2.4,17.6,0.0,0
2024-06-02 17:00:00,10.8,25,1019.0,3.1,20.9,0.0,0
2024-06-02 18:00:00,9.5,29,1019.2,2.1,20.2,0.0,0
2024-06-02 19:00:00,8.7,31,1019.3,1.6,16.6,0.0,0
2024-06-02 20:00:00,6.3,44,1019.2,5.1,19.4,0.0,0
2024-06-02 21:00:00,7.7,32,1019.1,3.8,19.4,0.0,0
2024-06-02 22:00:00,6.8,35,1019.6,4.6,16.9,0.0,0
2024-06-02 23:00:00,7.1,31,1020.0,3.1,17.3,0.0,0
2024-06-03 00:00:00,6.0,34,1020.6,4.5,16.2,0.0,0
2024-06-03 01:00:00,7.0,36,1021.0,1.8,14.0,0.0,0
2024-06-03 02:00:00,8.6,36,1021.5,3.7,18.0,0.0,0
2024-06-03 03:00:00,9.9,33,1020.8,4.4,23.4,0.0,0
2024-06-03 04:00:00,11.4,29,1019.4,4.7,25.2,0.0,0
2024-06-03 05:00:00,12.9,24,1018.0,5.4,28.1,0.0,3
2024-06-03 06:00:00,14.1,23,1016.4,5.9,29.5,0.0,38
2024-06-03 07:00:00,15.1,21,1014.9,6.7,33.1,0.0,51
2024-06-03 08:00:00,15.6,19,1013.6,6.9,33.8,0.0,69
2024-06-03 09:00:00,15.8,20,1012.8,9.5,40.3,0.0,52
2024-06-03 10:00:00,15.8,18,1012.3,8.3,41.4,0.0,57
2024-06-03 11:00:00,15.6,19,1011.7,7.9,37.8,0.0,46
2024-06-03 12:00:00,15.1,21,1011.6,8.5,37.1,0.0,7
2024-06-03 13:00:00,15.0,21,1011.7,11.1,43.6,0.0,14
2024-06-03 14:00:00,13.5,26,1013.0,8.1,44.3,0.0,1
2024-06-03 15:00:00,12.1,44,1014.2,5.2,38.5,0.0,1
2024-06-03 16:00:00,11.6,42,1014.9,4.3,31.3,0.0,0
2024-06-03 17:00:00,11.7,32,1015.2,4.0,28.4,0.0,0
2024-06-03 18:00:00,11.6,28,1015.1,3.4,25.2,0.0,0
2024-06-03 19:00:00,10.9,30,1015.3,2.1,22.0,0.0,0
2024-06-03 20:00:00,10.3,32,1015.2,1.8,16.6,0.0,85
2024-06-03 21:00:00,9.8,33,1015.0,1.1,15.5,0.0,82
2024-06-03 22:00:00,9.0,35,1015.1,2.2,14.8,0.0,18
2024-06-03 23:00:00,8.5,37,1015.5,1.8,15.1,0.0,0
2024-06-04 00:00:00,5.1,50,1016.3,7.1,20.9,0.0,0
2024-06-04 01:00:00,8.1,56,1016.4,3.2,16.9,0.0,98
2024-06-04 02:00:00,9.6,37,1016.9,4.2,20.2,0.0,32
2024-06-04 03:00:00,10.7,35,1017.1,3.8,23.0,0.0,2
2024-06-04 04:00:00,12.2,33,1016.0,3.1,22.7,0.0,39
2024-06-04 05:00:00,13.2,32,1015.0,5.6,30.6,0.1,54
2024-06-04 06:00:00,14.0,30,1014.0,2.9,31.7,0.1,83
2024-06-04 07:00:00,15.2,25,1012.0,5.0,28.4,0.0,85
2024-06-04 08:00:00,15.7,25,1011.1,7.9,38.2,0.0,75
2024-06-04 09:00:00,16.0,24,1009.8,7.2,37.4,0.0,61
2024-06-04 10:00:00,15.7,23,1009.3,8.2,38.5,0.0,86
2024-06-04 11:00:00,15.5,25,1009.5,14.9,47.9,0.0,99
2024-06-04 12:00:00,13.8,31,1011.6,13.7,59.0,0.0,100
2024-06-04 13:00:00,12.9,28,1013.3,13.0,51.1,0.0,96
2024-06-04 14:00:00,11.8,29,1014.0,9.4,48.2,0.0,19
2024-06-04 15:00:00,10.8,35,1015.6,6.6,40.3,0.0,1
2024-06-04 16:00:00,9.5,45,1017.3,5.6,35.3,0.0,9
2024-06-04 17:00:00,8.2,55,1018.6,5.1,29.9,0.0,23
2024-06-04 18:00:00,7.2,60,1019.2,5.1,25.6,0.0,10
2024-06-04 19:00:00,7.4,48,1019.4,3.6,24.5,0.0,9
2024-06-04 20:00:00,7.7,43,1019.2,3.6,20.5,0.0,15
2024-06-04 21:00:00,6.0,55,1019.7,4.0,21.6,0.0,1
2024-06-04 22:00:00,5.0,60,1020.5,4.6,21.2,0.0,11
2024-06-04 23:00:00,5.5,57,1021.2,3.1,21.6,0.0,20
2024-06-05 00:00:00,3.8,64,1021.7,5.5,19.8,0.0,29
2024-06-05 01:00:00,5.7,52,1023.5,2.2,16.2,0.0,38
2024-06-05 02:00:00,6.2,52,1023.1,4.4,22.0,0.0,40
2024-06-05 03:00:00,7.4,49,1022.4,2.5,22.3,0.0,46
2024-06-05 04:00:00,9.0,44,1021.2,3.7,21.6,0.0,12
2024-06-05 05:00:00,10.8,39,1019.6,4.3,25.9,0.0,16
2024-06-05 06:00:00,12.2,35,1018.1,4.4,26.6,0.0,69
2024-06-05 07:00:00,13.5,31,1015.7,4.0,27.0,0.0,69
2024-06-05 08:00:00,14.6,28,1013.4,7.1,32.4,0.0,94
2024-06-05 09:00:00,14.5,30,1012.6,6.0,34.6,0.2,98
2024-06-05 10:00:00,15.0,28,1011.3,3.8,31.3,0.0,98
2024-06-05 11:00:00,14.8,27,1010.8,4.8,26.3,0.0,91
2024-06-05 12:00:00,12.3,39,1013.0,7.4,27.0,0.6,100
2024-06-05 13:00:00,13.2,32,1012.4,11.3,40.0,0.0,100
2024-06-05 14:00:00,11.8,34,1014.3,6.5,41.8,0.0,100
2024-06-05 15:00:00,11.3,36,1015.1,5.6,29.2,0.0,100
2024-06-05 16:00:00,10.0,46,1017.1,7.4,30.2,0.0,100
2024-06-05 17:00:00,8.1,58,1018.9,6.4,29.5,0.0,100
2024-06-05 18:00:00,8.2,52,1018.5,4.9,26.3,0.0,100
2024-06-05 19:00:00,8.5,48,1017.5,3.3,21.2,0.0,99
2024-06-05 20:00:00,8.0,51,1017.1,2.3,18.0,0.0,100
2024-06-05 21:00:00,7.6,49,1017.4,2.3,16.2,0.1,100
2024-06-05 22:00:00,7.4,56,1017.4,2.2,16.6,0.1,100
2024-06-05 23:00:00,6.8,62,1018.0,3.1,15.8,0.0,31
2024-06-06 00:00:00,6.8,55,1019.2,2.8,19.4,0.0,36
2024-06-06 01:00:00,7.2,53,1018.2,3.8,20.2,0.0,74
2024-06-06 02:00:00,8.1,49,1018.4,2.8,20.9,0.0,69
2024-06-06 03:00:00,8.5,47,1018.4,3.1,21.6,0.0,58
2024-06-06 04:00:00,9.6,46,1018.2,2.4,21.6,0.0,33
2024-06-06 05:00:00,10.6,45,1017.4,2.9,21.6,0.0,58
2024-06-06 06:00:00,11.7,41,1016.0,1.3,21.6,0.0,69
2024-06-06 07:00:00,13.2,35,1014.5,4.1,27.4,0.8,70
2024-06-06 08:00:00,12.7,42,1014.3,1.5,27.4,1.7,93
2024-06-06 09:00:00,13.8,36,1012.9,3.3,24.8,1.4,47
2024-06-06 10:00:00,14.6,32,1011.8,6.4,33.8,0.0,89
2024-06-06 11:00:00,14.5,30,1011.6,8.6,36.4,0.0,91
2024-06-06 12:00:00,13.1,37,1012.9,12.2,42.5,0.0,74
2024-06-06 13:00:00,10.8,44,1015.7,6.3,45.0,0.0,99
2024-06-06 14:00:00,11.1,44,1015.2,6.6,32.4,0.0,21
2024-06-06 15:00:00,10.1,49,1016.4,6.5,29.9,0.0,42
2024-06-06 16:00:00,9.4,52,1017.4,4.8,27.4,0.0,11
2024-06-06 17:00:00,8.3,61,1017.6,5.1,23.4,0.0,8
2024-06-06 18:00:00,7.1,68,1018.6,4.6,24.5,0.0,28
2024-06-06 19:00:00,6.4,71,1018.5,5.2,19.8,0.0,20
2024-06-06 20:00:00,5.8,73,1018.6,3.3,21.6,0.0,19
2024-06-06 21:00:00,5.4,73,1018.1,3.4,15.8,0.0,21
2024-06-06 22:00:00,5.9,68,1017.7,2.3,16.2,0.0,28
2024-06-06 23:00:00,6.3,63,1017.1,2.6,16.2,0.0,22
2024-06-07 00:00:00,5.2,66,1017.8,2.6,18.4,0.0,24
2024-06-07 01:00:00,5.7,55,1019.8,2.8,20.5,0.1,62
2024-06-07 02:00:00,6.7,50,1020.5,2.6,17.6,0.1,37
2024-06-07 03:00:00,8.1,46,1019.2,2.9,19.8,0.1,8
2024-06-07 04:00:00,9.6,39,1017.7,4.2,23.4,0.0,32
2024-06-07 05:00:00,11.0,34,1016.3,4.9,25.9,0.0,61
2024-06-07 06:00:00,12.4,30,1014.7,5.4,28.4,0.0,36
2024-06-07 07:00:00,13.1,30,1013.0,5.1,28.4,0.0,61
2024-06-07 08:00:00,13.7,29,1011.9,7.1,33.8,0.0,54
2024-06-07 09:00:00,14.3,27,1010.3,3.3,33.1,0.0,89
2024-06-07 10:00:00,14.5,27,1009.3,1.6,23.0,0.0,67
2024-06-07 11:00:00,14.9,23,1008.4,6.6,30.6,0.0,84
2024-06-07 12:00:00,14.1,21,1009.2,5.5,31.7,0.0,93
2024-06-07 13:00:00,12.2,26,1011.4,3.0,19.8,0.0,35
2024-06-07 14:00:00,11.5,29,1012.1,6.5,28.4,0.0,2
2024-06-07 15:00:00,10.7,32,1013.1,6.5,29.9,0.0,3
2024-06-07 16:00:00,10.0,34,1014.1,5.4,28.8,0.0,36
2024-06-07 17:00:00,8.9,48,1014.3,4.0,25.2,0.0,30
2024-06-07 18:00:00,8.9,36,1014.1,2.5,22.0,0.0,11
2024-06-07 19:00:00,8.2,38,1013.4,2.9,18.0,0.0,81
2024-06-07 20:00:00,6.8,45,1013.1,4.0,19.4,0.0,88
2024-06-07 21:00:00,7.7,37,1012.9,2.5,19.1,0.0,66
2024-06-07 22:00:00,7.4,38,1013.6,0.7,16.2,0.0,99
2024-06-07 23:00:00,7.3,38,1013.6,1.6,14.0,0.0,99
2024-06-08 00:00:00,6.7,41,1014.5,1.6,13.0,0.0,37
2024-06-08 01:00:00,7.8,50,1014.9,3.0,18.7,0.0,100
2024-06-08 02:00:00,8.9,37,1015.6,4.0,19.8,0.0,99
2024-06-08 03:00:00,10.4,27,1015.0,0.4,20.2,0.0,96
2024-06-08 04:00:00,11.2,25,1014.1,1.1,16.9,0.0,85
2024-06-08 05:00:00,12.9,23,1012.5,2.0,20.2,0.0,100
2024-06-08 06:00:00,14.2,23,1011.0,2.6,21.6,0.0,100
2024-06-08 07:00:00,14.9,23,1009.8,4.9,27.0,0.0,100
2024-06-08 08:00:00,15.3,25,1009.4,11.4,43.6,0.1,97
2024-06-08 09:00:00,14.8,25,1009.1,8.5,43.9,0.1,99
2024-06-08 10:00:00,15.2,25,1008.3,9.0,36.0,0.0,100
2024-06-08 11:00:00,14.7,28,1008.4,11.8,42.1,0.0,98
2024-06-08 12:00:00,13.5,29,1009.4,11.0,43.9,0.0,100
2024-06-08 13:00:00,11.7,36,1010.5,7.2,30.2,0.0,100
2024-06-08 14:00:00,10.1,51,1012.7,5.2,30.6,0.0,95
2024-06-08 15:00:00,8.9,60,1014.7,6.5,26.6,0.1,51
2024-06-08 16:00:00,7.4,65,1016.6,4.3,26.3,0.2,51
2024-06-08 17:00:00,7.2,63,1016.9,2.0,22.0,0.0,19
2024-06-08 18:00:00,7.1,62,1015.9,2.4,18.4,0.0,39
2024-06-08 19:00:00,6.9,62,1015.9,2.1,19.4,0.0,62
2024-06-08 20:00:00,5.7,68,1015.9,4.5,18.7,0.0,79
2024-06-08 21:00:00,6.5,57,1016.5,1.4,19.4,0.1,88
2024-06-08 22:00:00,4.6,71,1017.5,3.6,16.6,0.1,47
2024-06-08 23:00:00,5.2,59,1017.8,3.7,19.4,0.0,56
2024-06-09 00:00:00,4.7,68,1019.0,2.9,18.4,0.0,63
2024-06-09 01:00:00,6.1,50,1018.9,5.1,19.8,0.0,70
2024-06-09 02:00:00,6.6,46,1019.8,2.6,22.0,0.0,90
2024-06-09 03:00:00,7.4,44,1019.6,3.4,20.2,0.0,78
2024-06-09 04:00:00,8.4,40,1018.5,2.9,20.5,0.0,68
2024-06-09 05:00:00,10.4,33,1016.7,4.0,24.1,0.0,65
2024-06-09 06:00:00,12.0,28,1015.4,3.2,25.6,0.0,52
2024-06-09 07:00:00,13.3,22,1013.6,4.6,27.7,0.0,28
2024-06-09 08:00:00,14.3,18,1012.0,4.0,30.6,0.0,41
2024-06-09 09:00:00,14.8,17,1010.7,4.5,28.1,0.0,50
2024-06-09 10:00:00,14.7,17,1010.4,5.7,29.2,0.0,25
2024-06-09 11:00:00,14.7,16,1010.0,10.6,40.0,0.0,20
2024-06-09 12:00:00,13.9,19,1010.2,7.6,41.0,0.0,8
2024-06-09 13:00:00,13.3,19,1011.5,8.4,40.7,0.0,17
2024-06-09 14:00:00,12.6,20,1012.1,5.0,37.1,0.0,47
2024-06-09 15:00:00,12.4,21,1012.6,3.4,27.0,0.0,12
2024-06-09 16:00:00,11.6,27,1013.3,4.7,25.9,0.0,0
2024-06-09 17:00:00,10.4,33,1013.4,4.0,25.2,0.0,0
2024-06-09 18:00:00,10.8,27,1013.6,2.9,22.0,0.0,1
2024-06-09 19:00:00,10.3,29,1013.9,1.9,19.1,0.0,1
2024-06-09 20:00:00,9.9,30,1013.8,1.6,16.9,0.0,0
2024-06-09 21:00:00,9.5,31,1014.0,2.1,16.6,0.0,1
2024-06-09 22:00:00,8.9,32,1014.2,1.8,16.6,0.0,3
2024-06-09 23:00:00,8.6,32,1014.8,0.8,15.1,0.0,1
2024-06-10 00:00:00,8.4,32,1015.6,1.1,14.0,0.0,0
2024-06-10 01:00:00,8.2,39,1015.5,3.5,18.4,0.0,0
2024-06-10 02:00:00,10.4,26,1015.7,4.5,22.7,0.0,0
2024-06-10 03:00:00,11.8,23,1015.5,4.3,25.2,0.0,2
2024-06-10 04:00:00,13.1,21,1014.7,4.0,25.9,0.0,22
2024-06-10 05:00:00,14.1,20,1013.7,2.9,25.2,0.0,70
2024-06-10 06:00:00,15.1,18,1012.9,4.8,27.7,0.0,57
2024-06-10 07:00:00,15.5,17,1012.0,3.2,29.9,0.0,52
2024-06-10 08:00:00,16.1,16,1011.1,4.5,27.0,0.0,71
2024-06-10 09:00:00,15.8,16,1010.8,5.9,32.8,0.0,52
2024-06-10 10:00:00,16.7,14,1009.4,9.5,37.1,0.0,27
2024-06-10 11:00:00,17.0,15,1008.9,13.9,51.8,0.0,14
2024-06-10 12:00:00,16.1,17,1009.4,12.3,51.8,0.0,94
2024-06-10 13:00:00,14.8,20,1011.5,11.2,47.2,0.0,94
2024-06-10 14:00:00,13.9,22,1012.3,7.1,45.4,0.0,88
2024-06-10 15:00:00,13.4,25,1013.6,5.2,34.2,0.0,62
2024-06-10 16:00:00,12.7,28,1014.4,4.6,29.5,0.0,22
2024-06-10 17:00:00,11.2,34,1014.7,4.7,26.3,0.0,61
2024-06-10 18:00:00,10.5,37,1015.0,3.6,24.5,0.0,72
2024-06-10 19:00:00,11.0,34,1015.1,2.4,23.0,0.0,57
2024-06-10 20:00:00,10.4,35,1015.1,2.3,19.8,0.0,42
2024-06-10 21:00:00,8.1,46,1015.9,4.2,22.3,0.0,74
2024-06-10 22:00:00,7.6,51,1017.0,3.4,23.0,0.0,92
2024-06-10 23:00:00,7.3,52,1018.0,1.8,21.2,0.0,98
2024-06-11 00:00:00,6.7,55,1019.1,0.5,14.8,0.1,98
2024-06-11 01:00:00,7.0,51,1020.5,4.8,27.4,0.0,88
2024-06-11 02:00:00,6.9,57,1021.8,6.2,25.6,0.0,87
2024-06-11 03:00:00,7.4,56,1021.8,3.6,26.6,0.1,81
2024-06-11 04:00:00,9.5,44,1020.0,4.6,24.8,0.0,48
2024-06-11 05:00:00,11.4,36,1018.1,6.0,30.2,0.0,7
2024-06-11 06:00:00,13.1,28,1016.4,4.3,29.9,0.0,33
2024-06-11 07:00:00,14.3,24,1014.7,3.6,27.0,0.1,40
2024-06-11 08:00:00,15.0,22,1012.7,4.4,25.6,0.0,49
2024-06-11 09:00:00,14.9,23,1012.5,10.2,38.5,0.0,47
2024-06-11 10:00:00,14.6,28,1012.5,7.6,42.1,0.0,52
2024-06-11 11:00:00,14.9,26,1011.6,5.3,34.9,0.0,44
2024-06-11 12:00:00,15.0,24,1011.0,5.9,28.4,0.0,4
2024-06-11 13:00:00,15.1,21,1010.7,6.4,34.9,0.0,2
2024-06-11 14:00:00,14.1,23,1011.5,6.8,30.6,0.0,0
2024-06-11 15:00:00,13.3,25,1012.7,5.9,30.2,0.0,2
2024-06-11 16:00:00,12.3,29,1013.7,5.2,28.4,0.0,1
2024-06-11 17:00:00,11.4,32,1014.1,3.8,26.6,0.0,0
2024-06-11 18:00:00,11.4,31,1014.5,1.5,22.7,0.0,3
2024-06-11 19:00:00,10.7,32,1014.8,0.8,15.8,0.0,0
2024-06-11 20:00:00,10.2,34,1015.2,0.5,12.2,0.0,0
2024-06-11 21:00:00,9.8,35,1015.5,1.1,12.6,0.0,0
2024-06-11 22:00:00,9.3,36,1015.9,1.3,13.3,0.0,0
2024-06-11 23:00:00,8.8,38,1016.6,1.1,11.9,0.0,0
2024-06-12 00:00:00,8.5,38,1017.4,1.3,13.0,0.0,0
2024-06-12 01:00:00,8.5,38,1018.9,2.9,16.2,0.0,0
2024-06-12 02:00:00,9.8,37,1019.1,3.8,18.7,0.0,0
2024-06-12 03:00:00,10.9,36,1019.1,2.8,21.6,0.0,0
2024-06-12 04:00:00,12.5,30,1017.9,3.1,22.3,0.0,0
2024-06-12 05:00:00,14.0,27,1016.4,4.1,25.9,0.0,35
2024-06-12 06:00:00,15.1,25,1015.1,4.3,28.4,0.0,69
2024-06-12 07:00:00,15.8,22,1013.8,4.6,28.1,0.0,71
2024-06-12 08:00:00,16.7,20,1012.5,5.2,29.2,0.0,81
2024-06-12 09:00:00,17.0,19,1011.5,7.3,36.4,0.0,82
2024-06-12 10:00:00,16.9,21,1010.9,4.7,36.0,0.0,94
2024-06-12 11:00:00,16.7,23,1010.2,5.8,30.6,0.0,72
2024-06-12 12:00:00,16.4,24,1009.9,8.3,35.3,0.0,81
2024-06-12 13:00:00,15.3,27,1011.3,10.9,42.5,0.0,96
2024-06-12 14:00:00,13.9,32,1012.7,7.3,42.8,0.0,96
2024-06-12 15:00:00,13.2,35,1013.8,5.9,33.8,0.0,9
2024-06-12 16:00:00,12.5,37,1014.7,5.1,29.9,0.0,2
2024-06-12 17:00:00,11.4,42,1015.2,5.2,26.6,0.0,0
2024-06-12 18:00:00,11.1,43,1015.5,3.3,25.2,0.0,0
2024-06-12 19:00:00,11.1,42,1015.5,2.5,19.8,0.0,1
2024-06-12 20:00:00,10.6,44,1015.5,1.8,16.9,0.0,7
2024-06-12 21:00:00,10.2,46,1015.6,1.8,14.8,0.0,17
2024-06-12 22:00:00,9.5,48,1015.5,2.4,17.3,0.0,18
2024-06-12 23:00:00,9.1,48,1016.1,0.5,16.2,0.0,29
2024-06-13 00:00:00,8.1,53,1017.6,3.5,18.0,0.0,38
2024-06-13 01:00:00,6.4,66,1021.5,2.3,17.3,0.0,63
2024-06-13 02:00:00,7.2,58,1021.6,2.3,16.2,0.0,34
2024-06-13 03:00:00,8.0,55,1021.7,4.3,21.2,0.0,66
2024-06-13 04:00:00,8.9,51,1020.9,2.7,22.0,0.0,39
2024-06-13 05:00:00,10.5,47,1019.4,4.4,23.4,0.0,36
2024-06-13 06:00:00,12.4,42,1017.3,5.7,28.8,0.0,14
2024-06-13 07:00:00,14.1,37,1014.9,5.4,30.2,0.0,19
2024-06-13 08:00:00,15.6,32,1012.1,7.2,32.8,0.0,42
2024-06-13 09:00:00,15.5,31,1011.3,7.9,34.2,0.3,89
2024-06-13 10:00:00,15.4,34,1010.6,6.0,34.6,0.5,77
2024-06-13 11:00:00,15.8,33,1009.7,8.4,35.6,0.7,85
2024-06-13 12:00:00,14.2,39,1010.8,6.9,40.7,0.4,79
2024-06-13 13:00:00,12.1,52,1014.0,6.3,28.8,0.0,87
2024-06-13 14:00:00,10.7,59,1015.8,6.0,29.5,0.0,85
2024-06-13 15:00:00,10.1,63,1017.0,4.3,27.7,0.0,97
2024-06-13 16:00:00,9.5,67,1017.6,4.7,23.8,0.0,64
2024-06-13 17:00:00,8.9,67,1018.0,3.3,22.7,0.0,35
2024-06-13 18:00:00,8.8,66,1017.5,3.0,19.1,0.0,18
2024-06-13 19:00:00,8.4,69,1017.2,2.5,18.4,0.0,25
2024-06-13 20:00:00,7.8,72,1017.1,1.8,15.8,0.0,10
2024-06-13 21:00:00,7.1,74,1017.1,4.7,18.0,0.0,28
2024-06-13 22:00:00,6.7,79,1017.6,3.8,18.0,0.0,36
2024-06-13 23:00:00,6.9,82,1017.7,2.2,16.2,0.0,45
2024-06-14 00:00:00,7.1,72,1018.2,3.6,17.6,0.0,48
2024-06-14 01:00:00,6.9,62,1018.9,3.8,16.9,0.3,66
2024-06-14 02:00:00,7.3,64,1019.5,5.6,23.4,0.0,57
2024-06-14 03:00:00,7.8,59,1019.4,3.2,24.1,0.1,57
2024-06-14 04:00:00,9.4,53,1018.5,6.0,26.6,0.0,21
2024-06-14 05:00:00,11.5,47,1016.6,6.4,29.9,0.0,12
2024-06-14 06:00:00,12.5,45,1015.3,9.1,35.6,0.0,25
2024-06-14 07:00:00,13.0,46,1014.4,9.1,37.4,0.0,31
2024-06-14 08:00:00,14.4,40,1012.3,8.0,36.4,0.0,24
2024-06-14 09:00:00,15.4,36,1010.7,7.3,34.6,0.0,33
2024-06-14 10:00:00,16.0,32,1009.3,7.5,33.1,0.0,61
2024-06-14 11:00:00,15.9,32,1009.0,5.1,33.1,0.0,72
2024-06-14 12:00:00,15.8,31,1009.1,8.2,35.3,0.0,73
2024-06-14 13:00:00,13.2,43,1011.7,4.2,29.5,0.0,78
2024-06-14 14:00:00,12.4,46,1012.8,8.7,38.2,0.0,99
2024-06-14 15:00:00,11.9,49,1013.7,6.0,35.6,0.0,39
2024-06-14 16:00:00,11.2,52,1014.5,3.8,24.8,0.0,66
2024-06-14 17:00:00,10.9,53,1015.2,1.8,19.1,0.0,27
2024-06-14 18:00:00,10.6,54,1015.6,2.2,14.0,0.0,25
2024-06-14 19:00:00,10.1,56,1015.5,3.0,16.6,0.0,16
2024-06-14 20:00:00,9.2,60,1015.4,4.0,18.0,0.0,7
2024-06-14 21:00:00,9.4,56,1015.1,3.1,18.0,0.0,11
2024-06-14 22:00:00,8.7,60,1015.6,2.3,15.5,0.0,25
2024-06-14 23:00:00,8.1,63,1016.7,2.2,14.0,0.0,34
2024-06-15 00:00:00,8.0,61,1017.1,1.6,14.8,0.0,61
2024-06-15 01:00:00,7.5,67,1018.6,2.3,14.4,0.0,71
2024-06-15 02:00:00,8.9,60,1018.6,4.0,19.1,0.0,43
2024-06-15 03:00:00,10.2,53,1018.1,5.0,24.1,0.0,29
2024-06-15 04:00:00,11.6,48,1016.7,5.4,27.0,0.0,28
2024-06-15 05:00:00,13.1,43,1015.2,6.0,30.6,0.0,33
2024-06-15 06:00:00,14.7,37,1013.5,4.9,29.5,0.0,22
2024-06-15 07:00:00,15.9,33,1012.0,4.9,27.7,0.0,34
2024-06-15 08:00:00,16.9,29,1010.9,7.0,33.1,0.0,40
2024-06-15 09:00:00,17.3,30,1009.9,7.5,36.7,0.0,51
2024-06-15 10:00:00,17.9,26,1008.9,7.3,35.6,0.0,53
2024-06-15 11:00:00,17.9,24,1008.6,8.4,37.8,0.0,59
2024-06-15 12:00:00,17.3,24,1008.9,8.9,38.5,0.0,64
2024-06-15 13:00:00,16.5,27,1009.6,9.8,43.9,0.0,20
2024-06-15 14:00:00,15.0,33,1010.8,8.8,40.7,0.0,10
2024-06-15 15:00:00,14.5,37,1011.8,6.6,36.0,0.0,2
2024-06-15 16:00:00,13.5,40,1012.8,6.1,31.0,0.0,0
2024-06-15 17:00:00,12.1,47,1013.2,5.4,28.4,0.0,0
2024-06-15 18:00:00,12.4,42,1013.6,2.9,25.2,0.0,0
2024-06-15 19:00:00,11.8,44,1013.9,1.9,20.2,0.0,0
2024-06-15 20:00:00,11.3,45,1013.8,1.3,15.5,0.0,0
2024-06-15 21:00:00,10.7,47,1014.0,2.5,15.1,0.0,0
2024-06-15 22:00:00,10.1,49,1014.5,1.5,14.8,0.0,0
2024-06-15 23:00:00,10.0,49,1015.1,1.1,11.9,0.0,0
2024-06-16 00:00:00,10.0,49,1016.1,1.3,11.2,0.0,0
2024-06-16 01:00:00,10.2,41,1016.4,4.1,18.4,0.0,0
2024-06-16 02:00:00,11.9,38,1016.9,5.2,23.0,0.0,0
2024-06-16 03:00:00,13.4,34,1016.7,4.6,25.6,0.0,1
2024-06-16 04:00:00,14.9,29,1015.4,5.2,26.6,0.0,0
2024-06-16 05:00:00,16.5,25,1013.9,5.6,29.2,0.0,27
2024-06-16 06:00:00,17.8,23,1012.5,7.1,33.8,0.0,42
2024-06-16 07:00:00,19.0,21,1011.0,8.0,36.7,0.0,42
2024-06-16 08:00:00,19.5,20,1010.0,8.2,38.2,0.0,37
2024-06-16 09:00:00,20.1,18,1008.5,6.6,37.1,0.0,47
2024-06-16 10:00:00,20.5,15,1007.5,7.4,34.6,0.0,17
2024-06-16 11:00:00,20.4,14,1007.0,8.7,37.8,0.0,29
2024-06-16 12:00:00,19.7,16,1007.2,10.6,41.8,0.0,17
2024-06-16 13:00:00,18.8,18,1007.5,9.9,43.6,0.0,7
2024-06-16 14:00:00,17.7,20,1008.2,6.9,40.3,0.0,12
2024-06-16 15:00:00,17.1,21,1009.1,5.1,32.8,0.0,16
2024-06-16 16:00:00,16.2,23,1010.1,5.4,28.1,0.0,9
2024-06-16 17:00:00,14.5,27,1010.9,5.8,28.4,0.0,7
2024-06-16 18:00:00,13.2,31,1011.7,6.1,28.8,0.0,6
2024-06-16 19:00:00,12.1,36,1011.9,6.1,27.7,0.0,24
2024-06-16 20:00:00,12.6,35,1011.9,4.7,27.4,0.0,21
2024-06-16 21:00:00,13.1,33,1012.1,2.0,24.8,0.0,19
2024-06-16 22:00:00,12.5,35,1012.6,1.1,20.2,0.0,13
2024-06-16 23:00:00,11.9,37,1013.6,2.3,17.6,0.0,2
2024-06-17 00:00:00,11.6,37,1014.3,2.0,18.0,0.0,22
2024-06-17 01:00:00,11.3,39,1015.6,3.3,18.4,0.0,19
2024-06-17 02:00:00,13.0,34,1016.0,6.7,28.4,0.0,22
2024-06-17 03:00:00,14.3,32,1015.8,9.3,36.0,0.0,20
2024-06-17 04:00:00,15.0,33,1015.7,8.9,36.4,0.0,25
2024-06-17 05:00:00,15.7,32,1015.0,7.8,37.1,0.0,26
2024-06-17 06:00:00,17.2,29,1013.5,5.4,33.8,0.0,16
2024-06-17 07:00:00,18.4,28,1012.0,8.0,37.4,0.0,46
2024-06-17 08:00:00,18.8,26,1010.8,7.9,38.2,0.0,59
2024-06-17 09:00:00,19.3,23,1009.5,7.6,38.2,0.0,75
2024-06-17 10:00:00,19.4,20,1008.7,7.3,36.7,0.0,58
2024-06-17 11:00:00,19.3,20,1008.2,9.8,42.1,0.0,51
2024-06-17 12:00:00,18.9,20,1008.2,7.9,42.1,0.0,50
2024-06-17 13:00:00,17.9,22,1009.4,9.8,41.0,0.0,1
2024-06-17 14:00:00,16.7,25,1010.8,8.6,43.2,0.0,8
2024-06-17 15:00:00,15.8,27,1011.9,5.8,39.2,0.0,1
2024-06-17 16:00:00,14.5,31,1013.0,5.4,31.0,0.0,0
2024-06-17 17:00:00,13.2,36,1013.8,4.5,29.9,0.0,0
2024-06-17 18:00:00,13.1,38,1014.0,3.7,26.3,0.0,0
2024-06-17 19:00:00,12.9,38,1014.0,2.3,23.4,0.0,0
2024-06-17 20:00:00,12.1,40,1014.3,2.2,16.9,0.0,0
2024-06-17 21:00:00,11.5,41,1014.3,2.1,16.2,0.0,0
2024-06-17 22:00:00,11.1,42,1014.5,0.8,15.1,0.0,0
2024-06-17 23:00:00,10.6,44,1014.9,1.5,13.3,0.0,0
2024-06-18 00:00:00,10.2,45,1015.4,0.8,13.7,0.0,0
2024-06-18 01:00:00,10.0,46,1017.0,2.9,18.0,0.0,39
2024-06-18 02:00:00,11.0,45,1017.0,3.5,20.2,0.0,54
2024-06-18 03:00:00,12.4,41,1016.0,2.9,20.5,0.0,29
2024-06-18 04:00:00,13.7,38,1014.7,3.8,23.4,0.0,10
2024-06-18 05:00:00,15.1,35,1013.1,3.6,25.9,0.0,11
2024-06-18 06:00:00,16.7,31,1011.2,5.6,29.9,0.0,34
2024-06-18 07:00:00,17.5,29,1009.3,5.9,30.6,0.0,44
2024-06-18 08:00:00,18.2,27,1008.1,5.6,31.3,0.1,96
2024-06-18 09:00:00,18.0,28,1007.0,4.6,29.9,0.3,83
2024-06-18 10:00:00,18.6,25,1006.2,10.2,39.2,0.0,98
2024-06-18 11:00:00,15.3,42,1009.2,18.4,64.4,0.0,100
2024-06-18 12:00:00,14.7,43,1009.4,4.0,62.3,0.3,100
2024-06-18 13:00:00,15.5,36,1008.1,8.6,37.4,0.0,96
2024-06-18 14:00:00,14.4,42,1008.8,7.6,37.8,0.0,100
2024-06-18 15:00:00,12.9,50,1010.8,6.1,36.0,0.0,90
2024-06-18 16:00:00,11.4,59,1012.7,6.6,28.1,0.0,52
2024-06-18 17:00:00,9.8,66,1014.3,4.3,30.6,0.0,18
2024-06-18 18:00:00,8.8,68,1015.3,5.0,22.3,0.0,54
2024-06-18 19:00:00,8.3,69,1015.4,2.5,23.4,0.0,64
2024-06-18 20:00:00,7.1,75,1015.6,2.8,17.3,0.0,77
2024-06-18 21:00:00,6.8,74,1015.3,6.1,18.7,0.0,54
2024-06-18 22:00:00,6.5,72,1015.2,5.6,19.8,0.0,47
2024-06-18 23:00:00,6.1,71,1015.3,3.6,18.0,0.0,50
2024-06-19 00:00:00,5.7,70,1015.7,3.4,16.6,0.0,52
2024-06-19 01:00:00,7.6,64,1015.1,2.6,16.6,0.0,40
2024-06-19 02:00:00,8.4,55,1014.4,4.6,21.2,0.0,26
2024-06-19 03:00:00,8.6,52,1014.4,4.6,23.4,0.0,39
2024-06-19 04:00:00,10.6,44,1012.7,3.6,22.3,0.0,34
2024-06-19 05:00:00,12.5,36,1011.1,3.0,23.4,0.0,15
2024-06-19 06:00:00,14.5,29,1008.9,4.2,26.6,0.0,50
2024-06-19 07:00:00,15.8,23,1007.3,5.6,32.0,0.0,57
2024-06-19 08:00:00,16.4,22,1006.2,6.3,32.4,0.0,69
2024-06-19 09:00:00,16.7,21,1005.5,6.1,32.4,0.0,81
2024-06-19 10:00:00,17.0,22,1004.4,5.9,32.8,0.0,41
2024-06-19 11:00:00,17.4,22,1003.8,9.4,39.2,0.0,79
2024-06-19 12:00:00,16.3,25,1004.5,11.0,42.1,0.0,62
2024-06-19 13:00:00,14.8,28,1006.2,9.1,36.7,0.0,98
2024-06-19 14:00:00,13.6,36,1007.8,11.9,43.9,0.0,96
2024-06-19 15:00:00,12.4,46,1009.7,7.6,46.4,0.0,99
2024-06-19 16:00:00,11.9,48,1010.8,3.8,35.3,0.0,100
2024-06-19 17:00:00,10.8,54,1012.2,6.5,27.0,0.0,96
2024-06-19 18:00:00,9.5,59,1013.3,4.8,28.4,0.0,78
2024-06-19 19:00:00,8.5,61,1013.7,4.2,23.4,0.0,47
2024-06-19 20:00:00,7.5,63,1014.3,3.0,20.2,0.0,68
2024-06-19 21:00:00,7.1,65,1014.2,1.6,17.3,0.0,47
2024-06-19 22:00:00,6.4,69,1014.5,2.5,14.8,0.0,71
2024-06-19 23:00:00,5.5,73,1015.6,3.3,14.0,0.4,51
2024-06-20 00:00:00,5.6,69,1015.8,3.7,16.9,0.0,41
2024-06-20 01:00:00,6.5,69,1014.2,3.1,16.9,0.0,60
2024-06-20 02:00:00,7.7,55,1013.5,2.6,16.9,0.0,46
2024-06-20 03:00:00,9.2,50,1013.1,2.8,20.5,0.0,75
2024-06-20 04:00:00,10.4,46,1011.7,2.6,20.5,0.0,75
2024-06-20 05:00:00,12.4,37,1010.0,2.9,22.0,0.0,25
2024-06-20 06:00:00,13.7,34,1008.7,3.4,25.2,0.0,54
2024-06-20 07:00:00,14.5,31,1007.7,4.4,25.6,0.0,38
2024-06-20 08:00:00,16.3,26,1005.9,6.9,35.3,0.0,35
2024-06-20 09:00:00,17.1,23,1004.5,6.8,34.6,0.0,41
2024-06-20 10:00:00,17.6,23,1003.6,6.0,34.2,0.0,40
2024-06-20 11:00:00,17.7,23,1003.7,11.1,43.6,0.0,63
2024-06-20 12:00:00,17.0,24,1003.8,7.1,43.6,0.0,27
2024-06-20 13:00:00,15.3,33,1004.6,7.9,39.2,0.0,17
2024-06-20 14:00:00,14.3,36,1005.1,8.7,34.9,0.0,17
2024-06-20 15:00:00,13.6,40,1006.1,5.5,33.5,0.0,11
2024-06-20 16:00:00,13.0,44,1007.3,5.4,27.7,0.0,100
2024-06-20 17:00:00,12.5,47,1008.2,5.5,26.6,0.0,100
2024-06-20 18:00:00,11.5,50,1008.6,4.3,26.3,0.0,99
2024-06-20 19:00:00,10.7,53,1009.3,4.2,23.0,0.0,67
2024-06-20 20:00:00,11.4,49,1009.3,1.6,20.9,0.0,57
2024-06-20 21:00:00,9.8,56,1010.0,4.0,18.4,0.0,81
2024-06-20 22:00:00,10.1,55,1010.8,2.2,18.0,0.0,100
2024-06-20 23:00:00,10.0,52,1011.4,2.1,15.1,0.0,98
2024-06-21 00:00:00,9.5,52,1012.3,1.6,15.1,0.0,69
2024-06-21 01:00:00,11.0,45,1010.0,5.1,22.7,0.0,100
2024-06-21 02:00:00,10.7,46,1011.4,7.3,27.4,0.1,100
2024-06-21 03:00:00,11.1,44,1011.9,4.1,27.0,0.1,100
2024-06-21 04:00:00,10.8,47,1013.0,3.2,22.0,0.2,100
2024-06-21 05:00:00,10.8,50,1012.8,2.3,19.1,0.3,100
2024-06-21 06:00:00,12.4,46,1011.9,4.0,24.8,0.2,100
2024-06-21 07:00:00,13.2,44,1010.5,2.3,24.1,0.1,98
2024-06-21 08:00:00,14.6,40,1008.6,3.1,20.9,0.1,96
2024-06-21 09:00:00,15.6,37,1007.2,5.4,27.7,0.0,99
2024-06-21 10:00:00,14.3,44,1008.0,6.2,29.9,0.0,96
2024-06-21 11:00:00,13.5,46,1008.6,2.9,28.1,0.2,99
2024-06-21 12:00:00,12.0,56,1009.9,2.7,19.4,0.3,100
2024-06-21 13:00:00,11.2,55,1011.5,1.1,20.5,0.0,99
2024-06-21 14:00:00,10.7,58,1012.0,5.2,22.3,0.0,100
2024-06-21 15:00:00,9.7,67,1013.8,3.0,22.3,0.0,100
2024-06-21 16:00:00,8.9,73,1015.5,4.6,19.4,0.0,82
2024-06-21 17:00:00,8.5,78,1015.7,3.1,20.2,0.4,89
2024-06-21 18:00:00,8.3,77,1015.6,5.2,21.6,0.0,94
2024-06-21 19:00:00,7.8,77,1015.1,2.7,20.9,0.0,98
2024-06-21 20:00:00,7.9,73,1014.3,1.1,15.1,0.2,95
2024-06-21 21:00:00,7.8,72,1013.7,0.8,12.6,0.4,98
2024-06-21 22:00:00,7.1,75,1013.8,2.2,14.0,0.6,72
2024-06-21 23:00:00,7.5,71,1014.0,2.9,15.1,0.0,78
2024-06-22 00:00:00,7.2,70,1014.2,3.6,14.8,0.0,71
2024-06-22 01:00:00,7.7,63,1014.9,2.5,15.5,0.0,100
2024-06-22 02:00:00,7.7,63,1015.8,2.2,15.1,0.2,100
2024-06-22 03:00:00,7.9,63,1016.2,4.8,18.0,0.5,100
2024-06-22 04:00:00,9.2,59,1015.1,4.9,21.2,0.1,59
2024-06-22 05:00:00,10.8,54,1013.9,4.2,23.4,0.0,58
2024-06-22 06:00:00,12.1,50,1013.0,3.2,24.1,0.1,64
2024-06-22 07:00:00,13.6,44,1011.2,3.2,21.6,0.1,43
2024-06-22 08:00:00,14.0,43,1010.2,4.6,23.4,0.0,66
2024-06-22 09:00:00,14.7,44,1009.0,8.0,34.9,0.0,70
2024-06-22 10:00:00,14.2,48,1009.1,8.6,37.4,0.0,59
2024-06-22 11:00:00,15.2,44,1007.8,7.7,34.6,0.0,61
2024-06-22 12:00:00,12.7,62,1010.1,4.1,36.4,0.0,80
2024-06-22 13:00:00,12.1,57,1011.8,8.9,35.3,0.0,86
2024-06-22 14:00:00,10.8,72,1013.3,4.7,31.3,0.0,92
2024-06-22 15:00:00,10.3,77,1014.6,5.5,21.6,0.0,78
2024-06-22 16:00:00,10.0,67,1015.9,3.6,22.3,0.0,79
2024-06-22 17:00:00,9.7,67,1016.9,4.6,20.9,0.0,76
2024-06-22 18:00:00,9.1,66,1017.2,2.7,20.2,0.1,80
2024-06-22 19:00:00,8.7,71,1017.3,2.2,16.9,0.0,81
2024-06-22 20:00:00,7.9,76,1017.3,2.1,13.3,0.1,73
2024-06-22 21:00:00,7.0,78,1018.2,4.6,14.4,0.4,81
2024-06-22 22:00:00,6.8,77,1018.0,1.5,16.9,0.7,87
2024-06-22 23:00:00,6.5,79,1018.5,3.9,15.1,0.1,82
2024-06-23 00:00:00,6.1,85,1019.0,1.5,15.1,0.2,78
2024-06-23 01:00:00,7.7,69,1018.8,2.5,15.5,0.0,76
2024-06-23 02:00:00,8.9,59,1019.3,2.6,16.9,0.0,75
2024-06-23 03:00:00,10.4,53,1018.3,3.7,20.2,0.0,69
2024-06-23 04:00:00,11.3,53,1017.4,3.6,23.8,0.0,61
2024-06-23 05:00:00,12.8,49,1015.9,4.5,24.8,0.0,100
2024-06-23 06:00:00,14.1,44,1014.4,4.8,24.8,0.0,32
2024-06-23 07:00:00,16.1,39,1012.1,5.6,29.5,0.0,42
2024-06-23 08:00:00,16.7,39,1010.5,5.9,30.6,0.0,68
2024-06-23 09:00:00,16.8,39,1009.3,6.2,31.0,0.0,43
2024-06-23 10:00:00,17.8,37,1007.8,6.6,32.4,0.0,45
2024-06-23 11:00:00,17.5,36,1007.4,8.2,34.6,0.0,71
2024-06-23 12:00:00,16.7,39,1007.7,6.1,34.6,0.0,62
2024-06-23 13:00:00,16.4,43,1007.4,6.5,33.8,0.0,19
2024-06-23 14:00:00,15.4,46,1008.2,7.1,32.8,0.0,56
2024-06-23 15:00:00,14.5,55,1009.4,5.2,31.0,0.0,86
2024-06-23 16:00:00,13.9,59,1010.2,5.1,24.5,0.0,80
2024-06-23 17:00:00,12.8,68,1010.8,4.3,22.0,0.0,65
2024-06-23 18:00:00,11.9,69,1011.6,5.1,22.0,0.0,31
2024-06-23 19:00:00,12.1,60,1012.1,3.3,22.3,0.0,48
2024-06-23 20:00:00,10.1,73,1013.3,4.9,22.0,0.1,76
2024-06-23 21:00:00,8.2,81,1015.3,4.3,25.6,0.4,77
2024-06-23 22:00:00,9.0,75,1015.3,3.1,20.2,0.4,84
2024-06-23 23:00:00,8.4,78,1015.9,2.6,19.1,0.1,88
2024-06-24 00:00:00,8.7,67,1016.7,0.4,14.8,0.0,59
2024-06-24 01:00:00,8.6,58,1017.6,3.6,18.0,0.0,70
2024-06-24 02:00:00,9.2,52,1018.4,1.4,17.6,0.0,49
2024-06-24 03:00:00,10.1,49,1018.1,3.6,20.9,0.0,54
2024-06-24 04:00:00,11.4,46,1016.8,2.5,20.5,0.0,35
2024-06-24 05:00:00,13.1,43,1015.1,5.6,26.6,0.0,39
2024-06-24 06:00:00,14.9,39,1013.2,4.0,26.6,0.0,38
2024-06-24 07:00:00,15.5,39,1011.5,3.4,23.8,0.0,57
2024-06-24 08:00:00,16.3,39,1010.0,4.8,25.9,0.0,64
2024-06-24 09:00:00,17.4,38,1008.2,6.4,30.2,0.0,44
2024-06-24 10:00:00,18.0,38,1006.9,6.1,34.2,0.0,29
2024-06-24 11:00:00,18.4,33,1006.0,6.8,32.0,0.0,18
2024-06-24 12:00:00,17.6,33,1006.1,8.6,34.6,0.0,26
2024-06-24 13:00:00,17.5,33,1006.3,8.2,33.1,0.0,16
2024-06-24 14:00:00,16.0,38,1007.6,8.4,36.4,0.0,13
2024-06-24 15:00:00,15.2,47,1008.9,5.4,35.3,0.0,15
2024-06-24 16:00:00,14.2,57,1009.6,4.9,27.4,0.0,4
2024-06-24 17:00:00,13.3,60,1009.8,3.7,24.1,0.0,21
2024-06-24 18:00:00,13.5,52,1010.1,3.1,21.6,0.0,4
2024-06-24 19:00:00,13.2,52,1010.1,2.0,19.1,0.0,3
2024-06-24 20:00:00,13.0,52,1010.6,0.7,15.5,0.0,3
2024-06-24 21:00:00,12.4,54,1011.2,2.6,15.5,0.0,30
2024-06-24 22:00:00,10.6,63,1012.9,3.3,21.6,0.0,63
2024-06-24 23:00:00,9.2,71,1014.2,3.4,16.9,0.0,68
2024-06-25 00:00:00,8.8,73,1015.6,1.1,18.4,0.0,59
2024-06-25 01:00:00,9.7,63,1016.1,5.8,23.0,0.0,61
2024-06-25 02:00:00,10.2,56,1016.6,4.1,23.4,0.0,34
2024-06-25 03:00:00,11.2,54,1016.2,4.3,24.1,0.0,43
2024-06-25 04:00:00,12.9,48,1014.8,3.3,22.0,0.0,14
2024-06-25 05:00:00,15.2,41,1012.3,4.1,24.1,0.0,15
2024-06-25 06:00:00,17.1,34,1010.3,5.6,29.5,0.0,25
2024-06-25 07:00:00,18.3,31,1008.6,7.1,32.0,0.0,38
2024-06-25 08:00:00,19.4,28,1006.9,8.7,36.7,0.0,34
2024-06-25 09:00:00,20.0,26,1005.8,9.7,40.0,0.0,40
2024-06-25 10:00:00,20.4,24,1004.5,8.6,40.0,0.0,11
2024-06-25 11:00:00,20.9,20,1003.0,8.4,37.4,0.0,6
2024-06-25 12:00:00,20.7,20,1002.3,9.2,37.1,0.0,25
2024-06-25 13:00:00,19.8,19,1003.4,10.9,40.3,0.0,3
2024-06-25 14:00:00,18.2,27,1004.8,7.2,40.7,0.0,1
2024-06-25 15:00:00,17.4,32,1005.9,6.8,32.4,0.0,2
2024-06-25 16:00:00,16.1,36,1007.1,6.5,31.0,0.0,12
2024-06-25 17:00:00,14.7,42,1008.1,5.2,29.9,0.0,80
2024-06-25 18:00:00,14.9,40,1008.4,4.0,25.9,0.0,80
2024-06-25 19:00:00,15.4,34,1008.2,2.5,22.7,0.0,16
2024-06-25 20:00:00,14.3,37,1008.6,1.1,18.7,0.0,22
2024-06-25 21:00:00,13.7,39,1009.0,0.4,13.0,0.0,19
2024-06-25 22:00:00,13.8,37,1009.5,3.4,16.2,0.0,12
2024-06-25 23:00:00,13.7,33,1009.8,3.3,18.4,0.0,7
2024-06-26 00:00:00,13.1,34,1010.6,2.7,17.3,0.0,4
2024-06-26 01:00:00,12.7,41,1012.4,4.5,21.2,0.0,14
2024-06-26 02:00:00,14.1,37,1012.7,4.4,24.5,0.0,39
2024-06-26 03:00:00,15.3,35,1012.1,5.4,25.9,0.0,27
2024-06-26 04:00:00,16.5,34,1010.8,6.8,32.0,0.0,33
2024-06-26 05:00:00,18.0,29,1009.6,6.3,32.0,0.0,26
2024-06-26 06:00:00,19.5,25,1008.2,6.2,31.7,0.0,16
2024-06-26 07:00:00,20.4,23,1007.1,8.0,36.0,0.0,27
2024-06-26 08:00:00,20.5,24,1006.7,8.1,37.1,0.0,19
2024-06-26 09:00:00,21.2,22,1005.6,8.4,37.4,0.0,17
2024-06-26 10:00:00,21.8,20,1004.1,7.3,36.7,0.0,13
2024-06-26 11:00:00,21.9,18,1003.0,5.5,33.8,0.0,10
2024-06-26 12:00:00,21.7,17,1002.4,7.1,31.0,0.0,7
2024-06-26 13:00:00,21.0,20,1003.4,8.3,33.5,0.0,1
2024-06-26 14:00:00,19.6,25,1004.4,7.7,35.3,0.0,1
2024-06-26 15:00:00,18.8,29,1005.8,6.8,33.1,0.0,13
2024-06-26 16:00:00,17.9,32,1007.3,6.5,31.3,0.0,58
2024-06-26 17:00:00,17.1,35,1008.1,4.4,29.5,0.0,81
2024-06-26 18:00:00,16.2,38,1008.8,3.4,24.5,0.0,79
2024-06-26 19:00:00,15.9,39,1009.2,3.4,22.0,0.0,31
2024-06-26 20:00:00,15.4,40,1009.8,3.8,21.6,0.0,39
2024-06-26 21:00:00,15.6,40,1010.2,3.1,20.9,0.0,35
2024-06-26 22:00:00,15.0,43,1010.8,1.8,18.0,0.0,28
2024-06-26 23:00:00,14.5,43,1011.1,0.5,14.4,0.0,6
2024-06-27 00:00:00,13.8,44,1011.8,2.3,14.0,0.0,5
2024-06-27 01:00:00,13.3,40,1012.9,2.9,17.3,0.0,15
2024-06-27 02:00:00,15.0,34,1013.3,3.6,21.2,0.0,11
2024-06-27 03:00:00,16.2,33,1012.8,4.5,24.1,0.0,5
2024-06-27 04:00:00,17.6,30,1012.2,5.7,28.4,0.0,2
2024-06-27 05:00:00,18.9,27,1011.0,6.9,32.0,0.0,7
2024-06-27 06:00:00,19.8,26,1010.1,6.7,32.0,0.0,11
2024-06-27 07:00:00,20.7,24,1008.6,4.9,31.7,0.0,14
2024-06-27 08:00:00,21.7,21,1007.1,4.2,28.4,0.0,4
2024-06-27 09:00:00,22.7,18,1005.2,4.7,28.8,0.0,11
2024-06-27 10:00:00,22.8,16,1004.3,6.2,32.0,0.0,18
2024-06-27 11:00:00,22.6,18,1003.8,7.6,35.6,0.0,12
2024-06-27 12:00:00,21.8,20,1004.0,6.3,36.7,0.0,8
2024-06-27 13:00:00,20.7,21,1005.1,7.9,33.5,0.0,6
2024-06-27 14:00:00,19.4,25,1006.1,7.1,32.8,0.0,0
2024-06-27 15:00:00,18.2,29,1006.7,4.2,28.4,0.0,0
2024-06-27 16:00:00,17.3,35,1007.7,3.1,18.4,0.0,0
2024-06-27 17:00:00,17.2,36,1008.5,2.1,17.6,0.0,0
2024-06-27 18:00:00,16.7,37,1009.1,1.4,16.6,0.0,0
2024-06-27 19:00:00,16.2,38,1009.2,1.1,13.3,0.0,0
2024-06-27 20:00:00,15.7,39,1009.6,0.7,12.6,0.0,0
2024-06-27 21:00:00,14.9,41,1010.0,0.8,11.5,0.0,0
2024-06-27 22:00:00,11.4,48,1010.1,7.4,19.4,0.0,0
2024-06-27 23:00:00,12.2,42,1010.3,5.1,19.8,0.0,0
2024-06-28 00:00:00,13.5,37,1011.2,1.3,17.6,0.0,0
2024-06-28 01:00:00,13.8,31,1011.9,1.5,14.4,0.0,5
2024-06-28 02:00:00,15.5,31,1012.1,4.3,20.9,0.0,2
2024-06-28 03:00:00,16.7,31,1011.7,4.7,23.8,0.0,0
2024-06-28 04:00:00,18.2,29,1010.4,6.0,28.1,0.0,0
2024-06-28 05:00:00,19.6,27,1008.9,7.7,33.8,0.0,1
2024-06-28 06:00:00,21.0,26,1007.2,9.0,37.4,0.0,9
2024-06-28 07:00:00,22.3,23,1005.8,9.2,39.2,0.0,18
2024-06-28 08:00:00,23.1,19,1004.0,7.7,39.2,0.0,27
2024-06-28 09:00:00,23.5,18,1002.7,7.6,36.4,0.0,62
2024-06-28 10:00:00,23.6,20,1001.4,9.5,37.8,0.0,40
2024-06-28 11:00:00,23.5,21,1000.4,10.5,39.6,0.0,5
2024-06-28 12:00:00,23.0,23,1000.1,10.3,41.4,0.0,10
2024-06-28 13:00:00,22.5,21,1000.3,9.2,37.8,0.0,0
2024-06-28 14:00:00,21.4,24,1001.0,8.5,36.4,0.0,0
2024-06-28 15:00:00,20.5,27,1001.7,5.5,34.2,0.0,0
2024-06-28 16:00:00,18.9,34,1002.8,3.6,27.0,0.0,0
2024-06-28 17:00:00,19.1,33,1003.6,2.3,20.5,0.0,7
2024-06-28 18:00:00,18.5,34,1004.4,1.1,19.1,0.0,5
2024-06-28 19:00:00,17.8,36,1004.8,1.8,19.1,0.0,6
2024-06-28 20:00:00,16.9,38,1005.0,1.3,19.4,0.0,10
2024-06-28 21:00:00,16.1,39,1005.5,1.1,16.9,0.0,17
2024-06-28 22:00:00,15.5,40,1006.1,1.3,14.4,0.0,23
2024-06-28 23:00:00,14.9,40,1006.8,2.6,14.0,0.0,18
2024-06-29 00:00:00,14.5,38,1007.3,3.8,14.8,0.0,17
2024-06-29 01:00:00,15.0,33,1007.2,1.5,13.7,0.0,10
2024-06-29 02:00:00,16.5,35,1007.6,4.1,18.7,0.0,8
2024-06-29 03:00:00,17.9,36,1006.9,6.0,25.6,0.0,4
2024-06-29 04:00:00,19.3,34,1005.8,7.8,31.7,0.0,12
2024-06-29 05:00:00,21.2,29,1004.1,8.2,34.6,0.0,31
2024-06-29 06:00:00,23.1,23,1002.4,9.4,38.5,0.0,22
2024-06-29 07:00:00,23.6,22,1001.2,9.4,40.0,0.0,32
2024-06-29 08:00:00,24.0,21,1000.4,8.9,39.6,0.0,26
2024-06-29 09:00:00,24.9,20,999.3,9.9,40.7,0.0,46
2024-06-29 10:00:00,24.2,22,999.0,8.4,41.4,0.0,27
2024-06-29 11:00:00,23.8,23,999.0,9.2,38.9,0.0,10
2024-06-29 12:00:00,23.3,25,998.8,9.8,39.6,0.0,11
2024-06-29 13:00:00,22.1,28,1000.4,11.2,42.1,0.0,2
2024-06-29 14:00:00,20.8,32,1001.6,8.1,42.5,0.0,1
2024-06-29 15:00:00,19.9,34,1002.9,6.6,35.6,0.0,0
2024-06-29 16:00:00,19.1,36,1004.0,6.4,30.6,0.0,0
2024-06-29 17:00:00,17.7,41,1004.8,4.8,30.2,0.0,0
2024-06-29 18:00:00,17.7,41,1005.5,2.9,25.6,0.0,0
2024-06-29 19:00:00,17.4,42,1005.9,2.5,20.5,0.0,1
2024-06-29 20:00:00,16.7,45,1006.1,2.2,18.7,0.0,8
2024-06-29 21:00:00,16.1,46,1006.7,2.6,15.8,0.0,2
2024-06-29 22:00:00,15.4,48,1007.1,1.8,15.5,0.0,2
2024-06-29 23:00:00,14.8,50,1007.7,1.1,13.3,0.0,3
2024-06-30 00:00:00,14.1,52,1008.2,2.5,12.6,0.0,5
2024-06-30 01:00:00,14.2,53,1008.5,2.3,14.8,0.0,11
2024-06-30 02:00:00,15.8,47,1008.9,4.3,21.2,0.0,32
2024-06-30 03:00:00,16.9,45,1008.5,5.4,25.6,0.0,19
2024-06-30 04:00:00,18.6,41,1007.2,5.2,26.3,0.0,14
2024-06-30 05:00:00,20.5,35,1005.2,7.5,32.0,0.0,15
2024-06-30 06:00:00,21.7,32,1003.8,7.9,35.3,0.0,32
2024-06-30 07:00:00,22.5,30,1002.6,9.5,38.9,0.0,26
2024-06-30 08:00:00,23.2,28,1001.5,8.9,39.2,0.0,39
2024-06-30 09:00:00,24.0,26,999.8,7.9,38.2,0.0,17
2024-06-30 10:00:00,24.2,25,998.8,8.9,35.6,0.0,12
2024-06-30 11:00:00,24.1,26,998.3,8.9,37.8,0.0,8
2024-06-30 12:00:00,23.5,26,998.1,7.9,37.8,0.0,6
2024-06-30 13:00:00,22.5,28,998.9,11.0,41.8,0.0,3
2024-06-30 14:00:00,21.2,32,999.8,8.7,41.8,0.0,2
2024-06-30 15:00:00,20.3,36,1000.7,6.7,36.0,0.0,1
2024-06-30 16:00:00,19.6,39,1001.9,6.1,28.8,0.0,5
2024-06-30 17:00:00,18.2,43,1002.7,5.1,27.7,0.0,6
2024-06-30 18:00:00,17.8,44,1003.5,3.4,24.8,0.0,9
2024-06-30 19:00:00,17.7,44,1003.7,1.9,21.6,0.0,3
2024-06-30 20:00:00,16.8,46,1004.1,1.1,17.6,0.0,7
2024-06-30 21:00:00,16.3,48,1004.4,1.0,14.8,0.0,5
2024-06-30 22:00:00,15.4,50,1004.5,0.7,11.2,0.0,17
2024-06-30 23:00:00,14.9,51,1005.1,0.8,11.5,0.0,21
2024-07-01 00:00:00,14.6,53,1005.7,1.3,12.6,0.0,20
2024-07-01 01:00:00,15.0,51,1006.2,3.1,16.2,0.0,32
2024-07-01 02:00:00,16.2,49,1006.7,4.3,20.9,0.0,36
2024-07-01 03:00:00,17.2,46,1006.5,4.0,22.0,0.0,21
2024-07-01 04:00:00,18.8,41,1005.2,6.1,27.7,0.0,17
2024-07-01 05:00:00,20.0,37,1004.1,6.9,30.6,0.0,24
2024-07-01 06:00:00,21.2,33,1002.7,6.6,32.0,0.0,16
2024-07-01 07:00:00,22.6,30,1000.4,7.1,32.0,0.0,20
2024-07-01 08:00:00,23.5,28,998.6,7.0,33.1,0.0,26
2024-07-01 09:00:00,24.2,26,997.1,8.2,36.4,0.0,25
2024-07-01 10:00:00,24.4,25,996.1,7.8,37.1,0.0,12
2024-07-01 11:00:00,24.9,23,994.9,7.8,37.4,0.0,4
2024-07-01 12:00:00,24.3,24,994.8,7.1,36.7,0.0,6
2024-07-01 13:00:00,22.6,27,996.3,8.2,34.9,0.0,1
2024-07-01 14:00:00,21.3,30,997.1,5.1,33.5,0.0,1
2024-07-01 15:00:00,20.5,31,997.9,5.4,24.8,0.0,1
2024-07-01 16:00:00,19.7,34,999.0,5.0,23.8,0.0,1
2024-07-01 17:00:00,18.6,38,1000.0,3.9,21.6,0.0,0
2024-07-01 18:00:00,18.8,38,1000.6,3.3,19.1,0.0,1
2024-07-01 19:00:00,17.9,40,1000.7,3.8,19.4,0.0,2
2024-07-01 20:00:00,17.8,40,1000.5,3.2,19.8,0.0,1
2024-07-01 21:00:00,17.2,40,1000.7,2.0,18.7,0.0,0
2024-07-01 22:00:00,16.6,40,1001.2,4.1,18.7,0.0,0
2024-07-01 23:00:00,15.2,42,1001.9,5.0,19.4,0.0,1
2024-07-02 00:00:00,15.8,39,1002.8,2.2,19.1,0.0,2
2024-07-02 01:00:00,15.6,38,1003.7,1.3,13.7,0.0,30
2024-07-02 02:00:00,16.3,37,1004.1,1.6,16.6,0.0,23
2024-07-02 03:00:00,17.6,35,1003.7,2.6,18.7,0.0,11
2024-07-02 04:00:00,19.0,34,1002.8,2.5,20.2,0.0,4
2024-07-02 05:00:00,20.7,30,1001.5,4.5,24.8,0.0,9
2024-07-02 06:00:00,21.9,28,1000.3,4.8,27.0,0.0,27
2024-07-02 07:00:00,22.9,26,998.8,3.8,27.0,0.0,79
2024-07-02 08:00:00,23.8,23,997.0,2.5,24.1,0.0,48
2024-07-02 09:00:00,24.0,23,995.5,1.8,21.6,0.0,31
2024-07-02 10:00:00,24.7,21,994.4,7.0,29.9,0.0,15
2024-07-02 11:00:00,25.0,22,993.9,9.3,42.8,0.0,25
2024-07-02 12:00:00,24.3,25,994.4,10.1,43.6,0.0,9
2024-07-02 13:00:00,23.1,28,995.7,8.3,38.2,0.0,7
2024-07-02 14:00:00,21.8,31,997.0,7.8,40.0,0.0,14
2024-07-02 15:00:00,20.9,33,998.6,4.7,37.4,0.0,14
2024-07-02 16:00:00,20.3,34,1000.1,3.8,30.6,0.0,26
2024-07-02 17:00:00,19.0,38,1001.0,3.3,26.3,0.0,25
2024-07-02 18:00:00,18.5,38,1001.7,3.2,22.7,0.0,12
2024-07-02 19:00:00,18.2,38,1002.3,2.9,19.4,0.0,4
2024-07-02 20:00:00,17.5,40,1002.6,2.7,18.7,0.0,4
2024-07-02 21:00:00,16.9,41,1003.1,1.9,18.7,0.0,1
2024-07-02 22:00:00,16.2,42,1003.5,2.5,17.6,0.0,0
2024-07-02 23:00:00,15.6,42,1004.7,2.6,17.6,0.0,0
2024-07-03 00:00:00,15.1,43,1006.0,2.4,17.6,0.0,0
2024-07-03 01:00:00,14.9,44,1006.4,2.6,17.6,0.0,0
2024-07-03 02:00:00,16.2,37,1006.8,4.7,22.7,0.0,0
2024-07-03 03:00:00,17.6,34,1006.2,5.0,25.2,0.0,0
2024-07-03 04:00:00,19.2,32,1005.1,6.3,28.8,0.0,0
2024-07-03 05:00:00,20.9,28,1004.0,8.4,34.6,0.0,1
2024-07-03 06:00:00,22.3,25,1002.7,10.0,39.2,0.0,2
2024-07-03 07:00:00,23.5,23,1001.4,10.0,40.0,0.0,0
2024-07-03 08:00:00,24.5,20,999.9,8.6,39.2,0.0,0
2024-07-03 09:00:00,25.4,17,998.3,7.7,37.4,0.0,1
2024-07-03 10:00:00,25.7,15,997.1,6.6,34.9,0.0,1
2024-07-03 11:00:00,25.8,16,996.6,8.7,36.7,0.0,0
2024-07-03 12:00:00,25.9,15,995.9,8.9,38.2,0.0,1
2024-07-03 13:00:00,25.2,15,996.9,8.5,37.1,0.0,1
2024-07-03 14:00:00,23.7,17,998.2,7.4,36.0,0.0,0
2024-07-03 15:00:00,22.6,19,999.9,5.6,32.8,0.0,0
2024-07-03 16:00:00,20.9,23,1001.4,4.9,29.2,0.0,0
2024-07-03 17:00:00,20.2,24,1002.4,4.3,25.6,0.0,0
2024-07-03 18:00:00,20.8,24,1003.2,2.8,23.8,0.0,0
2024-07-03 19:00:00,20.1,26,1003.9,3.2,21.2,0.0,0
2024-07-03 20:00:00,19.4,29,1004.3,3.1,22.3,0.0,0
2024-07-03 21:00:00,18.6,32,1004.8,2.6,21.6,0.0,0
2024-07-03 22:00:00,17.7,33,1005.7,2.1,19.1,0.0,0
2024-07-03 23:00:00,17.0,33,1006.7,2.1,16.6,0.0,0
2024-07-04 00:00:00,16.4,35,1007.8,2.3,16.6,0.0,0
2024-07-04 01:00:00,16.3,32,1008.7,2.3,16.6,0.0,0
2024-07-04 02:00:00,17.3,30,1009.1,3.9,19.8,0.0,2
2024-07-04 03:00:00,18.5,29,1008.9,4.7,24.1,0.0,0
2024-07-04 04:00:00,20.0,30,1007.9,5.8,28.1,0.0,14
2024-07-04 05:00:00,21.5,28,1006.6,7.8,33.1,0.0,0
2024-07-04 06:00:00,22.8,24,1005.1,7.4,34.6,0.0,0
2024-07-04 07:00:00,24.3,19,1002.9,7.0,33.8,0.0,5
2024-07-04 08:00:00,25.2,16,1001.0,7.2,33.5,0.0,3
2024-07-04 09:00:00,25.9,14,999.2,5.6,33.1,0.0,20
2024-07-04 10:00:00,26.5,13,997.8,7.3,33.8,0.0,33
2024-07-04 11:00:00,26.0,18,997.4,11.4,44.3,0.0,20
2024-07-04 12:00:00,25.8,17,997.0,13.0,49.7,0.0,26
2024-07-04 13:00:00,25.2,14,996.6,7.9,41.8,0.0,3
2024-07-04 14:00:00,23.5,19,998.0,8.8,41.0,0.0,3
2024-07-04 15:00:00,22.1,25,999.5,6.5,40.3,0.0,3
2024-07-04 16:00:00,21.2,28,1001.0,6.5,35.3,0.0,1
2024-07-04 17:00:00,20.0,32,1001.7,5.8,34.6,0.0,5
2024-07-04 18:00:00,18.6,37,1002.1,5.5,31.7,0.0,1
2024-07-04 19:00:00,17.9,40,1002.2,4.5,29.2,0.0,1
2024-07-04 20:00:00,16.9,42,1002.1,4.7,26.3,0.0,8
2024-07-04 21:00:00,15.4,44,1002.7,5.5,24.5,0.0,27
2024-07-04 22:00:00,14.9,44,1004.0,4.3,24.5,0.0,52
2024-07-04 23:00:00,15.2,43,1005.0,2.5,20.9,0.0,45
2024-07-05 00:00:00,13.9,49,1005.9,3.4,18.7,0.0,81
2024-07-05 01:00:00,14.7,46,1005.7,2.4,17.3,0.0,44
2024-07-05 02:00:00,15.6,44,1005.6,3.6,21.6,0.0,45
2024-07-05 03:00:00,15.2,52,1006.6,3.0,22.0,0.0,32
2024-07-05 04:00:00,16.9,48,1005.4,5.2,26.3,0.0,66
2024-07-05 05:00:00,16.7,51,1004.9,6.5,29.2,0.0,61
2024-07-05 06:00:00,18.4,45,1003.2,3.5,31.7,0.4,55
2024-07-05 07:00:00,20.2,38,1000.9,6.3,31.0,0.0,56
2024-07-05 08:00:00,21.1,33,999.0,6.5,34.2,0.0,36
2024-07-05 09:00:00,22.1,29,997.3,10.4,42.5,0.0,24
2024-07-05 10:00:00,21.7,28,996.4,10.4,42.8,0.0,67
2024-07-05 11:00:00,21.6,27,995.8,8.8,43.6,0.0,95
2024-07-05 12:00:00,21.4,26,995.1,8.5,38.9,0.0,98
2024-07-05 13:00:00,20.2,24,995.1,4.7,39.2,0.0,23
2024-07-05 14:00:00,19.0,26,996.0,2.6,29.5,0.0,58
2024-07-05 15:00:00,18.7,27,996.7,2.9,23.8,0.0,100
2024-07-05 16:00:00,18.5,28,997.6,3.8,22.7,0.0,17
2024-07-05 17:00:00,17.3,31,998.6,4.2,21.6,0.0,33
2024-07-05 18:00:00,16.1,34,999.9,3.5,20.9,0.0,22
2024-07-05 19:00:00,15.8,35,999.9,2.4,19.1,0.0,32
2024-07-05 20:00:00,15.5,35,1000.1,2.0,17.6,0.0,6
2024-07-05 21:00:00,15.1,36,1000.0,2.1,16.9,0.0,14
2024-07-05 22:00:00,14.3,39,1000.1,3.1,18.4,0.0,14
2024-07-05 23:00:00,14.0,42,1000.8,3.3,20.9,0.0,87
2024-07-06 00:00:00,13.5,45,1001.4,3.8,22.0,0.0,100
2024-07-06 01:00:00,12.2,53,1004.2,3.3,26.3,0.0,100
2024-07-06 02:00:00,12.0,54,1005.2,2.1,20.5,0.0,100
2024-07-06 03:00:00,13.2,49,1004.8,3.1,20.5,0.0,84
2024-07-06 04:00:00,13.7,47,1004.8,3.0,20.9,0.0,81
2024-07-06 05:00:00,14.2,46,1004.6,1.1,20.2,0.0,62
2024-07-06 06:00:00,15.3,44,1003.7,3.4,22.0,0.0,100
2024-07-06 07:00:00,15.5,44,1003.1,4.1,24.1,0.1,100
2024-07-06 08:00:00,15.6,44,1002.7,2.6,24.5,0.2,100
2024-07-06 09:00:00,15.3,43,1003.0,1.0,20.9,0.0,94
2024-07-06 10:00:00,15.9,39,1002.3,3.6,19.8,0.0,15
2024-07-06 11:00:00,17.2,33,1000.9,4.3,23.8,0.0,97
2024-07-06 12:00:00,16.3,35,1001.1,5.6,26.3,0.0,66
2024-07-06 13:00:00,14.5,42,1003.8,4.8,22.0,0.0,37
2024-07-06 14:00:00,13.3,44,1004.8,5.8,22.7,0.0,34
2024-07-06 15:00:00,13.1,44,1005.5,5.1,22.0,0.0,15
2024-07-06 16:00:00,12.2,53,1006.3,3.7,19.8,0.0,0
2024-07-06 17:00:00,12.8,44,1007.0,2.8,16.9,0.0,0
2024-07-06 18:00:00,11.6,49,1007.6,4.4,18.0,0.0,0
2024-07-06 19:00:00,12.4,44,1007.9,1.3,18.4,0.0,13
2024-07-06 20:00:00,12.6,42,1007.1,2.5,16.6,0.0,41
2024-07-06 21:00:00,12.2,43,1007.5,2.7,16.2,0.0,12
2024-07-06 22:00:00,12.0,44,1006.7,1.1,14.0,0.0,13
2024-07-06 23:00:00,11.7,45,1006.7,3.2,16.6,0.0,19
2024-07-07 00:00:00,11.1,48,1007.4,3.1,18.4,0.0,72
2024-07-07 01:00:00,10.8,55,1008.2,3.7,20.2,0.0,21
2024-07-07 02:00:00,13.3,33,1008.7,4.2,20.5,0.0,32
2024-07-07 03:00:00,14.6,30,1008.5,5.0,24.5,0.0,18
2024-07-07 04:00:00,16.0,26,1007.6,4.6,25.2,0.0,12
2024-07-07 05:00:00,17.4,23,1006.3,4.4,26.3,0.0,0
2024-07-07 06:00:00,18.4,21,1005.6,1.4,26.3,0.0,20
2024-07-07 07:00:00,19.2,21,1004.4,1.4,20.2,0.0,29
2024-07-07 08:00:00,20.5,18,1002.4,2.3,22.0,0.0,67
2024-07-07 09:00:00,21.4,16,1000.4,4.0,24.1,0.0,66
2024-07-07 10:00:00,22.5,14,998.7,5.4,27.4,0.0,91
2024-07-07 11:00:00,21.8,17,998.8,5.1,27.0,0.0,63
2024-07-07 12:00:00,21.6,18,998.9,6.2,32.4,0.0,95
2024-07-07 13:00:00,19.9,18,1001.9,3.4,28.8,0.0,97
2024-07-07 14:00:00,19.5,19,1002.0,1.8,24.5,0.0,99
2024-07-07 15:00:00,18.5,21,1003.7,0.8,18.4,0.0,100
2024-07-07 16:00:00,18.0,23,1004.9,2.2,21.6,0.0,22
2024-07-07 17:00:00,17.3,28,1005.9,2.0,21.6,0.0,14
2024-07-07 18:00:00,16.2,30,1006.6,3.8,22.7,0.0,14
2024-07-07 19:00:00,14.6,34,1007.4,6.3,28.8,0.0,8
2024-07-07 20:00:00,13.4,37,1008.0,6.2,30.2,0.0,16
2024-07-07 21:00:00,13.6,36,1008.6,5.2,28.8,0.0,26
2024-07-07 22:00:00,13.9,35,1009.1,4.5,27.0,0.0,33
2024-07-07 23:00:00,12.3,39,1009.9,5.6,25.2,0.0,39
2024-07-08 00:00:00,12.1,43,1010.8,4.6,24.5,0.0,37
2024-07-08 01:00:00,12.8,40,1012.1,4.1,20.2,0.0,31
2024-07-08 02:00:00,13.7,35,1012.6,3.8,22.7,0.0,37
2024-07-08 03:00:00,14.8,33,1012.8,3.7,24.5,0.0,17
2024-07-08 04:00:00,15.9,30,1012.3,3.3,24.5,0.0,35
2024-07-08 05:00:00,17.2,27,1011.0,2.6,23.4,0.0,39
2024-07-08 06:00:00,18.6,24,1009.8,3.7,23.4,0.0,64
2024-07-08 07:00:00,19.7,21,1008.3,4.3,26.6,0.0,46
2024-07-08 08:00:00,20.6,18,1006.5,2.8,25.9,0.0,14
2024-07-08 09:00:00,22.3,13,1004.2,2.3,22.7,0.0,3
2024-07-08 10:00:00,23.0,12,1002.7,2.0,22.0,0.0,39
2024-07-08 11:00:00,22.4,17,1002.8,7.4,29.2,0.0,12
2024-07-08 12:00:00,21.5,16,1003.4,10.0,36.7,0.0,1
2024-07-08 13:00:00,20.2,18,1004.3,8.0,35.6,0.0,0
2024-07-08 14:00:00,18.8,20,1005.4,4.7,34.6,0.0,0
2024-07-08 15:00:00,18.2,21,1006.2,3.3,29.2,0.0,0
2024-07-08 16:00:00,17.4,23,1007.2,4.9,23.8,0.0,0
2024-07-08 17:00:00,16.0,27,1008.3,4.7,24.1,0.0,0
2024-07-08 18:00:00,16.5,24,1009.0,3.6,22.3,0.0,0
2024-07-08 19:00:00,16.5,24,1009.2,3.3,19.8,0.0,0
2024-07-08 20:00:00,15.7,26,1009.3,4.2,23.4,0.0,0
2024-07-08 21:00:00,15.4,27,1009.8,4.5,24.8,0.0,0
2024-07-08 22:00:00,14.9,28,1010.4,4.5,24.8,0.0,0
2024-07-08 23:00:00,14.5,29,1011.5,3.4,24.5,0.0,0
2024-07-09 00:00:00,13.9,31,1012.2,3.1,21.2,0.0,0
2024-07-09 01:00:00,13.0,32,1013.5,3.1,19.4,0.0,0
2024-07-09 02:00:00,14.3,29,1014.0,3.1,22.3,0.0,0
2024-07-09 03:00:00,15.7,25,1013.7,3.1,22.3,0.0,0
2024-07-09 04:00:00,17.0,24,1012.9,3.9,24.8,0.0,0
2024-07-09 05:00:00,18.3,22,1011.9,4.6,26.6,0.0,0
2024-07-09 06:00:00,19.6,20,1011.0,4.6,28.1,0.0,19
2024-07-09 07:00:00,20.9,18,1009.3,3.9,28.1,0.0,44
2024-07-09 08:00:00,21.9,15,1007.4,2.1,27.0,0.0,45
2024-07-09 09:00:00,22.7,12,1006.0,4.3,26.3,0.0,9
2024-07-09 10:00:00,22.8,14,1004.7,3.3,28.1,0.0,13
2024-07-09 11:00:00,22.2,16,1004.7,7.0,29.2,0.0,2
2024-07-09 12:00:00,21.9,17,1004.8,7.6,36.7,0.0,2
2024-07-09 13:00:00,21.7,16,1004.2,3.9,28.8,0.0,1
2024-07-09 14:00:00,20.7,17,1004.9,6.2,25.9,0.0,0
2024-07-09 15:00:00,19.6,19,1006.1,5.4,27.7,0.0,0
2024-07-09 16:00:00,18.4,22,1007.4,4.6,26.3,0.0,0
2024-07-09 17:00:00,17.8,23,1008.0,3.6,23.0,0.0,0
2024-07-09 18:00:00,18.2,22,1008.6,2.5,19.4,0.0,0
2024-07-09 19:00:00,17.7,23,1009.0,1.8,16.2,0.0,0
2024-07-09 20:00:00,17.3,24,1009.5,1.9,19.1,0.0,0
2024-07-09 21:00:00,16.9,25,1010.1,2.3,20.5,0.0,0
2024-07-09 22:00:00,16.3,27,1010.7,2.5,20.5,0.0,0
2024-07-09 23:00:00,15.7,30,1011.7,3.2,20.9,0.0,0
2024-07-10 00:00:00,15.0,31,1012.4,2.2,20.5,0.0,0
2024-07-10 01:00:00,14.8,36,1013.1,2.3,18.4,0.0,4
2024-07-10 02:00:00,15.5,36,1013.7,2.4,20.9,0.0,5
2024-07-10 03:00:00,17.1,32,1013.3,3.7,24.1,0.0,5
2024-07-10 04:00:00,18.4,29,1012.3,4.5,26.3,0.0,0
2024-07-10 05:00:00,19.8,26,1011.3,5.6,30.2,0.0,16
2024-07-10 06:00:00,20.9,23,1009.8,3.8,29.9,0.0,66
2024-07-10 07:00:00,22.1,21,1007.8,2.9,25.6,0.0,88
2024-07-10 08:00:00,23.0,18,1006.0,3.9,25.6,0.0,55
2024-07-10 09:00:00,23.4,17,1004.4,4.4,26.6,0.0,24
2024-07-10 10:00:00,23.5,18,1003.2,3.9,26.6,0.0,64
2024-07-10 11:00:00,22.8,18,1002.9,5.1,26.3,0.0,60
2024-07-10 12:00:00,22.3,19,1003.3,7.4,32.8,0.0,25
2024-07-10 13:00:00,20.9,21,1005.1,4.4,29.2,0.0,48
2024-07-10 14:00:00,20.4,21,1004.9,3.0,24.8,0.0,75
2024-07-10 15:00:00,19.8,22,1005.1,2.5,19.4,0.0,87
2024-07-10 16:00:00,19.2,24,1006.2,5.2,24.8,0.0,28
2024-07-10 17:00:00,17.7,30,1007.3,4.2,27.7,0.0,11
2024-07-10 18:00:00,16.5,35,1007.9,5.2,28.4,0.0,10
2024-07-10 19:00:00,15.6,37,1008.1,6.7,32.0,0.0,20
2024-07-10 20:00:00,14.8,40,1008.3,7.1,33.5,0.0,23
2024-07-10 21:00:00,14.8,40,1008.4,5.2,32.4,0.0,25
2024-07-10 22:00:00,14.5,40,1008.6,5.0,28.4,0.0,8
2024-07-10 23:00:00,13.3,44,1009.0,5.8,27.7,0.0,2
2024-07-11 00:00:00,14.2,41,1009.6,4.5,27.4,0.0,8
2024-07-11 01:00:00,13.7,43,1010.8,4.8,24.1,0.0,4
2024-07-11 02:00:00,15.0,38,1010.8,3.8,24.8,0.0,20
2024-07-11 03:00:00,16.1,33,1010.1,4.0,24.5,0.0,27
2024-07-11 04:00:00,17.4,30,1008.9,5.8,30.2,0.0,13
2024-07-11 05:00:00,18.6,29,1007.6,5.2,30.6,0.0,22
2024-07-11 06:00:00,19.6,27,1005.9,5.6,29.5,0.0,38
2024-07-11 07:00:00,20.6,24,1004.4,4.6,30.2,0.0,21
2024-07-11 08:00:00,21.4,21,1002.5,3.8,27.0,0.0,23
2024-07-11 09:00:00,22.2,18,1000.3,1.9,25.9,0.0,45
2024-07-11 10:00:00,22.5,16,998.6,4.4,25.6,0.0,60
2024-07-11 11:00:00,22.2,17,998.4,8.7,37.4,0.0,41
2024-07-11 12:00:00,21.3,20,998.6,7.6,37.8,0.0,33
2024-07-11 13:00:00,21.0,20,998.1,8.0,43.6,0.0,16
2024-07-11 14:00:00,19.8,22,998.8,5.8,37.4,0.0,24
2024-07-11 15:00:00,19.2,23,999.8,6.8,35.6,0.0,44
2024-07-11 16:00:00,18.8,24,1000.6,6.9,36.0,0.0,25
2024-07-11 17:00:00,17.9,26,1001.5,7.7,34.6,0.0,11
2024-07-11 18:00:00,16.6,29,1002.6,7.6,34.9,0.0,29
2024-07-11 19:00:00,15.6,32,1003.0,6.8,33.8,0.0,37
2024-07-11 20:00:00,14.6,36,1003.2,6.9,32.0,0.0,23
2024-07-11 21:00:00,13.5,39,1003.7,7.0,31.7,0.0,25
2024-07-11 22:00:00,12.7,40,1004.3,7.3,31.7,0.0,46
2024-07-11 23:00:00,12.2,42,1005.3,4.9,31.3,0.0,31
2024-07-12 00:00:00,12.1,41,1006.0,4.0,25.6,0.0,22
2024-07-12 01:00:00,9.6,66,1010.4,2.5,18.4,0.0,40
2024-07-12 02:00:00,10.6,57,1010.0,4.3,21.2,0.0,31
2024-07-12 03:00:00,11.6,52,1009.8,4.3,24.8,0.0,28
2024-07-12 04:00:00,13.7,44,1008.1,4.7,24.8,0.0,25
2024-07-12 05:00:00,15.9,34,1006.3,5.4,27.7,0.0,18
2024-07-12 06:00:00,17.4,28,1004.7,6.1,32.8,0.0,19
2024-07-12 07:00:00,18.3,24,1003.4,5.6,32.4,0.0,36
2024-07-12 08:00:00,19.7,20,1001.3,5.1,29.9,0.0,28
2024-07-12 09:00:00,20.5,18,999.7,5.0,29.9,0.0,33
2024-07-12 10:00:00,21.1,16,998.2,8.4,35.6,0.0,34
2024-07-12 11:00:00,21.4,17,997.5,11.6,45.7,0.0,26
2024-07-12 12:00:00,21.1,17,997.3,12.0,47.2,0.0,26
2024-07-12 13:00:00,20.8,15,996.7,8.2,36.7,0.0,35
2024-07-12 14:00:00,19.3,19,998.1,9.4,39.6,0.0,100
2024-07-12 15:00:00,18.9,21,999.5,9.1,39.6,0.0,100
2024-07-12 16:00:00,18.3,24,1000.6,9.4,39.2,0.0,100
2024-07-12 17:00:00,17.7,26,1001.5,7.5,38.5,0.0,100
2024-07-12 18:00:00,16.8,29,1002.2,6.9,34.2,0.0,99
2024-07-12 19:00:00,16.0,31,1003.1,6.2,31.7,0.0,93
2024-07-12 20:00:00,14.8,35,1003.7,5.0,29.9,0.0,100
2024-07-12 21:00:00,14.4,37,1004.4,3.1,27.7,0.0,100
2024-07-12 22:00:00,13.9,39,1005.0,1.3,23.0,0.0,100
2024-07-12 23:00:00,13.3,41,1005.8,4.8,22.0,0.0,98
2024-07-13 00:00:00,12.7,43,1006.3,3.4,23.8,0.0,94
2024-07-13 01:00:00,12.4,44,1008.4,4.5,21.2,0.1,100
2024-07-13 02:00:00,12.6,44,1008.6,3.1,21.2,0.0,100
2024-07-13 03:00:00,13.7,41,1007.9,4.0,22.0,0.0,98
2024-07-13 04:00:00,14.7,37,1007.4,3.8,22.3,0.0,76
2024-07-13 05:00:00,15.9,35,1006.1,4.5,24.8,0.0,78
2024-07-13 06:00:00,17.4,31,1004.5,5.4,28.4,0.0,43
2024-07-13 07:00:00,18.5,29,1003.1,6.1,29.5,0.0,66
2024-07-13 08:00:00,19.1,28,1001.8,4.6,31.3,0.0,42
2024-07-13 09:00:00,19.9,27,1000.4,4.4,27.4,0.0,28
2024-07-13 10:00:00,19.4,27,1000.2,6.6,29.9,0.0,33
2024-07-13 11:00:00,19.4,26,999.6,5.8,31.3,0.0,20
2024-07-13 12:00:00,20.1,25,998.4,8.9,36.7,0.0,24
2024-07-13 13:00:00,19.2,26,998.7,6.1,31.3,0.0,69
2024-07-13 14:00:00,18.4,27,999.5,5.8,29.5,0.0,72
2024-07-13 15:00:00,17.5,27,1001.0,4.0,29.2,0.0,35
2024-07-13 16:00:00,16.8,33,1002.1,2.6,26.6,0.0,33
2024-07-13 17:00:00,16.0,42,1002.9,3.1,23.0,0.0,66
2024-07-13 18:00:00,15.3,41,1003.8,3.6,23.8,0.0,92
2024-07-13 19:00:00,14.7,43,1004.2,3.6,22.0,0.0,78
2024-07-13 20:00:00,13.9,43,1004.7,3.9,21.2,0.0,68
2024-07-13 21:00:00,13.8,40,1005.1,3.0,21.2,0.0,72
2024-07-13 22:00:00,13.6,39,1005.4,3.0,19.8,0.0,62
2024-07-13 23:00:00,13.5,37,1006.1,2.2,18.7,0.0,22
2024-07-14 00:00:00,13.0,38,1006.8,2.1,16.6,0.0,8
2024-07-14 01:00:00,12.7,39,1008.6,6.4,23.4,0.0,10
2024-07-14 02:00:00,13.9,37,1009.0,4.6,24.8,0.0,29
2024-07-14 03:00:00,14.9,34,1008.3,2.8,23.0,0.0,50
2024-07-14 04:00:00,16.1,31,1007.3,2.6,20.2,0.0,45
2024-07-14 05:00:00,17.4,26,1005.8,2.3,19.8,0.0,32
2024-07-14 06:00:00,18.5,24,1004.5,2.0,21.2,0.0,82
2024-07-14 07:00:00,19.0,22,1003.4,1.8,20.2,0.0,51
2024-07-14 08:00:00,19.5,20,1002.2,3.1,20.5,0.0,68
2024-07-14 09:00:00,20.5,18,1000.6,5.6,26.3,0.0,41
2024-07-14 10:00:00,22.0,16,998.3,7.2,30.2,0.0,29
2024-07-14 11:00:00,22.6,14,997.1,8.7,34.2,0.0,70
2024-07-14 12:00:00,21.9,14,996.9,6.9,34.2,0.0,66
2024-07-14 13:00:00,18.3,21,1001.3,4.0,32.4,0.0,92
2024-07-14 14:00:00,18.1,21,1001.7,5.1,25.9,0.0,79
2024-07-14 15:00:00,17.8,25,1002.9,6.2,30.2,0.0,97
2024-07-14 16:00:00,16.9,27,1004.7,5.5,31.3,0.0,79
2024-07-14 17:00:00,16.4,29,1005.9,4.7,29.9,0.0,74
2024-07-14 18:00:00,15.8,31,1007.0,2.1,28.1,0.0,69
2024-07-14 19:00:00,15.1,40,1007.6,1.8,20.5,0.0,60
2024-07-14 20:00:00,15.0,33,1008.1,1.5,18.0,0.0,54
2024-07-14 21:00:00,14.6,34,1008.7,2.5,19.1,0.0,24
2024-07-14 22:00:00,14.0,36,1009.6,2.1,20.5,0.0,36
2024-07-14 23:00:00,13.5,37,1010.4,0.5,18.7,0.0,33
2024-07-15 00:00:00,13.1,38,1011.5,0.8,12.2,0.0,16
2024-07-15 01:00:00,13.2,40,1012.3,5.1,21.6,0.0,26
2024-07-15 02:00:00,13.8,39,1012.9,5.0,23.8,0.0,31
2024-07-15 03:00:00,14.8,37,1013.2,4.4,25.2,0.0,24
2024-07-15 04:00:00,16.0,34,1012.5,3.2,24.1,0.0,13
2024-07-15 05:00:00,16.9,32,1011.9,3.9,23.0,0.0,43
2024-07-15 06:00:00,17.7,29,1011.3,4.4,26.3,0.0,20
2024-07-15 07:00:00,18.7,27,1010.1,3.4,25.2,0.0,23
2024-07-15 08:00:00,19.8,23,1008.7,2.6,23.0,0.0,3
2024-07-15 09:00:00,21.2,19,1006.6,3.8,23.8,0.0,2
2024-07-15 10:00:00,22.0,15,1004.9,7.6,30.6,0.0,3
2024-07-15 11:00:00,22.1,14,1003.9,8.4,34.2,0.0,1
2024-07-15 12:00:00,21.7,14,1003.5,8.3,33.8,0.0,1
2024-07-15 13:00:00,20.9,14,1004.1,5.5,31.0,0.0,1
2024-07-15 14:00:00,20.1,16,1004.8,6.2,29.2,0.0,1
2024-07-15 15:00:00,19.6,19,1005.5,5.4,28.4,0.0,0
2024-07-15 16:00:00,18.2,26,1006.5,4.6,23.8,0.0,0
2024-07-15 17:00:00,18.3,24,1007.4,3.6,22.0,0.0,0
2024-07-15 18:00:00,17.5,24,1007.8,4.4,25.6,0.0,0
2024-07-15 19:00:00,18.0,24,1008.3,3.9,25.6,0.0,0
2024-07-15 20:00:00,17.4,27,1008.7,3.4,25.2,0.0,0
2024-07-15 21:00:00,16.5,29,1009.1,3.1,23.8,0.0,0
2024-07-15 22:00:00,15.6,31,1010.0,3.0,21.6,0.0,0
2024-07-15 23:00:00,14.8,32,1010.9,2.7,19.4,0.0,0
2024-07-16 00:00:00,14.3,32,1011.9,3.2,17.6,0.0,0
2024-07-16 01:00:00,14.5,31,1013.4,1.8,15.1,0.0,0
2024-07-16 02:00:00,15.7,29,1013.9,2.2,16.2,0.0,0
2024-07-16 03:00:00,17.1,26,1013.0,1.0,16.2,0.0,0
2024-07-16 04:00:00,18.5,22,1012.4,2.6,19.8,0.0,0
2024-07-16 05:00:00,19.8,20,1011.2,3.6,24.1,0.0,0
2024-07-16 06:00:00,21.1,18,1010.1,3.7,24.8,0.0,9
2024-07-16 07:00:00,22.0,17,1008.3,2.3,24.1,0.0,9
2024-07-16 08:00:00,23.1,15,1006.6,3.2,22.3,0.0,3
2024-07-16 09:00:00,24.6,12,1004.1,7.6,30.2,0.0,0
2024-07-16 10:00:00,25.8,9,1001.9,12.8,42.1,0.0,2
2024-07-16 11:00:00,25.7,8,1000.6,11.5,47.9,0.0,41
2024-07-16 12:00:00,24.8,9,1000.5,3.2,42.5,0.0,0
2024-07-16 13:00:00,23.5,9,1001.7,3.3,20.9,0.0,0
2024-07-16 14:00:00,22.1,11,1003.0,3.0,20.2,0.0,0
2024-07-16 15:00:00,20.7,15,1005.3,5.7,29.2,0.0,1
2024-07-16 16:00:00,19.2,25,1007.0,7.0,36.7,0.0,0
2024-07-16 17:00:00,18.1,29,1007.6,7.0,34.9,0.0,0
2024-07-16 18:00:00,17.3,32,1008.0,4.5,33.5,0.0,0
2024-07-16 19:00:00,17.0,33,1008.2,4.7,27.7,0.0,0
2024-07-16 20:00:00,16.0,36,1008.4,5.4,27.7,0.0,0
2024-07-16 21:00:00,16.8,33,1008.9,4.3,25.9,0.0,0
2024-07-16 22:00:00,16.8,34,1009.1,3.1,23.4,0.0,0
2024-07-16 23:00:00,16.2,35,1010.0,3.3,19.8,0.0,0
2024-07-17 00:00:00,15.5,38,1010.8,2.1,19.1,0.0,0
2024-07-17 01:00:00,14.9,37,1011.3,2.9,18.0,0.0,0
2024-07-17 02:00:00,16.3,33,1012.0,1.1,18.0,0.0,0
2024-07-17 03:00:00,17.8,28,1011.8,4.0,24.5,0.0,2
2024-07-17 04:00:00,19.1,25,1010.8,4.7,26.3,0.0,1
2024-07-17 05:00:00,20.6,21,1009.2,4.7,27.7,0.0,0
2024-07-17 06:00:00,21.9,19,1008.1,4.1,27.7,0.0,1
2024-07-17 07:00:00,22.8,18,1006.8,2.6,27.0,0.0,12
2024-07-17 08:00:00,23.9,15,1004.5,4.0,24.1,0.0,17
2024-07-17 09:00:00,25.4,12,1002.1,6.0,28.4,0.0,42
2024-07-17 10:00:00,26.1,11,1000.5,7.4,33.8,0.0,0
2024-07-17 11:00:00,25.7,10,999.5,5.9,33.8,0.0,0
2024-07-17 12:00:00,25.1,11,999.3,0.4,28.8,0.0,0
2024-07-17 13:00:00,24.0,10,1000.1,4.4,32.0,0.0,0
2024-07-17 14:00:00,22.6,12,1001.2,3.6,22.7,0.0,0
2024-07-17 15:00:00,21.4,15,1002.2,2.2,21.2,0.0,9
2024-07-17 16:00:00,20.7,15,1002.6,2.4,18.7,0.0,0
2024-07-17 17:00:00,20.2,16,1003.2,3.8,22.3,0.0,0
2024-07-17 18:00:00,17.7,25,1004.4,6.3,31.0,0.0,0
2024-07-17 19:00:00,17.0,30,1004.8,6.0,31.0,0.0,0
2024-07-17 20:00:00,16.2,31,1005.0,6.6,32.4,0.0,0
2024-07-17 21:00:00,16.9,29,1005.5,5.4,32.4,0.0,0
2024-07-17 22:00:00,16.4,30,1005.9,5.4,29.9,0.0,17
2024-07-17 23:00:00,16.7,30,1006.6,5.0,28.1,0.0,0
2024-07-18 00:00:00,16.3,32,1007.1,4.1,25.9,0.0,7
2024-07-18 01:00:00,16.6,31,1008.2,2.9,22.0,0.0,1
2024-07-18 02:00:00,17.5,30,1008.4,3.3,22.0,0.0,1
2024-07-18 03:00:00,18.7,26,1007.8,2.9,21.6,0.0,0
2024-07-18 04:00:00,20.0,23,1006.8,2.3,20.9,0.0,7
2024-07-18 05:00:00,21.3,21,1005.5,3.3,22.7,0.0,34
2024-07-18 06:00:00,21.9,21,1004.8,3.8,24.5,0.0,67
2024-07-18 07:00:00,22.6,20,1003.2,7.2,27.7,0.0,87
2024-07-18 08:00:00,24.1,18,1000.7,7.5,31.0,0.0,97
2024-07-18 09:00:00,24.9,16,998.7,4.8,30.6,0.0,90
2024-07-18 10:00:00,24.9,16,997.7,2.7,25.9,0.0,98
2024-07-18 11:00:00,23.8,19,998.3,7.8,32.8,0.0,37
2024-07-18 12:00:00,23.4,21,998.6,8.0,35.3,0.0,19
2024-07-18 13:00:00,20.3,27,1002.7,10.5,38.9,0.0,4
2024-07-18 14:00:00,19.1,31,1003.7,6.5,39.2,0.0,2
2024-07-18 15:00:00,18.4,32,1004.2,2.2,31.7,0.0,10
2024-07-18 16:00:00,17.5,36,1004.8,2.6,20.9,0.0,6
2024-07-18 17:00:00,16.8,37,1005.3,3.4,19.1,0.0,9
2024-07-18 18:00:00,16.3,38,1005.7,3.9,19.8,0.0,20
2024-07-18 19:00:00,16.7,36,1005.7,3.1,18.7,0.0,25
2024-07-18 20:00:00,16.2,37,1006.0,2.9,16.9,0.0,88
2024-07-18 21:00:00,15.8,38,1006.1,2.1,16.6,0.0,85
2024-07-18 22:00:00,15.5,39,1006.7,2.2,16.6,0.0,44
2024-07-18 23:00:00,14.9,42,1007.1,2.8,18.7,0.0,35
2024-07-19 00:00:00,14.4,44,1007.7,2.7,18.7,0.0,18
2024-07-19 01:00:00,14.4,44,1008.7,2.3,17.3,0.0,36
2024-07-19 02:00:00,15.5,37,1009.2,2.6,18.0,0.0,27
2024-07-19 03:00:00,16.1,36,1009.6,2.6,20.5,0.0,22
2024-07-19 04:00:00,17.3,33,1009.1,2.4,20.9,0.0,19
2024-07-19 05:00:00,18.6,29,1007.6,2.5,20.9,0.0,40
2024-07-19 06:00:00,20.5,25,1005.7,4.0,24.5,0.0,50
2024-07-19 07:00:00,21.7,21,1004.0,4.1,25.2,0.0,46
2024-07-19 08:00:00,22.9,18,1002.0,4.8,25.9,0.0,11
2024-07-19 09:00:00,24.2,15,999.8,4.1,26.6,0.0,3
2024-07-19 10:00:00,24.9,12,997.9,4.1,24.8,0.0,1
2024-07-19 11:00:00,25.2,11,996.4,3.7,24.5,0.0,0
2024-07-19 12:00:00,24.9,11,995.9,1.8,23.4,0.0,0
2024-07-19 13:00:00,23.8,13,996.8,5.1,25.2,0.0,0
2024-07-19 14:00:00,22.2,16,998.4,3.6,28.8,0.0,0
2024-07-19 15:00:00,21.2,17,999.5,2.5,24.1,0.0,0
2024-07-19 16:00:00,20.0,21,1000.8,4.0,28.4,0.0,0
2024-07-19 17:00:00,19.0,26,1002.3,6.9,33.5,0.0,0
2024-07-19 18:00:00,17.9,32,1003.2,6.9,34.9,0.0,0
2024-07-19 19:00:00,17.6,35,1003.6,4.8,33.1,0.0,0
2024-07-19 20:00:00,17.1,37,1004.3,4.6,29.5,0.0,0
2024-07-19 21:00:00,17.0,37,1005.1,4.3,27.0,0.0,1
2024-07-19 22:00:00,16.9,37,1005.7,3.7,23.0,0.0,2
2024-07-19 23:00:00,16.2,38,1006.6,3.2,20.5,0.0,3
2024-07-20 00:00:00,15.7,39,1007.4,2.2,18.7,0.0,2
2024-07-20 01:00:00,14.9,40,1008.6,3.1,20.5,0.0,1
2024-07-20 02:00:00,16.7,32,1009.4,2.1,19.1,0.0,1
2024-07-20 03:00:00,18.0,27,1009.2,2.3,18.7,0.0,1
2024-07-20 04:00:00,19.3,24,1008.3,3.9,23.8,0.0,0
2024-07-20 05:00:00,20.8,21,1007.1,4.9,27.4,0.0,0
2024-07-20 06:00:00,21.9,20,1006.1,4.1,27.7,0.0,1
2024-07-20 07:00:00,23.0,20,1004.3,2.6,26.3,0.0,45
2024-07-20 08:00:00,24.5,17,1001.9,3.9,23.8,0.0,12
2024-07-20 09:00:00,26.1,14,999.4,6.4,29.9,0.0,41
2024-07-20 10:00:00,26.5,13,998.1,6.4,33.5,0.0,58
2024-07-20 11:00:00,26.3,12,997.7,2.3,31.3,0.0,26
2024-07-20 12:00:00,26.1,12,997.6,9.2,31.7,0.0,10
2024-07-20 13:00:00,24.6,14,998.9,7.6,31.0,0.0,1
2024-07-20 14:00:00,23.0,16,1000.0,4.8,33.5,0.0,0
2024-07-20 15:00:00,22.2,20,1000.5,2.3,26.3,0.0,0
2024-07-20 16:00:00,22.1,17,1001.2,2.9,18.7,0.0,0
2024-07-20 17:00:00,20.1,20,1002.2,4.8,26.6,0.0,0
2024-07-20 18:00:00,20.0,23,1003.2,4.3,27.7,0.0,0
2024-07-20 19:00:00,17.9,31,1003.9,5.9,31.3,0.0,0
2024-07-20 20:00:00,16.8,34,1004.4,6.8,32.8,0.0,1
2024-07-20 21:00:00,16.8,34,1005.3,6.0,32.8,0.0,0
2024-07-20 22:00:00,16.2,36,1006.0,5.8,31.0,0.0,0
2024-07-20 23:00:00,17.7,34,1007.0,4.3,29.5,0.0,1
2024-07-21 00:00:00,17.0,36,1007.8,3.9,25.2,0.0,0
2024-07-21 01:00:00,15.9,42,1008.8,3.3,19.1,0.0,2
2024-07-21 02:00:00,17.0,39,1009.5,1.3,20.5,0.0,1
2024-07-21 03:00:00,18.4,34,1009.1,3.1,20.9,0.0,0
2024-07-21 04:00:00,19.8,28,1007.9,3.8,24.1,0.0,0
2024-07-21 05:00:00,21.3,25,1006.6,3.8,24.8,0.0,0
2024-07-21 06:00:00,22.6,23,1005.2,4.1,26.6,0.0,1
2024-07-21 07:00:00,23.8,21,1003.3,2.8,26.6,0.0,21
2024-07-21 08:00:00,25.2,18,1000.7,2.6,23.4,0.0,64
2024-07-21 09:00:00,26.2,16,998.6,4.4,25.9,0.0,99
2024-07-21 10:00:00,26.4,16,997.1,6.6,29.9,0.0,74
2024-07-21 11:00:00,26.0,16,996.9,11.0,38.9,0.0,21
2024-07-21 12:00:00,25.3,17,997.6,12.4,46.4,0.0,14
2024-07-21 13:00:00,24.0,17,999.0,7.7,42.8,0.0,10
2024-07-21 14:00:00,23.3,17,999.5,2.7,34.6,0.0,22
2024-07-21 15:00:00,22.2,19,1000.9,4.0,24.5,0.0,43
2024-07-21 16:00:00,20.8,23,1002.4,2.9,24.8,0.0,14
2024-07-21 17:00:00,19.7,25,1003.3,3.3,26.6,0.0,7
2024-07-21 18:00:00,17.9,29,1004.4,5.3,31.0,0.0,2
2024-07-21 19:00:00,17.7,30,1004.8,4.8,30.6,0.0,0
2024-07-21 20:00:00,17.9,29,1005.1,4.7,28.4,0.0,0
2024-07-21 21:00:00,18.4,27,1005.5,3.7,27.4,0.0,0
2024-07-21 22:00:00,17.8,29,1005.9,4.2,25.6,0.0,0
2024-07-21 23:00:00,17.1,30,1006.9,4.1,24.1,0.0,0
2024-07-22 00:00:00,16.4,32,1007.9,3.3,21.2,0.0,0
2024-07-22 01:00:00,16.0,33,1008.5,2.7,16.2,0.0,0
2024-07-22 02:00:00,16.9,31,1009.1,1.8,16.9,0.0,0
2024-07-22 03:00:00,18.3,27,1008.7,3.5,22.0,0.0,0
2024-07-22 04:00:00,19.6,25,1007.8,5.1,27.4,0.0,0
2024-07-22 05:00:00,21.0,23,1006.6,5.4,29.5,0.0,0
2024-07-22 06:00:00,22.2,21,1005.4,3.3,29.2,0.0,46
2024-07-22 07:00:00,23.6,19,1003.4,4.0,25.2,0.0,45
2024-07-22 08:00:00,24.6,16,1001.5,6.9,29.2,0.0,9
2024-07-22 09:00:00,25.4,15,1000.0,7.8,33.1,0.0,5
2024-07-22 10:00:00,26.0,15,998.5,7.4,34.9,0.0,12
2024-07-22 11:00:00,26.1,16,997.5,8.2,36.4,0.0,3
2024-07-22 12:00:00,26.0,16,997.2,12.3,48.2,0.0,4
2024-07-22 13:00:00,25.2,13,997.5,9.2,47.2,0.0,6
2024-07-22 14:00:00,23.4,15,999.0,6.2,39.2,0.0,0
2024-07-22 15:00:00,22.1,19,1000.4,5.9,28.8,0.0,0
2024-07-22 16:00:00,21.2,22,1001.4,3.7,25.6,0.0,0
2024-07-22 17:00:00,20.2,23,1002.1,4.5,23.4,0.0,0
2024-07-22 18:00:00,19.0,26,1003.0,5.1,28.8,0.0,0
2024-07-22 19:00:00,19.8,26,1003.9,3.9,28.1,0.0,0
2024-07-22 20:00:00,18.3,31,1004.5,4.2,24.1,0.0,0
2024-07-22 21:00:00,17.3,33,1004.7,4.7,23.4,0.0,0
2024-07-22 22:00:00,16.7,34,1004.7,4.3,22.3,0.0,0
2024-07-22 23:00:00,17.0,32,1005.6,2.9,18.7,0.0,0
2024-07-23 00:00:00,16.5,32,1006.7,2.5,14.8,0.0,0
2024-07-23 01:00:00,16.4,37,1006.8,1.8,14.0,0.0,36
2024-07-23 02:00:00,17.5,35,1007.1,3.8,18.7,0.0,100
2024-07-23 03:00:00,18.6,33,1006.9,4.2,22.0,0.0,85
2024-07-23 04:00:00,20.1,30,1006.0,4.2,24.1,0.0,98
2024-07-23 05:00:00,21.6,25,1004.1,3.9,24.1,0.0,34
2024-07-23 06:00:00,23.2,22,1002.8,4.8,27.7,0.0,2
2024-07-23 07:00:00,24.3,21,1001.0,3.4,27.7,0.0,14
2024-07-23 08:00:00,25.5,19,998.9,6.1,28.8,0.0,73
2024-07-23 09:00:00,25.4,18,997.7,7.3,31.7,0.0,92
2024-07-23 10:00:00,25.4,18,996.9,5.0,32.0,0.0,21
2024-07-23 11:00:00,25.4,19,996.1,4.2,26.3,0.0,29
2024-07-23 12:00:00,25.5,19,995.4,9.0,35.6,0.0,16
2024-07-23 13:00:00,22.1,23,999.1,8.9,36.7,0.0,9
2024-07-23 14:00:00,21.4,24,999.4,5.4,32.0,0.0,12
2024-07-23 15:00:00,21.1,25,999.7,3.6,23.4,0.0,29
2024-07-23 16:00:00,20.0,28,1000.2,4.0,19.1,0.0,39
2024-07-23 17:00:00,20.7,26,1000.6,2.1,18.7,0.0,26
2024-07-23 18:00:00,19.5,29,1000.9,4.0,24.1,0.0,9
2024-07-23 19:00:00,19.9,30,1001.1,3.1,24.1,0.0,3
2024-07-23 20:00:00,19.4,33,1001.4,3.0,21.6,0.0,5
2024-07-23 21:00:00,18.8,35,1001.5,1.4,20.9,0.0,8
2024-07-23 22:00:00,18.3,37,1001.8,1.6,17.3,0.0,6
2024-07-23 23:00:00,17.8,39,1002.6,1.8,16.9,0.0,7
2024-07-24 00:00:00,17.3,40,1003.2,1.1,16.2,0.0,12
2024-07-24 01:00:00,16.5,42,1002.6,3.1,18.7,0.0,5
2024-07-24 02:00:00,17.7,41,1003.1,2.9,21.2,0.0,4
2024-07-24 03:00:00,19.1,37,1002.6,3.1,20.2,0.0,5
2024-07-24 04:00:00,20.4,33,1001.6,3.3,21.6,0.0,8
2024-07-24 05:00:00,21.6,30,1000.3,4.4,25.2,0.0,39
2024-07-24 06:00:00,22.5,29,999.1,4.3,25.6,0.0,21
2024-07-24 07:00:00,23.2,27,997.7,5.4,28.4,0.0,32
2024-07-24 08:00:00,23.6,26,996.4,4.8,29.2,0.0,42
2024-07-24 09:00:00,24.5,23,994.6,2.4,27.7,0.0,27
2024-07-24 10:00:00,25.6,19,992.0,2.2,22.7,0.0,14
2024-07-24 11:00:00,26.2,17,991.1,9.8,35.6,0.0,9
2024-07-24 12:00:00,24.7,21,992.5,12.5,47.5,0.0,3
2024-07-24 13:00:00,23.5,18,993.9,10.5,41.0,0.0,1
2024-07-24 14:00:00,22.4,19,994.9,8.6,41.0,0.0,1
2024-07-24 15:00:00,21.8,21,995.4,5.6,34.6,0.0,2
2024-07-24 16:00:00,20.8,25,996.2,3.5,29.2,0.0,4
2024-07-24 17:00:00,20.2,25,997.1,4.0,25.9,0.0,0
2024-07-24 18:00:00,20.1,25,997.6,4.1,25.9,0.0,0
2024-07-24 19:00:00,19.4,27,998.0,4.3,26.6,0.0,0
2024-07-24 20:00:00,18.1,32,998.4,4.8,27.7,0.0,6
2024-07-24 21:00:00,17.6,34,999.0,4.8,28.1,0.0,20
2024-07-24 22:00:00,18.4,33,999.9,4.0,27.7,0.0,23
2024-07-24 23:00:00,17.7,35,1000.7,2.9,24.8,0.0,17
2024-07-25 00:00:00,17.1,37,1001.6,1.5,21.6,0.0,14
2024-07-25 01:00:00,16.2,39,1002.1,3.1,17.6,0.0,11
2024-07-25 02:00:00,17.3,38,1002.7,1.1,19.8,0.0,14
2024-07-25 03:00:00,18.6,34,1002.4,3.5,21.6,0.0,9
2024-07-25 04:00:00,19.9,29,1001.7,4.0,24.1,0.0,2
2024-07-25 05:00:00,21.6,24,1000.4,4.3,25.6,0.0,1
2024-07-25 06:00:00,22.8,22,999.1,3.7,25.9,0.0,4
2024-07-25 07:00:00,23.8,20,997.4,1.3,24.8,0.0,16
2024-07-25 08:00:00,24.9,19,995.4,1.5,19.8,0.0,22
2024-07-25 09:00:00,26.4,16,993.1,1.3,20.5,0.0,86
2024-07-25 10:00:00,26.1,16,992.3,5.5,25.6,0.0,23
2024-07-25 11:00:00,26.1,17,992.1,11.6,44.3,0.0,5
2024-07-25 12:00:00,26.4,16,991.5,12.0,46.8,0.0,2
2024-07-25 13:00:00,24.9,18,992.5,9.4,41.8,0.0,2
2024-07-25 14:00:00,23.7,20,993.6,9.0,41.4,0.0,7
2024-07-25 15:00:00,22.5,22,995.5,10.6,42.1,0.0,4
2024-07-25 16:00:00,21.1,27,997.5,10.2,43.6,0.0,2
2024-07-25 17:00:00,20.1,31,998.4,8.4,38.5,0.0,1
2024-07-25 18:00:00,18.8,34,999.7,6.8,36.0,0.0,0
2024-07-25 19:00:00,18.1,37,1000.4,4.6,32.0,0.0,4
2024-07-25 20:00:00,19.1,34,1000.8,1.3,25.6,0.0,4
2024-07-25 21:00:00,18.4,36,1001.2,1.9,17.6,0.0,6
2024-07-25 22:00:00,17.8,37,1002.0,1.8,16.9,0.0,6
2024-07-25 23:00:00,17.1,39,1002.9,1.3,16.2,0.0,9
2024-07-26 00:00:00,16.1,41,1003.9,4.2,17.3,0.0,13
2024-07-26 01:00:00,16.4,42,1004.6,1.5,15.1,0.0,15
2024-07-26 02:00:00,17.3,39,1005.3,4.1,19.4,0.0,19
2024-07-26 03:00:00,18.6,37,1004.8,5.0,24.1,0.0,19
2024-07-26 04:00:00,20.2,33,1003.6,6.6,29.5,0.0,19
2024-07-26 05:00:00,21.9,29,1001.8,8.4,34.9,0.0,13
2024-07-26 06:00:00,23.7,24,1000.1,7.9,36.0,0.0,3
2024-07-26 07:00:00,25.1,19,998.2,6.6,35.3,0.0,6
2024-07-26 08:00:00,26.2,17,996.5,5.1,32.8,0.0,1
2024-07-26 09:00:00,27.2,14,995.0,8.6,35.3,0.0,2
2024-07-26 10:00:00,28.3,10,993.5,10.9,42.1,0.0,0
2024-07-26 11:00:00,28.6,12,992.4,12.8,47.9,0.0,2
2024-07-26 12:00:00,28.3,13,992.3,13.7,50.4,0.0,0
2024-07-26 13:00:00,26.5,17,994.3,7.9,42.5,0.0,4
2024-07-26 14:00:00,26.0,18,994.5,5.4,31.7,0.0,3
2024-07-26 15:00:00,25.0,18,995.5,8.4,33.5,0.0,1
2024-07-26 16:00:00,23.1,19,996.9,7.3,34.9,0.0,0
2024-07-26 17:00:00,22.0,22,998.1,4.9,30.6,0.0,0
2024-07-26 18:00:00,22.9,21,999.0,3.6,25.2,0.0,0
2024-07-26 19:00:00,20.5,27,999.7,4.8,23.8,0.0,0
2024-07-26 20:00:00,17.6,36,1000.4,6.9,23.8,0.0,0
2024-07-26 21:00:00,17.5,36,1001.1,5.7,23.8,0.0,0
2024-07-26 22:00:00,17.8,34,1001.7,4.4,20.2,0.0,0
2024-07-26 23:00:00,14.9,40,1002.5,6.8,18.0,0.0,0
2024-07-27 00:00:00,14.3,41,1003.4,7.1,18.0,0.0,0
2024-07-27 01:00:00,16.6,35,1003.9,7.7,19.8,0.0,1
2024-07-27 02:00:00,20.2,27,1004.6,2.1,18.7,0.0,5
2024-07-27 03:00:00,21.7,26,1004.3,5.6,25.6,0.0,10
2024-07-27 04:00:00,23.3,23,1003.2,6.1,28.1,0.0,9
2024-07-27 05:00:00,25.0,20,1001.6,6.1,30.6,0.0,14
2024-07-27 06:00:00,26.7,17,999.9,6.5,30.6,0.0,6
2024-07-27 07:00:00,28.1,15,998.1,5.2,31.7,0.0,0
2024-07-27 08:00:00,29.7,13,996.1,6.8,32.4,0.0,1
2024-07-27 09:00:00,30.9,13,994.4,11.2,42.8,0.0,5
2024-07-27 10:00:00,31.0,11,993.5,13.0,47.9,0.0,3
2024-07-27 11:00:00,31.5,10,992.3,11.2,47.5,0.0,8
2024-07-27 12:00:00,31.3,10,992.1,12.6,46.4,0.0,83
2024-07-27 13:00:00,29.8,13,993.2,12.1,48.6,0.0,52
2024-07-27 14:00:00,27.7,16,995.4,9.3,45.0,0.0,5
2024-07-27 15:00:00,26.2,19,996.7,7.9,37.8,0.0,1
2024-07-27 16:00:00,24.7,22,998.0,8.0,34.2,0.0,0
2024-07-27 17:00:00,23.3,25,999.3,8.0,35.6,0.0,0
2024-07-27 18:00:00,21.6,29,1000.5,6.2,34.6,0.0,0
2024-07-27 19:00:00,21.6,28,1001.1,5.0,29.2,0.0,0
2024-07-27 20:00:00,21.6,29,1001.4,4.6,25.2,0.0,1
2024-07-27 21:00:00,21.4,30,1002.0,3.6,23.4,0.0,3
2024-07-27 22:00:00,20.6,32,1002.5,2.6,20.9,0.0,16
2024-07-27 23:00:00,19.8,33,1003.4,2.3,18.0,0.0,24
2024-07-28 00:00:00,19.2,34,1004.3,2.5,16.2,0.0,2
2024-07-28 01:00:00,17.5,36,1005.0,4.7,17.6,0.0,0
2024-07-28 02:00:00,21.1,28,1005.9,3.6,18.4,0.0,0
2024-07-28 03:00:00,22.8,25,1005.5,5.6,26.3,0.0,0
2024-07-28 04:00:00,24.4,22,1004.5,6.4,29.2,0.0,1
2024-07-28 05:00:00,26.0,20,1002.9,6.1,31.7,0.0,0
2024-07-28 06:00:00,27.6,17,1000.9,6.0,30.2,0.0,0
2024-07-28 07:00:00,29.3,14,998.7,4.5,29.9,0.0,3
2024-07-28 08:00:00,30.7,12,996.3,6.5,32.4,0.0,21
2024-07-28 09:00:00,31.7,10,994.4,9.2,39.6,0.0,13
2024-07-28 10:00:00,31.7,11,993.4,8.2,40.3,0.0,51
2024-07-28 11:00:00,31.3,13,993.4,11.5,36.4,0.0,82
2024-07-28 12:00:00,29.7,16,994.4,12.6,38.9,0.0,68
2024-07-28 13:00:00,29.3,16,994.4,7.3,35.6,0.0,72
2024-07-28 14:00:00,28.3,17,994.6,4.4,32.4,0.0,40
2024-07-28 15:00:00,27.0,18,995.4,6.9,31.0,0.0,1
2024-07-28 16:00:00,25.1,20,996.6,6.9,32.4,0.0,16
2024-07-28 17:00:00,23.7,22,997.5,6.0,31.7,0.0,0
2024-07-28 18:00:00,25.2,19,998.3,3.4,29.9,0.0,0
2024-07-28 19:00:00,24.2,21,998.8,3.3,21.6,0.0,2
2024-07-28 20:00:00,23.0,24,999.2,4.0,20.5,0.0,6
2024-07-28 21:00:00,20.5,28,999.7,5.2,21.2,0.0,0
2024-07-28 22:00:00,18.0,32,1000.6,6.8,21.2,0.0,0
2024-07-28 23:00:00,17.1,32,1001.5,6.6,20.5,0.0,0
2024-07-29 00:00:00,17.7,30,1002.5,5.7,20.5,0.0,0
2024-07-29 01:00:00,18.0,34,1003.5,7.1,20.2,0.0,0
2024-07-29 02:00:00,21.7,27,1004.2,3.3,19.4,0.0,0
2024-07-29 03:00:00,23.2,26,1004.2,6.6,29.2,0.0,0
2024-07-29 04:00:00,24.8,24,1003.3,7.1,31.3,0.0,2
2024-07-29 05:00:00,26.6,20,1001.3,6.4,31.3,0.0,0
2024-07-29 06:00:00,28.5,18,999.1,5.4,30.6,0.0,0
2024-07-29 07:00:00,29.9,15,996.9,6.6,32.8,0.0,2
2024-07-29 08:00:00,30.3,15,996.0,7.9,37.1,0.0,4
2024-07-29 09:00:00,31.1,14,994.5,7.4,36.7,0.0,25
2024-07-29 10:00:00,31.2,14,993.7,11.6,46.1,0.0,46
2024-07-29 11:00:00,30.7,15,994.1,15.2,52.6,0.0,61
2024-07-29 12:00:00,28.9,18,995.6,14.8,56.5,0.0,70
2024-07-29 13:00:00,26.3,24,999.0,12.3,55.4,0.0,100
2024-07-29 14:00:00,24.6,28,1001.3,12.1,49.7,0.0,100
2024-07-29 15:00:00,22.8,34,1004.6,7.8,49.0,0.0,91
2024-07-29 16:00:00,20.7,42,1008.0,7.7,36.4,0.0,100
2024-07-29 17:00:00,19.7,46,1009.0,0.8,31.7,0.0,100
2024-07-29 18:00:00,18.8,50,1009.9,4.7,18.0,0.1,100
2024-07-29 19:00:00,18.9,49,1008.7,2.9,19.4,0.0,100
2024-07-29 20:00:00,18.5,51,1008.1,4.1,20.5,0.0,43
2024-07-29 21:00:00,17.3,55,1007.9,4.7,20.9,0.0,47
2024-07-29 22:00:00,17.0,55,1007.8,3.5,20.9,0.0,30
2024-07-29 23:00:00,17.6,52,1007.8,2.2,16.2,0.0,17
2024-07-30 00:00:00,17.2,53,1008.3,1.8,12.6,0.0,91
2024-07-30 01:00:00,16.0,67,1011.7,2.5,11.5,0.0,100
2024-07-30 02:00:00,17.3,61,1012.2,3.1,19.8,0.0,100
2024-07-30 03:00:00,18.2,57,1012.2,4.4,22.3,0.0,99
2024-07-30 04:00:00,19.9,48,1010.9,3.6,22.3,0.0,85
2024-07-30 05:00:00,22.2,37,1008.6,3.7,22.3,0.0,99
2024-07-30 06:00:00,23.7,32,1006.9,5.0,26.6,0.0,74
2024-07-30 07:00:00,25.8,26,1003.9,6.3,28.4,0.0,100
2024-07-30 08:00:00,25.2,30,1004.1,11.3,47.5,0.0,100
2024-07-30 09:00:00,25.6,28,1002.1,2.5,42.8,0.0,100
2024-07-30 10:00:00,26.2,28,1001.2,9.8,37.8,0.0,100
2024-07-30 11:00:00,25.1,29,1001.4,11.3,43.6,0.0,100
2024-07-30 12:00:00,24.4,32,1002.3,10.5,43.6,0.0,100
2024-07-30 13:00:00,22.0,40,1005.5,10.7,38.9,0.0,100
2024-07-30 14:00:00,20.2,50,1007.8,3.3,39.2,0.0,100
2024-07-30 15:00:00,19.8,50,1008.7,7.5,29.5,0.0,100
2024-07-30 16:00:00,18.5,54,1010.5,3.5,29.9,0.0,99
2024-07-30 17:00:00,18.3,53,1010.6,2.5,19.8,0.0,96
2024-07-30 18:00:00,18.0,52,1010.3,4.6,22.0,0.0,74
2024-07-30 19:00:00,17.6,52,1009.8,1.6,21.6,0.0,36
2024-07-30 20:00:00,17.1,56,1008.9,2.9,14.0,0.0,9
2024-07-30 21:00:00,16.4,59,1008.8,3.7,16.6,0.0,11
2024-07-30 22:00:00,16.7,58,1008.9,2.2,16.2,0.0,82
2024-07-30 23:00:00,16.0,62,1009.3,0.7,13.0,0.0,98
2024-07-31 00:00:00,13.9,71,1010.0,4.1,12.6,0.0,91
2024-07-31 01:00:00,15.1,74,1012.4,2.3,16.9,0.1,93
2024-07-31 02:00:00,15.8,71,1012.5,3.6,18.4,0.0,92
2024-07-31 03:00:00,16.4,67,1012.3,4.7,22.0,0.0,100
2024-07-31 04:00:00,18.0,58,1011.3,5.2,24.5,0.0,91
2024-07-31 05:00:00,20.3,46,1009.1,4.7,26.6,0.0,92
2024-07-31 06:00:00,22.5,38,1006.5,4.3,25.2,0.0,35
2024-07-31 07:00:00,24.1,34,1004.2,5.2,27.7,0.0,34
2024-07-31 08:00:00,25.3,31,1002.1,4.3,28.8,0.0,7
2024-07-31 09:00:00,26.7,27,999.8,6.5,28.4,0.1,45
2024-07-31 10:00:00,23.9,36,1001.2,11.5,51.8,0.5,100
2024-07-31 11:00:00,24.9,30,999.2,8.3,40.7,0.0,37
2024-07-31 12:00:00,23.9,36,1000.4,13.2,46.8,0.0,60
2024-07-31 13:00:00,23.8,34,1000.0,10.6,40.0,0.0,92
2024-07-31 14:00:00,22.6,39,1000.4,9.4,39.6,0.0,67
2024-07-31 15:00:00,21.5,43,1001.5,6.9,36.7,0.0,18
2024-07-31 16:00:00,20.8,45,1002.7,5.2,31.0,0.0,20
2024-07-31 17:00:00,19.1,54,1004.8,7.6,26.3,0.7,37
2024-07-31 18:00:00,18.7,60,1004.0,3.2,22.7,0.0,5
2024-07-31 19:00:00,18.7,56,1004.5,2.2,18.7,0.0,29
2024-07-31 20:00:00,17.5,60,1004.6,1.6,15.1,0.0,49
2024-07-31 21:00:00,16.6,69,1004.6,4.3,16.6,0.0,46
2024-07-31 22:00:00,16.9,65,1004.0,2.8,17.6,0.0,45
2024-07-31 23:00:00,15.2,76,1005.8,3.8,19.8,0.1,52
2024-08-01 00:00:00,14.5,81,1008.1,2.1,19.4,0.1,92
2024-08-01 01:00:00,14.6,73,1008.8,2.5,17.6,0.0,62
2024-08-01 02:00:00,15.4,69,1009.3,3.6,19.1,0.3,62
2024-08-01 03:00:00,16.0,67,1009.0,6.4,26.6,0.0,50
2024-08-01 04:00:00,17.6,62,1008.0,5.4,28.1,0.0,47
2024-08-01 05:00:00,19.3,52,1006.6,9.8,35.6,0.0,50
2024-08-01 06:00:00,19.6,50,1006.1,4.1,37.8,0.0,53
2024-08-01 07:00:00,21.9,40,1003.5,2.1,24.5,0.0,30
2024-08-01 08:00:00,21.5,41,1002.5,8.2,30.2,0.0,15
2024-08-01 09:00:00,20.5,48,1002.8,7.2,42.5,0.0,42
2024-08-01 10:00:00,22.9,37,999.9,3.3,33.1,0.0,54
2024-08-01 11:00:00,23.2,36,999.5,3.7,31.3,0.0,63
2024-08-01 12:00:00,19.5,53,1003.0,13.9,47.2,1.4,98
2024-08-01 13:00:00,18.9,53,1005.2,7.5,33.1,0.2,63
2024-08-01 14:00:00,17.2,62,1006.9,3.3,31.0,0.8,41
2024-08-01 15:00:00,17.2,60,1007.2,2.3,18.7,0.0,31
2024-08-01 16:00:00,16.8,61,1007.8,3.9,18.7,0.0,29
2024-08-01 17:00:00,16.1,64,1008.4,4.0,20.2,0.0,27
2024-08-01 18:00:00,15.4,67,1009.5,4.0,21.2,0.0,51
2024-08-01 19:00:00,14.4,71,1009.9,4.0,19.1,0.1,46
2024-08-01 20:00:00,13.6,73,1010.2,4.3,18.4,0.0,59
2024-08-01 21:00:00,12.8,78,1010.3,2.9,18.0,0.2,99
2024-08-01 22:00:00,12.3,80,1010.8,1.3,15.1,1.2,97
2024-08-01 23:00:00,11.9,87,1011.0,1.8,12.6,1.3,64
2024-08-02 00:00:00,11.9,88,1011.1,2.2,12.6,0.3,84
2024-08-02 01:00:00,12.7,89,1011.4,5.5,20.9,0.2,100
2024-08-02 02:00:00,13.0,87,1011.6,4.1,22.3,0.1,100
2024-08-02 03:00:00,14.5,80,1010.6,5.4,23.0,0.0,84
2024-08-02 04:00:00,16.0,73,1009.2,5.6,25.2,0.0,38
2024-08-02 05:00:00,17.7,66,1007.5,7.3,30.6,0.0,43
2024-08-02 06:00:00,19.4,58,1005.4,7.4,31.7,0.0,16
2024-08-02 07:00:00,20.9,51,1002.9,8.2,34.9,0.0,17
2024-08-02 08:00:00,22.0,46,1000.9,8.7,35.6,0.0,10
2024-08-02 09:00:00,22.3,43,999.7,8.7,36.0,0.0,72
2024-08-02 10:00:00,23.7,38,997.9,12.2,43.9,0.1,28
2024-08-02 11:00:00,19.8,54,1001.3,0.5,46.8,2.2,65
2024-08-02 12:00:00,19.7,55,1001.1,2.7,27.7,0.1,56
2024-08-02 13:00:00,19.1,47,1003.0,4.7,27.0,0.4,100
2024-08-02 14:00:00,18.4,48,1003.8,4.8,23.0,0.0,100
2024-08-02 15:00:00,17.9,56,1004.8,3.8,21.6,0.0,70
2024-08-02 16:00:00,16.4,69,1005.6,4.8,20.2,0.0,3
2024-08-02 17:00:00,15.6,68,1006.7,4.3,20.5,0.0,5
2024-08-02 18:00:00,14.8,72,1007.3,5.0,18.7,0.0,23
2024-08-02 19:00:00,14.5,74,1007.1,4.7,18.0,0.0,33
2024-08-02 20:00:00,14.1,71,1007.0,4.4,16.2,0.0,18
2024-08-02 21:00:00,13.1,74,1007.4,4.8,16.2,0.0,10
2024-08-02 22:00:00,14.8,60,1007.3,1.8,16.9,0.0,25
2024-08-02 23:00:00,12.7,72,1007.6,4.3,16.2,0.0,11
2024-08-03 00:00:00,14.2,60,1008.0,2.9,17.6,0.0,7
2024-08-03 01:00:00,14.1,72,1008.9,2.3,14.4,0.0,13
2024-08-03 02:00:00,15.3,61,1009.2,3.6,17.6,0.0,16
2024-08-03 03:00:00,16.6,57,1008.6,4.8,21.2,0.0,7
2024-08-03 04:00:00,18.7,51,1007.1,6.2,26.6,0.0,3
2024-08-03 05:00:00,20.2,48,1005.7,5.8,28.8,0.0,2
2024-08-03 06:00:00,21.4,45,1004.5,5.7,27.7,0.0,3
2024-08-03 07:00:00,22.8,39,1002.7,6.9,30.6,0.0,7
2024-08-03 08:00:00,23.3,37,1001.1,5.1,31.3,0.0,11
2024-08-03 09:00:00,24.4,33,999.0,5.0,26.3,0.0,7
2024-08-03 10:00:00,23.7,35,1000.0,8.1,36.4,0.0,34
2024-08-03 11:00:00,23.5,36,999.8,7.2,33.8,0.0,29
2024-08-03 12:00:00,22.9,38,1000.2,3.3,35.3,0.0,45
2024-08-03 13:00:00,22.6,35,1001.2,5.9,28.4,0.0,47
2024-08-03 14:00:00,21.1,46,1002.6,7.2,23.4,0.0,56
2024-08-03 15:00:00,21.1,43,1003.7,1.5,25.2,0.0,41
2024-08-03 16:00:00,18.8,54,1006.1,6.3,23.8,0.0,77
2024-08-03 17:00:00,17.0,56,1008.8,8.7,32.0,0.0,57
2024-08-03 18:00:00,16.3,58,1010.1,8.8,27.0,0.0,59
2024-08-03 19:00:00,15.1,66,1010.1,6.6,27.4,0.0,83
2024-08-03 20:00:00,14.4,71,1010.0,5.4,20.9,0.0,5
2024-08-03 21:00:00,14.3,70,1009.2,4.2,19.1,0.0,9
2024-08-03 22:00:00,15.2,62,1010.3,1.6,17.6,0.0,13
2024-08-03 23:00:00,14.7,64,1010.5,3.9,18.0,0.0,7
2024-08-04 00:00:00,15.0,62,1011.4,3.2,16.9,0.0,25
2024-08-04 01:00:00,14.4,69,1011.7,4.9,18.4,0.0,47
2024-08-04 02:00:00,14.9,66,1012.9,5.2,20.9,0.0,39
2024-08-04 03:00:00,15.7,64,1012.9,5.0,23.0,0.0,23
2024-08-04 04:00:00,17.3,58,1011.7,4.5,23.0,0.0,21
2024-08-04 05:00:00,19.2,51,1009.6,5.1,24.1,0.0,21
2024-08-04 06:00:00,20.8,43,1007.5,5.1,25.9,0.0,11
2024-08-04 07:00:00,22.4,36,1005.1,7.2,31.0,0.0,5
2024-08-04 08:00:00,23.3,34,1003.4,5.1,32.0,0.0,11
2024-08-04 09:00:00,24.4,30,1000.7,6.5,30.2,0.0,14
2024-08-04 10:00:00,24.5,31,1000.8,11.5,44.6,0.0,80
2024-08-04 11:00:00,23.6,34,1001.2,10.3,42.5,0.0,69
2024-08-04 12:00:00,21.7,42,1003.5,8.9,47.5,0.1,96
2024-08-04 13:00:00,21.3,43,1003.9,7.3,35.6,0.0,100
2024-08-04 14:00:00,20.8,45,1004.9,5.7,32.0,0.0,100
2024-08-04 15:00:00,20.3,47,1006.2,5.9,28.4,0.0,100
2024-08-04 16:00:00,19.5,51,1007.7,3.4,28.4,0.0,100
2024-08-04 17:00:00,17.9,57,1009.8,3.3,22.7,0.5,100
2024-08-04 18:00:00,16.1,68,1011.4,4.3,20.9,1.5,100
2024-08-04 19:00:00,15.8,69,1011.1,5.6,22.7,0.9,99
2024-08-04 20:00:00,15.3,71,1010.8,4.2,20.5,0.0,93
2024-08-04 21:00:00,14.7,76,1011.1,2.3,19.8,0.1,65
2024-08-04 22:00:00,13.8,79,1011.6,4.2,19.1,0.0,57
2024-08-04 23:00:00,13.5,79,1012.3,4.5,19.4,0.0,81
2024-08-05 00:00:00,13.3,79,1013.2,4.1,18.7,0.0,100
2024-08-05 01:00:00,13.8,74,1013.7,6.6,20.2,0.1,87
2024-08-05 02:00:00,14.6,71,1013.6,4.5,19.8,0.0,75
2024-08-05 03:00:00,15.2,70,1013.8,4.7,22.3,0.0,97
2024-08-05 04:00:00,16.6,65,1012.9,4.7,23.4,0.0,42
2024-08-05 05:00:00,18.1,58,1011.4,3.9,23.0,0.0,16
2024-08-05 06:00:00,19.4,53,1009.8,6.2,29.2,0.0,46
2024-08-05 07:00:00,20.4,49,1008.3,3.9,29.5,0.0,23
2024-08-05 08:00:00,21.6,42,1006.1,5.0,25.6,0.1,41
2024-08-05 09:00:00,22.9,37,1003.7,8.2,32.4,0.0,80
2024-08-05 10:00:00,21.5,44,1003.7,8.5,48.2,0.0,92
2024-08-05 11:00:00,21.7,42,1003.5,8.4,37.1,0.0,90
2024-08-05 12:00:00,19.6,50,1005.7,8.4,37.4,0.6,100
2024-08-05 13:00:00,20.0,48,1006.0,2.1,28.1,0.0,93
2024-08-05 14:00:00,19.7,49,1006.9,4.7,21.2,0.0,75
2024-08-05 15:00:00,18.8,53,1007.9,6.3,24.8,0.0,82
2024-08-05 16:00:00,17.9,62,1008.6,4.9,24.8,0.0,36
2024-08-05 17:00:00,16.6,67,1009.3,3.7,22.3,0.0,29
2024-08-05 18:00:00,15.8,71,1009.6,4.8,22.0,0.0,32
2024-08-05 19:00:00,16.6,56,1009.3,2.6,21.6,0.0,87
2024-08-05 20:00:00,16.3,57,1008.9,2.8,16.2,0.0,97
2024-08-05 21:00:00,14.5,67,1008.7,4.3,15.8,0.0,81
2024-08-05 22:00:00,12.8,73,1008.2,5.7,17.3,0.0,31
2024-08-05 23:00:00,12.2,70,1008.6,9.9,20.5,0.0,40
2024-08-06 00:00:00,11.3,72,1009.4,10.4,20.9,0.0,50
2024-08-06 01:00:00,12.8,71,1010.4,7.7,20.5,0.0,80
2024-08-06 02:00:00,15.0,62,1011.1,3.3,19.4,0.0,52
2024-08-06 03:00:00,16.2,58,1010.5,5.4,24.1,0.0,31
2024-08-06 04:00:00,17.8,54,1009.0,5.8,26.6,0.0,22
2024-08-06 05:00:00,19.3,50,1007.5,4.7,27.0,0.0,24
2024-08-06 06:00:00,20.8,46,1005.7,4.1,25.6,0.0,10
2024-08-06 07:00:00,22.3,39,1003.5,5.1,27.0,0.0,6
2024-08-06 08:00:00,23.9,32,1001.4,8.0,34.9,0.0,5
2024-08-06 09:00:00,24.9,26,999.5,7.3,38.5,0.0,16
2024-08-06 10:00:00,25.5,23,997.8,6.5,34.6,0.0,24
2024-08-06 11:00:00,25.5,22,996.8,6.1,32.4,0.0,35
2024-08-06 12:00:00,25.2,21,996.6,6.9,36.0,0.0,10
2024-08-06 13:00:00,23.8,25,998.4,4.6,38.9,0.0,3
2024-08-06 14:00:00,22.5,41,999.3,2.6,27.7,0.0,3
2024-08-06 15:00:00,22.2,29,1000.4,3.0,19.8,0.0,2
2024-08-06 16:00:00,21.7,29,1001.9,3.3,19.1,0.0,1
2024-08-06 17:00:00,20.7,33,1002.8,3.8,20.9,0.0,1
2024-08-06 18:00:00,19.9,35,1003.6,2.9,19.8,0.0,0
2024-08-06 19:00:00,18.8,39,1003.7,2.5,17.6,0.0,1
2024-08-06 20:00:00,17.9,41,1004.0,2.8,18.4,0.0,3
2024-08-06 21:00:00,17.1,43,1004.4,2.7,18.7,0.0,1
2024-08-06 22:00:00,13.9,55,1004.7,6.1,20.5,0.0,1
2024-08-06 23:00:00,13.8,53,1005.6,5.9,22.0,0.0,6
2024-08-07 00:00:00,13.1,54,1006.1,6.5,20.9,0.0,23
2024-08-07 01:00:00,13.5,52,1006.9,7.4,21.2,0.0,19
2024-08-07 02:00:00,16.4,37,1007.7,3.4,20.5,0.0,21
2024-08-07 03:00:00,17.7,33,1007.3,2.1,21.2,0.0,18
2024-08-07 04:00:00,18.9,32,1006.6,1.1,17.3,0.0,24
2024-08-07 05:00:00,20.3,30,1005.4,3.8,24.1,0.0,43
2024-08-07 06:00:00,21.5,28,1004.1,6.2,30.6,0.0,26
2024-08-07 07:00:00,22.2,27,1002.8,6.6,33.8,0.0,64
2024-08-07 08:00:00,23.6,24,1001.1,7.0,34.9,0.0,100
2024-08-07 09:00:00,24.0,23,1000.0,8.4,40.3,0.0,32
2024-08-07 10:00:00,24.2,24,999.2,11.2,45.4,0.0,29
2024-08-07 11:00:00,23.1,26,1000.1,11.7,47.2,0.0,41
2024-08-07 12:00:00,22.5,28,1000.4,10.7,46.1,0.0,32
2024-08-07 13:00:00,21.5,29,1001.4,7.1,38.2,0.0,7
2024-08-07 14:00:00,20.7,31,1002.6,4.6,36.0,0.0,11
2024-08-07 15:00:00,19.9,33,1004.2,5.0,28.8,0.0,11
2024-08-07 16:00:00,19.2,36,1005.6,4.8,25.9,0.0,13
2024-08-07 17:00:00,17.7,47,1007.0,1.8,24.5,0.0,45
2024-08-07 18:00:00,17.0,45,1008.0,8.4,23.8,0.0,48
2024-08-07 19:00:00,16.1,51,1008.2,4.8,24.1,0.0,40
2024-08-07 20:00:00,15.3,52,1008.9,4.6,21.6,0.0,50
2024-08-07 21:00:00,14.4,53,1009.4,4.1,22.0,0.0,30
2024-08-07 22:00:00,14.2,52,1009.7,2.9,20.9,0.0,25
2024-08-07 23:00:00,13.0,57,1010.7,4.5,19.4,0.0,27
2024-08-08 00:00:00,13.1,57,1011.7,3.0,19.1,0.0,33
2024-08-08 01:00:00,12.1,68,1014.6,4.8,21.6,0.0,80
2024-08-08 02:00:00,12.6,67,1014.7,6.0,24.1,0.0,56
2024-08-08 03:00:00,13.8,61,1014.3,5.5,25.6,0.0,38
2024-08-08 04:00:00,15.6,53,1013.3,4.9,25.6,0.0,45
2024-08-08 05:00:00,17.4,45,1011.5,5.4,26.3,0.0,22
2024-08-08 06:00:00,19.1,38,1010.0,6.7,31.7,0.0,26
2024-08-08 07:00:00,20.4,33,1008.3,4.8,31.3,0.0,37
2024-08-08 08:00:00,21.8,30,1006.4,6.4,32.0,0.0,16
2024-08-08 09:00:00,22.4,28,1005.2,7.0,34.6,0.0,24
2024-08-08 10:00:00,23.0,26,1004.0,7.5,34.6,0.0,43
2024-08-08 11:00:00,23.1,26,1003.1,8.0,38.2,0.0,33
2024-08-08 12:00:00,23.0,26,1002.7,6.4,36.0,0.0,47
2024-08-08 13:00:00,21.8,29,1004.1,2.1,24.8,0.0,4
2024-08-08 14:00:00,21.5,29,1004.8,2.9,19.1,0.0,9
2024-08-08 15:00:00,20.2,32,1005.9,3.7,22.0,0.0,3
2024-08-08 16:00:00,19.1,35,1007.0,2.5,20.5,0.0,1
2024-08-08 17:00:00,18.9,36,1007.8,1.8,18.7,0.0,1
2024-08-08 18:00:00,16.4,43,1008.5,7.6,22.0,0.0,0
2024-08-08 19:00:00,15.3,46,1008.7,7.4,23.4,0.0,0
2024-08-08 20:00:00,16.7,41,1008.6,2.6,21.2,0.0,0
2024-08-08 21:00:00,16.0,43,1009.0,1.5,14.8,0.0,0
2024-08-08 22:00:00,12.9,50,1009.2,8.7,19.4,0.0,0
2024-08-08 23:00:00,12.9,46,1009.6,6.1,19.8,0.0,0
2024-08-09 00:00:00,15.3,39,1010.2,0.7,16.2,0.0,3
2024-08-09 01:00:00,15.2,42,1011.3,1.1,15.1,0.0,12
2024-08-09 02:00:00,16.8,39,1011.8,2.3,12.6,0.0,20
2024-08-09 03:00:00,18.5,35,1011.3,5.2,24.1,0.0,18
2024-08-09 04:00:00,19.9,32,1010.4,6.0,28.4,0.0,9
2024-08-09 05:00:00,21.5,29,1009.0,6.0,30.2,0.0,5
2024-08-09 06:00:00,22.8,25,1007.6,3.9,29.2,0.0,29
2024-08-09 07:00:00,24.0,22,1005.6,1.6,24.5,0.0,28
2024-08-09 08:00:00,25.4,19,1003.9,1.9,20.5,0.0,8
2024-08-09 09:00:00,26.3,19,1002.2,3.5,24.5,0.0,29
2024-08-09 10:00:00,26.6,18,1001.1,5.1,28.1,0.0,52
2024-08-09 11:00:00,26.5,16,1000.2,5.8,31.0,0.0,65
2024-08-09 12:00:00,26.3,16,999.6,6.1,29.9,0.0,20
2024-08-09 13:00:00,25.1,15,1001.5,7.7,34.9,0.0,0
2024-08-09 14:00:00,24.0,16,1003.1,6.1,34.6,0.0,0
2024-08-09 15:00:00,22.0,21,1004.5,3.3,27.7,0.0,0
2024-08-09 16:00:00,21.6,20,1005.8,2.3,19.8,0.0,0
2024-08-09 17:00:00,20.6,21,1006.1,0.8,17.3,0.0,0
2024-08-09 18:00:00,19.8,21,1006.5,2.5,15.5,0.0,0
2024-08-09 19:00:00,17.0,22,1006.5,9.7,22.3,0.0,0
2024-08-09 20:00:00,15.7,21,1006.5,8.7,22.3,0.0,0
2024-08-09 21:00:00,14.5,22,1006.6,7.7,20.2,0.0,0
2024-08-09 22:00:00,15.1,20,1006.8,5.9,18.7,0.0,0
2024-08-09 23:00:00,13.9,22,1007.4,6.6,17.3,0.0,0
2024-08-10 00:00:00,13.8,21,1008.2,6.6,18.4,0.0,0
2024-08-10 01:00:00,14.1,22,1008.3,8.3,17.3,0.0,0
2024-08-10 02:00:00,18.1,17,1009.1,1.3,17.6,0.0,0
2024-08-10 03:00:00,19.9,21,1008.9,4.1,21.2,0.0,0
2024-08-10 04:00:00,21.6,20,1008.2,5.6,26.6,0.0,0
2024-08-10 05:00:00,23.6,16,1006.4,7.2,32.0,0.0,0
2024-08-10 06:00:00,25.2,12,1004.5,7.7,34.9,0.0,0
2024-08-10 07:00:00,26.4,9,1002.6,6.6,34.2,0.0,6
2024-08-10 08:00:00,27.3,8,1000.8,8.0,36.4,0.0,23
2024-08-10 09:00:00,27.4,10,999.6,11.5,45.0,0.0,3
2024-08-10 10:00:00,27.4,10,998.5,10.5,45.4,0.0,23
2024-08-10 11:00:00,27.0,11,998.0,11.2,44.3,0.0,16
2024-08-10 12:00:00,26.8,11,997.8,11.2,48.6,0.0,15
2024-08-10 13:00:00,26.0,12,997.9,7.2,33.8,0.0,16
2024-08-10 14:00:00,24.6,13,998.8,6.2,34.9,0.0,3
2024-08-10 15:00:00,22.7,15,1000.4,4.9,30.6,0.0,0
2024-08-10 16:00:00,22.5,14,1001.4,4.3,24.5,0.0,0
2024-08-10 17:00:00,20.1,17,1002.3,6.6,28.8,0.0,0
2024-08-10 18:00:00,19.6,24,1003.4,5.4,29.9,0.0,0
2024-08-10 19:00:00,19.5,28,1003.9,4.8,28.1,0.0,0
2024-08-10 20:00:00,19.8,28,1004.0,3.5,26.6,0.0,0
2024-08-10 21:00:00,19.1,29,1004.4,2.8,21.6,0.0,0
2024-08-10 22:00:00,18.3,31,1004.7,2.5,18.0,0.0,0
2024-08-10 23:00:00,17.6,31,1005.4,1.8,16.2,0.0,10
2024-08-11 00:00:00,16.9,33,1005.9,2.3,15.8,0.0,22
2024-08-11 01:00:00,16.7,38,1005.9,1.1,13.3,0.0,100
2024-08-11 02:00:00,16.8,38,1006.5,3.7,18.0,0.0,99
2024-08-11 03:00:00,18.2,36,1006.1,2.6,19.4,0.0,90
2024-08-11 04:00:00,19.9,31,1005.1,3.6,22.7,0.0,62
2024-08-11 05:00:00,21.3,28,1004.2,6.1,30.2,0.0,25
2024-08-11 06:00:00,21.7,28,1003.3,5.6,31.3,0.0,46
2024-08-11 07:00:00,22.3,27,1001.9,1.8,28.8,0.0,48
2024-08-11 08:00:00,23.3,26,1000.6,5.0,28.1,0.0,65
2024-08-11 09:00:00,24.0,26,999.1,1.4,27.4,0.0,23
2024-08-11 10:00:00,25.5,24,997.3,9.5,34.6,0.0,93
2024-08-11 11:00:00,19.0,53,1003.2,14.5,49.3,1.6,97
2024-08-11 12:00:00,21.2,34,1000.7,3.5,42.8,0.0,41
2024-08-11 13:00:00,21.1,33,1001.4,5.4,24.8,0.0,87
2024-08-11 14:00:00,20.7,34,1002.1,6.4,28.1,0.0,100
2024-08-11 15:00:00,19.8,38,1003.6,7.3,31.0,0.0,99
2024-08-11 16:00:00,19.1,42,1005.3,5.9,28.8,0.0,97
2024-08-11 17:00:00,18.2,43,1006.5,6.1,26.6,0.0,69
2024-08-11 18:00:00,17.4,45,1007.1,5.2,25.9,0.0,96
2024-08-11 19:00:00,16.6,47,1007.4,4.4,23.0,0.0,99
2024-08-11 20:00:00,16.0,49,1008.1,5.4,23.4,0.0,99
2024-08-11 21:00:00,15.3,55,1008.9,4.3,25.2,0.0,100
2024-08-11 22:00:00,14.7,57,1009.6,4.2,20.5,0.0,83
2024-08-11 23:00:00,14.4,58,1010.0,4.7,20.9,0.0,68
2024-08-12 00:00:00,13.9,61,1010.7,4.6,21.2,0.0,84
2024-08-12 01:00:00,13.0,73,1012.8,5.1,23.4,0.2,100
2024-08-12 02:00:00,13.2,71,1013.4,6.2,24.1,0.1,100
2024-08-12 03:00:00,13.6,68,1014.1,6.9,27.0,0.0,99
2024-08-12 04:00:00,14.6,64,1014.1,8.2,30.6,0.0,95
2024-08-12 05:00:00,15.6,59,1013.6,8.5,34.6,0.0,74
2024-08-12 06:00:00,17.3,51,1012.2,7.9,33.5,0.0,15
2024-08-12 07:00:00,18.0,48,1010.8,5.2,32.8,0.0,31
2024-08-12 08:00:00,20.1,41,1008.0,8.0,33.5,0.0,10
2024-08-12 09:00:00,19.7,42,1007.6,1.9,34.2,0.0,17
2024-08-12 10:00:00,21.5,38,1004.8,3.0,22.3,0.0,3
2024-08-12 11:00:00,22.4,34,1003.5,7.4,33.5,0.0,26
2024-08-12 12:00:00,22.1,32,1003.2,6.1,33.8,0.0,9
2024-08-12 13:00:00,21.6,27,1003.2,7.8,35.3,0.0,7
2024-08-12 14:00:00,20.1,34,1004.4,6.2,31.3,0.0,17
2024-08-12 15:00:00,19.1,42,1005.9,2.5,25.2,0.0,72
2024-08-12 16:00:00,19.4,35,1007.2,2.6,19.1,0.0,12
2024-08-12 17:00:00,18.9,36,1008.2,0.5,19.1,0.0,2
2024-08-12 18:00:00,18.3,37,1008.5,0.4,12.2,0.0,2
2024-08-12 19:00:00,17.5,39,1008.8,2.9,14.8,0.0,12
2024-08-12 20:00:00,14.2,54,1009.2,6.6,20.2,0.0,2
2024-08-12 21:00:00,15.4,45,1009.6,4.8,19.8,0.0,2
2024-08-12 22:00:00,16.0,40,1009.9,1.4,16.6,0.0,1
2024-08-12 23:00:00,13.9,46,1010.3,5.7,13.7,0.0,0
2024-08-13 00:00:00,12.6,47,1010.9,6.6,18.0,0.0,0
2024-08-13 01:00:00,16.0,34,1011.3,2.8,15.8,0.0,0
2024-08-13 02:00:00,17.3,32,1011.8,0.7,12.6,0.0,0
2024-08-13 03:00:00,18.9,32,1011.6,4.0,20.5,0.0,0
2024-08-13 04:00:00,20.6,30,1010.9,6.4,28.1,0.0,0
2024-08-13 05:00:00,22.4,26,1009.4,7.5,32.8,0.0,4
2024-08-13 06:00:00,23.8,22,1007.9,6.7,33.8,0.0,7
2024-08-13 07:00:00,24.8,20,1006.3,6.1,32.0,0.0,17
2024-08-13 08:00:00,26.0,16,1004.2,6.4,32.4,0.0,18
2024-08-13 09:00:00,26.8,14,1002.5,7.4,34.6,0.0,5
2024-08-13 10:00:00,27.6,13,1000.6,10.2,41.0,0.0,1
2024-08-13 11:00:00,27.8,12,999.6,11.1,44.6,0.0,0
2024-08-13 12:00:00,27.4,12,999.5,10.0,44.3,0.0,3
2024-08-13 13:00:00,26.9,10,1000.3,6.1,34.2,0.0,0
2024-08-13 14:00:00,24.2,17,1001.7,4.4,28.8,0.0,0
2024-08-13 15:00:00,22.6,16,1004.2,8.6,28.4,0.0,0
2024-08-13 16:00:00,20.7,17,1005.8,7.9,28.8,0.0,2
2024-08-13 17:00:00,19.8,19,1006.6,4.8,23.8,0.0,12
2024-08-13 18:00:00,17.8,21,1007.1,6.7,16.9,0.0,6
2024-08-13 19:00:00,16.6,21,1007.6,7.2,18.7,0.0,3
2024-08-13 20:00:00,16.1,21,1007.5,7.1,19.1,0.0,2
2024-08-13 21:00:00,15.0,25,1007.7,7.5,19.1,0.0,40
2024-08-13 22:00:00,14.1,33,1008.0,7.6,19.1,0.0,4
2024-08-13 23:00:00,13.3,38,1008.6,7.5,18.4,0.0,8
2024-08-14 00:00:00,12.8,40,1009.4,10.1,19.8,0.0,2
2024-08-14 01:00:00,13.7,37,1011.6,10.7,21.2,0.0,0
2024-08-14 02:00:00,17.8,30,1012.5,4.8,22.3,0.0,0
2024-08-14 03:00:00,20.3,22,1012.1,5.1,24.5,0.0,0
2024-08-14 04:00:00,22.3,18,1010.6,5.9,28.1,0.0,0
2024-08-14 05:00:00,24.2,15,1008.9,6.3,29.9,0.0,0
2024-08-14 06:00:00,25.8,14,1007.1,7.4,32.0,0.0,0
2024-08-14 07:00:00,27.1,12,1005.0,8.1,36.4,0.0,1
2024-08-14 08:00:00,27.8,12,1003.5,9.8,40.7,0.0,3
2024-08-14 09:00:00,28.0,12,1002.6,8.7,40.7,0.0,2
2024-08-14 10:00:00,27.9,12,1001.6,8.9,37.4,0.0,1
2024-08-14 11:00:00,27.5,13,1001.4,11.0,40.0,0.0,3
2024-08-14 12:00:00,26.7,13,1001.3,11.5,42.1,0.0,4
2024-08-14 13:00:00,26.4,13,1001.2,9.7,38.9,0.0,15
2024-08-14 14:00:00,24.9,15,1002.7,7.4,38.2,0.0,8
2024-08-14 15:00:00,23.0,18,1003.9,3.6,32.4,0.0,2
2024-08-14 16:00:00,23.4,16,1005.3,2.5,22.0,0.0,0
2024-08-14 17:00:00,21.2,21,1006.1,4.9,19.1,0.0,0
2024-08-14 18:00:00,19.2,25,1006.2,8.7,21.2,0.0,0
2024-08-14 19:00:00,17.9,26,1005.8,8.4,21.2,0.0,0
2024-08-14 20:00:00,20.7,21,1005.8,4.2,19.4,0.0,1
2024-08-14 21:00:00,20.5,21,1006.3,0.8,15.8,0.0,2
2024-08-14 22:00:00,18.7,24,1006.7,5.2,17.6,0.0,0
2024-08-14 23:00:00,17.1,26,1007.8,5.9,19.8,0.0,0
2024-08-15 00:00:00,19.0,23,1008.2,3.7,19.4,0.0,0
2024-08-15 01:00:00,18.8,24,1008.4,3.8,14.8,0.0,1
2024-08-15 02:00:00,19.4,24,1009.2,1.8,14.8,0.0,61
2024-08-15 03:00:00,20.8,26,1008.7,3.3,18.0,0.0,71
2024-08-15 04:00:00,22.6,22,1007.1,5.4,25.2,0.0,68
2024-08-15 05:00:00,25.0,17,1005.3,6.5,30.6,0.0,100
2024-08-15 06:00:00,26.4,15,1003.6,5.8,32.0,0.0,100
2024-08-15 07:00:00,27.1,15,1002.4,8.6,37.1,0.0,100
2024-08-15 08:00:00,27.2,15,1001.3,6.8,38.5,0.0,100
2024-08-15 09:00:00,28.1,15,999.9,4.3,33.1,0.0,100
2024-08-15 10:00:00,24.3,28,1003.3,18.4,62.3,0.0,100
2024-08-15 11:00:00,20.9,38,1006.8,12.0,62.6,0.1,100
2024-08-15 12:00:00,21.0,36,1007.1,5.8,42.5,0.0,100
2024-08-15 13:00:00,21.8,30,1006.4,10.3,45.0,0.0,100
2024-08-15 14:00:00,18.6,48,1010.6,10.4,41.0,0.0,99
2024-08-15 15:00:00,16.8,54,1013.4,5.6,38.2,0.0,100
2024-08-15 16:00:00,15.7,54,1014.4,8.0,31.3,0.0,100
2024-08-15 17:00:00,15.0,57,1015.3,5.6,30.6,0.2,100
2024-08-15 18:00:00,14.2,60,1015.9,6.1,25.2,0.2,99
2024-08-15 19:00:00,13.2,66,1016.2,4.2,24.8,0.4,94
2024-08-15 20:00:00,12.7,70,1016.0,2.3,19.1,0.4,95
2024-08-15 21:00:00,12.7,72,1015.4,2.3,13.7,0.4,85
2024-08-15 22:00:00,12.8,73,1015.3,3.5,15.5,0.0,70
2024-08-15 23:00:00,12.5,75,1015.7,4.1,18.0,0.0,80
2024-08-16 00:00:00,11.9,79,1016.8,5.5,20.9,0.0,93
2024-08-16 01:00:00,11.6,86,1017.6,3.3,16.2,0.0,96
2024-08-16 02:00:00,12.3,82,1017.4,4.7,19.8,0.0,79
2024-08-16 03:00:00,13.1,76,1017.4,6.5,25.2,0.0,83
2024-08-16 04:00:00,14.7,63,1016.3,5.9,25.9,0.0,67
2024-08-16 05:00:00,16.0,55,1014.6,5.0,26.3,0.0,69
2024-08-16 06:00:00,18.2,45,1012.0,4.7,23.8,0.0,60
2024-08-16 07:00:00,19.6,40,1009.5,4.3,24.5,0.0,25
2024-08-16 08:00:00,20.8,36,1007.1,6.2,28.1,0.0,54
2024-08-16 09:00:00,21.9,34,1005.2,7.5,32.0,0.0,68
2024-08-16 10:00:00,21.3,39,1005.2,6.4,37.4,0.0,61
2024-08-16 11:00:00,21.9,36,1004.1,6.1,29.2,0.0,63
2024-08-16 12:00:00,20.7,41,1004.8,5.2,30.6,0.0,74
2024-08-16 13:00:00,20.1,43,1006.3,4.8,28.4,0.0,94
2024-08-16 14:00:00,19.5,57,1007.0,3.4,24.8,0.0,94
2024-08-16 15:00:00,17.9,60,1009.8,3.1,27.7,0.0,100
2024-08-16 16:00:00,17.5,55,1011.1,3.3,17.6,0.0,100
2024-08-16 17:00:00,16.3,63,1012.7,4.3,20.5,0.0,100
2024-08-16 18:00:00,16.1,63,1013.1,2.0,20.5,0.0,100
2024-08-16 19:00:00,14.9,68,1014.5,3.3,19.8,0.0,100
2024-08-16 20:00:00,13.6,70,1015.6,4.0,20.5,0.1,100
2024-08-16 21:00:00,13.5,72,1015.8,4.4,20.2,0.4,100
2024-08-16 22:00:00,13.1,75,1016.1,4.1,19.8,0.5,99
2024-08-16 23:00:00,12.8,75,1016.1,4.2,19.4,0.4,70
2024-08-17 00:00:00,12.3,82,1016.4,3.2,19.1,0.1,93
2024-08-17 01:00:00,12.7,79,1017.4,1.6,14.4,0.0,71
2024-08-17 02:00:00,13.3,72,1017.3,2.3,14.8,0.0,88
2024-08-17 03:00:00,14.1,64,1016.8,4.4,20.5,0.0,83
2024-08-17 04:00:00,14.7,60,1017.0,4.5,23.0,0.0,95
2024-08-17 05:00:00,16.1,50,1015.7,3.6,22.0,0.1,100
2024-08-17 06:00:00,16.3,58,1015.2,6.4,30.2,0.0,100
2024-08-17 07:00:00,18.0,50,1013.0,7.4,28.1,0.1,92
2024-08-17 08:00:00,17.9,52,1012.4,4.2,34.9,0.0,99
2024-08-17 09:00:00,18.9,45,1010.2,2.7,23.8,0.0,93
2024-08-17 10:00:00,18.9,48,1009.7,8.8,35.3,0.0,87
2024-08-17 11:00:00,19.3,47,1009.0,7.2,36.4,0.1,61
2024-08-17 12:00:00,18.5,51,1009.1,6.2,37.1,0.0,38
2024-08-17 13:00:00,16.9,54,1012.4,3.2,23.8,0.0,60
2024-08-17 14:00:00,16.3,57,1012.9,4.1,20.2,0.0,20
2024-08-17 15:00:00,15.9,58,1013.8,3.6,19.1,0.0,92
2024-08-17 16:00:00,15.2,62,1014.8,1.8,18.0,0.0,8
2024-08-17 17:00:00,14.5,65,1015.4,2.4,13.3,0.0,56
2024-08-17 18:00:00,14.2,61,1016.2,1.5,13.3,0.0,80
2024-08-17 19:00:00,12.7,77,1016.3,4.7,17.3,0.0,99
2024-08-17 20:00:00,13.8,61,1016.0,2.3,18.4,0.0,88
2024-08-17 21:00:00,13.2,63,1015.9,1.6,14.4,0.0,85
2024-08-17 22:00:00,12.8,65,1016.3,2.3,15.1,0.0,81
2024-08-17 23:00:00,11.0,81,1017.7,4.0,18.4,0.0,97
2024-08-18 00:00:00,10.9,77,1018.0,3.5,18.0,0.0,100
2024-08-18 01:00:00,12.3,76,1017.7,1.8,11.2,0.0,81
2024-08-18 02:00:00,12.7,72,1018.4,4.5,19.8,0.0,93
2024-08-18 03:00:00,13.5,68,1018.1,5.2,21.6,0.0,92
2024-08-18 04:00:00,15.3,60,1016.6,5.2,25.6,0.0,50
2024-08-18 05:00:00,17.0,52,1014.8,3.5,24.1,0.0,36
2024-08-18 06:00:00,19.1,42,1012.7,5.2,25.9,0.0,51
2024-08-18 07:00:00,19.9,40,1011.0,5.2,26.6,0.0,57
2024-08-18 08:00:00,19.4,46,1010.4,8.4,35.6,0.0,63
2024-08-18 09:00:00,20.1,42,1008.6,4.6,33.8,0.0,52
2024-08-18 10:00:00,20.4,43,1007.1,4.7,26.3,0.0,37
2024-08-18 11:00:00,20.5,44,1006.8,8.8,31.3,0.0,96
2024-08-18 12:00:00,18.7,52,1007.8,5.1,42.1,0.0,70
2024-08-18 13:00:00,18.1,55,1009.3,3.7,24.1,0.0,74
2024-08-18 14:00:00,17.5,57,1010.1,2.9,25.6,0.0,72
2024-08-18 15:00:00,16.7,61,1012.0,1.8,22.0,0.0,70
2024-08-18 16:00:00,16.5,62,1012.8,3.2,18.7,0.0,62
2024-08-18 17:00:00,15.8,65,1013.4,3.8,18.4,0.0,43
2024-08-18 18:00:00,14.9,69,1014.1,2.9,21.6,0.0,62
2024-08-18 19:00:00,14.6,72,1013.9,3.9,19.4,0.0,63
2024-08-18 20:00:00,13.8,74,1014.3,4.3,20.9,0.0,74
2024-08-18 21:00:00,13.0,81,1014.3,3.6,21.6,0.0,98
2024-08-18 22:00:00,13.0,76,1014.1,2.0,17.6,0.1,97
2024-08-18 23:00:00,12.6,77,1014.0,1.8,15.5,0.1,79
2024-08-19 00:00:00,12.4,78,1014.5,3.2,15.5,0.3,78
2024-08-19 01:00:00,12.1,74,1015.8,3.6,16.9,0.7,100
2024-08-19 02:00:00,12.4,70,1015.5,3.8,18.0,0.0,98
2024-08-19 03:00:00,12.8,69,1015.9,2.5,18.4,0.0,98
2024-08-19 04:00:00,14.0,64,1015.1,3.2,18.4,0.1,59
2024-08-19 05:00:00,15.6,59,1013.3,3.0,21.2,0.0,58
2024-08-19 06:00:00,17.3,53,1011.3,2.3,21.2,0.0,56
2024-08-19 07:00:00,19.4,47,1008.7,3.6,24.8,0.0,54
2024-08-19 08:00:00,19.6,47,1007.0,3.8,25.9,0.4,43
2024-08-19 09:00:00,19.8,48,1005.9,5.9,29.5,0.7,72
2024-08-19 10:00:00,19.2,51,1005.6,4.0,32.8,1.5,71
2024-08-19 11:00:00,19.0,53,1005.3,4.3,26.6,1.4,52
2024-08-19 12:00:00,18.8,53,1005.0,8.9,36.4,0.1,65
2024-08-19 13:00:00,18.4,50,1005.6,5.8,27.4,0.0,47
2024-08-19 14:00:00,17.5,54,1006.7,5.2,30.2,0.0,39
2024-08-19 15:00:00,16.7,58,1008.3,3.7,26.3,0.0,21
2024-08-19 16:00:00,15.9,69,1009.2,4.2,21.6,0.0,16
2024-08-19 17:00:00,15.0,66,1010.2,5.8,24.8,0.0,10
2024-08-19 18:00:00,14.2,65,1010.7,6.3,24.8,0.0,19
2024-08-19 19:00:00,13.0,72,1011.5,4.2,24.1,0.0,43
2024-08-19 20:00:00,12.6,71,1011.8,3.1,20.2,0.0,36
2024-08-19 21:00:00,11.6,74,1012.0,4.1,17.6,0.0,47
2024-08-19 22:00:00,11.3,68,1012.6,2.8,18.0,0.0,37
2024-08-19 23:00:00,10.9,70,1012.6,2.5,15.8,0.0,36
2024-08-20 00:00:00,9.6,76,1013.2,6.3,18.0,0.0,61
2024-08-20 01:00:00,11.4,67,1012.4,4.9,21.2,0.0,23
2024-08-20 02:00:00,12.7,51,1013.1,4.0,21.6,0.0,41
2024-08-20 03:00:00,13.6,50,1013.1,5.4,24.1,0.0,27
2024-08-20 04:00:00,14.7,48,1012.7,4.6,23.8,0.0,35
2024-08-20 05:00:00,16.3,43,1011.6,5.0,26.3,0.0,31
2024-08-20 06:00:00,17.5,39,1010.3,3.1,26.3,0.0,46
2024-08-20 07:00:00,18.8,34,1009.0,4.2,26.6,0.0,46
2024-08-20 08:00:00,19.7,30,1007.3,3.5,26.6,0.0,33
2024-08-20 09:00:00,20.4,29,1005.6,4.5,28.1,0.0,34
2024-08-20 10:00:00,20.5,29,1004.9,5.0,26.6,0.0,19
2024-08-20 11:00:00,20.5,28,1005.0,10.3,39.2,0.0,40
2024-08-20 12:00:00,19.8,32,1005.2,10.5,42.1,0.0,6
2024-08-20 13:00:00,17.9,32,1006.8,6.1,30.2,0.0,2
2024-08-20 14:00:00,16.8,37,1008.1,3.1,30.2,0.0,2
2024-08-20 15:00:00,16.5,40,1009.3,1.9,24.1,0.0,6
2024-08-20 16:00:00,15.7,50,1010.7,3.3,19.4,0.0,23
2024-08-20 17:00:00,15.4,46,1011.6,3.3,19.8,0.0,26
2024-08-20 18:00:00,15.7,40,1012.4,1.5,18.4,0.0,4
2024-08-20 19:00:00,15.3,42,1012.5,1.0,15.5,0.0,3
2024-08-20 20:00:00,14.8,44,1012.5,1.5,16.2,0.0,4
2024-08-20 21:00:00,14.3,46,1012.5,1.1,15.5,0.0,21
2024-08-20 22:00:00,13.8,47,1012.9,1.9,14.8,0.0,34
2024-08-20 23:00:00,11.2,57,1013.1,6.2,21.6,0.0,35
2024-08-21 00:00:00,13.4,46,1013.5,3.3,20.9,0.0,33
2024-08-21 01:00:00,11.6,52,1015.1,8.8,22.7,0.0,43
2024-08-21 02:00:00,13.3,45,1015.5,2.9,22.3,0.0,40
2024-08-21 03:00:00,14.4,41,1015.0,3.3,20.2,0.0,46
2024-08-21 04:00:00,15.6,37,1014.5,1.5,19.8,0.0,24
2024-08-21 05:00:00,17.2,33,1013.7,2.5,20.9,0.0,30
2024-08-21 06:00:00,18.1,32,1012.1,3.9,24.5,0.0,21
2024-08-21 07:00:00,19.0,30,1010.7,4.2,26.6,0.0,52
2024-08-21 08:00:00,19.7,28,1009.5,3.7,26.3,0.0,100
2024-08-21 09:00:00,20.5,27,1008.0,6.0,30.6,0.0,94
2024-08-21 10:00:00,20.6,27,1007.3,7.1,32.4,0.0,46
2024-08-21 11:00:00,20.3,27,1007.2,9.0,35.3,0.0,12
2024-08-21 12:00:00,19.6,29,1007.5,10.1,41.0,0.0,35
2024-08-21 13:00:00,18.3,31,1008.3,8.0,36.4,0.0,36
2024-08-21 14:00:00,17.6,33,1009.0,3.7,33.1,0.0,22
2024-08-21 15:00:00,16.9,36,1010.4,2.4,24.5,0.0,14
2024-08-21 16:00:00,16.4,38,1011.3,2.5,21.6,0.0,14
2024-08-21 17:00:00,15.1,42,1011.6,4.3,19.8,0.0,4
2024-08-21 18:00:00,15.4,41,1012.0,3.2,19.4,0.0,3
2024-08-21 19:00:00,15.1,40,1012.1,2.3,17.6,0.0,46
2024-08-21 20:00:00,14.6,41,1012.0,2.6,15.5,0.0,1
2024-08-21 21:00:00,12.1,49,1011.8,5.9,20.5,0.0,2
2024-08-21 22:00:00,14.2,42,1012.0,2.0,20.2,0.0,4
2024-08-21 23:00:00,13.6,45,1012.4,1.5,16.6,0.0,26
2024-08-22 00:00:00,13.3,45,1013.0,0.4,15.5,0.0,23
2024-08-22 01:00:00,13.4,42,1013.4,3.1,19.4,0.0,27
2024-08-22 02:00:00,13.9,42,1014.1,2.0,16.6,0.0,28
2024-08-22 03:00:00,15.1,38,1013.6,1.6,16.6,0.0,15
2024-08-22 04:00:00,16.4,33,1013.0,3.0,22.0,0.0,7
2024-08-22 05:00:00,17.5,30,1011.9,3.7,23.8,0.0,16
2024-08-22 06:00:00,18.7,28,1010.4,3.4,25.6,0.0,22
2024-08-22 07:00:00,19.2,28,1009.0,4.3,25.9,0.0,34
2024-08-22 08:00:00,19.7,26,1007.8,3.9,25.9,0.0,30
2024-08-22 09:00:00,20.6,25,1006.6,4.4,27.7,0.0,34
2024-08-22 10:00:00,20.8,24,1005.0,2.6,27.0,0.0,12
2024-08-22 11:00:00,20.8,23,1004.3,4.3,23.8,0.0,27
2024-08-22 12:00:00,20.1,23,1004.7,4.7,24.8,0.0,40
2024-08-22 13:00:00,19.1,23,1004.6,3.4,27.4,0.0,13
2024-08-22 14:00:00,18.7,24,1005.3,0.8,20.5,0.0,23
2024-08-22 15:00:00,18.5,25,1006.0,2.4,19.1,0.0,20
2024-08-22 16:00:00,17.5,27,1006.7,4.4,19.4,0.0,21
2024-08-22 17:00:00,17.0,30,1007.4,3.6,19.8,0.0,32
2024-08-22 18:00:00,17.4,32,1007.6,2.8,18.4,0.0,31
2024-08-22 19:00:00,16.8,36,1007.7,3.7,21.2,0.0,27
2024-08-22 20:00:00,16.1,38,1007.8,4.6,24.1,0.0,22
2024-08-22 21:00:00,15.5,37,1008.0,4.7,25.2,0.0,24
2024-08-22 22:00:00,15.0,37,1008.2,4.7,25.2,0.0,35
2024-08-22 23:00:00,15.4,37,1009.2,3.7,24.8,0.0,23
2024-08-23 00:00:00,14.9,39,1010.2,2.8,23.8,0.0,56
2024-08-23 01:00:00,14.1,37,1012.0,3.0,20.9,0.0,40
2024-08-23 02:00:00,14.6,35,1012.5,0.7,19.8,0.0,42
2024-08-23 03:00:00,15.7,32,1012.5,4.8,25.2,0.0,41
2024-08-23 04:00:00,16.9,29,1012.2,5.9,28.4,0.0,36
2024-08-23 05:00:00,17.8,28,1011.6,6.3,29.9,0.0,49
2024-08-23 06:00:00,17.8,28,1011.5,6.4,31.0,0.0,57
2024-08-23 07:00:00,17.7,29,1011.5,5.2,31.0,0.0,50
2024-08-23 08:00:00,18.6,26,1010.1,2.3,28.4,0.0,47
2024-08-23 09:00:00,19.4,23,1008.5,5.6,25.6,0.0,55
2024-08-23 10:00:00,18.5,24,1008.3,6.1,29.5,0.0,50
2024-08-23 11:00:00,18.9,22,1007.4,4.3,27.7,0.0,35
2024-08-23 12:00:00,19.0,22,1006.6,3.6,23.4,0.0,28
2024-08-23 13:00:00,18.6,23,1006.5,2.8,22.3,0.0,13
2024-08-23 14:00:00,17.8,24,1007.8,2.2,20.2,0.0,24
2024-08-23 15:00:00,17.4,25,1009.1,3.9,20.9,0.0,17
2024-08-23 16:00:00,16.5,28,1009.8,4.4,21.6,0.0,43
2024-08-23 17:00:00,15.5,30,1010.3,4.3,22.0,0.0,65
2024-08-23 18:00:00,15.7,30,1011.1,3.9,21.6,0.0,69
2024-08-23 19:00:00,16.3,28,1011.0,2.6,19.4,0.0,29
2024-08-23 20:00:00,15.9,29,1010.9,1.9,17.6,0.0,12
2024-08-23 21:00:00,15.4,30,1011.4,2.2,18.4,0.0,5
2024-08-23 22:00:00,14.8,31,1011.6,1.8,18.4,0.0,6
2024-08-23 23:00:00,14.4,32,1012.2,2.0,16.6,0.0,7
2024-08-24 00:00:00,13.8,34,1013.2,0.8,16.2,0.0,12
2024-08-24 01:00:00,13.6,31,1013.8,2.5,18.4,0.0,1
2024-08-24 02:00:00,14.5,29,1014.5,1.5,16.2,0.0,5
2024-08-24 03:00:00,15.8,28,1014.2,4.3,24.1,0.0,2
2024-08-24 04:00:00,17.1,26,1013.8,5.1,27.0,0.0,2
2024-08-24 05:00:00,18.4,23,1012.7,5.4,29.2,0.0,1
2024-08-24 06:00:00,19.3,22,1011.7,4.7,29.2,0.0,21
2024-08-24 07:00:00,20.2,21,1010.1,4.1,28.1,0.0,38
2024-08-24 08:00:00,20.7,21,1008.7,4.1,26.6,0.0,24
2024-08-24 09:00:00,21.4,21,1007.1,5.3,27.4,0.0,11
2024-08-24 10:00:00,21.5,20,1005.9,6.0,29.9,0.0,5
2024-08-24 11:00:00,21.4,19,1005.3,6.0,29.9,0.0,3
2024-08-24 12:00:00,20.8,20,1005.0,6.4,29.9,0.0,1
2024-08-24 13:00:00,19.5,22,1005.8,6.0,31.7,0.0,0
2024-08-24 14:00:00,18.7,24,1006.5,5.0,27.7,0.0,1
2024-08-24 15:00:00,17.7,29,1007.0,3.4,22.3,0.0,0
2024-08-24 16:00:00,16.8,37,1007.8,2.6,17.3,0.0,0
2024-08-24 17:00:00,17.4,35,1008.4,2.6,15.8,0.0,0
2024-08-24 18:00:00,17.2,35,1009.2,3.6,19.8,0.0,0
2024-08-24 19:00:00,16.9,35,1009.6,2.2,20.2,0.0,0
2024-08-24 20:00:00,16.5,35,1010.3,2.1,18.0,0.0,0
2024-08-24 21:00:00,15.9,36,1010.5,1.5,16.9,0.0,0
2024-08-24 22:00:00,15.2,37,1010.8,1.1,15.1,0.0,1
2024-08-24 23:00:00,14.8,38,1011.3,0.0,13.0,0.0,4
2024-08-25 00:00:00,14.3,39,1011.8,1.1,13.3,0.0,9
2024-08-25 01:00:00,13.7,37,1013.6,3.0,19.1,0.0,7
2024-08-25 02:00:00,14.6,36,1014.0,2.6,17.6,0.0,5
2024-08-25 03:00:00,16.0,34,1013.7,2.9,19.4,0.0,10
2024-08-25 04:00:00,17.2,31,1012.5,4.3,23.4,0.0,11
2024-08-25 05:00:00,18.9,28,1010.9,4.6,27.4,0.0,13
2024-08-25 06:00:00,20.2,25,1009.2,6.9,31.7,0.0,25
2024-08-25 07:00:00,21.1,25,1007.7,7.6,35.3,0.0,29
2024-08-25 08:00:00,21.7,24,1006.3,7.2,35.3,0.0,42
2024-08-25 09:00:00,22.3,22,1004.7,6.5,34.6,0.0,30
2024-08-25 10:00:00,22.9,19,1003.4,6.2,33.5,0.0,50
2024-08-25 11:00:00,22.4,20,1003.0,7.9,34.2,0.0,19
2024-08-25 12:00:00,21.5,21,1003.2,5.4,34.6,0.0,13
2024-08-25 13:00:00,20.5,21,1004.1,4.7,33.5,0.0,11
2024-08-25 14:00:00,19.6,23,1005.1,4.3,23.8,0.0,6
2024-08-25 15:00:00,18.6,29,1005.9,4.6,21.6,0.0,5
2024-08-25 16:00:00,17.6,36,1006.7,4.2,20.2,0.0,4
2024-08-25 17:00:00,18.3,33,1007.2,2.5,18.4,0.0,23
2024-08-25 18:00:00,17.8,34,1007.6,2.1,16.6,0.0,11
2024-08-25 19:00:00,17.4,35,1008.1,1.6,15.5,0.0,9
2024-08-25 20:00:00,17.0,36,1008.5,1.5,16.2,0.0,7
2024-08-25 21:00:00,16.4,38,1008.8,1.6,15.8,0.0,4
2024-08-25 22:00:00,15.9,38,1009.2,1.8,16.2,0.0,14
2024-08-25 23:00:00,15.4,39,1009.9,1.8,16.2,0.0,24
2024-08-26 00:00:00,14.9,38,1010.7,3.9,18.4,0.0,10
2024-08-26 01:00:00,14.5,37,1011.6,2.3,16.9,0.0,17
2024-08-26 02:00:00,15.2,36,1012.3,2.7,17.3,0.0,17
2024-08-26 03:00:00,16.3,35,1012.2,2.5,19.8,0.0,11
2024-08-26 04:00:00,17.8,33,1011.4,3.6,23.0,0.0,7
2024-08-26 05:00:00,19.0,30,1010.3,4.9,27.7,0.0,23
2024-08-26 06:00:00,20.1,26,1008.9,5.6,29.9,0.0,13
2024-08-26 07:00:00,21.3,24,1007.2,7.5,33.8,0.0,28
2024-08-26 08:00:00,22.1,23,1005.7,7.7,35.6,0.0,17
2024-08-26 09:00:00,22.9,22,1004.0,7.4,36.0,0.0,30
2024-08-26 10:00:00,23.1,19,1002.1,5.6,34.9,0.0,25
2024-08-26 11:00:00,23.1,16,1001.3,6.1,30.6,0.0,7
2024-08-26 12:00:00,22.2,17,1001.8,6.2,31.0,0.0,5
2024-08-26 13:00:00,20.3,20,1003.6,7.2,29.9,0.0,5
2024-08-26 14:00:00,19.4,22,1005.3,1.9,29.2,0.0,2
2024-08-26 15:00:00,19.0,24,1006.1,4.3,20.5,0.0,1
2024-08-26 16:00:00,18.3,26,1006.9,3.9,24.5,0.0,0
2024-08-26 17:00:00,18.9,25,1007.4,2.3,23.8,0.0,0
2024-08-26 18:00:00,18.4,27,1007.9,3.8,22.7,0.0,1
2024-08-26 19:00:00,18.0,29,1008.5,3.9,23.0,0.0,0
2024-08-26 20:00:00,17.4,31,1008.7,3.7,22.7,0.0,2
2024-08-26 21:00:00,16.7,33,1009.1,3.5,21.6,0.0,8
2024-08-26 22:00:00,16.0,35,1009.6,2.9,20.5,0.0,21
2024-08-26 23:00:00,15.4,37,1010.2,1.8,19.4,0.0,18
2024-08-27 00:00:00,14.9,37,1010.9,4.0,19.4,0.0,23
2024-08-27 01:00:00,14.7,36,1012.0,1.9,17.3,0.0,100
2024-08-27 02:00:00,15.2,35,1013.1,2.7,17.3,0.0,100
2024-08-27 03:00:00,15.8,36,1013.4,1.1,19.8,0.0,100
2024-08-27 04:00:00,16.7,36,1013.2,3.6,21.6,0.0,69
2024-08-27 05:00:00,18.4,32,1012.0,5.1,27.0,0.0,99
2024-08-27 06:00:00,19.6,30,1010.5,6.0,31.0,0.0,85
2024-08-27 07:00:00,20.5,28,1009.2,7.2,32.8,0.0,69
2024-08-27 08:00:00,21.0,28,1007.8,7.0,35.3,0.0,68
2024-08-27 09:00:00,21.6,28,1006.7,6.2,33.8,0.0,43
2024-08-27 10:00:00,21.7,28,1005.5,9.4,37.1,0.0,59
2024-08-27 11:00:00,20.8,31,1005.9,8.8,43.6,0.0,71
2024-08-27 12:00:00,19.8,36,1006.6,6.2,37.8,0.0,77
2024-08-27 13:00:00,19.1,34,1008.4,6.6,37.1,0.0,95
2024-08-27 14:00:00,18.3,36,1010.1,7.6,32.8,0.0,63
2024-08-27 15:00:00,16.4,46,1012.8,6.7,32.8,0.0,80
2024-08-27 16:00:00,15.1,58,1014.7,7.6,31.0,0.0,89
2024-08-27 17:00:00,14.4,59,1015.6,5.5,30.6,0.0,51
2024-08-27 18:00:00,13.9,56,1015.7,4.3,24.5,0.0,82
2024-08-27 19:00:00,13.1,57,1016.3,5.4,23.4,0.0,98
2024-08-27 20:00:00,13.1,54,1016.0,2.3,23.0,0.0,100
2024-08-27 21:00:00,12.9,54,1015.7,2.3,15.8,0.0,100
2024-08-27 22:00:00,11.3,63,1016.2,4.0,18.0,0.0,60
2024-08-27 23:00:00,11.1,61,1016.0,6.0,21.2,0.0,74
2024-08-28 00:00:00,11.4,60,1016.7,5.1,20.5,0.0,92
2024-08-28 01:00:00,12.1,57,1017.7,5.8,19.1,0.1,100
2024-08-28 02:00:00,12.7,53,1017.5,0.7,19.1,0.0,100
2024-08-28 03:00:00,13.7,49,1016.6,2.2,14.8,0.0,86
2024-08-28 04:00:00,14.7,46,1015.4,3.7,19.8,0.0,90
2024-08-28 05:00:00,16.6,39,1013.9,4.2,23.4,0.0,86
2024-08-28 06:00:00,18.3,33,1011.8,4.4,24.5,0.0,60
2024-08-28 07:00:00,20.0,29,1009.3,3.9,25.6,0.0,57
2024-08-28 08:00:00,20.5,28,1007.5,4.2,26.3,0.0,57
2024-08-28 09:00:00,21.7,27,1005.0,4.0,25.2,0.0,35
2024-08-28 10:00:00,22.2,28,1003.5,5.1,28.1,0.0,64
2024-08-28 11:00:00,21.7,30,1003.5,6.2,29.9,0.0,98
2024-08-28 12:00:00,21.5,30,1003.2,4.8,29.5,0.0,88
2024-08-28 13:00:00,17.8,44,1007.2,2.2,35.6,0.0,53
2024-08-28 14:00:00,17.5,43,1008.3,6.2,23.8,0.0,69
2024-08-28 15:00:00,14.8,61,1012.4,10.2,34.6,0.0,65
2024-08-28 16:00:00,12.1,76,1015.7,6.8,34.9,0.1,85
2024-08-28 17:00:00,11.6,74,1016.4,5.1,25.9,0.0,85
2024-08-28 18:00:00,11.0,74,1017.0,2.8,21.6,0.0,85
2024-08-28 19:00:00,11.3,69,1016.0,0.7,15.1,0.1,70
2024-08-28 20:00:00,11.4,69,1014.9,2.3,13.3,0.0,48
2024-08-28 21:00:00,11.4,69,1014.2,3.7,14.8,0.0,56
2024-08-28 22:00:00,11.9,63,1013.4,0.5,15.5,0.0,69
2024-08-28 23:00:00,11.4,66,1013.7,1.1,10.1,0.0,76
2024-08-29 00:00:00,11.3,62,1014.1,3.1,13.3,0.0,81
2024-08-29 01:00:00,12.0,56,1014.7,6.2,18.0,0.0,66
2024-08-29 02:00:00,12.5,53,1014.8,0.5,18.7,0.0,57
2024-08-29 03:00:00,13.2,50,1015.0,2.8,16.6,0.0,67
2024-08-29 04:00:00,14.1,46,1014.7,1.0,17.6,0.0,62
2024-08-29 05:00:00,16.1,40,1012.6,2.5,18.0,0.0,57
2024-08-29 06:00:00,17.4,37,1010.7,2.4,20.2,0.0,84
2024-08-29 07:00:00,19.3,33,1007.9,3.2,21.6,0.0,100
2024-08-29 08:00:00,20.4,33,1005.4,4.0,23.4,0.0,100
2024-08-29 09:00:00,20.6,36,1004.5,9.4,36.4,0.0,100
2024-08-29 10:00:00,20.1,38,1003.5,5.0,37.1,0.0,83
2024-08-29 11:00:00,21.0,36,1003.4,9.2,36.4,0.0,89
2024-08-29 12:00:00,17.2,52,1007.3,12.4,45.4,0.3,100
2024-08-29 13:00:00,14.3,71,1011.0,5.4,37.1,0.3,100
2024-08-29 14:00:00,14.2,70,1012.2,1.5,23.4,0.0,100
2024-08-29 15:00:00,14.4,60,1013.2,4.7,21.6,0.5,100
2024-08-29 16:00:00,13.2,64,1015.0,2.3,23.0,4.3,100
2024-08-29 17:00:00,13.0,63,1015.3,1.8,16.2,1.4,100
2024-08-29 18:00:00,12.7,65,1015.3,1.1,17.6,0.6,100
2024-08-29 19:00:00,12.3,68,1015.2,1.5,14.0,0.0,100
2024-08-29 20:00:00,12.0,71,1015.1,1.3,13.0,0.2,100
2024-08-29 21:00:00,11.8,72,1015.1,0.8,12.6,0.4,100
2024-08-29 22:00:00,11.9,73,1014.9,1.5,12.6,0.2,100
2024-08-29 23:00:00,11.5,74,1015.6,1.5,12.2,0.2,100
2024-08-30 00:00:00,11.3,73,1016.2,2.4,13.3,0.3,100
2024-08-30 01:00:00,11.6,64,1017.4,6.6,19.4,0.4,95
2024-08-30 02:00:00,12.2,60,1017.3,3.5,19.4,0.2,93
2024-08-30 03:00:00,12.9,60,1017.1,2.1,16.6,0.1,88
2024-08-30 04:00:00,13.3,61,1017.6,1.4,15.5,0.1,87
2024-08-30 05:00:00,14.6,57,1016.7,2.1,16.2,0.0,62
2024-08-30 06:00:00,15.7,56,1015.4,3.5,20.5,0.0,72
2024-08-30 07:00:00,16.6,55,1014.0,3.7,22.0,0.0,81
2024-08-30 08:00:00,17.8,52,1012.4,4.7,24.5,0.0,93
2024-08-30 09:00:00,16.7,54,1012.2,7.2,32.0,0.0,84
2024-08-30 10:00:00,17.8,51,1010.9,3.8,30.6,0.0,60
2024-08-30 11:00:00,17.4,56,1010.9,7.6,31.7,0.0,51
2024-08-30 12:00:00,17.0,61,1011.5,6.7,30.6,0.0,74
2024-08-30 13:00:00,15.3,68,1014.4,5.8,26.3,0.0,45
2024-08-30 14:00:00,14.3,82,1015.7,3.0,25.9,0.0,36
2024-08-30 15:00:00,13.5,81,1016.6,4.3,19.1,0.0,41
2024-08-30 16:00:00,13.1,82,1017.0,5.1,23.0,0.0,12
2024-08-30 17:00:00,13.4,72,1017.9,2.9,22.0,0.0,26
2024-08-30 18:00:00,12.0,78,1018.8,3.6,17.3,0.0,22
2024-08-30 19:00:00,11.3,78,1018.8,6.9,19.4,0.0,60
2024-08-30 20:00:00,10.8,81,1018.9,4.9,19.4,0.0,91
2024-08-30 21:00:00,11.4,69,1019.0,0.5,15.8,0.0,95
2024-08-30 22:00:00,10.1,83,1019.1,4.3,14.8,0.0,97
2024-08-30 23:00:00,10.6,77,1019.5,6.1,19.1,0.0,99
2024-08-31 00:00:00,10.4,77,1019.8,6.9,19.4,0.0,99
2024-08-31 01:00:00,10.8,72,1020.2,7.3,18.4,0.0,65
2024-08-31 02:00:00,12.1,67,1020.7,3.2,20.5,0.0,79
2024-08-31 03:00:00,13.0,63,1020.5,4.1,20.9,0.0,90
2024-08-31 04:00:00,14.4,57,1019.6,4.1,20.9,0.0,96
2024-08-31 05:00:00,15.8,54,1018.1,5.1,24.8,0.0,35
2024-08-31 06:00:00,17.3,48,1015.9,4.8,25.2,0.0,20
2024-08-31 07:00:00,18.5,44,1013.8,5.6,27.4,0.0,23
2024-08-31 08:00:00,19.1,44,1012.2,6.2,29.5,0.0,21
2024-08-31 09:00:00,19.8,42,1010.5,6.8,33.1,0.0,26
2024-08-31 10:00:00,20.2,39,1009.2,5.3,32.4,0.0,12
2024-08-31 11:00:00,20.4,36,1008.6,5.9,28.8,0.0,7
2024-08-31 12:00:00,20.1,35,1008.8,4.3,28.8,0.0,8
2024-08-31 13:00:00,18.6,56,1009.3,3.4,22.3,0.0,8
2024-08-31 14:00:00,19.1,33,1010.4,2.3,21.6,0.0,8
2024-08-31 15:00:00,18.5,35,1011.1,3.8,19.8,0.0,0
2024-08-31 16:00:00,17.4,40,1011.8,2.2,20.2,0.0,2
2024-08-31 17:00:00,16.8,43,1012.6,0.8,16.2,0.0,0
2024-08-31 18:00:00,16.4,44,1013.2,1.5,13.7,0.0,0
2024-08-31 19:00:00,16.0,43,1013.4,3.6,17.6,0.0,1
2024-08-31 20:00:00,15.9,43,1013.8,2.1,17.3,0.0,2
2024-08-31 21:00:00,15.4,43,1014.1,3.0,16.6,0.0,3
2024-08-31 22:00:00,15.1,44,1014.3,3.1,16.9,0.0,1
2024-08-31 23:00:00,14.7,44,1014.7,0.8,16.6,0.0,0
2024-09-01 00:00:00,14.1,46,1015.0,0.4,12.2,0.0,2
2024-09-01 01:00:00,13.9,47,1015.6,3.6,15.5,0.0,6
2024-09-01 02:00:00,14.4,48,1016.2,1.1,14.4,0.0,7
2024-09-01 03:00:00,15.6,48,1016.4,2.2,16.2,0.0,4
2024-09-01 04:00:00,16.9,46,1015.3,3.7,20.9,0.0,1
2024-09-01 05:00:00,18.4,43,1013.8,4.8,25.9,0.0,17
2024-09-01 06:00:00,19.3,43,1012.5,5.8,29.2,0.0,17
2024-09-01 07:00:00,19.8,43,1011.0,5.4,29.9,0.0,15
2024-09-01 08:00:00,20.8,40,1009.1,6.1,30.6,0.0,16
2024-09-01 09:00:00,21.6,38,1007.3,8.3,35.6,0.0,36
2024-09-01 10:00:00,21.3,40,1006.5,9.1,37.8,0.0,17
2024-09-01 11:00:00,21.2,38,1006.4,10.0,38.5,0.0,21
2024-09-01 12:00:00,20.5,40,1006.8,7.8,40.0,0.0,11
2024-09-01 13:00:00,18.8,55,1008.1,5.8,32.8,0.0,6
2024-09-01 14:00:00,18.8,41,1009.1,3.0,29.2,0.0,6
2024-09-01 15:00:00,17.5,50,1009.9,4.4,21.6,0.0,5
2024-09-01 16:00:00,17.6,46,1011.0,2.8,20.2,0.0,2
2024-09-01 17:00:00,17.2,48,1011.8,2.9,18.7,0.0,7
2024-09-01 18:00:00,16.9,48,1012.3,1.5,18.0,0.0,2
2024-09-01 19:00:00,16.2,49,1012.1,1.6,14.8,0.0,2
2024-09-01 20:00:00,15.7,51,1012.2,1.9,16.2,0.0,1
2024-09-01 21:00:00,15.2,51,1012.4,1.1,16.2,0.0,6
2024-09-01 22:00:00,14.7,51,1012.6,1.6,15.8,0.0,11
2024-09-01 23:00:00,14.3,51,1013.2,3.3,16.2,0.0,13
2024-09-02 00:00:00,10.7,63,1013.3,7.0,20.2,0.0,11
2024-09-02 01:00:00,11.0,66,1013.1,8.4,22.0,0.0,9
2024-09-02 02:00:00,14.7,50,1013.8,3.9,21.6,0.0,22
2024-09-02 03:00:00,15.6,47,1014.1,1.8,18.0,0.0,25
2024-09-02 04:00:00,16.9,42,1013.3,1.8,16.6,0.0,23
2024-09-02 05:00:00,18.0,42,1012.2,3.1,21.2,0.0,25
2024-09-02 06:00:00,19.0,39,1011.0,3.4,23.8,0.0,60
2024-09-02 07:00:00,19.4,38,1009.8,3.8,23.8,0.0,37
2024-09-02 08:00:00,20.3,34,1007.7,4.4,25.9,0.0,33
2024-09-02 09:00:00,21.0,31,1005.4,4.7,28.1,0.0,24
2024-09-02 10:00:00,20.9,31,1004.3,4.3,26.3,0.0,24
2024-09-02 11:00:00,20.8,31,1004.0,8.6,34.9,0.0,36
2024-09-02 12:00:00,20.5,31,1004.0,7.2,36.0,0.0,9
2024-09-02 13:00:00,19.0,54,1004.9,2.6,27.4,0.0,61
2024-09-02 14:00:00,19.0,32,1006.2,2.9,20.9,0.0,100
2024-09-02 15:00:00,18.4,32,1007.7,2.5,21.2,0.0,100
2024-09-02 16:00:00,17.9,34,1008.7,1.9,20.5,0.0,63
2024-09-02 17:00:00,17.4,36,1009.4,2.3,19.8,0.0,38
2024-09-02 18:00:00,16.9,38,1010.2,2.6,20.5,0.0,49
2024-09-02 19:00:00,15.5,45,1010.6,4.3,21.6,0.0,40
2024-09-02 20:00:00,15.2,45,1011.0,4.0,22.3,0.0,22
2024-09-02 21:00:00,14.6,46,1011.7,2.5,22.0,0.0,34
2024-09-02 22:00:00,13.5,51,1013.1,1.0,19.1,0.0,30
2024-09-02 23:00:00,12.4,54,1014.6,0.5,14.0,0.0,57
2024-09-03 00:00:00,11.9,55,1015.2,0.0,14.0,0.0,46
2024-09-03 01:00:00,11.7,58,1016.3,1.6,13.7,0.0,71
2024-09-03 02:00:00,12.0,56,1016.8,1.5,15.5,0.0,64
2024-09-03 03:00:00,12.5,56,1017.2,1.8,16.2,0.0,73
2024-09-03 04:00:00,13.6,53,1016.7,3.2,19.8,0.0,44
2024-09-03 05:00:00,14.5,50,1016.0,3.2,20.5,0.0,72
2024-09-03 06:00:00,14.8,50,1015.2,3.1,22.0,0.0,38
2024-09-03 07:00:00,16.6,47,1012.6,2.4,21.2,0.0,67
2024-09-03 08:00:00,18.1,43,1010.4,3.8,23.8,0.0,100
2024-09-03 09:00:00,17.3,44,1009.9,6.8,29.2,0.0,99
2024-09-03 10:00:00,17.0,46,1009.8,4.0,33.5,0.0,93
2024-09-03 11:00:00,17.3,45,1009.3,4.9,26.6,0.0,80
2024-09-03 12:00:00,15.8,53,1011.3,6.9,30.2,0.0,100
2024-09-03 13:00:00,15.2,52,1012.0,4.8,28.1,0.0,77
2024-09-03 14:00:00,12.7,67,1015.3,5.1,24.1,0.0,100
2024-09-03 15:00:00,11.2,80,1017.9,2.9,23.8,0.2,100
2024-09-03 16:00:00,11.9,73,1017.5,0.8,18.7,0.1,96
2024-09-03 17:00:00,11.2,79,1017.9,4.0,19.8,0.0,83
2024-09-03 18:00:00,10.9,76,1018.5,1.9,19.1,0.2,100
2024-09-03 19:00:00,11.0,73,1017.3,2.8,15.8,0.9,99
2024-09-03 20:00:00,10.7,73,1017.0,2.5,17.6,0.5,100
2024-09-03 21:00:00,10.7,70,1016.9,2.8,15.8,0.1,98
2024-09-03 22:00:00,10.4,68,1016.8,3.4,16.6,0.1,81
2024-09-03 23:00:00,10.3,65,1016.8,3.9,18.7,0.0,98
2024-09-04 00:00:00,10.3,65,1016.8,3.3,18.0,0.0,97
2024-09-04 01:00:00,9.8,66,1017.2,5.4,16.6,0.2,97
2024-09-04 02:00:00,10.4,65,1016.9,2.1,16.6,0.1,100
2024-09-04 03:00:00,10.5,65,1016.5,2.3,14.0,0.1,86
2024-09-04 04:00:00,11.2,64,1016.0,1.1,14.8,0.1,60
2024-09-04 05:00:00,12.3,60,1015.0,1.0,14.0,0.0,49
2024-09-04 06:00:00,14.1,56,1012.9,1.9,17.6,0.0,26
2024-09-04 07:00:00,15.7,52,1010.4,4.6,24.1,0.0,32
2024-09-04 08:00:00,15.5,54,1009.5,8.8,33.5,0.0,46
2024-09-04 09:00:00,16.4,50,1007.9,7.6,34.9,0.0,24
2024-09-04 10:00:00,16.8,47,1006.8,11.0,36.4,0.0,66
2024-09-04 11:00:00,14.5,61,1008.8,5.5,44.3,0.0,37
2024-09-04 12:00:00,15.4,56,1007.9,7.6,31.0,0.0,54
2024-09-04 13:00:00,15.3,57,1007.7,4.7,27.7,0.0,26
2024-09-04 14:00:00,14.2,70,1008.3,4.3,22.7,0.0,5
2024-09-04 15:00:00,13.5,68,1008.8,3.9,20.2,0.0,2
2024-09-04 16:00:00,13.1,67,1009.1,4.5,22.7,0.0,5
2024-09-04 17:00:00,13.6,57,1009.7,2.2,22.3,0.0,18
2024-09-04 18:00:00,10.4,73,1010.2,4.6,16.9,0.0,42
2024-09-04 19:00:00,9.1,72,1010.2,8.8,18.0,0.0,65
2024-09-04 20:00:00,8.3,74,1010.3,7.4,18.4,0.0,57
2024-09-04 21:00:00,7.7,73,1010.4,7.6,16.9,0.0,41
2024-09-04 22:00:00,7.1,74,1010.9,6.5,16.9,0.0,77
2024-09-04 23:00:00,6.9,76,1011.5,5.4,15.1,0.0,72
2024-09-05 00:00:00,7.7,66,1012.4,4.1,15.8,0.0,50
2024-09-05 01:00:00,11.0,48,1011.9,2.3,15.5,0.0,73
2024-09-05 02:00:00,12.0,51,1012.7,2.9,16.2,0.0,70
2024-09-05 03:00:00,12.9,56,1012.9,4.7,23.8,0.0,68
2024-09-05 04:00:00,14.1,53,1012.1,4.2,24.5,0.0,55
2024-09-05 05:00:00,16.0,43,1010.4,5.2,26.6,0.0,50
2024-09-05 06:00:00,17.6,35,1008.4,6.4,31.0,0.0,25
2024-09-05 07:00:00,18.6,33,1006.9,8.3,34.6,0.0,37
2024-09-05 08:00:00,18.9,33,1005.7,9.2,38.5,0.0,31
2024-09-05 09:00:00,19.2,33,1004.2,8.2,37.4,0.0,50
2024-09-05 10:00:00,19.4,35,1003.2,9.9,40.0,0.0,22
2024-09-05 11:00:00,19.0,38,1003.2,7.2,39.6,0.0,21
2024-09-05 12:00:00,18.4,36,1003.1,8.4,32.4,0.0,12
2024-09-05 13:00:00,17.7,44,1003.1,7.5,29.9,0.0,3
2024-09-05 14:00:00,15.9,53,1004.0,6.8,30.6,0.0,1
2024-09-05 15:00:00,14.8,58,1005.0,5.0,28.8,0.0,0
2024-09-05 16:00:00,15.7,46,1006.0,3.8,25.2,0.0,0
2024-09-05 17:00:00,15.7,44,1006.8,3.3,22.7,0.0,1
2024-09-05 18:00:00,15.3,45,1007.5,1.8,20.9,0.0,16
2024-09-05 19:00:00,14.9,46,1008.1,1.3,18.4,0.0,25
2024-09-05 20:00:00,14.5,47,1008.4,1.9,16.2,0.0,5
2024-09-05 21:00:00,14.0,48,1008.9,2.6,16.6,0.0,28
2024-09-05 22:00:00,13.6,49,1009.1,0.8,14.4,0.0,29
2024-09-05 23:00:00,11.3,57,1009.5,6.1,18.7,0.0,22
2024-09-06 00:00:00,13.5,45,1010.1,3.3,18.7,0.0,43
2024-09-06 01:00:00,10.3,57,1011.8,5.3,21.2,0.0,57
2024-09-06 02:00:00,11.2,57,1014.1,6.1,24.1,0.0,68
2024-09-06 03:00:00,12.7,48,1013.8,2.3,24.1,0.0,43
2024-09-06 04:00:00,13.7,45,1013.8,2.2,17.3,0.0,60
2024-09-06 05:00:00,15.2,40,1012.8,2.8,19.4,0.0,53
2024-09-06 06:00:00,16.3,38,1011.6,7.2,29.5,0.0,58
2024-09-06 07:00:00,16.3,41,1010.9,5.2,31.7,0.0,19
2024-09-06 08:00:00,18.3,40,1008.5,6.0,33.8,0.0,18
2024-09-06 09:00:00,18.6,40,1006.9,7.5,33.1,0.0,48
2024-09-06 10:00:00,18.7,37,1005.8,6.0,33.5,0.0,36
2024-09-06 11:00:00,18.2,37,1005.6,5.2,33.1,0.0,26
2024-09-06 12:00:00,17.0,41,1006.7,6.3,27.0,0.0,22
2024-09-06 13:00:00,15.1,43,1008.1,4.3,21.6,0.0,24
2024-09-06 14:00:00,13.7,50,1010.0,4.6,20.9,0.0,47
2024-09-06 15:00:00,13.5,53,1011.1,2.6,21.2,0.0,27
2024-09-06 16:00:00,12.6,65,1012.8,3.1,18.0,0.0,41
2024-09-06 17:00:00,12.4,50,1013.9,1.0,17.6,0.0,35
2024-09-06 18:00:00,10.8,64,1014.8,5.0,18.7,0.0,57
2024-09-06 19:00:00,10.3,59,1016.2,2.6,18.7,0.0,62
2024-09-06 20:00:00,8.9,74,1016.1,3.9,18.7,0.2,50
2024-09-06 21:00:00,9.8,58,1015.9,1.0,16.6,0.0,55
2024-09-06 22:00:00,9.5,58,1016.2,1.1,12.6,0.0,59
2024-09-06 23:00:00,9.5,57,1016.0,1.1,12.6,0.0,54
2024-09-07 00:00:00,8.4,65,1016.3,4.1,15.1,0.0,65
2024-09-07 01:00:00,9.0,67,1015.7,5.0,16.2,0.0,73
2024-09-07 02:00:00,10.6,51,1016.3,1.8,18.0,0.0,86
2024-09-07 03:00:00,11.4,51,1016.4,2.0,15.5,0.0,85
2024-09-07 04:00:00,12.6,46,1016.2,2.5,18.4,0.0,70
2024-09-07 05:00:00,14.5,39,1014.8,3.3,20.9,0.0,32
2024-09-07 06:00:00,15.5,36,1013.4,3.1,23.0,0.0,32
2024-09-07 07:00:00,16.6,33,1011.9,2.6,21.2,0.0,38
2024-09-07 08:00:00,17.2,32,1010.4,1.5,21.2,0.0,30
2024-09-07 09:00:00,17.8,31,1009.0,2.3,20.2,0.0,28
2024-09-07 10:00:00,18.2,29,1007.5,1.1,19.8,0.0,14
2024-09-07 11:00:00,18.0,28,1007.4,6.4,27.7,0.0,1
2024-09-07 12:00:00,17.5,29,1007.4,5.6,30.6,0.0,38
2024-09-07 13:00:00,16.5,32,1007.9,4.0,26.6,0.0,32
2024-09-07 14:00:00,15.7,36,1009.0,3.3,19.8,0.0,8
2024-09-07 15:00:00,15.0,55,1010.5,2.6,19.8,0.0,9
2024-09-07 16:00:00,15.3,38,1011.2,2.5,20.9,0.0,19
2024-09-07 17:00:00,15.1,39,1011.6,2.6,20.9,0.0,28
2024-09-07 18:00:00,13.7,47,1012.0,3.8,19.4,0.0,40
2024-09-07 19:00:00,13.6,45,1012.5,3.6,19.4,0.0,43
2024-09-07 20:00:00,13.7,42,1012.9,2.6,18.4,0.0,40
2024-09-07 21:00:00,11.2,54,1013.3,5.5,19.4,0.0,53
2024-09-07 22:00:00,12.0,47,1013.5,4.3,20.5,0.0,26
2024-09-07 23:00:00,12.4,44,1014.2,2.5,18.4,0.0,37
2024-09-08 00:00:00,11.9,46,1014.8,2.3,16.2,0.0,38
2024-09-08 01:00:00,11.9,45,1015.0,4.0,18.7,0.0,43
2024-09-08 02:00:00,12.7,41,1015.6,1.1,18.0,0.0,55
2024-09-08 03:00:00,13.8,38,1015.7,3.1,20.2,0.0,42
2024-09-08 04:00:00,14.9,35,1015.2,3.4,22.0,0.0,37
2024-09-08 05:00:00,15.6,33,1014.6,4.7,25.2,0.0,37
2024-09-08 06:00:00,16.6,32,1013.6,5.2,27.4,0.0,52
2024-09-08 07:00:00,17.2,32,1012.2,3.3,27.0,0.0,35
2024-09-08 08:00:00,18.2,30,1010.5,2.9,23.0,0.0,38
2024-09-08 09:00:00,18.9,28,1008.4,3.6,24.5,0.0,22
2024-09-08 10:00:00,19.3,26,1007.0,3.1,24.5,0.0,35
2024-09-08 11:00:00,19.4,24,1006.5,5.4,26.3,0.0,21
2024-09-08 12:00:00,18.8,24,1006.7,5.2,27.4,0.0,21
2024-09-08 13:00:00,17.8,25,1007.2,3.4,22.7,0.0,7
2024-09-08 14:00:00,16.9,27,1008.2,2.5,20.5,0.0,5
2024-09-08 15:00:00,15.7,33,1009.4,4.1,20.2,0.0,12
2024-09-08 16:00:00,15.3,33,1010.2,3.9,20.2,0.0,35
2024-09-08 17:00:00,15.9,30,1010.6,2.5,20.2,0.0,44
2024-09-08 18:00:00,15.4,31,1010.9,1.8,17.6,0.0,25
2024-09-08 19:00:00,15.0,32,1011.1,1.6,16.6,0.0,27
2024-09-08 20:00:00,14.6,33,1011.3,1.5,16.2,0.0,45
2024-09-08 21:00:00,14.3,34,1011.2,1.8,16.2,0.0,52
2024-09-08 22:00:00,13.9,35,1011.6,1.1,16.2,0.0,43
2024-09-08 23:00:00,12.5,39,1011.8,4.9,19.4,0.0,52
2024-09-09 00:00:00,9.7,47,1012.2,7.4,21.6,0.0,62
2024-09-09 01:00:00,11.0,44,1013.0,5.4,20.5,0.0,37
2024-09-09 02:00:00,13.3,36,1013.7,3.1,20.2,0.0,40
2024-09-09 03:00:00,14.3,35,1013.5,2.6,19.4,0.0,39
2024-09-09 04:00:00,15.4,32,1013.1,3.5,23.0,0.0,33
2024-09-09 05:00:00,16.3,29,1012.2,3.7,24.5,0.0,46
2024-09-09 06:00:00,17.0,28,1011.3,4.3,25.6,0.0,40
2024-09-09 07:00:00,17.2,28,1010.3,2.9,25.9,0.0,55
2024-09-09 08:00:00,18.3,25,1008.2,0.8,23.0,0.0,27
2024-09-09 09:00:00,19.4,22,1005.7,5.0,25.6,0.0,46
2024-09-09 10:00:00,20.1,20,1003.8,8.7,33.8,0.0,34
2024-09-09 11:00:00,19.7,20,1003.0,4.6,34.6,0.0,9
2024-09-09 12:00:00,18.7,21,1003.9,6.6,28.4,0.0,4
2024-09-09 13:00:00,18.4,15,1003.8,4.9,24.8,0.0,9
2024-09-09 14:00:00,17.5,19,1005.1,4.8,26.3,0.0,4
2024-09-09 15:00:00,16.2,25,1006.0,5.1,27.7,0.0,12
2024-09-09 16:00:00,15.3,28,1006.6,5.2,28.1,0.0,8
2024-09-09 17:00:00,14.8,30,1007.2,5.1,27.0,0.0,6
2024-09-09 18:00:00,14.4,31,1007.8,5.1,26.6,0.0,16
2024-09-09 19:00:00,13.3,33,1008.3,5.8,27.0,0.0,23
2024-09-09 20:00:00,13.7,33,1008.5,5.1,26.6,0.0,22
2024-09-09 21:00:00,13.8,33,1008.7,4.8,25.6,0.0,22
2024-09-09 22:00:00,13.9,33,1009.1,4.5,24.5,0.0,25
2024-09-09 23:00:00,13.0,36,1009.4,3.8,23.0,0.0,19
2024-09-10 00:00:00,12.3,40,1009.9,3.4,20.2,0.0,24
2024-09-10 01:00:00,12.1,37,1010.9,3.4,18.4,0.0,42
2024-09-10 02:00:00,12.8,37,1011.3,3.4,19.8,0.0,26
2024-09-10 03:00:00,14.1,33,1011.7,3.9,22.7,0.0,34
2024-09-10 04:00:00,15.1,31,1011.7,4.2,24.5,0.0,39
2024-09-10 05:00:00,16.0,30,1011.0,4.7,26.6,0.0,38
2024-09-10 06:00:00,16.3,29,1010.2,3.8,26.6,0.0,43
2024-09-10 07:00:00,16.6,29,1009.2,3.7,25.6,0.0,47
2024-09-10 08:00:00,17.6,28,1007.6,5.3,27.7,0.0,48
2024-09-10 09:00:00,17.9,27,1006.0,6.5,31.0,0.0,24
2024-09-10 10:00:00,17.5,27,1005.8,8.0,34.6,0.0,42
2024-09-10 11:00:00,17.7,26,1005.2,8.4,34.6,0.0,42
2024-09-10 12:00:00,17.3,27,1005.3,8.9,38.5,0.0,45
2024-09-10 13:00:00,14.8,30,1007.7,4.5,32.4,0.0,75
2024-09-10 14:00:00,14.0,32,1008.8,5.4,23.8,0.0,60
2024-09-10 15:00:00,13.3,39,1010.0,3.6,23.8,0.0,52
2024-09-10 16:00:00,13.0,43,1010.5,1.6,19.8,0.0,40
2024-09-10 17:00:00,12.7,47,1010.6,2.7,16.9,0.0,47
2024-09-10 18:00:00,12.8,40,1011.3,3.2,18.4,0.0,51
2024-09-10 19:00:00,12.9,36,1011.0,2.9,18.0,0.0,45
2024-09-10 20:00:00,12.5,39,1010.4,3.3,17.6,0.0,26
2024-09-10 21:00:00,11.8,44,1010.1,3.1,20.5,0.0,44
2024-09-10 22:00:00,11.4,47,1010.1,2.5,19.1,0.0,64
2024-09-10 23:00:00,11.4,47,1010.4,3.3,19.8,0.0,72
2024-09-11 00:00:00,11.3,46,1011.0,4.2,22.7,0.0,50
2024-09-11 01:00:00,8.9,53,1013.2,5.0,26.3,0.0,66
2024-09-11 02:00:00,11.0,40,1014.2,5.1,26.6,0.0,74
2024-09-11 03:00:00,12.5,34,1013.6,7.1,31.7,0.0,45
2024-09-11 04:00:00,13.2,33,1013.6,9.2,37.1,0.0,58
2024-09-11 05:00:00,13.1,39,1014.4,3.7,37.4,0.0,62
2024-09-11 06:00:00,13.8,36,1013.4,1.5,25.2,0.0,44
2024-09-11 07:00:00,14.8,33,1011.6,2.9,22.3,0.0,76
2024-09-11 08:00:00,14.8,30,1011.0,4.7,25.6,0.0,78
2024-09-11 09:00:00,14.8,28,1010.5,3.6,27.4,0.0,43
2024-09-11 10:00:00,15.5,27,1009.2,6.6,28.1,0.0,52
2024-09-11 11:00:00,15.7,28,1008.4,7.6,32.4,0.0,57
2024-09-11 12:00:00,15.4,29,1008.4,5.7,32.0,0.0,57
2024-09-11 13:00:00,13.1,39,1011.0,6.6,27.4,0.0,44
2024-09-11 14:00:00,12.6,38,1012.0,7.6,30.6,0.0,36
2024-09-11 15:00:00,12.3,39,1013.1,4.0,30.6,0.0,40
2024-09-11 16:00:00,11.9,47,1013.4,3.7,22.0,0.0,41
2024-09-11 17:00:00,12.3,40,1013.4,3.0,19.8,0.0,38
2024-09-11 18:00:00,12.5,35,1013.5,1.6,18.4,0.0,29
2024-09-11 19:00:00,12.2,34,1013.0,0.4,15.5,0.0,8
2024-09-11 20:00:00,11.9,33,1012.5,2.6,15.8,0.0,3
2024-09-11 21:00:00,11.5,34,1011.7,2.3,17.6,0.0,1
2024-09-11 22:00:00,10.4,38,1011.7,2.0,16.6,0.0,1
2024-09-11 23:00:00,9.1,39,1012.4,4.6,16.2,0.0,4
2024-09-12 00:00:00,7.0,44,1013.2,7.5,20.2,0.0,14
2024-09-12 01:00:00,8.5,41,1012.7,4.7,19.8,0.0,1
2024-09-12 02:00:00,11.0,34,1013.2,2.5,17.6,0.0,0
2024-09-12 03:00:00,13.1,29,1013.2,2.4,19.4,0.0,0
2024-09-12 04:00:00,14.6,23,1012.7,2.7,19.8,0.0,0
2024-09-12 05:00:00,16.3,17,1011.2,4.2,23.0,0.0,0
2024-09-12 06:00:00,17.5,16,1009.5,5.9,29.2,0.0,0
2024-09-12 07:00:00,18.4,16,1007.9,5.6,30.2,0.0,0
2024-09-12 08:00:00,18.8,18,1007.0,5.8,30.6,0.0,5
2024-09-12 09:00:00,18.7,19,1005.9,3.9,30.6,0.0,5
2024-09-12 10:00:00,19.3,16,1003.9,2.1,25.2,0.0,27
2024-09-12 11:00:00,20.1,12,1002.0,3.6,23.4,0.0,42
2024-09-12 12:00:00,19.7,15,1001.8,4.6,26.3,0.0,22
2024-09-12 13:00:00,17.5,13,1004.5,7.4,30.2,0.0,32
2024-09-12 14:00:00,16.2,22,1005.7,4.0,30.2,0.0,3
2024-09-12 15:00:00,15.0,25,1006.1,4.1,21.2,0.0,0
2024-09-12 16:00:00,15.3,20,1006.6,2.2,18.4,0.0,0
2024-09-12 17:00:00,14.7,22,1007.0,0.4,16.2,0.0,0
2024-09-12 18:00:00,14.6,20,1007.1,1.3,15.1,0.0,0
2024-09-12 19:00:00,14.3,18,1007.2,2.9,16.6,0.0,0
2024-09-12 20:00:00,14.1,16,1007.4,1.0,17.3,0.0,0
2024-09-12 21:00:00,13.8,16,1007.1,2.9,16.9,0.0,0
2024-09-12 22:00:00,13.4,16,1007.1,2.9,18.4,0.0,0
2024-09-12 23:00:00,12.9,16,1007.5,2.6,17.6,0.0,0
2024-09-13 00:00:00,12.4,18,1008.0,1.6,16.9,0.0,0
2024-09-13 01:00:00,11.5,22,1008.6,4.1,18.0,0.0,0
2024-09-13 02:00:00,12.8,21,1009.1,0.0,18.0,0.0,0
2024-09-13 03:00:00,14.7,22,1009.4,3.8,23.0,0.0,0
2024-09-13 04:00:00,15.8,20,1009.2,2.6,22.3,0.0,0
2024-09-13 05:00:00,17.1,18,1007.5,3.2,22.7,0.0,0
2024-09-13 06:00:00,18.4,17,1005.7,3.7,25.9,0.0,0
2024-09-13 07:00:00,19.2,17,1004.1,4.3,27.0,0.0,28
2024-09-13 08:00:00,20.1,15,1002.0,4.6,27.4,0.0,3
2024-09-13 09:00:00,20.8,14,999.9,8.2,36.0,0.0,7
2024-09-13 10:00:00,21.1,13,998.3,11.1,40.3,0.0,44
2024-09-13 11:00:00,20.5,13,998.3,12.8,43.6,0.0,2
2024-09-13 12:00:00,19.0,13,999.8,11.8,48.6,0.0,9
2024-09-13 13:00:00,17.7,16,1001.7,4.4,36.4,0.0,1
2024-09-13 14:00:00,16.2,27,1003.1,3.4,27.0,0.0,0
2024-09-13 15:00:00,15.3,26,1004.0,3.9,22.0,0.0,0
2024-09-13 16:00:00,15.6,21,1004.6,3.1,21.2,0.0,0
2024-09-13 17:00:00,15.1,22,1005.1,3.1,20.5,0.0,0
2024-09-13 18:00:00,14.8,22,1005.6,2.7,20.2,0.0,0
2024-09-13 19:00:00,14.4,23,1006.1,2.2,19.1,0.0,0
2024-09-13 20:00:00,13.7,24,1006.3,2.2,18.7,0.0,0
2024-09-13 21:00:00,13.0,25,1006.7,2.3,18.4,0.0,0
2024-09-13 22:00:00,12.3,26,1007.3,1.8,17.6,0.0,3
2024-09-13 23:00:00,11.7,27,1008.1,2.3,16.2,0.0,0
2024-09-14 00:00:00,11.3,26,1008.6,4.7,18.0,0.0,0
2024-09-14 01:00:00,11.1,22,1008.9,4.1,18.4,0.0,5
2024-09-14 02:00:00,11.3,30,1009.7,2.7,16.9,0.0,0
2024-09-14 03:00:00,13.1,21,1010.1,0.8,16.2,0.0,0
2024-09-14 04:00:00,14.4,20,1009.6,0.8,15.5,0.0,39
2024-09-14 05:00:00,15.7,18,1008.6,2.3,18.7,0.0,12
2024-09-14 06:00:00,17.0,17,1007.1,3.6,23.4,0.0,7
2024-09-14 07:00:00,17.8,17,1005.5,3.1,24.5,0.0,23
2024-09-14 08:00:00,18.0,18,1004.2,1.9,23.8,0.0,19
2024-09-14 09:00:00,18.4,18,1002.5,1.5,21.2,0.0,33
2024-09-14 10:00:00,19.2,16,1000.4,3.1,21.2,0.0,51
2024-09-14 11:00:00,18.6,16,1000.6,2.1,21.6,0.0,42
2024-09-14 12:00:00,16.8,20,1002.7,8.7,34.2,0.0,58
2024-09-14 13:00:00,16.3,19,1003.3,4.7,32.4,0.0,97
2024-09-14 14:00:00,15.9,20,1004.1,4.3,25.6,0.0,100
2024-09-14 15:00:00,15.8,22,1005.3,2.6,24.8,0.0,100
2024-09-14 16:00:00,15.4,33,1006.2,2.5,22.7,0.0,84
2024-09-14 17:00:00,14.4,30,1006.9,3.9,25.6,0.0,46
2024-09-14 18:00:00,13.7,32,1007.8,4.1,25.9,0.0,43
2024-09-14 19:00:00,14.1,29,1008.3,3.1,25.2,0.0,57
2024-09-14 20:00:00,13.6,30,1008.5,2.5,23.0,0.0,55
2024-09-14 21:00:00,13.2,31,1008.6,2.9,20.9,0.0,62
2024-09-14 22:00:00,12.4,34,1009.1,4.1,20.9,0.0,76
2024-09-14 23:00:00,12.0,37,1009.6,3.4,20.2,0.0,73
2024-09-15 00:00:00,11.4,40,1010.1,2.9,17.6,0.0,80
2024-09-15 01:00:00,10.0,46,1011.3,2.2,14.0,0.0,91
2024-09-15 02:00:00,10.5,42,1012.4,1.1,14.8,0.1,99
2024-09-15 03:00:00,10.7,40,1012.8,1.3,15.5,0.1,100
2024-09-15 04:00:00,10.6,42,1013.7,5.5,22.7,0.3,100
2024-09-15 05:00:00,11.9,39,1012.7,5.4,24.8,0.2,30
2024-09-15 06:00:00,12.9,37,1011.4,0.5,23.4,0.0,43
2024-09-15 07:00:00,13.9,32,1009.9,1.8,18.4,0.0,62
2024-09-15 08:00:00,15.1,28,1007.9,2.7,22.0,0.0,28
2024-09-15 09:00:00,15.3,27,1006.6,3.9,22.7,0.0,32
2024-09-15 10:00:00,14.9,26,1006.7,5.0,24.8,0.0,40
2024-09-15 11:00:00,14.8,24,1006.4,4.2,25.2,0.0,40
2024-09-15 12:00:00,14.2,25,1007.1,5.6,27.0,0.0,28
2024-09-15 13:00:00,13.8,27,1007.9,3.4,26.6,0.0,10
2024-09-15 14:00:00,13.3,36,1008.9,3.6,19.8,0.0,5
2024-09-15 15:00:00,12.2,46,1009.9,4.2,21.6,0.0,29
2024-09-15 16:00:00,11.7,42,1010.8,4.5,23.0,0.0,7
2024-09-15 17:00:00,13.0,27,1011.1,1.5,22.3,0.0,7
2024-09-15 18:00:00,12.5,29,1011.1,2.8,16.6,0.0,19
2024-09-15 19:00:00,11.9,31,1011.3,1.3,15.5,0.0,12
2024-09-15 20:00:00,9.5,38,1011.6,5.7,20.2,0.0,8
2024-09-15 21:00:00,11.4,30,1011.6,4.0,21.2,0.0,4
2024-09-15 22:00:00,10.8,32,1012.0,3.3,19.4,0.0,17
2024-09-15 23:00:00,10.4,32,1012.7,2.5,19.1,0.0,49
2024-09-16 00:00:00,10.4,30,1013.5,4.4,18.7,0.0,48
2024-09-16 01:00:00,9.9,32,1014.0,2.5,19.1,0.0,13
2024-09-16 02:00:00,10.4,34,1014.7,3.0,16.2,0.0,10
2024-09-16 03:00:00,12.3,28,1014.8,1.9,17.3,0.0,11
2024-09-16 04:00:00,13.7,26,1014.1,2.5,19.8,0.0,13
2024-09-16 05:00:00,15.0,24,1013.3,4.3,24.8,0.0,12
2024-09-16 06:00:00,16.2,22,1012.0,5.1,28.4,0.0,20
2024-09-16 07:00:00,16.6,22,1010.9,1.6,28.4,0.0,58
2024-09-16 08:00:00,17.0,21,1009.7,2.9,21.2,0.0,62
2024-09-16 09:00:00,17.3,19,1008.6,3.3,23.0,0.0,87
2024-09-16 10:00:00,17.5,19,1008.0,4.8,24.1,0.0,50
2024-09-16 11:00:00,17.5,17,1007.6,6.4,27.7,0.0,64
2024-09-16 12:00:00,16.7,17,1007.9,5.5,26.6,0.0,69
2024-09-16 13:00:00,15.9,18,1007.9,2.6,20.5,0.0,21
2024-09-16 14:00:00,15.1,27,1008.8,4.0,24.5,0.0,14
2024-09-16 15:00:00,15.3,21,1009.8,2.6,24.8,0.0,47
2024-09-16 16:00:00,14.3,27,1010.7,3.3,19.8,0.0,40
2024-09-16 17:00:00,14.2,29,1011.6,3.8,21.2,0.0,17
2024-09-16 18:00:00,14.2,28,1012.2,2.3,20.5,0.0,7
2024-09-16 19:00:00,13.6,29,1012.8,2.2,18.0,0.0,9
2024-09-16 20:00:00,12.2,28,1013.2,4.8,22.0,0.0,12
2024-09-16 21:00:00,11.7,25,1013.4,4.6,22.3,0.0,10
2024-09-16 22:00:00,10.9,25,1013.7,5.1,20.9,0.0,1
2024-09-16 23:00:00,8.1,30,1014.3,6.1,20.2,0.0,0
2024-09-17 00:00:00,7.4,32,1015.0,6.6,19.8,0.0,0
2024-09-17 01:00:00,7.6,33,1015.4,6.0,18.7,0.0,0
2024-09-17 02:00:00,10.6,27,1016.2,5.8,18.0,0.0,1
2024-09-17 03:00:00,13.3,23,1016.3,0.4,18.4,0.0,0
2024-09-17 04:00:00,14.6,21,1015.6,2.6,19.1,0.0,0
2024-09-17 05:00:00,16.0,18,1014.4,3.1,22.7,0.0,12
2024-09-17 06:00:00,17.5,16,1012.6,2.6,22.3,0.0,31
2024-09-17 07:00:00,18.4,15,1011.1,4.3,25.2,0.0,49
2024-09-17 08:00:00,19.2,15,1009.7,1.8,25.6,0.0,50
2024-09-17 09:00:00,20.0,15,1007.6,3.3,24.8,0.0,36
2024-09-17 10:00:00,20.6,12,1005.9,3.6,24.5,0.0,32
2024-09-17 11:00:00,19.6,10,1005.7,1.3,24.1,0.0,58
2024-09-17 12:00:00,19.2,11,1005.5,6.4,26.3,0.0,16
2024-09-17 13:00:00,18.0,12,1006.5,2.4,23.8,0.0,15
2024-09-17 14:00:00,16.6,15,1007.8,4.7,28.1,0.0,3
2024-09-17 15:00:00,15.9,16,1009.8,11.3,41.4,0.0,3
2024-09-17 16:00:00,14.5,18,1011.2,10.0,42.1,0.0,2
2024-09-17 17:00:00,12.9,22,1012.2,8.5,38.9,0.0,0
2024-09-17 18:00:00,12.5,25,1012.5,6.0,36.0,0.0,2
2024-09-17 19:00:00,12.9,25,1012.9,5.4,31.0,0.0,6
2024-09-17 20:00:00,12.8,25,1013.3,5.1,28.4,0.0,13
2024-09-17 21:00:00,13.4,24,1013.5,4.7,27.0,0.0,5
2024-09-17 22:00:00,12.6,26,1013.7,2.6,25.9,0.0,0
2024-09-17 23:00:00,11.6,29,1014.4,1.3,21.2,0.0,0
2024-09-18 00:00:00,10.5,31,1014.8,1.4,16.9,0.0,0
2024-09-18 01:00:00,9.6,27,1016.1,3.6,19.1,0.0,3
2024-09-18 02:00:00,10.6,27,1016.4,1.9,18.4,0.0,0
2024-09-18 03:00:00,13.6,22,1016.0,4.8,25.2,0.0,0
2024-09-18 04:00:00,14.9,19,1015.5,5.0,27.0,0.0,86
2024-09-18 05:00:00,16.2,18,1014.6,4.7,28.8,0.0,98
2024-09-18 06:00:00,17.1,16,1013.1,2.2,27.4,0.0,87
2024-09-18 07:00:00,18.3,15,1011.3,4.3,25.9,0.0,88
2024-09-18 08:00:00,18.5,14,1010.4,6.6,31.3,0.0,91
2024-09-18 09:00:00,18.8,13,1009.6,10.0,38.2,0.0,66
2024-09-18 10:00:00,18.3,16,1009.7,13.0,45.7,0.0,93
2024-09-18 11:00:00,17.0,17,1010.4,10.6,45.7,0.0,100
2024-09-18 12:00:00,16.0,17,1011.3,6.4,39.6,0.0,91
2024-09-18 13:00:00,15.4,20,1011.9,1.8,31.0,0.0,67
2024-09-18 14:00:00,15.3,20,1012.5,4.0,19.8,0.0,33
2024-09-18 15:00:00,14.0,27,1013.6,4.3,22.7,0.0,67
2024-09-18 16:00:00,13.8,32,1014.4,3.1,22.7,0.0,97
2024-09-18 17:00:00,14.3,31,1014.7,0.5,20.9,0.0,97
2024-09-18 18:00:00,13.8,29,1014.2,3.4,15.5,0.0,95
2024-09-18 19:00:00,12.1,29,1013.5,4.9,18.0,0.0,14
2024-09-18 20:00:00,10.4,31,1013.7,7.7,20.2,0.0,100
2024-09-18 21:00:00,11.3,28,1013.7,8.2,21.6,0.0,99
2024-09-18 22:00:00,13.2,25,1014.1,3.7,21.2,0.0,89
2024-09-18 23:00:00,12.8,27,1014.4,1.3,15.5,0.0,87
2024-09-19 00:00:00,11.1,32,1015.8,4.6,19.8,0.0,100
2024-09-19 01:00:00,12.6,31,1016.7,0.7,15.5,0.0,97
2024-09-19 02:00:00,12.3,35,1017.7,3.1,17.3,0.0,98
2024-09-19 03:00:00,13.0,36,1018.6,3.9,22.3,0.0,99
2024-09-19 04:00:00,13.1,33,1019.3,7.8,30.6,0.0,100
2024-09-19 05:00:00,12.6,36,1020.6,9.2,35.6,0.2,89
2024-09-19 06:00:00,14.0,35,1019.2,5.8,34.9,0.1,100
2024-09-19 07:00:00,13.4,38,1019.1,3.6,29.2,0.1,99
2024-09-19 08:00:00,13.5,39,1019.1,2.9,22.0,0.1,100
2024-09-19 09:00:00,12.4,45,1019.9,4.1,20.5,0.4,100
2024-09-19 10:00:00,12.4,47,1019.3,5.4,24.5,0.4,100
2024-09-19 11:00:00,11.8,51,1020.4,3.1,24.5,0.6,100
2024-09-19 12:00:00,11.1,56,1021.5,3.7,19.4,0.6,100
2024-09-19 13:00:00,11.5,54,1020.9,6.8,26.3,0.1,100
2024-09-19 14:00:00,10.8,59,1022.5,6.9,29.2,0.1,100
2024-09-19 15:00:00,10.4,61,1023.3,5.0,27.0,0.2,91
2024-09-19 16:00:00,10.3,63,1023.0,4.4,23.0,0.0,91
2024-09-19 17:00:00,9.6,74,1023.0,4.3,20.9,0.0,74
2024-09-19 18:00:00,9.3,73,1022.5,2.8,18.7,0.0,67
2024-09-19 19:00:00,9.3,71,1021.9,1.8,14.4,0.0,65
2024-09-19 20:00:00,9.0,73,1021.4,0.8,11.2,0.0,61
2024-09-19 21:00:00,6.7,82,1021.4,7.2,15.5,0.0,62
2024-09-19 22:00:00,6.1,77,1021.7,8.3,17.3,0.0,67
2024-09-19 23:00:00,5.7,77,1022.0,7.9,19.1,0.0,60
2024-09-20 00:00:00,5.0,79,1022.9,7.2,19.1,0.0,60
2024-09-20 01:00:00,5.8,74,1022.3,5.9,17.3,0.0,46
2024-09-20 02:00:00,8.9,58,1023.7,2.5,17.6,0.0,65
2024-09-20 03:00:00,10.6,53,1023.6,5.4,22.7,0.0,86
2024-09-20 04:00:00,12.3,45,1022.8,4.4,23.0,0.0,35
2024-09-20 05:00:00,14.2,38,1021.2,3.4,22.3,0.0,40
2024-09-20 06:00:00,15.8,35,1019.3,3.3,21.6,0.0,36
2024-09-20 07:00:00,17.1,31,1017.2,2.2,21.2,0.0,25
2024-09-20 08:00:00,18.1,29,1015.5,2.9,19.4,0.0,59
2024-09-20 09:00:00,18.3,28,1014.0,1.1,20.5,0.0,44
2024-09-20 10:00:00,18.8,27,1012.7,2.9,19.1,0.0,6
2024-09-20 11:00:00,19.0,26,1012.2,4.0,23.0,0.0,18
2024-09-20 12:00:00,18.2,27,1012.4,1.6,21.6,0.0,5
2024-09-20 13:00:00,17.2,40,1013.4,1.6,14.4,0.0,2
2024-09-20 14:00:00,17.3,27,1014.2,1.5,13.7,0.0,10
2024-09-20 15:00:00,15.6,38,1015.1,4.3,21.6,0.0,12
2024-09-20 16:00:00,16.1,31,1016.0,1.5,21.6,0.0,34
2024-09-20 17:00:00,15.7,33,1016.4,1.1,14.0,0.0,21
2024-09-20 18:00:00,15.2,35,1016.3,1.8,13.0,0.0,8
2024-09-20 19:00:00,14.3,37,1016.4,1.6,14.0,0.0,5
2024-09-20 20:00:00,11.9,44,1016.2,5.5,16.2,0.0,1
2024-09-20 21:00:00,10.6,43,1016.3,6.3,17.6,0.0,0
2024-09-20 22:00:00,12.9,32,1016.4,4.5,17.3,0.0,0
2024-09-20 23:00:00,12.3,33,1017.0,3.3,15.1,0.0,0
2024-09-21 00:00:00,11.9,33,1017.6,4.6,14.8,0.0,0
2024-09-21 01:00:00,10.7,38,1018.2,5.2,17.3,0.0,0
2024-09-21 02:00:00,12.2,45,1018.9,3.3,17.3,0.0,0
2024-09-21 03:00:00,14.9,33,1019.3,4.4,23.0,0.0,0
2024-09-21 04:00:00,16.3,29,1018.8,3.9,22.3,0.0,0
2024-09-21 05:00:00,17.8,25,1017.8,4.6,25.2,0.0,0
2024-09-21 06:00:00,19.3,20,1016.1,5.9,29.2,0.0,0
2024-09-21 07:00:00,20.5,17,1014.3,7.3,32.8,0.0,5
2024-09-21 08:00:00,21.0,15,1012.8,6.4,33.1,0.0,2
2024-09-21 09:00:00,21.3,15,1011.3,5.4,31.3,0.0,4
2024-09-21 10:00:00,21.4,17,1010.4,4.0,29.5,0.0,24
2024-09-21 11:00:00,21.2,15,1010.1,3.9,25.6,0.0,15
2024-09-21 12:00:00,20.2,17,1011.0,4.7,25.2,0.0,14
2024-09-21 13:00:00,18.8,17,1012.0,4.5,27.0,0.0,0
2024-09-21 14:00:00,17.3,20,1013.2,4.7,22.0,0.0,0
2024-09-21 15:00:00,17.3,20,1013.7,3.8,20.5,0.0,2
2024-09-21 16:00:00,16.9,21,1014.4,1.9,19.1,0.0,4
2024-09-21 17:00:00,16.1,24,1014.6,1.1,13.0,0.0,0
2024-09-21 18:00:00,15.6,26,1015.0,1.8,12.6,0.0,0
2024-09-21 19:00:00,14.9,28,1015.3,4.2,14.4,0.0,0
2024-09-21 20:00:00,11.9,36,1015.3,6.2,15.8,0.0,0
2024-09-21 21:00:00,10.8,38,1015.3,6.8,16.9,0.0,0
2024-09-21 22:00:00,13.9,30,1015.5,4.0,16.9,0.0,0
2024-09-21 23:00:00,13.4,31,1016.2,2.9,14.4,0.0,0
2024-09-22 00:00:00,11.1,36,1016.8,6.0,14.0,0.0,0
2024-09-22 01:00:00,9.5,39,1017.8,6.6,16.6,0.0,0
2024-09-22 02:00:00,12.2,36,1018.8,3.4,15.5,0.0,0
2024-09-22 03:00:00,15.4,26,1019.0,4.5,21.6,0.0,0
2024-09-22 04:00:00,16.9,24,1018.2,5.6,25.9,0.0,0
2024-09-22 05:00:00,18.7,21,1016.9,6.4,29.9,0.0,0
2024-09-22 06:00:00,20.5,18,1014.8,7.4,32.4,0.0,0
2024-09-22 07:00:00,21.9,13,1012.5,8.4,34.9,0.0,0
2024-09-22 08:00:00,22.8,10,1010.4,7.7,35.3,0.0,0
2024-09-22 09:00:00,23.4,9,1008.6,6.9,34.6,0.0,0
2024-09-22 10:00:00,23.8,7,1007.4,8.0,34.9,0.0,0
2024-09-22 11:00:00,23.6,7,1007.3,9.5,38.2,0.0,0
2024-09-22 12:00:00,22.9,8,1008.1,8.5,38.5,0.0,0
2024-09-22 13:00:00,20.1,6,1009.2,5.9,32.8,0.0,0
2024-09-22 14:00:00,20.9,5,1010.5,3.1,27.4,0.0,0
2024-09-22 15:00:00,20.1,7,1011.3,1.8,19.1,0.0,0
2024-09-22 16:00:00,19.0,8,1012.2,1.0,13.0,0.0,0
2024-09-22 17:00:00,17.4,12,1013.0,4.8,15.1,0.0,0
2024-09-22 18:00:00,12.5,24,1013.6,8.2,19.8,0.0,0
2024-09-22 19:00:00,11.3,26,1014.0,8.2,19.8,0.0,0
2024-09-22 20:00:00,11.0,25,1014.5,7.5,18.7,0.0,0
2024-09-22 21:00:00,11.4,22,1014.7,6.8,16.9,0.0,0
2024-09-22 22:00:00,12.2,19,1015.2,6.0,15.8,0.0,0
2024-09-22 23:00:00,12.6,17,1016.2,5.8,15.1,0.0,0
2024-09-23 00:00:00,13.3,15,1017.1,4.8,14.0,0.0,0
2024-09-23 01:00:00,11.5,21,1018.2,5.8,15.1,0.0,0
2024-09-23 02:00:00,12.1,21,1019.0,4.5,13.7,0.0,0
2024-09-23 03:00:00,15.7,17,1019.3,4.5,19.4,0.0,0
2024-09-23 04:00:00,17.3,17,1018.6,5.5,24.8,0.0,0
2024-09-23 05:00:00,19.0,16,1017.2,6.2,28.4,0.0,0
2024-09-23 06:00:00,20.8,13,1015.2,7.1,32.0,0.0,0
2024-09-23 07:00:00,22.2,9,1013.1,7.0,33.8,0.0,0
2024-09-23 08:00:00,23.2,7,1011.1,6.4,33.1,0.0,0
2024-09-23 09:00:00,23.8,6,1009.5,7.0,33.5,0.0,0
2024-09-23 10:00:00,24.0,6,1008.3,8.7,35.6,0.0,0
2024-09-23 11:00:00,23.7,6,1008.0,9.2,37.8,0.0,0
2024-09-23 12:00:00,22.9,6,1008.3,8.6,37.8,0.0,0
2024-09-23 13:00:00,20.2,7,1009.2,5.1,37.8,0.0,0
2024-09-23 14:00:00,20.3,7,1010.2,4.1,26.3,0.0,0
2024-09-23 15:00:00,19.6,8,1011.4,2.4,21.6,0.0,0
2024-09-23 16:00:00,18.6,10,1012.3,1.1,16.9,0.0,0
2024-09-23 17:00:00,17.6,11,1012.8,1.1,14.0,0.0,0
2024-09-23 18:00:00,13.5,19,1013.3,6.6,19.8,0.0,0
2024-09-23 19:00:00,11.9,24,1013.7,7.4,20.5,0.0,0
2024-09-23 20:00:00,12.5,22,1014.2,6.4,19.8,0.0,0
2024-09-23 21:00:00,11.1,22,1014.2,7.0,18.0,0.0,0
2024-09-23 22:00:00,13.4,18,1014.7,5.8,17.3,0.0,0
2024-09-23 23:00:00,13.7,17,1015.5,5.5,15.5,0.0,0
2024-09-24 00:00:00,12.6,18,1016.0,5.7,15.8,0.0,0
2024-09-24 01:00:00,12.5,19,1017.1,5.5,16.6,0.0,0
2024-09-24 02:00:00,12.7,19,1018.0,3.6,15.1,0.0,0
2024-09-24 03:00:00,15.5,16,1018.5,4.5,19.4,0.0,0
2024-09-24 04:00:00,17.1,15,1017.9,5.6,25.6,0.0,0
2024-09-24 05:00:00,18.8,13,1016.4,6.4,28.8,0.0,0
2024-09-24 06:00:00,20.5,11,1014.2,7.3,32.0,0.0,0
2024-09-24 07:00:00,22.0,8,1012.0,8.2,34.9,0.0,1
2024-09-24 08:00:00,23.0,7,1010.0,7.3,34.9,0.0,0
2024-09-24 09:00:00,23.7,5,1008.0,7.1,33.8,0.0,0
2024-09-24 10:00:00,24.0,4,1006.7,8.8,36.4,0.0,0
2024-09-24 11:00:00,23.7,4,1006.2,9.1,38.5,0.0,7
2024-09-24 12:00:00,22.9,5,1006.6,8.5,38.5,0.0,4
2024-09-24 13:00:00,20.4,9,1007.3,4.6,29.5,0.0,1
2024-09-24 14:00:00,20.8,9,1008.5,1.9,22.7,0.0,0
2024-09-24 15:00:00,19.8,9,1009.5,3.9,16.6,0.0,0
2024-09-24 16:00:00,14.9,12,1010.4,8.9,21.6,0.0,0
2024-09-24 17:00:00,13.1,14,1010.9,8.2,21.6,0.0,0
2024-09-24 18:00:00,12.1,14,1011.4,8.2,20.2,0.0,0
2024-09-24 19:00:00,10.8,15,1011.9,9.3,18.7,0.0,0
2024-09-24 20:00:00,10.4,15,1012.3,7.7,18.4,0.0,0
2024-09-24 21:00:00,10.0,15,1012.6,8.0,17.3,0.0,0
2024-09-24 22:00:00,9.8,14,1012.5,7.6,17.3,0.0,0
2024-09-24 23:00:00,10.3,13,1013.4,7.1,16.6,0.0,0
2024-09-25 00:00:00,10.5,12,1014.0,6.8,16.2,0.0,0
2024-09-25 01:00:00,8.9,14,1014.7,7.3,15.5,0.0,0
2024-09-25 02:00:00,11.4,13,1015.3,5.1,14.4,0.0,0
2024-09-25 03:00:00,16.1,10,1015.8,3.9,17.6,0.0,0
2024-09-25 04:00:00,17.7,10,1015.0,4.9,23.8,0.0,0
2024-09-25 05:00:00,19.6,9,1013.6,6.4,28.4,0.0,0
2024-09-25 06:00:00,21.2,8,1011.6,7.1,31.3,0.0,0
2024-09-25 07:00:00,22.2,7,1009.6,7.4,33.8,0.0,0
2024-09-25 08:00:00,22.9,6,1007.8,4.9,33.1,0.0,0
2024-09-25 09:00:00,23.0,7,1006.3,3.3,27.0,0.0,0
2024-09-25 10:00:00,23.1,6,1005.5,2.9,22.7,0.0,4
2024-09-25 11:00:00,23.0,6,1004.7,3.8,23.8,0.0,8
2024-09-25 12:00:00,22.1,6,1004.9,5.1,26.6,0.0,1
2024-09-25 13:00:00,19.1,9,1006.0,5.4,26.6,0.0,7
2024-09-25 14:00:00,18.6,8,1007.0,4.3,25.6,0.0,0
2024-09-25 15:00:00,19.4,7,1007.9,3.6,22.7,0.0,0
2024-09-25 16:00:00,18.7,8,1008.5,2.1,20.9,0.0,0
2024-09-25 17:00:00,18.1,8,1009.0,2.8,17.6,0.0,0
2024-09-25 18:00:00,14.4,10,1009.2,6.8,22.3,0.0,0
2024-09-25 19:00:00,16.4,9,1009.5,5.6,22.7,0.0,0
2024-09-25 20:00:00,16.6,9,1009.6,1.1,20.5,0.0,0
2024-09-25 21:00:00,15.8,10,1010.0,0.8,14.8,0.0,0
2024-09-25 22:00:00,11.5,15,1009.9,7.7,21.2,0.0,0
2024-09-25 23:00:00,14.7,14,1010.3,4.9,21.6,0.0,4
2024-09-26 00:00:00,14.1,16,1011.1,4.2,18.4,0.0,0
2024-09-26 01:00:00,13.7,18,1011.2,5.1,21.2,0.0,2
2024-09-26 02:00:00,13.8,19,1012.2,1.4,20.2,0.0,0
2024-09-26 03:00:00,15.0,19,1013.0,0.4,15.5,0.0,4
2024-09-26 04:00:00,16.6,21,1012.3,3.5,22.3,0.0,24
2024-09-26 05:00:00,17.7,22,1011.6,3.2,24.5,0.0,12
2024-09-26 06:00:00,18.8,20,1010.2,1.9,23.0,0.0,1
2024-09-26 07:00:00,19.8,18,1008.4,1.1,19.8,0.0,1
2024-09-26 08:00:00,20.9,15,1006.1,3.5,23.8,0.0,2
2024-09-26 09:00:00,21.8,13,1003.7,3.2,25.9,0.0,30
2024-09-26 10:00:00,22.2,11,1002.2,2.5,24.5,0.0,14
2024-09-26 11:00:00,22.2,9,1001.4,0.9,21.6,0.0,12
2024-09-26 12:00:00,21.5,9,1001.6,4.3,22.0,0.0,25
2024-09-26 13:00:00,19.5,8,1003.4,2.2,24.8,0.0,25
2024-09-26 14:00:00,18.9,9,1005.0,2.8,21.6,0.0,17
2024-09-26 15:00:00,15.9,22,1006.0,6.0,31.0,0.0,8
2024-09-26 16:00:00,15.4,28,1007.1,9.4,36.4,0.0,5
2024-09-26 17:00:00,14.6,30,1008.4,10.3,38.2,0.0,0
2024-09-26 18:00:00,12.9,33,1009.0,8.3,37.4,0.0,3
2024-09-26 19:00:00,14.3,30,1009.4,5.2,33.1,0.0,2
2024-09-26 20:00:00,15.1,29,1009.5,3.9,26.6,0.0,0
2024-09-26 21:00:00,13.9,32,1009.9,3.8,22.3,0.0,5
2024-09-26 22:00:00,12.9,34,1010.2,2.3,18.4,0.0,25
2024-09-26 23:00:00,12.2,35,1011.0,1.9,15.8,0.0,100
2024-09-27 00:00:00,11.8,36,1011.3,1.9,14.8,0.0,98
2024-09-27 01:00:00,11.5,35,1012.2,3.6,16.6,0.0,99
2024-09-27 02:00:00,11.6,35,1013.0,1.4,14.8,0.0,85
2024-09-27 03:00:00,13.3,31,1013.1,2.4,17.3,0.0,100
2024-09-27 04:00:00,14.4,29,1012.5,0.9,16.9,0.0,97
2024-09-27 05:00:00,16.0,26,1011.5,2.9,21.2,0.0,96
2024-09-27 06:00:00,17.3,23,1009.5,3.6,24.1,0.0,100
2024-09-27 07:00:00,18.2,22,1007.6,4.8,28.8,0.0,70
2024-09-27 08:00:00,20.0,18,1004.5,4.2,28.8,0.0,72
2024-09-27 09:00:00,20.5,15,1002.6,11.0,48.6,0.0,100
2024-09-27 10:00:00,19.3,16,1002.5,6.4,47.2,0.0,97
2024-09-27 11:00:00,18.2,21,1003.5,14.7,46.4,0.0,91
2024-09-27 12:00:00,17.9,21,1003.8,11.1,47.5,0.0,60
2024-09-27 13:00:00,14.8,32,1007.2,4.3,28.8,0.0,44
2024-09-27 14:00:00,13.4,36,1008.8,4.3,23.0,0.0,34
2024-09-27 15:00:00,11.9,46,1010.1,3.9,19.8,0.0,49
2024-09-27 16:00:00,11.9,44,1010.3,3.2,19.4,0.0,22
2024-09-27 17:00:00,11.8,44,1010.7,3.7,18.4,0.0,18
2024-09-27 18:00:00,11.5,45,1011.3,3.6,19.1,0.0,0
2024-09-27 19:00:00,11.0,46,1012.1,2.8,18.4,0.0,7
2024-09-27 20:00:00,10.7,46,1012.3,2.8,19.1,0.0,5
2024-09-27 21:00:00,10.0,47,1012.4,3.8,19.1,0.0,38
2024-09-27 22:00:00,8.5,52,1013.5,2.2,18.0,0.0,56
2024-09-27 23:00:00,7.2,57,1015.4,2.1,14.4,0.0,47
2024-09-28 00:00:00,5.0,61,1015.9,5.7,19.8,0.0,100
2024-09-28 01:00:00,5.6,62,1016.7,4.0,20.2,0.0,84
2024-09-28 02:00:00,6.6,56,1017.0,2.3,19.1,0.0,74
2024-09-28 03:00:00,9.3,39,1017.0,1.5,15.5,0.0,22
2024-09-28 04:00:00,10.9,38,1016.6,2.8,18.4,0.0,60
2024-09-28 05:00:00,12.6,32,1015.7,3.5,23.8,0.0,97
2024-09-28 06:00:00,14.0,27,1014.3,1.6,23.0,0.0,62
2024-09-28 07:00:00,15.2,24,1012.5,3.6,23.0,0.0,37
2024-09-28 08:00:00,15.9,20,1011.0,5.0,27.4,0.0,69
2024-09-28 09:00:00,15.9,19,1010.0,2.7,28.8,0.0,21
2024-09-28 10:00:00,15.6,19,1009.9,2.4,22.7,0.0,22
2024-09-28 11:00:00,15.4,20,1009.8,5.1,25.6,0.0,48
2024-09-28 12:00:00,15.0,19,1010.5,4.5,27.0,0.0,6
2024-09-28 13:00:00,14.1,19,1011.3,2.7,25.9,0.0,2
2024-09-28 14:00:00,13.0,24,1012.4,2.9,20.5,0.0,0
2024-09-28 15:00:00,12.5,24,1013.4,3.7,20.5,0.0,1
2024-09-28 16:00:00,13.1,24,1014.2,3.3,20.5,0.0,1
2024-09-28 17:00:00,12.6,26,1015.0,2.6,19.4,0.0,0
2024-09-28 18:00:00,12.0,28,1015.5,2.9,17.6,0.0,0
2024-09-28 19:00:00,11.6,30,1015.8,2.9,18.4,0.0,0
2024-09-28 20:00:00,11.1,31,1016.1,2.9,18.4,0.0,0
2024-09-28 21:00:00,10.6,32,1016.1,2.9,18.7,0.0,1
2024-09-28 22:00:00,10.1,32,1016.6,2.5,18.7,0.0,0
2024-09-28 23:00:00,9.7,33,1017.4,1.9,18.0,0.0,0
2024-09-29 00:00:00,9.5,33,1018.5,1.5,16.2,0.0,0
2024-09-29 01:00:00,8.7,30,1019.6,3.3,19.8,0.0,0
2024-09-29 02:00:00,8.6,33,1020.1,3.6,17.3,0.0,1
2024-09-29 03:00:00,11.8,25,1020.4,4.5,22.7,0.0,13
2024-09-29 04:00:00,13.2,21,1019.7,2.2,22.3,0.0,1
2024-09-29 05:00:00,14.6,19,1018.7,2.1,19.1,0.0,0
2024-09-29 06:00:00,16.0,17,1016.9,2.4,21.2,0.0,0
2024-09-29 07:00:00,17.0,15,1015.0,2.7,22.3,0.0,11
2024-09-29 08:00:00,17.5,12,1013.4,1.4,21.6,0.0,18
2024-09-29 09:00:00,18.0,11,1012.4,3.9,23.8,0.0,11
2024-09-29 10:00:00,17.9,11,1011.6,2.8,24.5,0.0,0
2024-09-29 11:00:00,18.1,11,1010.8,8.7,28.4,0.0,1
2024-09-29 12:00:00,17.5,10,1010.7,11.4,37.8,0.0,0
2024-09-29 13:00:00,15.4,9,1012.9,4.7,31.0,0.0,0
2024-09-29 14:00:00,15.5,9,1013.8,2.3,22.3,0.0,0
2024-09-29 15:00:00,15.4,10,1014.1,2.7,18.0,0.0,0
2024-09-29 16:00:00,14.9,11,1014.7,2.2,18.4,0.0,0
2024-09-29 17:00:00,14.1,13,1015.1,1.9,16.9,0.0,0
2024-09-29 18:00:00,13.3,16,1015.1,2.7,16.9,0.0,0
2024-09-29 19:00:00,13.0,17,1015.2,2.7,16.2,0.0,0
2024-09-29 20:00:00,12.9,16,1015.1,3.0,17.3,0.0,0
2024-09-29 21:00:00,12.6,16,1015.1,3.3,19.4,0.0,0
2024-09-29 22:00:00,12.2,16,1015.6,3.2,20.5,0.0,0
2024-09-29 23:00:00,11.9,16,1016.5,1.7,20.5,0.0,0
2024-09-30 00:00:00,11.4,17,1017.4,1.1,17.6,0.0,0
2024-09-30 01:00:00,10.7,15,1018.6,3.8,20.5,0.0,0
2024-09-30 02:00:00,11.2,15,1019.4,2.7,18.4,0.0,0
2024-09-30 03:00:00,13.0,14,1019.8,1.4,16.6,0.0,0
2024-09-30 04:00:00,14.6,13,1019.0,3.3,21.2,0.0,18
2024-09-30 05:00:00,15.9,11,1017.7,2.7,22.0,0.0,12
2024-09-30 06:00:00,17.2,10,1016.1,3.3,23.0,0.0,0
2024-09-30 07:00:00,18.1,10,1014.3,3.6,24.1,0.0,0
2024-09-30 08:00:00,18.7,9,1012.6,2.2,24.5,0.0,0
2024-09-30 09:00:00,19.0,8,1010.9,3.6,23.4,0.0,0
2024-09-30 10:00:00,19.2,7,1009.6,1.0,23.4,0.0,0
2024-09-30 11:00:00,19.3,7,1009.1,4.2,21.2,0.0,0
2024-09-30 12:00:00,18.6,7,1009.3,4.9,25.2,0.0,0
2024-09-30 13:00:00,16.5,10,1010.1,5.0,25.6,0.0,0
2024-09-30 14:00:00,16.7,9,1011.7,2.8,23.4,0.0,0
2024-09-30 15:00:00,16.4,9,1012.2,3.1,19.1,0.0,0
2024-09-30 16:00:00,15.7,10,1012.4,3.0,19.1,0.0,0
2024-09-30 17:00:00,14.9,11,1012.8,2.2,18.4,0.0,0
2024-09-30 18:00:00,14.2,13,1012.8,1.6,16.9,0.0,0
2024-09-30 19:00:00,14.0,13,1012.8,0.2,15.1,0.0,0
2024-09-30 20:00:00,13.8,13,1013.0,0.2,14.0,0.0,0
2024-09-30 21:00:00,13.3,13,1012.8,0.6,14.0,0.0,0
2024-09-30 22:00:00,12.7,14,1013.0,2.7,16.9,0.0,0
2024-09-30 23:00:00,12.2,14,1013.5,2.4,17.6,0.0,0
2024-10-01 00:00:00,11.7,15,1014.1,0.9,16.2,0.0,0
2024-10-01 01:00:00,10.9,16,1014.7,4.1,19.4,0.0,0
2024-10-01 02:00:00,11.4,16,1015.4,2.3,18.0,0.0,0
2024-10-01 03:00:00,13.2,15,1016.1,1.9,16.6,0.0,0
2024-10-01 04:00:00,14.7,15,1015.4,2.8,20.5,0.0,0
2024-10-01 05:00:00,16.0,14,1014.2,2.8,21.6,0.0,0
2024-10-01 06:00:00,17.2,13,1012.8,3.3,23.4,0.0,0
2024-10-01 07:00:00,18.0,12,1010.7,1.7,23.4,0.0,0
2024-10-01 08:00:00,18.6,11,1009.0,3.0,21.2,0.0,1
2024-10-01 09:00:00,19.2,10,1007.3,5.2,24.8,0.0,2
2024-10-01 10:00:00,19.5,9,1006.1,5.3,24.8,0.0,0
2024-10-01 11:00:00,19.6,8,1005.2,8.6,31.7,0.0,0
2024-10-01 12:00:00,18.4,8,1005.9,9.8,38.9,0.0,0
2024-10-01 13:00:00,15.7,8,1007.9,7.4,42.8,0.0,0
2024-10-01 14:00:00,14.0,11,1009.3,4.8,27.4,0.0,0
2024-10-01 15:00:00,13.4,10,1009.8,5.3,20.9,0.0,0
2024-10-01 16:00:00,15.0,8,1010.1,4.3,20.5,0.0,0
2024-10-01 17:00:00,13.8,9,1010.4,4.9,20.9,0.0,0
2024-10-01 18:00:00,12.0,11,1010.5,5.9,20.9,0.0,0
2024-10-01 19:00:00,11.5,12,1010.7,6.0,20.5,0.0,0
2024-10-01 20:00:00,12.8,11,1010.7,5.1,19.1,0.0,0
2024-10-01 21:00:00,12.4,12,1010.9,4.0,19.8,0.0,0
2024-10-01 22:00:00,11.9,13,1011.3,2.7,19.8,0.0,0
2024-10-01 23:00:00,11.2,14,1012.2,2.2,17.6,0.0,0
2024-10-02 00:00:00,10.6,15,1013.0,3.5,16.9,0.0,0
2024-10-02 01:00:00,10.4,21,1013.9,5.0,20.5,0.0,0
2024-10-02 02:00:00,10.6,21,1014.8,1.7,19.1,0.0,0
2024-10-02 03:00:00,12.3,20,1015.5,2.7,19.8,0.0,0
2024-10-02 04:00:00,13.6,18,1014.9,3.7,23.8,0.0,0
2024-10-02 05:00:00,14.7,17,1014.4,3.4,23.4,0.0,0
2024-10-02 06:00:00,15.8,15,1013.0,3.6,24.5,0.0,0
2024-10-02 07:00:00,16.6,14,1011.2,4.8,27.0,0.0,2
2024-10-02 08:00:00,17.7,12,1009.0,4.6,28.1,0.0,0
2024-10-02 09:00:00,18.3,9,1007.2,1.3,26.6,0.0,0
2024-10-02 10:00:00,18.9,6,1005.7,4.7,25.2,0.0,0
2024-10-02 11:00:00,18.7,5,1005.3,3.9,28.1,0.0,0
2024-10-02 12:00:00,17.1,8,1006.4,3.9,23.0,0.0,0
2024-10-02 13:00:00,15.4,9,1007.8,3.5,21.2,0.0,0
2024-10-02 14:00:00,15.2,10,1009.4,2.9,24.8,0.0,0
2024-10-02 15:00:00,14.7,12,1010.1,2.5,24.1,0.0,0
2024-10-02 16:00:00,14.1,13,1010.7,2.6,22.3,0.0,0
2024-10-02 17:00:00,13.6,14,1011.3,3.0,22.0,0.0,0
2024-10-02 18:00:00,13.1,15,1011.7,3.0,22.3,0.0,0
2024-10-02 19:00:00,12.5,16,1012.3,2.1,22.0,0.0,0
2024-10-02 20:00:00,12.0,18,1012.5,1.7,20.9,0.0,0
2024-10-02 21:00:00,11.3,19,1012.8,1.7,20.5,0.0,0
2024-10-02 22:00:00,10.5,21,1013.5,0.7,18.7,0.0,0
2024-10-02 23:00:00,9.8,22,1014.2,0.6,15.5,0.0,0
2024-10-03 00:00:00,8.4,25,1014.8,5.7,19.1,0.0,0
2024-10-03 01:00:00,8.9,29,1015.9,2.3,18.0,0.0,0
2024-10-03 02:00:00,8.9,29,1016.9,0.8,15.5,0.0,0
2024-10-03 03:00:00,10.4,27,1017.5,1.9,15.5,0.0,0
2024-10-03 04:00:00,12.0,21,1016.7,2.9,19.8,0.0,0
2024-10-03 05:00:00,13.6,18,1015.2,3.5,22.7,0.0,0
2024-10-03 06:00:00,14.9,16,1013.5,4.2,25.6,0.0,0
2024-10-03 07:00:00,16.0,13,1011.6,4.3,26.6,0.0,0
2024-10-03 08:00:00,16.7,12,1009.6,3.4,26.6,0.0,2
2024-10-03 09:00:00,17.0,11,1008.4,4.2,25.9,0.0,9
2024-10-03 10:00:00,17.1,9,1007.4,5.5,29.5,0.0,4
2024-10-03 11:00:00,16.9,10,1006.7,6.3,32.0,0.0,4
2024-10-03 12:00:00,15.7,12,1007.6,6.4,32.0,0.0,2
2024-10-03 13:00:00,14.4,12,1008.3,5.6,34.6,0.0,0
2024-10-03 14:00:00,13.2,15,1009.7,4.0,27.7,0.0,0
2024-10-03 15:00:00,13.8,13,1010.7,3.3,22.7,0.0,0
2024-10-03 16:00:00,13.4,14,1011.4,2.4,20.5,0.0,0
2024-10-03 17:00:00,12.9,14,1011.9,1.1,19.1,0.0,0
2024-10-03 18:00:00,12.2,15,1012.2,1.8,16.6,0.0,0
2024-10-03 19:00:00,11.7,15,1012.4,4.6,20.5,0.0,0
2024-10-03 20:00:00,11.0,15,1012.7,3.1,20.2,0.0,0
2024-10-03 21:00:00,10.4,17,1013.0,3.4,17.3,0.0,0
2024-10-03 22:00:00,10.0,18,1013.5,3.6,17.6,0.0,0
2024-10-03 23:00:00,9.7,19,1014.2,4.3,18.7,0.0,0
2024-10-04 00:00:00,9.2,21,1014.7,3.7,19.1,0.0,0
2024-10-04 01:00:00,8.6,25,1015.3,4.0,17.3,0.0,0
2024-10-04 02:00:00,8.6,26,1016.0,2.9,17.3,0.0,0
2024-10-04 03:00:00,10.5,24,1016.5,2.5,17.3,0.0,0
2024-10-04 04:00:00,11.8,24,1016.1,3.4,22.0,0.0,0
2024-10-04 05:00:00,13.2,22,1015.4,2.9,22.3,0.0,0
2024-10-04 06:00:00,14.6,19,1013.5,3.7,24.5,0.0,41
2024-10-04 07:00:00,15.5,15,1011.7,4.5,27.0,0.0,52
2024-10-04 08:00:00,16.0,14,1009.9,3.7,27.0,0.0,31
2024-10-04 09:00:00,16.3,13,1008.4,3.6,25.2,0.0,51
2024-10-04 10:00:00,16.2,13,1007.6,3.5,23.4,0.0,39
2024-10-04 11:00:00,16.4,11,1006.7,5.2,26.6,0.0,42
2024-10-04 12:00:00,15.6,11,1007.0,6.1,29.5,0.0,28
2024-10-04 13:00:00,14.8,14,1007.9,7.5,31.7,0.0,15
2024-10-04 14:00:00,13.0,18,1009.2,5.9,31.7,0.0,8
2024-10-04 15:00:00,11.6,21,1010.4,5.7,29.5,0.0,14
2024-10-04 16:00:00,10.5,20,1011.8,6.8,33.8,0.0,2
2024-10-04 17:00:00,9.5,24,1012.8,6.7,33.8,0.0,0
2024-10-04 18:00:00,9.7,26,1013.3,5.7,31.7,0.0,2
2024-10-04 19:00:00,11.2,24,1013.7,3.7,28.4,0.0,3
2024-10-04 20:00:00,10.3,26,1014.0,3.5,24.5,0.0,0
2024-10-04 21:00:00,8.2,29,1014.1,5.2,21.6,0.0,0
2024-10-04 22:00:00,9.0,27,1014.3,4.1,21.6,0.0,7
2024-10-04 23:00:00,8.8,27,1015.1,1.9,19.4,0.0,14
2024-10-05 00:00:00,8.4,28,1015.7,1.1,16.9,0.0,13
2024-10-05 01:00:00,7.9,32,1016.6,2.6,18.0,0.0,7
2024-10-05 02:00:00,7.8,35,1017.6,2.5,16.6,0.0,55
2024-10-05 03:00:00,9.5,31,1018.1,3.8,21.6,0.0,35
2024-10-05 04:00:00,10.8,28,1017.6,4.4,25.9,0.0,30
2024-10-05 05:00:00,11.9,25,1016.5,5.7,28.8,0.0,40
2024-10-05 06:00:00,12.9,24,1015.3,4.5,30.6,0.0,45
2024-10-05 07:00:00,13.9,21,1013.5,6.6,32.4,0.0,30
2024-10-05 08:00:00,14.6,21,1012.0,6.1,34.6,0.0,56
2024-10-05 09:00:00,14.1,20,1011.2,5.6,32.4,0.0,54
2024-10-05 10:00:00,14.0,20,1010.7,4.7,29.5,0.0,30
2024-10-05 11:00:00,14.1,20,1010.4,5.0,25.6,0.0,55
2024-10-05 12:00:00,13.6,20,1010.9,5.8,26.6,0.0,32
2024-10-05 13:00:00,13.1,19,1011.0,4.1,27.7,0.0,15
2024-10-05 14:00:00,11.9,23,1012.1,3.9,22.0,0.0,6
2024-10-05 15:00:00,12.3,22,1012.7,3.4,20.9,0.0,10
2024-10-05 16:00:00,12.0,23,1013.0,2.3,17.3,0.0,40
2024-10-05 17:00:00,10.6,26,1014.0,4.9,26.3,0.0,52
2024-10-05 18:00:00,8.6,27,1015.0,6.4,32.0,0.0,51
2024-10-05 19:00:00,10.2,26,1015.4,4.9,30.2,0.0,97
2024-10-05 20:00:00,8.6,32,1016.0,5.5,28.8,0.0,100
2024-10-05 21:00:00,9.7,31,1016.4,4.4,28.8,0.0,90
2024-10-05 22:00:00,9.6,31,1016.9,3.9,25.9,0.0,93
2024-10-05 23:00:00,7.6,36,1017.7,5.2,25.2,0.0,87
2024-10-06 00:00:00,8.7,32,1018.3,4.0,25.6,0.0,76
2024-10-06 01:00:00,7.7,39,1018.8,4.5,20.9,0.0,97
2024-10-06 02:00:00,7.8,39,1019.3,4.2,22.0,0.0,100
2024-10-06 03:00:00,9.3,34,1020.1,7.5,26.6,0.0,100
2024-10-06 04:00:00,10.8,32,1020.0,7.1,30.6,0.0,86
2024-10-06 05:00:00,11.6,31,1019.9,8.7,34.2,0.0,87
2024-10-06 06:00:00,11.8,29,1019.6,9.2,37.1,0.0,86
2024-10-06 07:00:00,12.2,27,1018.6,5.4,36.4,0.0,94
2024-10-06 08:00:00,13.2,22,1016.8,2.9,29.2,0.0,53
2024-10-06 09:00:00,14.1,20,1015.2,4.0,25.2,0.0,68
2024-10-06 10:00:00,14.0,20,1015.1,3.1,24.8,0.0,98
2024-10-06 11:00:00,13.7,21,1015.1,6.3,28.1,0.0,30
2024-10-06 12:00:00,12.9,23,1016.0,8.5,33.1,0.0,19
2024-10-06 13:00:00,11.1,27,1018.2,4.6,28.8,0.0,0
2024-10-06 14:00:00,10.0,30,1019.8,6.0,31.0,0.0,15
2024-10-06 15:00:00,9.0,33,1020.8,4.8,31.3,0.0,5
2024-10-06 16:00:00,9.5,32,1021.2,3.8,27.0,0.0,9
2024-10-06 17:00:00,9.3,32,1021.6,2.1,20.2,0.0,0
2024-10-06 18:00:00,8.6,33,1021.8,0.9,15.1,0.0,0
2024-10-06 19:00:00,8.1,34,1022.2,2.1,10.8,0.0,0
2024-10-06 20:00:00,8.3,34,1022.8,1.7,13.7,0.0,0
2024-10-06 21:00:00,8.0,35,1023.0,2.2,13.3,0.0,0
2024-10-06 22:00:00,7.3,37,1023.1,1.9,14.0,0.0,0
2024-10-06 23:00:00,6.8,36,1023.3,4.0,14.0,0.0,0
2024-10-07 00:00:00,5.3,34,1023.7,5.6,16.9,0.0,0
2024-10-07 01:00:00,6.3,30,1024.9,4.0,16.6,0.0,0
2024-10-07 02:00:00,6.0,32,1025.3,3.5,15.5,0.0,0
2024-10-07 03:00:00,9.3,26,1025.4,3.2,18.0,0.0,0
2024-10-07 04:00:00,10.8,22,1024.6,2.5,20.2,0.0,0
2024-10-07 05:00:00,12.3,19,1023.2,2.3,19.4,0.0,0
2024-10-07 06:00:00,13.8,17,1021.4,4.4,25.6,0.0,0
2024-10-07 07:00:00,14.7,16,1019.7,5.8,29.9,0.0,0
2024-10-07 08:00:00,15.7,13,1017.6,6.4,30.6,0.0,1
2024-10-07 09:00:00,16.1,12,1016.1,7.3,32.0,0.0,3
2024-10-07 10:00:00,16.0,12,1015.2,7.8,31.0,0.0,13
2024-10-07 11:00:00,16.1,11,1014.3,6.0,28.8,0.0,1
2024-10-07 12:00:00,15.5,10,1014.2,6.9,24.5,0.0,67
2024-10-07 13:00:00,13.0,13,1015.6,4.5,23.0,0.0,1
2024-10-07 14:00:00,14.0,11,1016.4,2.4,20.5,0.0,4
2024-10-07 15:00:00,13.7,11,1017.1,2.7,17.6,0.0,3
2024-10-07 16:00:00,13.2,12,1017.3,1.6,17.6,0.0,80
2024-10-07 17:00:00,12.6,13,1017.4,0.8,16.6,0.0,96
2024-10-07 18:00:00,12.0,13,1017.1,4.5,18.0,0.0,40
2024-10-07 19:00:00,11.5,14,1017.2,4.3,19.1,0.0,69
2024-10-07 20:00:00,11.2,14,1017.1,3.2,19.4,0.0,90
2024-10-07 21:00:00,10.9,15,1017.0,2.6,20.2,0.0,95
2024-10-07 22:00:00,10.5,16,1016.9,2.7,19.8,0.0,91
2024-10-07 23:00:00,9.8,17,1017.4,3.0,20.2,0.0,50
2024-10-08 00:00:00,9.5,17,1018.1,3.4,20.2,0.0,43
2024-10-08 01:00:00,8.9,18,1018.9,4.9,22.0,0.0,100
2024-10-08 02:00:00,9.4,18,1019.7,2.5,20.9,0.0,100
2024-10-08 03:00:00,11.1,17,1020.7,2.4,19.4,0.0,99
2024-10-08 04:00:00,12.4,19,1020.2,8.7,33.1,0.0,92
2024-10-08 05:00:00,13.5,17,1019.2,9.3,35.3,0.0,86
2024-10-08 06:00:00,14.8,16,1017.3,8.9,36.0,0.0,85
2024-10-08 07:00:00,15.4,15,1015.3,7.8,36.0,0.0,96
2024-10-08 08:00:00,15.5,15,1013.6,3.8,34.2,0.0,98
2024-10-08 09:00:00,15.4,16,1012.7,3.5,25.6,0.0,98
2024-10-08 10:00:00,14.7,17,1012.4,2.7,22.7,0.0,99
2024-10-08 11:00:00,13.7,18,1013.4,2.7,19.1,0.0,88
2024-10-08 12:00:00,12.7,20,1014.6,6.5,27.7,0.0,100
2024-10-08 13:00:00,10.2,31,1017.9,4.0,34.2,0.0,82
2024-10-08 14:00:00,9.8,34,1019.3,4.3,24.8,0.0,19
2024-10-08 15:00:00,8.2,44,1020.3,4.6,24.1,0.0,14
2024-10-08 16:00:00,7.0,49,1021.2,5.9,25.9,0.0,13
2024-10-08 17:00:00,8.4,44,1020.8,2.2,25.2,0.0,15
2024-10-08 18:00:00,7.4,49,1020.6,2.3,18.7,0.0,33
2024-10-08 19:00:00,6.7,51,1020.1,1.8,17.6,0.0,14
2024-10-08 20:00:00,6.7,44,1019.7,4.0,16.9,0.0,9
2024-10-08 21:00:00,6.8,40,1018.8,3.1,17.6,0.0,9
2024-10-08 22:00:00,5.5,46,1019.1,1.3,18.0,0.0,20
2024-10-08 23:00:00,5.9,41,1019.0,2.9,16.6,0.0,14
2024-10-09 00:00:00,5.2,42,1019.3,2.9,18.7,0.0,29
2024-10-09 01:00:00,5.3,42,1019.7,1.5,14.8,0.0,12
2024-10-09 02:00:00,5.1,45,1020.6,2.6,12.6,0.0,11
2024-10-09 03:00:00,8.3,27,1020.6,6.4,25.6,0.0,31
2024-10-09 04:00:00,9.1,25,1020.1,2.0,24.1,0.0,17
2024-10-09 05:00:00,9.9,24,1019.2,1.4,18.7,0.0,30
2024-10-09 06:00:00,10.6,23,1017.8,1.7,20.9,0.0,72
2024-10-09 07:00:00,9.6,26,1018.0,5.6,24.8,0.0,58
2024-10-09 08:00:00,9.8,25,1016.9,3.5,25.9,0.0,58
2024-10-09 09:00:00,10.6,22,1015.2,0.2,21.6,0.0,67
2024-10-09 10:00:00,10.0,21,1014.7,4.2,20.9,0.0,56
2024-10-09 11:00:00,9.8,22,1014.6,8.6,30.2,0.0,61
2024-10-09 12:00:00,7.8,25,1016.1,6.4,31.0,0.0,48
2024-10-09 13:00:00,6.7,25,1017.1,7.3,22.7,0.0,7
2024-10-09 14:00:00,7.5,22,1017.3,2.3,23.0,0.0,31
2024-10-09 15:00:00,7.1,22,1018.0,2.7,17.6,0.0,38
2024-10-09 16:00:00,6.8,23,1018.1,2.5,19.1,0.0,24
2024-10-09 17:00:00,6.9,23,1018.6,3.1,19.4,0.0,44
2024-10-09 18:00:00,6.8,24,1018.7,2.5,19.4,0.0,47
2024-10-09 19:00:00,6.5,25,1018.3,1.5,18.0,0.0,51
2024-10-09 20:00:00,6.3,26,1018.4,2.5,18.7,0.0,25
2024-10-09 21:00:00,5.6,29,1018.6,3.7,20.9,0.0,25
2024-10-09 22:00:00,5.1,30,1019.2,3.4,21.6,0.0,1
2024-10-09 23:00:00,4.5,32,1019.6,3.1,21.6,0.0,1
2024-10-10 00:00:00,4.2,33,1020.2,3.0,20.9,0.0,1
2024-10-10 01:00:00,2.5,44,1022.2,3.2,18.7,0.0,12
2024-10-10 02:00:00,2.9,44,1023.4,2.7,18.0,0.0,10
2024-10-10 03:00:00,4.1,38,1023.8,4.7,22.7,0.0,6
2024-10-10 04:00:00,5.4,32,1023.4,4.6,25.6,0.0,4
2024-10-10 05:00:00,6.7,29,1021.9,2.7,24.8,0.0,0
2024-10-10 06:00:00,8.0,26,1020.2,3.2,23.0,0.0,1
2024-10-10 07:00:00,9.1,23,1018.0,3.6,24.8,0.0,10
2024-10-10 08:00:00,9.8,20,1016.3,2.3,24.5,0.0,8
2024-10-10 09:00:00,10.5,17,1014.4,1.6,20.9,0.0,29
2024-10-10 10:00:00,10.9,16,1013.4,2.2,20.5,0.0,15
2024-10-10 11:00:00,10.6,16,1013.3,2.6,20.9,0.0,15
2024-10-10 12:00:00,9.5,18,1014.2,4.1,23.0,0.0,0
2024-10-10 13:00:00,8.7,20,1015.6,3.3,20.9,0.0,11
2024-10-10 14:00:00,7.9,22,1016.7,3.7,21.2,0.0,13
2024-10-10 15:00:00,6.8,25,1017.4,4.2,21.6,0.0,10
2024-10-10 16:00:00,7.2,25,1017.9,3.1,21.6,0.0,5
2024-10-10 17:00:00,6.7,28,1018.6,1.5,18.4,0.0,0
2024-10-10 18:00:00,6.8,27,1019.0,1.1,14.4,0.0,0
2024-10-10 19:00:00,6.6,27,1019.0,2.0,15.5,0.0,0
2024-10-10 20:00:00,6.1,28,1019.3,0.9,15.5,0.0,0
2024-10-10 21:00:00,5.9,27,1019.3,0.2,14.4,0.0,0
2024-10-10 22:00:00,5.6,26,1019.4,1.0,14.0,0.0,0
2024-10-10 23:00:00,5.1,27,1019.9,0.6,14.0,0.0,0
2024-10-11 00:00:00,5.1,26,1020.3,1.5,13.7,0.0,0
2024-10-11 01:00:00,4.1,29,1021.2,2.6,19.1,0.0,0
2024-10-11 02:00:00,4.6,29,1022.0,2.0,16.6,0.0,0
2024-10-11 03:00:00,6.3,26,1023.0,3.6,20.5,0.0,0
2024-10-11 04:00:00,7.6,24,1022.7,3.1,20.5,0.0,0
2024-10-11 05:00:00,8.7,21,1022.0,3.1,21.6,0.0,0
2024-10-11 06:00:00,9.9,19,1020.3,3.6,24.8,0.0,16
2024-10-11 07:00:00,10.9,17,1018.7,4.6,26.3,0.0,5
2024-10-11 08:00:00,11.6,14,1017.0,4.7,28.1,0.0,2
2024-10-11 09:00:00,12.0,11,1015.8,4.2,27.4,0.0,5
2024-10-11 10:00:00,12.3,10,1014.7,4.7,26.3,0.0,0
2024-10-11 11:00:00,12.2,10,1014.2,6.0,28.8,0.0,0
2024-10-11 12:00:00,11.3,11,1014.5,6.0,28.8,0.0,11
2024-10-11 13:00:00,9.9,12,1015.9,6.1,29.2,0.0,0
2024-10-11 14:00:00,8.1,20,1016.7,3.9,24.1,0.0,0
2024-10-11 15:00:00,8.6,21,1017.2,2.4,19.1,0.0,0
2024-10-11 16:00:00,8.5,23,1018.0,1.9,14.8,0.0,0
2024-10-11 17:00:00,8.1,23,1018.6,1.4,13.7,0.0,0
2024-10-11 18:00:00,7.2,25,1018.6,0.4,13.3,0.0,0
2024-10-11 19:00:00,5.1,29,1018.6,5.8,16.2,0.0,0
2024-10-11 20:00:00,4.2,28,1018.7,6.3,19.4,0.0,0
2024-10-11 21:00:00,6.4,23,1018.7,3.4,18.4,0.0,0
2024-10-11 22:00:00,5.7,24,1019.0,2.1,13.7,0.0,0
2024-10-11 23:00:00,5.6,23,1019.4,4.4,15.1,0.0,0
2024-10-12 00:00:00,5.7,21,1020.2,2.6,15.5,0.0,0
2024-10-12 01:00:00,4.9,22,1021.8,1.7,14.4,0.0,0
2024-10-12 02:00:00,5.3,22,1022.7,1.0,11.5,0.0,0
2024-10-12 03:00:00,7.0,20,1023.4,4.3,19.8,0.0,0
2024-10-12 04:00:00,8.5,17,1022.9,4.4,23.4,0.0,0
2024-10-12 05:00:00,9.8,14,1021.9,4.0,24.1,0.0,0
2024-10-12 06:00:00,11.0,13,1020.3,4.2,24.5,0.0,0
2024-10-12 07:00:00,12.1,11,1018.5,4.4,25.6,0.0,0
2024-10-12 08:00:00,12.9,8,1016.7,4.3,25.9,0.0,0
2024-10-12 09:00:00,13.4,7,1015.4,4.5,26.6,0.0,1
2024-10-12 10:00:00,13.5,6,1014.6,4.0,25.9,0.0,0
2024-10-12 11:00:00,13.0,5,1014.7,4.2,23.8,0.0,1
2024-10-12 12:00:00,11.9,6,1015.2,3.5,23.4,0.0,1
2024-10-12 13:00:00,11.1,6,1015.9,3.1,20.2,0.0,0
2024-10-12 14:00:00,10.9,6,1016.7,2.3,17.6,0.0,0
2024-10-12 15:00:00,10.0,8,1017.3,2.5,18.7,0.0,0
2024-10-12 16:00:00,9.2,11,1017.9,0.6,17.3,0.0,0
2024-10-12 17:00:00,9.0,10,1018.3,3.2,16.2,0.0,0
2024-10-12 18:00:00,7.9,10,1018.6,5.2,19.1,0.0,0
2024-10-12 19:00:00,8.6,9,1018.9,1.4,18.4,0.0,0
2024-10-12 20:00:00,8.2,9,1019.4,0.2,13.7,0.0,0
2024-10-12 21:00:00,7.7,10,1019.4,1.3,13.3,0.0,0
2024-10-12 22:00:00,6.9,12,1019.6,0.5,13.7,0.0,0
2024-10-12 23:00:00,6.7,13,1020.2,4.1,15.5,0.0,0
2024-10-13 00:00:00,4.8,15,1020.9,6.2,19.1,0.0,0
2024-10-13 01:00:00,6.5,16,1021.1,1.3,15.8,0.0,0
2024-10-13 02:00:00,6.5,17,1022.0,1.1,11.2,0.0,0
2024-10-13 03:00:00,7.8,16,1022.7,3.5,16.2,0.0,0
2024-10-13 04:00:00,9.2,15,1022.0,3.7,21.2,0.0,0
2024-10-13 05:00:00,10.6,14,1020.8,3.3,22.3,0.0,0
2024-10-13 06:00:00,11.8,13,1019.1,3.2,22.7,0.0,0
2024-10-13 07:00:00,12.7,11,1017.3,3.6,24.1,0.0,0
2024-10-13 08:00:00,13.3,10,1015.4,2.3,23.8,0.0,0
2024-10-13 09:00:00,13.8,10,1014.3,2.0,20.5,0.0,21
2024-10-13 10:00:00,14.4,7,1012.8,5.2,25.9,0.0,37
2024-10-13 11:00:00,14.1,7,1011.8,1.5,26.3,0.0,46
2024-10-13 12:00:00,13.2,7,1012.4,2.2,18.0,0.0,1
2024-10-13 13:00:00,12.0,9,1013.0,3.1,19.8,0.0,0
2024-10-13 14:00:00,11.3,9,1013.9,3.6,18.4,0.0,0
2024-10-13 15:00:00,11.3,8,1014.0,2.1,18.7,0.0,0
2024-10-13 16:00:00,10.8,9,1014.4,2.7,21.2,0.0,0
2024-10-13 17:00:00,9.8,11,1014.9,4.3,24.1,0.0,0
2024-10-13 18:00:00,7.2,15,1015.5,5.9,28.4,0.0,0
2024-10-13 19:00:00,5.4,16,1015.9,7.4,32.8,0.0,0
2024-10-13 20:00:00,4.9,15,1016.5,8.1,34.9,0.0,0
2024-10-13 21:00:00,5.3,14,1016.7,7.7,34.9,0.0,0
2024-10-13 22:00:00,5.9,14,1016.9,6.6,33.1,0.0,0
2024-10-13 23:00:00,6.8,14,1017.4,4.6,30.6,0.0,0
2024-10-14 00:00:00,6.1,14,1018.2,3.8,27.0,0.0,0
2024-10-14 01:00:00,5.2,14,1020.0,3.4,24.1,0.0,0
2024-10-14 02:00:00,5.5,14,1020.8,3.0,21.6,0.0,0
2024-10-14 03:00:00,7.6,12,1021.6,4.8,25.2,0.0,0
2024-10-14 04:00:00,9.0,13,1021.3,8.7,34.9,0.0,0
2024-10-14 05:00:00,9.9,13,1020.7,8.6,35.6,0.0,0
2024-10-14 06:00:00,10.9,13,1019.4,8.9,35.6,0.0,0
2024-10-14 07:00:00,11.7,12,1017.9,8.3,36.4,0.0,8
2024-10-14 08:00:00,12.6,10,1015.8,7.7,35.6,0.0,23
2024-10-14 09:00:00,13.4,8,1013.9,10.8,36.7,0.0,5
2024-10-14 10:00:00,13.4,8,1013.2,13.1,40.0,0.0,2
2024-10-14 11:00:00,12.7,9,1013.1,14.4,40.7,0.0,1
2024-10-14 12:00:00,11.0,10,1014.4,10.7,39.2,0.0,1
2024-10-14 13:00:00,9.4,10,1015.4,7.7,35.3,0.0,1
2024-10-14 14:00:00,9.2,11,1016.4,3.8,35.3,0.0,0
2024-10-14 15:00:00,9.4,11,1016.9,1.7,27.0,0.0,0
2024-10-14 16:00:00,8.8,12,1017.6,2.0,20.2,0.0,0
2024-10-14 17:00:00,8.2,14,1018.4,2.8,21.6,0.0,0
2024-10-14 18:00:00,7.8,15,1018.7,1.7,19.4,0.0,0
2024-10-14 19:00:00,7.7,14,1019.1,2.7,18.7,0.0,0
2024-10-14 20:00:00,7.4,13,1019.4,0.9,19.4,0.0,0
2024-10-14 21:00:00,6.8,14,1019.5,1.3,16.2,0.0,0
2024-10-14 22:00:00,6.3,15,1019.9,1.1,16.6,0.0,0
2024-10-14 23:00:00,6.0,15,1020.3,0.6,15.1,0.0,0
2024-10-15 00:00:00,5.5,16,1020.8,0.9,13.0,0.0,0
2024-10-15 01:00:00,4.8,18,1021.9,2.1,15.8,0.0,0
2024-10-15 02:00:00,5.2,18,1022.8,2.5,13.0,0.0,0
2024-10-15 03:00:00,7.1,14,1023.5,0.7,15.1,0.0,0
2024-10-15 04:00:00,8.5,15,1022.9,2.8,19.1,0.0,0
2024-10-15 05:00:00,9.8,14,1021.8,2.6,20.2,0.0,0
2024-10-15 06:00:00,11.1,13,1020.2,3.3,23.0,0.0,0
2024-10-15 07:00:00,12.2,12,1018.4,4.0,25.6,0.0,0
2024-10-15 08:00:00,12.8,11,1016.5,3.6,25.6,0.0,0
2024-10-15 09:00:00,13.2,10,1015.3,3.2,24.5,0.0,0
2024-10-15 10:00:00,13.1,10,1014.3,4.3,24.5,0.0,0
2024-10-15 11:00:00,13.0,10,1013.8,5.9,28.8,0.0,0
2024-10-15 12:00:00,11.8,12,1014.2,3.5,28.8,0.0,0
2024-10-15 13:00:00,11.1,12,1015.1,2.5,17.6,0.0,0
2024-10-15 14:00:00,10.9,13,1015.4,1.5,18.0,0.0,0
2024-10-15 15:00:00,10.2,15,1015.7,2.5,16.6,0.0,0
2024-10-15 16:00:00,9.5,16,1016.1,2.6,16.6,0.0,0
2024-10-15 17:00:00,9.4,15,1016.2,4.0,18.4,0.0,0
2024-10-15 18:00:00,9.5,14,1016.0,1.6,19.1,0.0,0
2024-10-15 19:00:00,8.7,15,1015.5,2.8,17.6,0.0,0
2024-10-15 20:00:00,8.2,16,1015.1,3.6,19.4,0.0,0
2024-10-15 21:00:00,8.0,15,1014.5,3.8,20.9,0.0,0
2024-10-15 22:00:00,7.9,15,1014.7,4.2,22.3,0.0,0
2024-10-15 23:00:00,7.6,16,1015.0,4.6,23.8,0.0,0
2024-10-16 00:00:00,7.3,16,1015.2,4.5,23.8,0.0,0
2024-10-16 01:00:00,6.4,19,1016.6,5.2,24.5,0.0,0
2024-10-16 02:00:00,5.7,21,1017.0,4.2,23.8,0.0,0
2024-10-16 03:00:00,8.4,17,1017.7,4.6,23.8,0.0,0
2024-10-16 04:00:00,9.9,18,1017.2,8.3,32.4,0.0,0
2024-10-16 05:00:00,11.1,17,1016.0,8.6,34.2,0.0,0
2024-10-16 06:00:00,12.1,15,1014.5,8.5,36.0,0.0,0
2024-10-16 07:00:00,13.1,13,1012.2,6.7,36.7,0.0,27
2024-10-16 08:00:00,14.7,10,1009.0,10.5,40.7,0.0,52
2024-10-16 09:00:00,15.1,9,1007.9,15.2,53.3,0.0,83
2024-10-16 10:00:00,14.3,9,1008.1,15.5,56.2,0.0,89
2024-10-16 11:00:00,13.9,10,1008.3,13.8,52.6,0.0,92
2024-10-16 12:00:00,12.7,12,1009.4,11.0,50.8,0.0,97
2024-10-16 13:00:00,11.6,13,1010.5,5.6,38.9,0.0,71
2024-10-16 14:00:00,10.1,16,1012.2,9.3,37.8,0.0,16
2024-10-16 15:00:00,8.3,19,1014.0,9.8,41.8,0.0,0
2024-10-16 16:00:00,7.1,20,1015.3,10.6,41.4,0.0,0
2024-10-16 17:00:00,6.0,22,1016.9,10.7,41.0,0.0,0
2024-10-16 18:00:00,4.9,26,1018.0,10.6,38.9,0.0,0
2024-10-16 19:00:00,3.6,29,1018.7,9.5,38.2,0.0,0
2024-10-16 20:00:00,3.1,29,1019.3,7.2,34.6,0.0,0
2024-10-16 21:00:00,6.2,23,1019.3,4.9,29.5,0.0,0
2024-10-16 22:00:00,5.8,24,1019.5,3.6,25.6,0.0,0
2024-10-16 23:00:00,5.1,26,1020.0,3.4,23.0,0.0,0
2024-10-17 00:00:00,4.4,29,1020.8,2.2,21.2,0.0,0
2024-10-17 01:00:00,4.1,35,1021.8,3.7,20.5,0.0,4
2024-10-17 02:00:00,3.5,38,1022.6,2.7,19.4,0.0,5
2024-10-17 03:00:00,5.4,32,1023.3,2.7,18.0,0.0,6
2024-10-17 04:00:00,6.4,30,1022.9,1.5,18.4,0.0,0
2024-10-17 05:00:00,7.6,28,1021.9,1.9,18.4,0.0,0
2024-10-17 06:00:00,8.9,24,1020.2,2.9,22.7,0.0,26
2024-10-17 07:00:00,10.0,21,1017.7,3.2,22.7,0.0,29
2024-10-17 08:00:00,11.0,20,1015.5,5.6,28.8,0.0,41
2024-10-17 09:00:00,11.4,19,1014.2,9.1,35.6,0.0,88
2024-10-17 10:00:00,11.2,20,1013.6,11.3,40.0,0.0,60
2024-10-17 11:00:00,10.2,22,1013.9,11.4,41.0,0.0,34
2024-10-17 12:00:00,9.2,23,1014.7,7.8,38.5,0.0,24
2024-10-17 13:00:00,8.3,26,1015.5,2.0,24.5,0.0,65
2024-10-17 14:00:00,7.6,28,1016.4,2.7,22.3,0.0,96
2024-10-17 15:00:00,7.2,31,1017.0,5.2,28.8,0.0,100
2024-10-17 16:00:00,6.5,38,1017.8,4.0,29.9,0.0,85
2024-10-17 17:00:00,5.4,44,1018.9,4.1,26.3,0.0,67
2024-10-17 18:00:00,4.8,53,1020.5,2.4,26.3,0.1,67
2024-10-17 19:00:00,2.6,66,1021.5,3.4,21.2,0.0,63
2024-10-17 20:00:00,2.1,71,1021.9,3.5,20.2,0.1,63
2024-10-17 21:00:00,2.8,66,1021.5,1.9,18.4,0.1,53
2024-10-17 22:00:00,2.7,66,1021.1,1.0,16.6,0.0,31
2024-10-17 23:00:00,2.7,67,1021.0,0.7,16.6,0.0,24
2024-10-18 00:00:00,2.7,65,1021.2,1.9,19.8,0.0,11
2024-10-18 01:00:00,2.4,68,1022.8,2.7,16.9,0.0,13
2024-10-18 02:00:00,2.4,69,1023.4,3.1,18.0,0.0,18
2024-10-18 03:00:00,4.3,56,1023.9,2.8,20.2,0.0,3
2024-10-18 04:00:00,5.7,42,1023.0,1.8,19.8,0.0,3
2024-10-18 05:00:00,7.1,34,1022.0,3.2,24.5,0.0,28
2024-10-18 06:00:00,7.9,31,1020.9,5.2,29.2,0.0,47
2024-10-18 07:00:00,8.5,29,1019.6,5.2,30.6,0.0,35
2024-10-18 08:00:00,9.4,25,1017.5,5.9,32.0,0.0,33
2024-10-18 09:00:00,10.0,23,1016.1,6.1,32.0,0.0,9
2024-10-18 10:00:00,10.1,22,1015.7,5.5,33.1,0.0,12
2024-10-18 11:00:00,9.8,22,1015.8,5.5,29.9,0.0,7
2024-10-18 12:00:00,8.8,25,1016.7,6.1,28.4,0.0,20
2024-10-18 13:00:00,7.6,34,1018.6,5.8,28.1,0.0,17
2024-10-18 14:00:00,6.3,39,1019.5,5.0,26.6,0.0,16
2024-10-18 15:00:00,5.5,43,1020.4,3.2,23.4,0.0,2
2024-10-18 16:00:00,5.5,45,1021.0,1.7,19.4,0.0,0
2024-10-18 17:00:00,5.4,45,1021.6,2.5,14.4,0.0,0
2024-10-18 18:00:00,5.1,42,1021.7,2.0,16.6,0.0,0
2024-10-18 19:00:00,4.4,45,1022.1,1.0,14.4,0.0,3
2024-10-18 20:00:00,4.0,46,1022.2,1.9,12.2,0.0,0
2024-10-18 21:00:00,3.7,42,1022.3,4.3,15.1,0.0,0
2024-10-18 22:00:00,3.6,38,1022.6,3.3,15.5,0.0,0
2024-10-18 23:00:00,3.4,36,1023.1,3.6,14.8,0.0,0
2024-10-19 00:00:00,3.2,35,1023.7,2.2,14.8,0.0,0
2024-10-19 01:00:00,2.9,40,1024.5,0.9,13.7,0.0,0
2024-10-19 02:00:00,2.0,42,1025.7,5.5,17.3,0.0,0
2024-10-19 03:00:00,4.6,33,1026.6,4.5,21.2,0.0,0
2024-10-19 04:00:00,5.6,33,1026.2,5.4,25.9,0.0,0
2024-10-19 05:00:00,7.0,30,1025.0,6.1,28.4,0.0,0
2024-10-19 06:00:00,8.5,26,1023.1,6.3,30.2,0.0,0
2024-10-19 07:00:00,10.0,20,1020.6,6.9,32.0,0.0,2
2024-10-19 08:00:00,11.1,17,1018.2,7.6,33.8,0.0,11
2024-10-19 09:00:00,11.9,13,1016.4,7.3,34.2,0.0,16
2024-10-19 10:00:00,12.1,10,1015.4,7.9,34.2,0.0,25
2024-10-19 11:00:00,11.9,8,1015.0,9.6,37.8,0.0,25
2024-10-19 12:00:00,10.6,9,1015.3,8.2,38.9,0.0,20
2024-10-19 13:00:00,9.3,14,1016.2,5.6,30.2,0.0,70
2024-10-19 14:00:00,9.6,17,1017.2,3.1,26.3,0.0,69
2024-10-19 15:00:00,8.8,18,1017.8,1.9,18.4,0.0,40
2024-10-19 16:00:00,8.2,19,1018.6,3.5,15.8,0.0,0
2024-10-19 17:00:00,5.0,24,1019.3,5.9,20.2,0.0,0
2024-10-19 18:00:00,6.7,20,1019.9,4.1,20.2,0.0,0
2024-10-19 19:00:00,6.1,21,1020.4,1.5,18.7,0.0,0
2024-10-19 20:00:00,5.4,22,1020.3,2.7,14.0,0.0,0
2024-10-19 21:00:00,1.6,25,1020.3,7.1,18.7,0.0,0
2024-10-19 22:00:00,4.8,18,1020.5,5.0,18.4,0.0,0
2024-10-19 23:00:00,4.7,18,1021.2,2.0,15.8,0.0,0
2024-10-20 00:00:00,4.4,18,1021.9,0.6,12.6,0.0,0
2024-10-20 01:00:00,4.2,21,1022.5,3.4,14.0,0.0,0
2024-10-20 02:00:00,3.2,22,1023.8,4.3,16.2,0.0,0
2024-10-20 03:00:00,5.7,19,1024.6,4.5,19.8,0.0,0
2024-10-20 04:00:00,6.9,21,1024.4,5.4,25.6,0.0,0
2024-10-20 05:00:00,8.2,19,1023.4,4.9,26.3,0.0,0
2024-10-20 06:00:00,9.6,16,1021.6,5.8,28.4,0.0,0
2024-10-20 07:00:00,10.8,15,1019.8,6.0,30.2,0.0,0
2024-10-20 08:00:00,11.6,12,1018.2,6.9,32.0,0.0,0
2024-10-20 09:00:00,12.0,9,1017.1,6.2,32.0,0.0,0
2024-10-20 10:00:00,12.0,9,1016.2,6.9,31.7,0.0,0
2024-10-20 11:00:00,11.4,9,1016.1,5.9,31.3,0.0,0
2024-10-20 12:00:00,10.2,11,1016.8,4.0,27.4,0.0,0
2024-10-20 13:00:00,7.8,16,1018.1,4.3,24.1,0.0,0
2024-10-20 14:00:00,8.2,16,1018.6,2.3,21.2,0.0,0
2024-10-20 15:00:00,7.8,19,1019.0,0.9,16.2,0.0,0
2024-10-20 16:00:00,7.3,21,1019.9,0.9,11.2,0.0,0
2024-10-20 17:00:00,6.6,21,1020.4,3.1,13.3,0.0,0
2024-10-20 18:00:00,6.2,20,1020.8,3.2,14.0,0.0,0
2024-10-20 19:00:00,5.2,22,1020.8,5.4,15.1,0.0,0
2024-10-20 20:00:00,3.3,25,1020.7,6.2,18.4,0.0,0
2024-10-20 21:00:00,5.4,21,1020.9,3.8,17.3,0.0,0
2024-10-20 22:00:00,5.2,22,1020.9,2.0,13.7,0.0,0
2024-10-20 23:00:00,4.7,23,1021.4,0.6,11.2,0.0,0
2024-10-21 00:00:00,4.3,23,1022.1,1.2,10.4,0.0,0
2024-10-21 01:00:00,4.7,24,1021.8,4.0,13.7,0.0,0
2024-10-21 02:00:00,4.8,24,1022.7,2.6,13.3,0.0,0
2024-10-21 03:00:00,6.4,20,1023.7,4.2,19.1,0.0,0
2024-10-21 04:00:00,7.5,18,1023.3,4.7,23.8,0.0,0
2024-10-21 05:00:00,8.9,16,1022.2,4.6,24.1,0.0,0
2024-10-21 06:00:00,10.4,13,1020.1,5.2,27.4,0.0,0
2024-10-21 07:00:00,11.7,11,1018.0,6.2,30.6,0.0,0
2024-10-21 08:00:00,12.5,10,1016.1,6.0,31.7,0.0,0
2024-10-21 09:00:00,12.9,9,1014.7,6.6,32.0,0.0,1
2024-10-21 10:00:00,12.8,8,1013.9,7.0,32.4,0.0,0
2024-10-21 11:00:00,12.3,8,1013.9,7.1,32.8,0.0,0
2024-10-21 12:00:00,10.8,11,1014.4,4.8,31.7,0.0,0
2024-10-21 13:00:00,10.3,10,1013.9,4.0,24.5,0.0,0
2024-10-21 14:00:00,10.1,13,1015.0,2.8,20.2,0.0,0
2024-10-21 15:00:00,9.3,15,1015.9,1.8,18.4,0.0,0
2024-10-21 16:00:00,8.0,16,1017.1,4.9,17.6,0.0,0
2024-10-21 17:00:00,6.4,18,1018.0,5.5,19.4,0.0,0
2024-10-21 18:00:00,7.6,16,1018.4,4.1,18.7,0.0,0
2024-10-21 19:00:00,3.6,22,1018.6,7.2,18.4,0.0,0
2024-10-21 20:00:00,5.9,19,1018.7,5.7,18.7,0.0,0
2024-10-21 21:00:00,6.3,18,1018.9,2.1,17.3,0.0,0
2024-10-21 22:00:00,5.8,19,1019.5,0.4,13.3,0.0,0
2024-10-21 23:00:00,5.6,20,1020.0,0.6,10.4,0.0,0
2024-10-22 00:00:00,5.4,21,1021.0,1.9,12.6,0.0,0
2024-10-22 01:00:00,5.4,23,1021.9,1.3,14.0,0.0,0
2024-10-22 02:00:00,5.2,24,1023.0,1.0,12.2,0.0,0
2024-10-22 03:00:00,6.2,22,1024.3,4.1,19.1,0.0,0
2024-10-22 04:00:00,7.2,20,1024.4,4.4,23.4,0.0,0
2024-10-22 05:00:00,8.4,19,1023.4,4.2,24.1,0.0,0
2024-10-22 06:00:00,9.7,17,1021.7,4.6,25.9,0.0,0
2024-10-22 07:00:00,10.8,16,1019.7,5.1,27.4,0.0,0
2024-10-22 08:00:00,11.5,15,1017.6,4.4,27.7,0.0,0
2024-10-22 09:00:00,11.9,14,1016.4,4.1,25.2,0.0,18
2024-10-22 10:00:00,12.0,13,1015.6,4.5,24.8,0.0,23
2024-10-22 11:00:00,11.1,14,1016.0,4.8,25.2,0.0,21
2024-10-22 12:00:00,10.0,16,1016.7,3.8,24.1,0.0,13
2024-10-22 13:00:00,8.4,18,1017.1,4.6,24.5,0.0,9
2024-10-22 14:00:00,7.3,19,1018.0,5.0,23.4,0.0,0
2024-10-22 15:00:00,8.7,16,1018.7,2.5,22.7,0.0,0
2024-10-22 16:00:00,8.0,18,1019.4,1.8,18.7,0.0,0
2024-10-22 17:00:00,7.5,19,1019.6,2.2,15.8,0.0,0
2024-10-22 18:00:00,7.2,20,1019.7,4.4,19.8,0.0,1
2024-10-22 19:00:00,6.9,21,1019.9,1.5,19.4,0.0,19
2024-10-22 20:00:00,6.5,23,1020.3,1.7,15.1,0.0,0
2024-10-22 21:00:00,6.2,24,1020.3,0.9,14.0,0.0,1
2024-10-22 22:00:00,6.2,24,1020.4,0.9,13.3,0.0,1
2024-10-22 23:00:00,5.8,25,1020.8,1.4,14.0,0.0,3
2024-10-23 00:00:00,5.5,26,1021.3,2.3,14.8,0.0,1
2024-10-23 01:00:00,5.2,32,1021.8,2.3,18.0,0.0,35
2024-10-23 02:00:00,4.4,37,1022.7,3.3,20.5,0.0,60
2024-10-23 03:00:00,5.6,34,1024.2,0.7,19.4,0.0,51
2024-10-23 04:00:00,6.4,34,1024.4,3.2,22.0,0.0,53
2024-10-23 05:00:00,7.1,34,1023.8,3.3,24.5,0.0,51
2024-10-23 06:00:00,8.0,32,1022.7,3.5,24.5,0.0,59
2024-10-23 07:00:00,8.6,30,1021.1,5.1,28.4,0.0,38
2024-10-23 08:00:00,10.0,24,1018.6,4.6,31.0,0.0,23
2024-10-23 09:00:00,10.7,21,1017.0,4.2,29.2,0.0,39
2024-10-23 10:00:00,10.0,21,1016.8,2.4,27.0,0.0,16
2024-10-23 11:00:00,9.3,21,1017.1,2.4,19.8,0.0,2
2024-10-23 12:00:00,8.5,22,1017.9,2.7,17.6,0.0,2
2024-10-23 13:00:00,6.5,26,1020.2,3.5,19.4,0.0,1
2024-10-23 14:00:00,5.8,27,1021.4,3.0,19.4,0.0,2
2024-10-23 15:00:00,6.0,27,1021.9,2.3,17.3,0.0,20
2024-10-23 16:00:00,5.9,28,1022.1,2.8,19.1,0.0,8
2024-10-23 17:00:00,5.4,31,1022.4,3.1,20.2,0.0,3
2024-10-23 18:00:00,4.8,34,1022.8,2.1,18.7,0.0,0
2024-10-23 19:00:00,4.4,36,1022.6,1.5,15.5,0.0,0
2024-10-23 20:00:00,4.2,35,1022.5,1.8,15.1,0.0,0
2024-10-23 21:00:00,4.0,35,1022.2,2.8,16.9,0.0,1
2024-10-23 22:00:00,3.7,35,1022.3,3.1,19.4,0.0,2
2024-10-23 23:00:00,3.3,36,1022.9,2.5,18.7,0.0,0
2024-10-24 00:00:00,3.0,37,1023.5,2.5,16.6,0.0,1
2024-10-24 01:00:00,2.7,39,1024.4,4.0,22.0,0.0,0
2024-10-24 02:00:00,2.8,38,1025.0,1.8,18.7,0.0,1
2024-10-24 03:00:00,4.9,32,1025.9,2.9,18.0,0.0,2
2024-10-24 04:00:00,6.2,28,1025.2,4.0,22.7,0.0,2
2024-10-24 05:00:00,7.3,25,1024.3,4.3,24.8,0.0,4
2024-10-24 06:00:00,8.3,23,1023.0,4.1,25.2,0.0,34
2024-10-24 07:00:00,9.3,21,1020.7,3.4,25.6,0.0,54
2024-10-24 08:00:00,10.2,20,1018.4,3.5,24.1,0.0,77
2024-10-24 09:00:00,10.2,21,1016.9,1.6,24.1,0.0,75
2024-10-24 10:00:00,9.5,22,1017.1,3.0,20.5,0.0,43
2024-10-24 11:00:00,8.6,23,1018.3,1.9,23.4,0.0,49
2024-10-24 12:00:00,7.8,24,1018.8,3.6,19.1,0.0,18
2024-10-24 13:00:00,6.0,27,1020.8,1.7,19.1,0.0,16
2024-10-24 14:00:00,5.4,29,1021.5,2.6,16.9,0.0,30
2024-10-24 15:00:00,5.3,29,1022.5,2.8,18.0,0.0,33
2024-10-24 16:00:00,5.0,32,1023.3,2.8,16.6,0.0,24
2024-10-24 17:00:00,4.6,36,1023.7,3.4,17.6,0.0,15
2024-10-24 18:00:00,4.0,40,1023.8,4.1,18.0,0.0,10
2024-10-24 19:00:00,3.5,41,1023.6,3.7,18.0,0.0,13
2024-10-24 20:00:00,3.3,41,1023.5,3.4,16.6,0.0,12
2024-10-24 21:00:00,2.3,42,1023.4,4.6,18.7,0.0,12
2024-10-24 22:00:00,2.0,42,1023.7,2.5,19.1,0.0,12
2024-10-24 23:00:00,1.9,42,1024.2,2.1,13.7,0.0,6
2024-10-25 00:00:00,1.6,42,1024.6,4.5,16.6,0.0,2
2024-10-25 01:00:00,0.9,43,1024.1,4.6,24.8,0.0,14
2024-10-25 02:00:00,1.1,44,1025.3,3.3,20.9,0.0,39
2024-10-25 03:00:00,4.0,34,1026.6,3.7,20.9,0.0,37
2024-10-25 04:00:00,5.7,27,1026.2,3.0,21.2,0.0,27
2024-10-25 05:00:00,7.1,24,1025.2,3.4,22.3,0.0,1
2024-10-25 06:00:00,8.1,22,1024.2,3.4,23.8,0.0,2
2024-10-25 07:00:00,9.0,19,1022.8,1.9,22.7,0.0,0
2024-10-25 08:00:00,9.9,18,1021.2,3.9,24.1,0.0,77
2024-10-25 09:00:00,10.3,18,1020.3,4.7,27.4,0.0,100
2024-10-25 10:00:00,10.4,16,1019.8,4.1,27.7,0.0,100
2024-10-25 11:00:00,10.1,14,1020.1,2.8,25.2,0.0,34
2024-10-25 12:00:00,9.5,15,1020.8,2.6,20.9,0.0,10
2024-10-25 13:00:00,8.2,20,1021.9,2.9,21.2,0.0,46
2024-10-25 14:00:00,8.4,22,1022.5,2.4,17.3,0.0,6
2024-10-25 15:00:00,8.1,24,1022.9,2.1,14.0,0.0,0
2024-10-25 16:00:00,8.0,24,1023.3,1.4,13.7,0.0,0
2024-10-25 17:00:00,8.0,22,1023.1,0.0,13.0,0.0,9
2024-10-25 18:00:00,7.8,22,1022.6,1.3,10.4,0.0,8
2024-10-25 19:00:00,7.2,23,1022.6,1.7,10.4,0.0,0
2024-10-25 20:00:00,6.8,22,1022.5,3.2,13.7,0.0,0
2024-10-25 21:00:00,6.9,19,1021.9,3.2,15.8,0.0,0
2024-10-25 22:00:00,6.4,20,1021.7,2.9,15.5,0.0,0
2024-10-25 23:00:00,6.0,20,1021.9,3.8,15.8,0.0,0
2024-10-26 00:00:00,6.0,19,1022.3,4.6,16.9,0.0,0
2024-10-26 01:00:00,5.9,22,1022.7,4.1,19.8,0.0,18
2024-10-26 02:00:00,6.0,22,1023.0,2.4,18.7,0.0,22
2024-10-26 03:00:00,7.2,20,1023.7,1.8,15.1,0.0,7
2024-10-26 04:00:00,9.1,15,1023.5,2.4,18.0,0.0,0
2024-10-26 05:00:00,10.3,15,1022.9,3.1,21.2,0.0,0
2024-10-26 06:00:00,11.1,14,1021.8,2.2,22.0,0.0,0
2024-10-26 07:00:00,12.0,13,1020.0,1.5,20.2,0.0,0
2024-10-26 08:00:00,12.8,13,1018.2,1.8,20.5,0.0,0
2024-10-26 09:00:00,13.1,13,1016.9,2.0,19.8,0.0,0
2024-10-26 10:00:00,13.0,13,1016.5,3.9,20.9,0.0,0
2024-10-26 11:00:00,12.3,14,1016.9,4.4,23.8,0.0,0
2024-10-26 12:00:00,10.8,20,1018.1,2.2,23.4,0.0,0
2024-10-26 13:00:00,10.4,16,1018.8,1.6,23.8,0.0,0
2024-10-26 14:00:00,10.3,17,1019.2,1.9,15.5,0.0,0
2024-10-26 15:00:00,9.8,19,1019.9,3.4,19.1,0.0,0
2024-10-26 16:00:00,9.2,21,1020.7,1.9,18.4,0.0,0
2024-10-26 17:00:00,9.4,20,1021.2,2.9,15.5,0.0,1
2024-10-26 18:00:00,9.5,18,1021.1,3.3,16.9,0.0,1
2024-10-26 19:00:00,9.2,18,1020.8,1.3,15.5,0.0,0
2024-10-26 20:00:00,8.9,18,1020.6,1.3,11.5,0.0,0
2024-10-26 21:00:00,8.2,20,1020.7,0.7,11.2,0.0,0
2024-10-26 22:00:00,7.9,20,1020.6,4.0,13.3,0.0,0
2024-10-26 23:00:00,8.0,20,1020.7,4.2,16.2,0.0,0
2024-10-27 00:00:00,7.6,20,1021.4,1.1,15.5,0.0,0
2024-10-27 01:00:00,7.5,22,1021.5,2.5,17.3,0.0,0
2024-10-27 02:00:00,7.5,21,1022.5,0.4,14.4,0.0,0
2024-10-27 03:00:00,8.4,20,1023.2,1.0,10.8,0.0,0
2024-10-27 04:00:00,10.3,14,1022.8,1.1,13.3,0.0,0
2024-10-27 05:00:00,11.6,12,1021.9,1.3,15.1,0.0,0
2024-10-27 06:00:00,12.9,11,1020.3,1.8,17.3,0.0,0
2024-10-27 07:00:00,13.9,10,1018.2,1.7,18.0,0.0,0
2024-10-27 08:00:00,14.6,9,1016.0,0.9,17.6,0.0,9
2024-10-27 09:00:00,15.0,10,1014.6,3.1,20.5,0.0,60
2024-10-27 10:00:00,15.4,10,1013.3,3.5,22.3,0.0,85
2024-10-27 11:00:00,14.8,10,1013.0,1.9,21.2,0.0,93
2024-10-27 12:00:00,13.5,20,1013.5,2.0,15.8,0.0,84
2024-10-27 13:00:00,12.7,12,1014.9,1.7,14.8,0.0,89
2024-10-27 14:00:00,11.4,14,1014.8,4.6,19.4,0.0,96
2024-10-27 15:00:00,12.6,12,1014.7,1.7,19.4,0.0,85
2024-10-27 16:00:00,12.3,13,1014.5,1.8,15.1,0.0,83
2024-10-27 17:00:00,11.6,14,1014.7,0.4,13.7,0.0,89
2024-10-27 18:00:00,11.3,15,1014.4,2.8,15.1,0.0,76
2024-10-27 19:00:00,11.0,16,1014.0,4.5,19.8,0.0,97
2024-10-27 20:00:00,10.9,17,1013.7,4.9,22.0,0.0,95
2024-10-27 21:00:00,10.8,17,1013.4,5.2,22.3,0.0,29
2024-10-27 22:00:00,10.5,17,1013.3,5.6,23.0,0.0,22
2024-10-27 23:00:00,9.3,19,1013.7,6.1,23.8,0.0,18
2024-10-28 00:00:00,9.7,19,1014.4,5.7,23.8,0.0,51
2024-10-28 01:00:00,5.5,25,1015.4,7.2,26.3,0.0,0
2024-10-28 02:00:00,5.1,25,1016.3,7.3,25.2,0.0,0
2024-10-28 03:00:00,9.0,18,1016.8,7.7,24.5,0.0,48
2024-10-28 04:00:00,10.5,16,1016.9,8.3,27.4,0.0,78
2024-10-28 05:00:00,11.9,13,1015.3,7.4,28.8,0.0,22
2024-10-28 06:00:00,13.4,12,1013.3,6.4,28.4,0.0,40
2024-10-28 07:00:00,15.8,11,1010.4,14.0,49.7,0.0,56
2024-10-28 08:00:00,16.5,11,1008.0,17.1,60.8,0.0,30
2024-10-28 09:00:00,16.0,11,1007.6,16.0,65.2,0.0,87
2024-10-28 10:00:00,15.1,13,1007.8,14.1,64.1,0.0,5
2024-10-28 11:00:00,14.1,14,1008.3,11.5,56.5,0.0,7
2024-10-28 12:00:00,12.2,17,1009.4,9.4,49.3,0.0,6
2024-10-28 13:00:00,10.6,20,1010.6,9.4,43.2,0.0,8
2024-10-28 14:00:00,9.1,24,1011.6,8.0,41.0,0.0,10
2024-10-28 15:00:00,8.3,26,1012.5,9.6,37.8,0.0,12
2024-10-28 16:00:00,7.3,29,1013.3,9.0,38.9,0.0,13
2024-10-28 17:00:00,6.7,30,1013.7,10.0,40.0,0.0,9
2024-10-28 18:00:00,5.6,34,1013.8,10.1,40.0,0.0,24
2024-10-28 19:00:00,4.4,38,1013.7,8.4,38.9,0.0,7
2024-10-28 20:00:00,4.0,40,1014.1,7.8,33.1,0.0,58
2024-10-28 21:00:00,3.4,42,1014.7,7.8,31.7,0.0,99
2024-10-28 22:00:00,3.4,42,1015.0,7.7,31.3,0.0,100
2024-10-28 23:00:00,3.7,41,1015.6,9.0,30.2,0.0,100
2024-10-29 00:00:00,3.1,44,1016.3,8.7,29.2,0.0,93
2024-10-29 01:00:00,3.1,42,1016.3,8.7,25.6,0.0,100
2024-10-29 02:00:00,4.6,41,1017.1,9.2,26.6,0.0,100
2024-10-29 03:00:00,6.8,35,1018.0,10.2,30.2,0.0,83
2024-10-29 04:00:00,7.7,31,1017.9,10.8,32.8,0.0,8
2024-10-29 05:00:00,8.7,27,1017.7,10.9,34.2,0.0,57
2024-10-29 06:00:00,9.6,27,1016.2,11.0,33.1,0.0,79
2024-10-29 07:00:00,10.5,27,1014.7,9.1,33.5,0.0,100
2024-10-29 08:00:00,10.4,26,1013.1,6.7,32.4,0.0,100
2024-10-29 09:00:00,10.0,29,1012.9,6.7,28.8,0.0,100
2024-10-29 10:00:00,11.0,22,1011.0,4.7,28.4,0.0,98
2024-10-29 11:00:00,10.6,23,1010.6,6.5,33.5,0.0,36
2024-10-29 12:00:00,7.3,39,1014.1,10.6,32.8,0.0,33
2024-10-29 13:00:00,7.8,29,1015.0,7.2,31.0,0.0,96
2024-10-29 14:00:00,6.2,35,1016.7,7.7,29.2,0.0,3
2024-10-29 15:00:00,4.5,42,1017.9,6.1,28.1,0.0,16
2024-10-29 16:00:00,4.2,43,1018.8,5.1,25.2,0.0,3
2024-10-29 17:00:00,3.7,45,1019.5,5.4,23.8,0.0,63
2024-10-29 18:00:00,2.7,48,1019.8,7.4,26.6,0.0,67
2024-10-29 19:00:00,1.9,50,1020.2,8.1,29.2,0.0,17
2024-10-29 20:00:00,0.9,54,1020.3,6.6,29.2,0.0,24
2024-10-29 21:00:00,0.6,56,1020.5,6.0,26.6,0.0,30
2024-10-29 22:00:00,-0.1,65,1021.4,5.6,25.2,0.0,33
2024-10-29 23:00:00,1.4,61,1021.1,4.3,24.1,0.0,29
2024-10-30 00:00:00,0.8,63,1021.9,4.4,21.6,0.0,34
2024-10-30 01:00:00,1.5,49,1021.5,4.8,25.2,0.0,35
2024-10-30 02:00:00,1.3,52,1022.5,3.6,22.0,0.0,94
2024-10-30 03:00:00,3.8,41,1023.4,4.9,22.0,0.0,88
2024-10-30 04:00:00,4.9,40,1023.5,6.7,25.9,0.0,90
2024-10-30 05:00:00,5.7,38,1022.7,8.9,31.7,0.0,55
2024-10-30 06:00:00,7.3,33,1021.0,9.4,33.8,0.0,20
2024-10-30 07:00:00,8.5,29,1019.1,9.3,34.2,0.0,25
2024-10-30 08:00:00,9.3,27,1017.3,7.9,33.1,0.0,65
2024-10-30 09:00:00,9.5,26,1016.2,6.0,30.6,0.0,43
2024-10-30 10:00:00,9.5,25,1015.9,6.6,26.6,0.0,32
2024-10-30 11:00:00,8.7,27,1016.4,9.2,28.4,0.0,13
2024-10-30 12:00:00,7.4,30,1017.6,8.8,29.5,0.0,18
2024-10-30 13:00:00,6.2,35,1019.4,7.6,28.8,0.0,18
2024-10-30 14:00:00,5.1,38,1020.4,7.3,29.5,0.0,17
2024-10-30 15:00:00,4.1,42,1021.6,7.9,30.2,0.0,6
2024-10-30 16:00:00,2.9,46,1022.9,7.6,31.0,0.0,10
2024-10-30 17:00:00,2.2,49,1023.7,6.1,29.9,0.0,17
2024-10-30 18:00:00,2.2,49,1024.5,5.1,27.4,0.0,15
2024-10-30 19:00:00,2.8,46,1024.7,4.4,25.6,0.0,20
2024-10-30 20:00:00,2.9,45,1025.0,3.7,23.8,0.0,28
2024-10-30 21:00:00,2.6,47,1025.3,2.6,22.0,0.0,25
2024-10-30 22:00:00,2.2,49,1025.7,3.4,19.8,0.0,25
2024-10-30 23:00:00,2.0,49,1025.9,3.2,19.8,0.0,28
2024-10-31 00:00:00,1.6,50,1026.4,3.3,18.7,0.0,22
2024-10-31 01:00:00,1.5,46,1027.3,4.0,23.8,0.0,8
2024-10-31 02:00:00,1.2,49,1028.5,1.8,19.4,0.0,14
2024-10-31 03:00:00,2.5,43,1029.7,3.2,15.8,0.0,9
2024-10-31 04:00:00,4.3,34,1029.0,3.2,20.2,0.0,7
2024-10-31 05:00:00,6.0,29,1027.7,4.1,23.0,0.0,3
2024-10-31 06:00:00,7.5,25,1025.8,4.2,24.8,0.0,0
2024-10-31 07:00:00,8.7,21,1023.8,4.1,25.2,0.0,0
2024-10-31 08:00:00,9.6,18,1021.8,3.8,25.6,0.0,0
2024-10-31 09:00:00,10.1,15,1020.4,4.1,24.5,0.0,0
2024-10-31 10:00:00,10.0,13,1019.9,6.2,28.1,0.0,0
2024-10-31 11:00:00,9.3,14,1020.0,6.7,28.8,0.0,0
2024-10-31 12:00:00,7.7,17,1020.2,3.8,28.4,0.0,0
2024-10-31 13:00:00,6.2,19,1021.5,6.0,25.9,0.0,0
2024-10-31 14:00:00,6.6,17,1021.9,4.2,24.5,0.0,0
2024-10-31 15:00:00,6.8,18,1022.9,2.7,23.0,0.0,0
2024-10-31 16:00:00,6.3,20,1023.4,0.7,19.1,0.0,0
2024-10-31 17:00:00,6.0,21,1023.9,1.0,13.3,0.0,0
2024-10-31 18:00:00,5.3,22,1024.3,3.2,17.6,0.0,0
2024-10-31 19:00:00,4.6,23,1024.5,2.0,18.0,0.0,0
2024-10-31 20:00:00,4.4,24,1024.6,0.9,15.5,0.0,0
2024-10-31 21:00:00,3.9,25,1024.8,1.5,11.5,0.0,0
2024-10-31 22:00:00,3.7,25,1024.8,2.7,11.5,0.0,0
2024-10-31 23:00:00,3.8,23,1024.9,3.6,13.3,0.0,0
2024-11-01 00:00:00,3.7,22,1025.5,2.8,13.3,0.0,0
2024-11-01 01:00:00,3.5,21,1026.0,2.5,16.9,0.0,0
2024-11-01 02:00:00,3.5,21,1027.0,0.6,14.4,0.0,0
2024-11-01 03:00:00,4.5,19,1028.3,1.3,11.2,0.0,0
2024-11-01 04:00:00,6.6,14,1028.2,2.6,16.6,0.0,0
2024-11-01 05:00:00,8.0,12,1027.0,2.4,18.0,0.0,0
2024-11-01 06:00:00,9.4,10,1025.5,2.3,18.7,0.0,13
2024-11-01 07:00:00,10.6,9,1023.4,3.2,20.9,0.0,34
2024-11-01 08:00:00,11.5,8,1021.3,3.8,23.0,0.0,86
2024-11-01 09:00:00,12.1,7,1019.8,3.3,23.0,0.0,99
2024-11-01 10:00:00,12.0,7,1019.1,3.1,21.2,0.0,87
2024-11-01 11:00:00,11.6,7,1018.9,3.4,20.2,0.0,99
2024-11-01 12:00:00,10.7,8,1019.1,2.8,19.4,0.0,66
2024-11-01 13:00:00,8.1,9,1020.0,5.9,24.8,0.0,89
2024-11-01 14:00:00,10.0,7,1020.6,3.6,23.4,0.0,80
2024-11-01 15:00:00,9.2,8,1021.4,1.5,21.2,0.0,99
2024-11-01 16:00:00,8.7,9,1021.9,3.1,16.2,0.0,100
2024-11-01 17:00:00,8.5,9,1022.3,2.2,17.3,0.0,96
2024-11-01 18:00:00,7.9,10,1022.4,1.4,15.8,0.0,23
2024-11-01 19:00:00,7.2,11,1022.2,2.4,13.3,0.0,0
2024-11-01 20:00:00,7.1,11,1022.2,4.1,15.8,0.0,0
2024-11-01 21:00:00,6.5,12,1022.4,1.5,15.1,0.0,0
2024-11-01 22:00:00,6.1,13,1022.6,4.2,14.4,0.0,0
2024-11-01 23:00:00,6.2,13,1022.7,4.5,17.3,0.0,0
2024-11-02 00:00:00,5.8,13,1023.2,2.5,15.8,0.0,0
2024-11-02 01:00:00,5.6,15,1023.9,3.7,18.0,0.0,0
2024-11-02 02:00:00,5.4,14,1024.6,1.0,15.1,0.0,0
2024-11-02 03:00:00,6.7,12,1025.3,5.2,17.3,0.0,0
2024-11-02 04:00:00,8.4,11,1025.4,1.1,18.0,0.0,0
2024-11-02 05:00:00,9.8,10,1024.3,1.5,15.8,0.0,0
2024-11-02 06:00:00,11.0,9,1022.6,1.9,18.4,0.0,0
2024-11-02 07:00:00,12.0,8,1020.4,2.3,19.4,0.0,3
2024-11-02 08:00:00,12.7,7,1018.6,2.3,20.9,0.0,88
2024-11-02 09:00:00,13.0,7,1017.7,3.0,20.5,0.0,100
2024-11-02 10:00:00,13.0,7,1016.9,5.6,26.3,0.0,99
2024-11-02 11:00:00,12.5,8,1016.8,5.2,27.4,0.0,68
2024-11-02 12:00:00,11.6,9,1017.3,2.1,25.2,0.0,77
2024-11-02 13:00:00,10.8,9,1018.6,2.2,19.4,0.0,72
2024-11-02 14:00:00,10.3,10,1019.3,1.3,19.4,0.0,78
2024-11-02 15:00:00,9.5,12,1020.1,1.9,18.4,0.0,93
2024-11-02 16:00:00,8.8,14,1020.9,2.9,18.7,0.0,94
2024-11-02 17:00:00,8.4,17,1021.5,1.8,18.4,0.0,90
2024-11-02 18:00:00,8.1,18,1021.9,0.4,15.5,0.0,96
2024-11-02 19:00:00,8.1,18,1021.7,1.8,15.8,0.0,98
2024-11-02 20:00:00,8.2,17,1021.9,1.2,18.0,0.0,91
2024-11-02 21:00:00,7.7,18,1022.1,2.7,18.7,0.0,79
2024-11-02 22:00:00,7.3,18,1022.1,0.6,17.6,0.0,71
2024-11-02 23:00:00,7.1,18,1022.3,1.5,14.0,0.0,74
2024-11-03 00:00:00,6.6,19,1022.6,1.0,13.3,0.0,45
2024-11-03 01:00:00,7.0,18,1022.8,2.3,15.5,0.0,47
2024-11-03 02:00:00,6.5,19,1023.9,1.7,15.5,0.0,24
2024-11-03 03:00:00,7.1,18,1025.0,1.7,13.0,0.0,14
2024-11-03 04:00:00,8.5,15,1025.1,1.8,15.8,0.0,13
2024-11-03 05:00:00,9.7,13,1024.0,1.8,16.9,0.0,14
2024-11-03 06:00:00,10.9,13,1022.5,2.7,20.2,0.0,20
2024-11-03 07:00:00,11.6,12,1020.7,2.8,21.6,0.0,28
2024-11-03 08:00:00,11.8,13,1019.2,2.1,21.2,0.0,7
2024-11-03 09:00:00,12.0,13,1018.2,3.3,22.7,0.0,0
2024-11-03 10:00:00,11.8,14,1017.5,1.6,22.7,0.0,0
2024-11-03 11:00:00,11.1,15,1017.7,3.9,20.5,0.0,0
2024-11-03 12:00:00,9.3,20,1018.7,2.3,22.7,0.0,0
2024-11-03 13:00:00,9.1,16,1019.9,2.2,21.2,0.0,0
2024-11-03 14:00:00,8.5,17,1020.7,2.4,19.1,0.0,0
2024-11-03 15:00:00,8.1,18,1021.6,2.2,20.2,0.0,0
2024-11-03 16:00:00,7.6,19,1022.3,1.8,19.8,0.0,42
2024-11-03 17:00:00,7.1,21,1023.0,1.9,19.4,0.0,95
2024-11-03 18:00:00,6.5,22,1023.5,2.1,18.7,0.0,98
2024-11-03 19:00:00,6.2,23,1023.5,2.2,18.0,0.0,78
2024-11-03 20:00:00,5.8,24,1023.4,2.4,17.3,0.0,40
2024-11-03 21:00:00,5.5,25,1023.5,1.9,17.3,0.0,36
2024-11-03 22:00:00,5.2,25,1023.6,1.7,15.8,0.0,1
2024-11-03 23:00:00,4.8,26,1023.7,1.5,15.5,0.0,0
2024-11-04 00:00:00,4.4,27,1024.1,0.7,15.5,0.0,0
2024-11-04 01:00:00,4.4,30,1024.5,1.8,16.6,0.0,0
2024-11-04 02:00:00,3.8,32,1025.5,0.9,14.0,0.0,0
2024-11-04 03:00:00,5.0,29,1026.3,1.8,14.8,0.0,0
2024-11-04 04:00:00,6.4,26,1026.2,4.4,23.0,0.0,0
2024-11-04 05:00:00,7.6,24,1025.2,4.7,24.8,0.0,0
2024-11-04 06:00:00,8.9,22,1023.5,5.5,27.7,0.0,0
2024-11-04 07:00:00,9.9,20,1021.5,7.1,31.7,0.0,0
2024-11-04 08:00:00,10.5,19,1020.1,8.6,34.9,0.0,0
2024-11-04 09:00:00,10.7,18,1019.0,8.5,35.3,0.0,0
2024-11-04 10:00:00,10.5,16,1018.4,6.7,34.6,0.0,0
2024-11-04 11:00:00,10.2,16,1018.1,5.9,30.6,0.0,0
2024-11-04 12:00:00,8.1,20,1018.9,5.7,27.0,0.0,5
2024-11-04 13:00:00,6.7,26,1020.0,4.5,23.4,0.0,0
2024-11-04 14:00:00,7.3,26,1020.8,2.9,22.0,0.0,0
2024-11-04 15:00:00,6.8,29,1021.5,2.2,18.4,0.0,0
2024-11-04 16:00:00,6.5,30,1022.6,1.6,14.8,0.0,0
2024-11-04 17:00:00,5.9,32,1023.3,1.7,14.0,0.0,0
2024-11-04 18:00:00,5.3,34,1023.8,0.8,13.3,0.0,0
2024-11-04 19:00:00,4.9,35,1024.0,0.7,11.9,0.0,0
2024-11-04 20:00:00,4.5,36,1024.4,1.1,12.6,0.0,0
2024-11-04 21:00:00,4.3,37,1024.8,1.0,13.0,0.0,0
2024-11-04 22:00:00,4.0,37,1024.7,1.1,13.7,0.0,0
2024-11-04 23:00:00,3.7,38,1025.3,1.3,13.7,0.0,0
2024-11-05 00:00:00,3.5,36,1025.6,2.5,15.5,0.0,0
2024-11-05 01:00:00,3.3,29,1027.3,1.6,15.5,0.0,0
2024-11-05 02:00:00,3.1,30,1028.2,2.5,15.5,0.0,0
2024-11-05 03:00:00,4.5,28,1028.9,4.0,19.8,0.0,0
2024-11-05 04:00:00,6.2,23,1029.2,3.8,22.0,0.0,0
2024-11-05 05:00:00,7.5,20,1028.1,5.0,25.2,0.0,0
2024-11-05 06:00:00,8.7,18,1026.7,4.7,25.2,0.0,0
2024-11-05 07:00:00,9.9,16,1024.7,4.3,24.8,0.0,0
2024-11-05 08:00:00,10.7,15,1022.8,5.2,26.6,0.0,0
2024-11-05 09:00:00,11.0,15,1021.5,5.3,27.7,0.0,0
2024-11-05 10:00:00,10.9,15,1020.7,4.5,26.6,0.0,0
2024-11-05 11:00:00,10.4,15,1020.6,3.8,24.1,0.0,2
2024-11-05 12:00:00,8.5,20,1021.3,3.7,20.9,0.0,2
2024-11-05 13:00:00,9.3,17,1021.8,2.5,19.4,0.0,4
2024-11-05 14:00:00,8.9,18,1022.5,2.7,18.0,0.0,2
2024-11-05 15:00:00,8.2,21,1023.3,2.5,19.1,0.0,5
2024-11-05 16:00:00,8.1,21,1024.2,2.7,18.4,0.0,7
2024-11-05 17:00:00,7.5,23,1025.0,1.8,18.0,0.0,6
2024-11-05 18:00:00,6.9,25,1025.3,1.0,15.1,0.0,4
2024-11-05 19:00:00,6.8,24,1025.4,0.7,13.7,0.0,0
2024-11-05 20:00:00,6.3,25,1025.8,0.2,12.6,0.0,0
2024-11-05 21:00:00,6.1,25,1025.7,0.4,11.9,0.0,0
2024-11-05 22:00:00,5.7,27,1025.9,0.7,11.9,0.0,1
2024-11-05 23:00:00,5.3,27,1026.3,4.0,13.3,0.0,12
2024-11-06 00:00:00,5.5,23,1026.7,4.0,16.6,0.0,13
2024-11-06 01:00:00,5.3,25,1028.0,1.3,14.4,0.0,32
2024-11-06 02:00:00,5.2,25,1028.8,2.0,13.7,0.0,15
2024-11-06 03:00:00,6.0,24,1029.6,3.0,16.2,0.0,47
2024-11-06 04:00:00,7.9,20,1029.3,4.3,21.2,0.0,29
2024-11-06 05:00:00,9.4,18,1028.0,4.6,23.0,0.0,12
2024-11-06 06:00:00,10.7,16,1026.2,4.9,24.8,0.0,26
2024-11-06 07:00:00,11.8,15,1024.5,4.9,25.6,0.0,12
2024-11-06 08:00:00,12.5,15,1022.6,5.1,25.9,0.0,0
2024-11-06 09:00:00,12.7,14,1021.5,4.2,26.3,0.0,16
2024-11-06 10:00:00,12.4,14,1021.3,3.3,23.8,0.0,0
2024-11-06 11:00:00,11.9,15,1021.1,3.3,20.5,0.0,0
2024-11-06 12:00:00,10.4,19,1021.7,3.3,18.7,0.0,0
2024-11-06 13:00:00,10.5,16,1022.1,2.2,18.0,0.0,0
2024-11-06 14:00:00,9.9,17,1022.9,2.3,16.6,0.0,0
2024-11-06 15:00:00,9.2,18,1023.2,1.6,16.9,0.0,0
2024-11-06 16:00:00,8.9,19,1023.7,1.1,15.5,0.0,4
2024-11-06 17:00:00,8.8,17,1023.9,4.0,16.9,0.0,1
2024-11-06 18:00:00,8.5,16,1023.9,1.7,16.9,0.0,0
2024-11-06 19:00:00,7.9,17,1023.6,1.3,13.0,0.0,0
2024-11-06 20:00:00,6.9,18,1023.2,5.9,16.2,0.0,0
2024-11-06 21:00:00,7.6,17,1023.0,4.6,16.2,0.0,0
2024-11-06 22:00:00,7.3,18,1022.9,3.3,13.7,0.0,0
2024-11-06 23:00:00,7.1,17,1022.9,4.0,13.7,0.0,0
2024-11-07 00:00:00,7.0,17,1022.9,4.8,14.8,0.0,0
2024-11-07 01:00:00,6.5,20,1023.6,4.2,17.3,0.0,0
2024-11-07 02:00:00,6.6,18,1024.5,3.8,15.5,0.0,0
2024-11-07 03:00:00,7.4,16,1025.3,3.6,14.8,0.0,0
2024-11-07 04:00:00,9.2,13,1025.2,1.9,15.1,0.0,2
2024-11-07 05:00:00,10.7,11,1024.1,1.8,16.9,0.0,3
2024-11-07 06:00:00,11.7,11,1022.4,1.5,16.2,0.0,0
2024-11-07 07:00:00,12.6,10,1020.6,0.6,16.2,0.0,3
2024-11-07 08:00:00,13.0,9,1019.1,2.6,18.7,0.0,9
2024-11-07 09:00:00,13.3,9,1017.6,3.8,21.2,0.0,6
2024-11-07 10:00:00,13.2,9,1017.0,5.1,21.2,0.0,44
2024-11-07 11:00:00,12.7,9,1016.8,4.1,21.2,0.0,1
2024-11-07 12:00:00,11.0,11,1017.3,3.9,19.1,0.0,52
2024-11-07 13:00:00,8.2,17,1018.1,7.0,21.2,0.0,64
2024-11-07 14:00:00,8.1,17,1018.2,6.1,21.6,0.0,39
2024-11-07 15:00:00,10.5,13,1018.6,3.5,20.9,0.0,38
2024-11-07 16:00:00,10.0,14,1019.0,2.1,16.9,0.0,39
2024-11-07 17:00:00,9.6,14,1019.0,3.8,16.6,0.0,29
2024-11-07 18:00:00,9.3,15,1019.4,5.7,19.4,0.0,2
2024-11-07 19:00:00,9.1,15,1019.6,5.7,20.5,0.0,16
2024-11-07 20:00:00,8.7,16,1019.6,5.6,20.9,0.0,96
2024-11-07 21:00:00,8.5,16,1019.5,5.3,20.9,0.0,98
2024-11-07 22:00:00,8.2,17,1019.3,5.3,21.2,0.0,89
2024-11-07 23:00:00,7.9,17,1019.6,4.8,21.2,0.0,94
2024-11-08 00:00:00,7.7,17,1020.0,4.6,20.2,0.0,95
2024-11-08 01:00:00,6.6,19,1021.2,5.5,21.6,0.0,97
2024-11-08 02:00:00,6.1,20,1021.9,4.9,20.9,0.0,65
2024-11-08 03:00:00,6.8,19,1022.7,5.1,20.5,0.0,73
2024-11-08 04:00:00,8.8,15,1022.9,5.7,24.5,0.0,16
2024-11-08 05:00:00,9.8,14,1022.0,5.8,25.9,0.0,2
2024-11-08 06:00:00,10.7,12,1020.4,6.6,28.4,0.0,0
2024-11-08 07:00:00,11.5,11,1018.5,7.1,29.5,0.0,1
2024-11-08 08:00:00,12.1,11,1017.0,7.2,29.9,0.0,4
2024-11-08 09:00:00,12.7,11,1015.3,9.9,30.2,0.0,5
2024-11-08 10:00:00,13.6,10,1013.2,3.8,29.9,0.0,46
2024-11-08 11:00:00,12.6,12,1013.8,8.6,34.6,0.0,8
2024-11-08 12:00:00,9.2,19,1015.8,8.9,34.9,0.0,1
2024-11-08 13:00:00,8.1,18,1017.5,10.5,33.5,0.0,0
2024-11-08 14:00:00,6.4,23,1017.9,8.1,32.4,0.0,0
2024-11-08 15:00:00,7.7,20,1018.4,5.8,28.4,0.0,0
2024-11-08 16:00:00,9.3,17,1018.9,4.8,25.2,0.0,0
2024-11-08 17:00:00,8.5,19,1019.4,4.2,24.1,0.0,0
2024-11-08 18:00:00,7.7,20,1019.7,4.3,22.7,0.0,0
2024-11-08 19:00:00,7.3,21,1019.6,4.6,21.6,0.0,0
2024-11-08 20:00:00,7.0,21,1019.6,4.4,21.6,0.0,0
2024-11-08 21:00:00,6.6,21,1019.8,4.6,22.3,0.0,0
2024-11-08 22:00:00,6.3,22,1019.7,4.4,22.7,0.0,0
2024-11-08 23:00:00,5.9,22,1019.8,4.7,22.7,0.0,0
2024-11-09 00:00:00,5.5,22,1020.4,4.7,23.0,0.0,0
2024-11-09 01:00:00,3.4,29,1021.2,5.8,23.8,0.0,0
2024-11-09 02:00:00,3.5,29,1022.2,5.1,23.0,0.0,0
2024-11-09 03:00:00,6.0,24,1023.2,5.1,23.4,0.0,0
2024-11-09 04:00:00,7.7,21,1023.6,8.4,31.7,0.0,0
2024-11-09 05:00:00,8.5,20,1023.1,8.1,33.1,0.0,0
2024-11-09 06:00:00,9.4,18,1021.6,8.0,32.4,0.0,0
2024-11-09 07:00:00,10.1,17,1020.0,9.0,33.8,0.0,3
2024-11-09 08:00:00,10.5,16,1018.5,9.0,34.6,0.0,17
2024-11-09 09:00:00,11.2,15,1016.5,5.0,31.3,0.0,67
2024-11-09 10:00:00,11.2,15,1015.2,6.4,28.1,0.0,44
2024-11-09 11:00:00,10.1,18,1016.1,11.0,32.4,0.0,14
2024-11-09 12:00:00,7.8,22,1017.9,10.3,34.2,0.0,15
2024-11-09 13:00:00,7.3,23,1017.2,9.4,29.9,0.0,2
2024-11-09 14:00:00,5.8,26,1018.2,8.6,31.3,0.0,13
2024-11-09 15:00:00,4.7,30,1019.0,7.5,32.0,0.0,3
2024-11-09 16:00:00,4.7,32,1019.7,6.9,31.0,0.0,1
2024-11-09 17:00:00,5.0,30,1020.4,6.4,29.5,0.0,5
2024-11-09 18:00:00,4.7,30,1021.1,6.3,28.4,0.0,10
2024-11-09 19:00:00,5.2,30,1021.0,5.4,27.7,0.0,2
2024-11-09 20:00:00,5.0,31,1021.3,5.2,26.3,0.0,1
2024-11-09 21:00:00,5.1,31,1021.2,5.1,25.6,0.0,0
2024-11-09 22:00:00,4.6,32,1021.2,4.4,24.8,0.0,0
2024-11-09 23:00:00,4.2,33,1021.3,4.5,23.4,0.0,0
2024-11-10 00:00:00,3.9,34,1021.9,4.3,23.4,0.0,1
2024-11-10 01:00:00,3.1,34,1023.6,4.4,24.1,0.0,4
2024-11-10 02:00:00,2.8,35,1024.1,4.1,22.3,0.0,2
2024-11-10 03:00:00,3.9,33,1025.0,4.2,21.2,0.0,3
2024-11-10 04:00:00,5.5,29,1025.1,5.6,25.9,0.0,4
2024-11-10 05:00:00,6.2,28,1024.1,5.2,26.6,0.0,2
2024-11-10 06:00:00,7.2,25,1022.6,4.6,26.6,0.0,16
2024-11-10 07:00:00,7.7,23,1020.9,4.7,25.9,0.0,43
2024-11-10 08:00:00,7.9,22,1019.5,5.5,26.6,0.0,52
2024-11-10 09:00:00,8.3,21,1017.9,3.6,26.3,0.0,47
2024-11-10 10:00:00,7.9,22,1017.7,3.3,22.7,0.0,96
2024-11-10 11:00:00,7.0,24,1018.1,1.4,22.0,0.0,100
2024-11-10 12:00:00,6.0,26,1019.5,2.2,18.7,0.0,100
2024-11-10 13:00:00,5.0,28,1020.2,7.5,28.8,0.0,94
2024-11-10 14:00:00,3.5,35,1021.9,6.7,32.8,0.0,56
2024-11-10 15:00:00,4.3,33,1022.3,3.5,29.2,0.0,21
2024-11-10 16:00:00,4.0,35,1022.8,1.8,21.6,0.0,26
2024-11-10 17:00:00,3.6,36,1022.9,0.9,16.6,0.0,37
2024-11-10 18:00:00,3.4,37,1022.7,1.6,15.8,0.0,13
2024-11-10 19:00:00,3.4,37,1022.0,4.3,20.2,0.0,2
2024-11-10 20:00:00,3.1,37,1021.6,3.2,20.9,0.0,13
2024-11-10 21:00:00,2.4,40,1021.4,2.5,19.1,0.0,37
2024-11-10 22:00:00,2.2,41,1021.3,1.1,16.9,0.0,75
2024-11-10 23:00:00,2.0,41,1021.8,2.4,15.5,0.0,100
2024-11-11 00:00:00,2.3,39,1021.9,2.8,18.7,0.0,100
2024-11-11 01:00:00,1.7,37,1022.1,4.8,22.3,0.0,100
2024-11-11 02:00:00,1.5,38,1022.6,4.1,21.6,0.0,100
2024-11-11 03:00:00,2.6,35,1023.2,7.0,23.8,0.0,94
2024-11-11 04:00:00,3.0,35,1023.3,4.7,24.1,0.0,92
2024-11-11 05:00:00,4.0,33,1022.4,4.8,23.8,0.0,12
2024-11-11 06:00:00,4.9,30,1020.6,3.3,24.5,0.0,26
2024-11-11 07:00:00,5.6,28,1019.0,5.6,26.3,0.0,81
2024-11-11 08:00:00,5.2,31,1018.1,6.1,27.4,0.0,91
2024-11-11 09:00:00,4.9,30,1017.6,3.3,25.9,0.0,99
2024-11-11 10:00:00,4.3,29,1017.7,6.3,25.2,0.0,89
2024-11-11 11:00:00,3.7,29,1017.8,4.3,24.8,0.0,83
2024-11-11 12:00:00,2.3,32,1019.1,3.8,20.2,0.0,73
2024-11-11 13:00:00,2.0,31,1020.1,3.7,20.9,0.0,47
2024-11-11 14:00:00,1.4,36,1020.5,2.7,18.7,0.0,95
2024-11-11 15:00:00,1.3,33,1021.7,0.2,18.0,0.0,91
2024-11-11 16:00:00,1.0,35,1022.1,2.5,16.6,0.0,93
2024-11-11 17:00:00,1.1,36,1022.2,2.8,18.7,0.0,98
2024-11-11 18:00:00,1.2,36,1022.6,1.9,18.7,0.0,96
2024-11-11 19:00:00,0.9,37,1022.7,0.4,16.6,0.0,93
2024-11-11 20:00:00,0.5,38,1023.1,0.6,14.0,0.0,95
2024-11-11 21:00:00,0.2,39,1023.5,1.3,14.8,0.0,77
2024-11-11 22:00:00,-0.5,41,1024.1,2.0,15.5,0.0,48
2024-11-11 23:00:00,-0.8,42,1024.6,2.2,15.5,0.0,46
2024-11-12 00:00:00,-1.2,41,1025.4,2.2,15.8,0.0,42
2024-11-12 01:00:00,-0.7,38,1025.8,2.7,17.3,0.0,20
2024-11-12 02:00:00,-1.0,39,1026.8,2.6,15.1,0.0,2
2024-11-12 03:00:00,-0.4,38,1028.1,1.9,14.0,0.0,18
2024-11-12 04:00:00,1.2,37,1028.0,3.3,18.4,0.0,16
2024-11-12 05:00:00,2.2,32,1027.1,3.6,21.6,0.0,29
2024-11-12 06:00:00,3.4,28,1025.3,3.3,21.6,0.0,50
2024-11-12 07:00:00,4.4,25,1022.9,2.8,21.6,0.0,72
2024-11-12 08:00:00,5.3,23,1020.5,2.9,20.9,0.0,99
2024-11-12 09:00:00,5.8,21,1019.1,3.8,22.3,0.0,100
2024-11-12 10:00:00,5.9,19,1018.2,7.3,28.4,0.0,79
2024-11-12 11:00:00,5.6,19,1017.9,6.1,29.9,0.0,20
2024-11-12 12:00:00,5.2,20,1017.7,2.5,26.3,0.0,14
2024-11-12 13:00:00,1.4,30,1019.9,3.2,23.4,0.0,29
2024-11-12 14:00:00,0.7,33,1020.6,2.6,23.0,0.0,22
2024-11-12 15:00:00,0.4,34,1021.2,1.5,23.0,0.0,8
2024-11-12 16:00:00,0.0,35,1021.7,0.8,20.5,0.0,6
2024-11-12 17:00:00,-0.4,38,1021.9,0.5,16.9,0.0,50
2024-11-12 18:00:00,-0.4,38,1022.0,0.6,15.1,0.0,80
2024-11-12 19:00:00,-0.2,37,1021.6,0.7,14.0,0.0,75
2024-11-12 20:00:00,-0.2,37,1021.1,1.0,14.4,0.0,58
2024-11-12 21:00:00,-0.2,36,1020.8,1.0,15.1,0.0,76
2024-11-12 22:00:00,-0.4,37,1020.7,1.3,16.2,0.0,22
2024-11-12 23:00:00,-0.8,38,1020.6,1.4,16.6,0.0,11
2024-11-13 00:00:00,-1.2,39,1020.8,2.0,18.4,0.0,26
2024-11-13 01:00:00,-1.1,44,1021.8,2.2,20.5,0.0,9
2024-11-13 02:00:00,-0.7,43,1022.5,3.0,19.8,0.0,10
2024-11-13 03:00:00,2.6,31,1022.8,7.3,25.6,0.0,29
2024-11-13 04:00:00,4.1,26,1022.1,7.3,28.8,0.0,32
2024-11-13 05:00:00,5.2,23,1020.7,7.0,28.8,0.0,77
2024-11-13 06:00:00,5.8,22,1019.2,6.7,29.5,0.0,95
2024-11-13 07:00:00,6.6,20,1017.4,7.1,29.2,0.0,100
2024-11-13 08:00:00,6.8,20,1015.6,8.8,31.7,0.0,100
2024-11-13 09:00:00,6.6,21,1014.3,10.4,31.3,0.0,100
2024-11-13 10:00:00,6.6,21,1013.8,6.2,28.8,0.0,97
2024-11-13 11:00:00,5.5,25,1013.9,2.8,25.2,0.0,89
2024-11-13 12:00:00,3.5,28,1014.3,1.4,19.1,0.0,71
2024-11-13 13:00:00,2.3,31,1015.8,2.5,19.4,0.0,55
2024-11-13 14:00:00,1.9,32,1017.2,1.1,19.8,0.0,37
2024-11-13 15:00:00,1.0,36,1018.0,1.1,17.3,0.0,14
2024-11-13 16:00:00,0.4,41,1018.8,0.8,17.3,0.0,14
2024-11-13 17:00:00,0.1,38,1019.4,3.2,18.4,0.0,15
2024-11-13 18:00:00,0.0,36,1019.7,3.3,19.4,0.0,11
2024-11-13 19:00:00,-0.3,37,1020.1,3.4,19.4,0.0,21
2024-11-13 20:00:00,-0.3,36,1019.9,4.0,20.5,0.0,16
2024-11-13 21:00:00,-0.7,35,1019.9,4.6,20.5,0.0,17
2024-11-13 22:00:00,-0.9,36,1019.5,5.0,21.2,0.0,7
2024-11-13 23:00:00,-1.2,36,1019.6,4.0,22.0,0.0,0
2024-11-14 00:00:00,-1.3,36,1019.5,4.0,20.9,0.0,0
2024-11-14 01:00:00,-1.6,37,1020.3,4.8,20.2,0.0,10
2024-11-14 02:00:00,-0.5,35,1020.9,5.1,22.0,0.0,15
2024-11-14 03:00:00,2.9,30,1021.6,8.6,29.2,0.0,8
2024-11-14 04:00:00,4.4,27,1021.3,11.1,35.3,0.0,2
2024-11-14 05:00:00,5.3,24,1020.8,9.3,36.0,0.0,1
2024-11-14 06:00:00,6.3,23,1019.4,9.7,35.3,0.0,25
2024-11-14 07:00:00,8.0,18,1016.6,12.8,46.1,0.0,49
2024-11-14 08:00:00,8.7,12,1014.7,20.6,64.1,0.0,25
2024-11-14 09:00:00,8.9,11,1014.1,21.0,67.0,0.0,89
2024-11-14 10:00:00,8.1,13,1014.4,18.6,66.6,0.0,42
2024-11-14 11:00:00,6.2,17,1015.3,10.7,60.1,0.0,55
2024-11-14 12:00:00,2.4,24,1016.4,9.8,44.6,0.0,44
2024-11-14 13:00:00,0.9,27,1017.8,3.9,20.2,0.0,8
2024-11-14 14:00:00,1.0,28,1018.7,1.3,19.4,0.0,4
2024-11-14 15:00:00,-0.0,31,1019.8,3.3,21.6,0.0,3
2024-11-14 16:00:00,-0.0,30,1020.5,4.3,23.0,0.0,36
2024-11-14 17:00:00,-0.1,29,1020.7,4.7,25.2,0.0,48
2024-11-14 18:00:00,-0.4,29,1020.8,4.9,25.2,0.0,67
2024-11-14 19:00:00,-0.8,30,1020.3,6.0,25.9,0.0,92
2024-11-14 20:00:00,-1.3,31,1020.1,6.3,25.9,0.0,96
2024-11-14 21:00:00,-1.4,31,1019.9,6.5,25.6,0.0,100
2024-11-14 22:00:00,-1.3,30,1019.5,6.5,25.6,0.0,100
2024-11-14 23:00:00,-1.5,30,1019.3,6.3,25.9,0.0,100
2024-11-15 00:00:00,-1.5,30,1019.5,6.3,25.6,0.0,100
2024-11-15 01:00:00,-0.7,28,1019.1,4.3,25.9,0.0,97
2024-11-15 02:00:00,-0.5,26,1019.6,5.8,23.8,0.0,45
2024-11-15 03:00:00,3.8,19,1020.0,9.1,31.0,0.0,8
2024-11-15 04:00:00,5.6,18,1019.5,12.6,40.7,0.0,3
2024-11-15 05:00:00,6.8,17,1018.4,15.3,47.5,0.0,19
2024-11-15 06:00:00,6.8,16,1017.7,16.4,50.4,0.0,6
2024-11-15 07:00:00,8.0,15,1015.5,13.8,51.8,0.0,64
2024-11-15 08:00:00,8.2,13,1013.6,14.5,50.4,0.0,37
2024-11-15 09:00:00,8.8,11,1012.0,18.8,59.4,0.0,65
2024-11-15 10:00:00,7.2,14,1012.5,19.5,65.2,0.0,67
2024-11-15 11:00:00,5.9,15,1013.0,11.5,61.9,0.0,67
2024-11-15 12:00:00,2.3,23,1014.1,8.6,49.0,0.0,76
2024-11-15 13:00:00,1.5,26,1015.9,9.2,34.9,0.0,91
2024-11-15 14:00:00,0.2,32,1016.6,8.1,32.0,0.0,88
2024-11-15 15:00:00,-0.2,30,1017.5,3.7,28.4,0.0,86
2024-11-15 16:00:00,-0.3,28,1018.5,0.6,20.9,0.0,80
2024-11-15 17:00:00,-0.7,27,1019.1,0.6,13.7,0.0,37
2024-11-15 18:00:00,-1.4,26,1019.0,3.0,15.8,0.0,46
2024-11-15 19:00:00,-1.3,25,1018.3,1.4,17.6,0.0,35
2024-11-15 20:00:00,-1.5,27,1018.5,0.4,15.5,0.0,100
2024-11-15 21:00:00,-1.9,26,1018.3,3.8,16.6,0.0,100
2024-11-15 22:00:00,-1.0,24,1017.5,1.9,18.4,0.0,100
2024-11-15 23:00:00,-0.8,26,1017.6,0.4,16.9,0.0,100
2024-11-16 00:00:00,-1.5,28,1017.9,4.0,19.4,0.0,100
2024-11-16 01:00:00,-2.1,33,1018.9,2.5,20.2,0.0,50
2024-11-16 02:00:00,-2.1,35,1019.9,4.8,21.6,0.0,55
2024-11-16 03:00:00,0.4,25,1020.1,6.6,25.9,0.0,44
2024-11-16 04:00:00,1.3,22,1019.8,6.5,25.6,0.0,60
2024-11-16 05:00:00,1.9,21,1018.9,6.5,26.6,0.0,23
2024-11-16 06:00:00,2.6,22,1017.5,7.2,28.8,0.0,47
2024-11-16 07:00:00,3.1,20,1015.7,5.8,28.1,0.0,54
2024-11-16 08:00:00,3.1,20,1014.5,6.4,26.6,0.0,71
2024-11-16 09:00:00,2.6,22,1014.3,6.8,26.3,0.0,66
2024-11-16 10:00:00,2.0,24,1014.4,3.2,25.9,0.0,76
2024-11-16 11:00:00,0.4,28,1015.7,5.0,24.1,0.0,42
2024-11-16 12:00:00,-2.5,35,1017.7,3.4,23.0,0.0,26
2024-11-16 13:00:00,-1.3,39,1017.9,0.3,20.2,0.0,24
2024-11-16 14:00:00,-1.6,40,1019.5,0.4,14.0,0.0,12
2024-11-16 15:00:00,-2.1,37,1020.7,2.1,17.6,0.0,13
2024-11-16 16:00:00,-3.2,36,1021.5,1.3,17.3,0.0,21
2024-11-16 17:00:00,-3.1,35,1022.0,1.0,15.1,0.0,34
2024-11-16 18:00:00,-3.0,36,1022.3,0.3,14.0,0.0,38
2024-11-16 19:00:00,-2.9,37,1022.3,0.9,15.5,0.0,21
2024-11-16 20:00:00,-3.2,41,1022.1,1.1,16.9,0.0,32
2024-11-16 21:00:00,-3.3,43,1022.2,0.7,16.6,0.0,27
2024-11-16 22:00:00,-3.5,45,1022.4,0.7,16.6,0.0,29
2024-11-16 23:00:00,-3.6,45,1022.9,0.8,15.1,0.0,31
2024-11-17 00:00:00,-3.8,45,1023.2,1.1,15.1,0.0,29
2024-11-17 01:00:00,-4.2,49,1023.4,2.5,19.8,0.0,23
2024-11-17 02:00:00,-3.8,49,1024.2,2.9,19.8,0.0,25
2024-11-17 03:00:00,-1.4,35,1024.9,5.1,22.7,0.0,23
2024-11-17 04:00:00,0.2,28,1024.7,4.8,25.6,0.0,22
2024-11-17 05:00:00,1.5,24,1023.7,4.6,25.9,0.0,15
2024-11-17 06:00:00,2.5,22,1022.1,6.0,29.2,0.0,2
2024-11-17 07:00:00,3.3,18,1020.4,7.1,32.0,0.0,0
2024-11-17 08:00:00,3.8,16,1018.5,7.3,31.7,0.0,0
2024-11-17 09:00:00,4.0,15,1017.3,8.2,32.4,0.0,0
2024-11-17 10:00:00,3.7,15,1016.8,8.3,31.3,0.0,0
2024-11-17 11:00:00,1.9,18,1016.8,5.8,32.4,0.0,0
2024-11-17 12:00:00,-0.7,23,1016.8,3.8,28.1,0.0,0
2024-11-17 13:00:00,-0.4,21,1016.8,3.0,23.8,0.0,0
2024-11-17 14:00:00,-0.9,24,1017.7,3.8,26.6,0.0,0
2024-11-17 15:00:00,-1.4,25,1018.3,3.2,26.6,0.0,0
2024-11-17 16:00:00,-1.5,26,1019.1,3.2,25.9,0.0,0
2024-11-17 17:00:00,-1.6,25,1019.3,3.1,24.8,0.0,0
2024-11-17 18:00:00,-1.5,24,1019.3,2.4,24.1,0.0,0
2024-11-17 19:00:00,-1.4,23,1019.6,2.3,23.4,0.0,0
2024-11-17 20:00:00,-1.6,24,1019.6,3.0,24.5,0.0,0
2024-11-17 21:00:00,-1.9,25,1019.8,3.5,25.2,0.0,0
2024-11-17 22:00:00,-2.2,27,1020.5,3.5,25.9,0.0,0
2024-11-17 23:00:00,-2.4,27,1021.2,2.4,25.6,0.0,0
2024-11-18 00:00:00,-2.6,28,1022.1,1.5,22.7,0.0,0
2024-11-18 01:00:00,-3.6,33,1022.8,1.3,18.4,0.0,0
2024-11-18 02:00:00,-3.4,35,1024.2,0.9,18.4,0.0,0
2024-11-18 03:00:00,-0.9,29,1025.3,1.6,15.8,0.0,0
2024-11-18 04:00:00,1.3,20,1025.4,4.5,24.8,0.0,0
2024-11-18 05:00:00,2.4,18,1024.8,3.5,25.6,0.0,0
2024-11-18 06:00:00,3.4,16,1023.3,2.9,23.8,0.0,2
2024-11-18 07:00:00,4.1,14,1021.2,4.0,25.2,0.0,90
2024-11-18 08:00:00,4.6,13,1019.8,5.0,26.6,0.0,100
2024-11-18 09:00:00,4.7,12,1018.8,7.1,29.2,0.0,100
2024-11-18 10:00:00,4.4,12,1018.3,8.3,31.7,0.0,98
2024-11-18 11:00:00,1.9,17,1018.6,4.7,32.0,0.0,97
2024-11-18 12:00:00,-0.3,20,1019.6,2.7,25.9,0.0,100
2024-11-18 13:00:00,-0.5,20,1020.3,2.2,20.5,0.0,64
2024-11-18 14:00:00,-1.0,22,1021.3,1.9,20.5,0.0,1
2024-11-18 15:00:00,-1.3,23,1022.1,1.3,20.5,0.0,0
2024-11-18 16:00:00,-1.3,23,1022.7,0.6,19.1,0.0,0
2024-11-18 17:00:00,-1.6,23,1023.2,0.4,16.6,0.0,0
2024-11-18 18:00:00,-1.7,23,1022.9,0.5,15.1,0.0,0
2024-11-18 19:00:00,-1.5,23,1022.7,0.5,14.8,0.0,0
2024-11-18 20:00:00,-1.9,24,1022.6,1.3,17.3,0.0,0
2024-11-18 21:00:00,-2.1,25,1022.7,0.9,17.3,0.0,0
2024-11-18 22:00:00,-2.2,26,1022.6,0.6,16.2,0.0,0
2024-11-18 23:00:00,-2.5,27,1022.9,0.7,15.1,0.0,0
2024-11-19 00:00:00,-2.8,28,1023.4,0.6,15.1,0.0,0
2024-11-19 01:00:00,-3.3,28,1023.8,1.0,16.2,0.0,0
2024-11-19 02:00:00,-3.3,29,1025.0,0.2,15.1,0.0,0
2024-11-19 03:00:00,-0.6,23,1025.9,3.1,16.9,0.0,0
2024-11-19 04:00:00,1.2,17,1026.1,1.7,17.6,0.0,0
2024-11-19 05:00:00,2.3,15,1025.5,1.8,19.1,0.0,0
2024-11-19 06:00:00,3.2,14,1024.3,2.5,21.6,0.0,0
2024-11-19 07:00:00,3.8,12,1022.7,2.3,22.0,0.0,0
2024-11-19 08:00:00,4.2,12,1021.3,2.9,22.7,0.0,0
2024-11-19 09:00:00,4.2,12,1020.6,3.6,23.8,0.0,0
2024-11-19 10:00:00,3.7,13,1020.0,4.3,24.5,0.0,0
2024-11-19 11:00:00,1.7,17,1020.7,1.9,24.1,0.0,0
2024-11-19 12:00:00,-0.5,20,1021.5,1.2,20.2,0.0,11
2024-11-19 13:00:00,-1.0,20,1022.5,0.9,16.6,0.0,58
2024-11-19 14:00:00,-1.5,26,1022.9,0.2,15.8,0.0,34
2024-11-19 15:00:00,-1.7,23,1023.5,0.2,13.7,0.0,2
2024-11-19 16:00:00,-1.8,22,1024.1,0.4,13.0,0.0,0
2024-11-19 17:00:00,-2.0,22,1024.7,0.3,13.0,0.0,0
2024-11-19 18:00:00,-2.0,21,1024.7,0.0,12.6,0.0,0
2024-11-19 19:00:00,-2.0,22,1024.7,0.2,12.2,0.0,0
2024-11-19 20:00:00,-2.2,23,1024.6,0.3,11.9,0.0,0
2024-11-19 21:00:00,-2.4,24,1024.7,0.5,11.9,0.0,0
2024-11-19 22:00:00,-2.6,25,1024.6,0.6,11.5,0.0,0
2024-11-19 23:00:00,-3.0,26,1024.5,0.4,11.5,0.0,0
2024-11-20 00:00:00,-3.5,28,1024.8,0.7,11.9,0.0,0
2024-11-20 01:00:00,-3.8,30,1024.8,0.4,13.3,0.0,0
2024-11-20 02:00:00,-3.6,30,1025.5,0.8,11.9,0.0,0
2024-11-20 03:00:00,-0.3,23,1026.0,3.1,17.6,0.0,0
2024-11-20 04:00:00,2.2,15,1025.6,4.1,23.0,0.0,0
2024-11-20 05:00:00,3.5,11,1024.0,2.1,23.4,0.0,0
2024-11-20 06:00:00,4.6,10,1022.1,1.7,20.2,0.0,0
2024-11-20 07:00:00,5.3,9,1020.0,3.3,23.0,0.0,0
2024-11-20 08:00:00,5.4,9,1018.6,3.3,25.2,0.0,0
2024-11-20 09:00:00,5.2,10,1018.2,3.5,23.8,0.0,0
2024-11-20 10:00:00,4.8,11,1017.9,6.7,27.7,0.0,0
2024-11-20 11:00:00,2.3,16,1018.7,2.9,31.0,0.0,0
2024-11-20 12:00:00,0.1,19,1019.3,1.5,24.8,0.0,0
2024-11-20 13:00:00,-0.5,22,1020.3,0.5,19.1,0.0,0
2024-11-20 14:00:00,-0.9,22,1020.4,0.6,16.2,0.0,0
2024-11-20 15:00:00,-1.2,23,1021.1,0.6,16.2,0.0,0
2024-11-20 16:00:00,-1.4,24,1021.8,0.4,15.1,0.0,0
2024-11-20 17:00:00,-1.5,25,1022.0,0.3,13.0,0.0,0
2024-11-20 18:00:00,-1.5,25,1022.1,0.4,11.9,0.0,0
2024-11-20 19:00:00,-1.6,25,1021.6,0.4,12.6,0.0,0
2024-11-20 20:00:00,-1.7,25,1021.4,0.4,13.0,0.0,0
2024-11-20 21:00:00,-2.0,26,1021.1,0.6,13.3,0.0,0
2024-11-20 22:00:00,-2.3,26,1021.3,1.1,14.4,0.0,7
2024-11-20 23:00:00,-2.5,27,1021.3,1.2,14.4,0.0,2
2024-11-21 00:00:00,-2.2,26,1021.3,1.0,13.7,0.0,6
2024-11-21 01:00:00,-3.4,32,1021.9,1.5,16.2,0.0,1
2024-11-21 02:00:00,-3.2,32,1022.7,0.8,15.5,0.0,16
2024-11-21 03:00:00,-0.1,26,1023.5,3.5,16.6,0.0,28
2024-11-21 04:00:00,2.6,19,1023.0,4.5,23.4,0.0,49
2024-11-21 05:00:00,3.8,15,1022.1,4.2,24.5,0.0,26
2024-11-21 06:00:00,4.6,13,1020.8,4.3,26.3,0.0,14
2024-11-21 07:00:00,4.9,13,1018.9,2.3,26.6,0.0,0
2024-11-21 08:00:00,5.2,13,1017.5,3.0,22.0,0.0,9
2024-11-21 09:00:00,5.1,14,1016.6,2.4,20.9,0.0,21
2024-11-21 10:00:00,4.5,16,1016.2,3.6,21.2,0.0,4
2024-11-21 11:00:00,2.2,21,1016.8,1.5,22.7,0.0,8
2024-11-21 12:00:00,-0.0,23,1017.0,2.1,20.9,0.0,1
2024-11-21 13:00:00,-0.5,26,1018.2,1.3,18.7,0.0,2
2024-11-21 14:00:00,-0.7,28,1018.2,2.1,20.5,0.0,0
2024-11-21 15:00:00,-1.0,30,1018.3,2.8,21.2,0.0,1
2024-11-21 16:00:00,-1.2,32,1018.8,3.1,22.3,0.0,2
2024-11-21 17:00:00,-1.6,35,1018.9,3.5,23.4,0.0,6
2024-11-21 18:00:00,-1.9,37,1019.2,3.9,24.8,0.0,10
2024-11-21 19:00:00,-2.1,38,1019.3,4.2,26.3,0.0,8
2024-11-21 20:00:00,-2.3,39,1019.4,4.6,27.4,0.0,3
2024-11-21 21:00:00,-2.5,40,1020.0,4.5,27.7,0.0,1
2024-11-21 22:00:00,-2.9,42,1020.0,4.1,27.4,0.0,1
2024-11-21 23:00:00,-3.3,44,1020.1,3.6,26.6,0.0,18
2024-11-22 00:00:00,-3.5,45,1020.2,3.4,24.5,0.0,87
2024-11-22 01:00:00,-4.4,49,1021.1,4.1,23.8,0.0,34
2024-11-22 02:00:00,-4.0,47,1021.3,2.6,22.7,0.0,78
2024-11-22 03:00:00,-0.7,36,1021.8,6.4,25.9,0.0,82
2024-11-22 04:00:00,1.8,25,1021.3,9.3,33.1,0.0,43
2024-11-22 05:00:00,3.0,24,1020.5,10.3,37.8,0.0,90
2024-11-22 06:00:00,3.8,22,1019.1,9.0,38.2,0.0,100
2024-11-22 07:00:00,4.4,20,1016.9,7.5,36.0,0.0,83
2024-11-22 08:00:00,4.3,21,1015.9,9.8,34.9,0.0,85
2024-11-22 09:00:00,3.6,22,1015.4,8.9,35.6,0.0,82
2024-11-22 10:00:00,2.9,21,1015.4,7.0,31.7,0.0,87
2024-11-22 11:00:00,1.3,25,1016.3,4.8,30.6,0.0,14
2024-11-22 12:00:00,-0.9,31,1016.5,1.9,25.2,0.0,26
2024-11-22 13:00:00,-1.7,34,1018.2,2.3,20.9,0.0,68
2024-11-22 14:00:00,-1.7,41,1019.2,2.7,24.8,0.0,83
2024-11-22 15:00:00,-1.9,44,1020.0,3.8,25.6,0.0,60
2024-11-22 16:00:00,-2.5,52,1021.1,3.5,25.9,0.0,67
2024-11-22 17:00:00,-2.7,52,1021.6,3.0,24.5,0.0,61
2024-11-22 18:00:00,-3.1,53,1021.9,4.0,24.8,0.0,73
2024-11-22 19:00:00,-3.5,56,1021.6,4.6,23.8,0.0,85
2024-11-22 20:00:00,-3.2,57,1021.0,5.3,26.3,0.0,98
2024-11-22 21:00:00,-3.5,58,1020.6,4.8,26.3,0.0,76
2024-11-22 22:00:00,-4.0,59,1020.5,4.1,24.5,0.0,49
2024-11-22 23:00:00,-4.4,62,1020.1,1.8,22.7,0.0,25
2024-11-23 00:00:00,-4.5,60,1020.5,2.9,20.2,0.0,24
2024-11-23 01:00:00,-4.4,54,1020.7,3.0,23.0,0.0,15
2024-11-23 02:00:00,-5.0,58,1021.6,1.7,20.9,0.0,32
2024-11-23 03:00:00,-2.2,46,1022.0,6.3,24.8,0.0,28
2024-11-23 04:00:00,-0.4,38,1022.1,8.2,32.8,0.0,36
2024-11-23 05:00:00,0.3,37,1021.7,7.3,33.1,0.0,99
2024-11-23 06:00:00,1.3,35,1020.4,7.4,32.4,0.0,100
2024-11-23 07:00:00,1.5,34,1019.3,8.8,33.8,0.0,100
2024-11-23 08:00:00,1.6,34,1018.2,7.7,34.6,0.0,100
2024-11-23 09:00:00,1.4,35,1017.7,5.9,32.4,0.0,100
2024-11-23 10:00:00,1.2,36,1017.2,5.9,27.4,0.0,100
2024-11-23 11:00:00,0.3,37,1017.8,4.9,27.7,0.0,100
2024-11-23 12:00:00,-1.7,45,1018.5,5.4,25.9,0.0,100
2024-11-23 13:00:00,-2.7,63,1021.4,1.3,22.0,0.0,100
2024-11-23 14:00:00,-2.7,64,1021.7,0.6,17.6,0.0,92
2024-11-23 15:00:00,-3.0,65,1021.8,0.6,12.6,0.0,93
2024-11-23 16:00:00,-3.1,62,1021.7,4.9,19.4,0.0,93
2024-11-23 17:00:00,-2.9,55,1021.2,3.7,20.5,0.0,90
2024-11-23 18:00:00,-2.7,53,1021.8,3.4,21.6,0.0,81
2024-11-23 19:00:00,-3.1,54,1021.8,4.3,23.4,0.0,88
2024-11-23 20:00:00,-3.0,50,1021.6,2.0,22.7,0.0,97
2024-11-23 21:00:00,-3.1,52,1021.6,2.2,18.7,0.0,84
2024-11-23 22:00:00,-3.2,51,1021.1,3.0,18.4,0.0,89
2024-11-23 23:00:00,-2.7,45,1021.1,3.1,19.8,0.0,63
2024-11-24 00:00:00,-3.7,48,1021.5,1.7,18.7,0.0,97
2024-11-24 01:00:00,-4.9,61,1022.5,1.6,16.2,0.0,63
2024-11-24 02:00:00,-4.5,63,1023.8,1.5,14.8,0.1,75
2024-11-24 03:00:00,-2.4,49,1024.4,4.7,20.5,0.1,69
2024-11-24 04:00:00,-1.3,42,1024.5,1.8,20.5,0.1,43
2024-11-24 05:00:00,-0.1,37,1023.9,1.5,17.6,0.0,51
2024-11-24 06:00:00,0.5,35,1022.7,2.7,20.2,0.0,57
2024-11-24 07:00:00,1.5,31,1021.2,6.1,27.7,0.0,49
2024-11-24 08:00:00,1.8,28,1020.0,8.1,32.4,0.0,31
2024-11-24 09:00:00,2.0,27,1019.6,9.3,33.8,0.0,16
2024-11-24 10:00:00,1.7,30,1019.5,10.2,34.6,0.0,6
2024-11-24 11:00:00,0.4,34,1019.8,6.1,34.6,0.0,1
2024-11-24 12:00:00,-2.2,41,1020.1,3.9,28.1,0.0,0
2024-11-24 13:00:00,-2.8,42,1021.7,2.7,22.3,0.0,3
2024-11-24 14:00:00,-3.3,43,1022.5,2.9,21.2,0.0,0
2024-11-24 15:00:00,-3.7,41,1022.7,4.2,19.8,0.0,2
2024-11-24 16:00:00,-3.9,40,1023.1,3.1,19.4,0.0,9
2024-11-24 17:00:00,-3.9,39,1023.0,2.3,18.0,0.0,12
2024-11-24 18:00:00,-4.0,39,1023.0,2.0,16.9,0.0,5
2024-11-24 19:00:00,-4.3,39,1022.8,2.2,16.2,0.0,5
2024-11-24 20:00:00,-4.7,39,1022.5,2.1,15.8,0.0,3
2024-11-24 21:00:00,-5.0,37,1022.5,1.7,15.8,0.0,0
2024-11-24 22:00:00,-5.2,35,1022.4,1.1,14.8,0.0,0
2024-11-24 23:00:00,-5.5,34,1022.3,1.3,14.0,0.0,0
2024-11-25 00:00:00,-5.8,33,1022.4,1.6,13.7,0.0,0
2024-11-25 01:00:00,-6.4,40,1022.7,1.8,15.8,0.0,0
2024-11-25 02:00:00,-5.8,37,1023.8,1.2,14.8,0.0,0
2024-11-25 03:00:00,-1.9,27,1024.5,2.3,13.3,0.0,0
2024-11-25 04:00:00,-0.9,25,1025.0,1.1,15.1,0.0,0
2024-11-25 05:00:00,0.4,22,1024.2,1.9,18.7,0.0,0
2024-11-25 06:00:00,1.4,19,1022.4,2.6,20.5,0.0,34
2024-11-25 07:00:00,2.3,18,1020.3,3.8,24.1,0.0,43
2024-11-25 08:00:00,2.8,18,1018.9,4.9,26.6,0.0,27
2024-11-25 09:00:00,2.6,17,1018.6,5.8,27.7,0.0,9
2024-11-25 10:00:00,2.1,17,1018.6,8.1,31.7,0.0,0
2024-11-25 11:00:00,0.1,20,1019.2,4.7,32.4,0.0,0
2024-11-25 12:00:00,-2.1,24,1019.6,0.9,25.9,0.0,0
2024-11-25 13:00:00,-2.0,22,1019.0,1.3,20.2,0.0,0
2024-11-25 14:00:00,-2.5,24,1019.8,0.6,19.1,0.0,0
2024-11-25 15:00:00,-2.7,24,1020.4,0.3,16.6,0.0,0
2024-11-25 16:00:00,-2.8,24,1021.2,0.3,15.5,0.0,0
2024-11-25 17:00:00,-3.1,25,1021.7,0.3,14.4,0.0,0
2024-11-25 18:00:00,-3.3,25,1022.2,0.6,14.4,0.0,0
2024-11-25 19:00:00,-3.7,26,1022.6,1.0,14.8,0.0,0
2024-11-25 20:00:00,-4.3,27,1022.8,0.9,14.8,0.0,0
2024-11-25 21:00:00,-4.8,29,1023.1,0.8,14.0,0.0,0
2024-11-25 22:00:00,-5.4,31,1023.4,1.0,13.7,0.0,0
2024-11-25 23:00:00,-6.0,33,1023.4,1.2,13.3,0.0,0
2024-11-26 00:00:00,-6.3,34,1023.9,1.0,13.7,0.0,1
2024-11-26 01:00:00,-6.2,34,1023.4,0.2,12.6,0.0,16
2024-11-26 02:00:00,-6.4,34,1024.5,0.4,9.4,0.0,62
2024-11-26 03:00:00,-3.2,26,1025.4,2.5,14.4,0.0,64
2024-11-26 04:00:00,-1.9,24,1025.7,2.5,17.6,0.0,83
2024-11-26 05:00:00,-0.7,23,1025.1,2.7,20.2,0.0,98
2024-11-26 06:00:00,0.3,21,1023.4,2.3,20.5,0.0,99
2024-11-26 07:00:00,1.1,20,1021.5,3.1,22.7,0.0,93
2024-11-26 08:00:00,1.5,20,1020.2,4.4,25.9,0.0,98
2024-11-26 09:00:00,1.3,21,1019.6,5.1,27.0,0.0,85
2024-11-26 10:00:00,0.8,21,1019.4,5.6,27.4,0.0,75
2024-11-26 11:00:00,-0.7,23,1019.6,2.7,27.0,0.0,0
2024-11-26 12:00:00,-2.7,28,1020.1,0.8,20.5,0.0,0
2024-11-26 13:00:00,-2.8,26,1020.6,1.2,19.1,0.0,2
2024-11-26 14:00:00,-3.3,28,1021.3,0.6,18.7,0.0,21
2024-11-26 15:00:00,-3.6,29,1021.9,0.3,16.9,0.0,31
2024-11-26 16:00:00,-3.6,29,1022.7,0.4,15.1,0.0,24
2024-11-26 17:00:00,-3.8,30,1023.3,0.3,14.0,0.0,14
2024-11-26 18:00:00,-4.2,31,1023.3,0.4,13.7,0.0,1
2024-11-26 19:00:00,-4.3,32,1023.4,0.3,13.7,0.0,0
2024-11-26 20:00:00,-4.7,33,1023.5,0.4,13.7,0.0,0
2024-11-26 21:00:00,-5.5,37,1023.7,0.6,13.7,0.0,1
2024-11-26 22:00:00,-6.2,40,1023.9,0.4,13.0,0.0,6
2024-11-26 23:00:00,-6.7,41,1024.1,0.4,11.5,0.0,9
2024-11-27 00:00:00,-7.1,41,1024.6,0.4,10.8,0.0,12
2024-11-27 01:00:00,-7.5,42,1024.8,0.5,12.6,0.0,5
2024-11-27 02:00:00,-7.7,45,1026.2,0.6,10.8,0.0,3
2024-11-27 03:00:00,-4.8,36,1027.3,2.0,13.7,0.0,0
2024-11-27 04:00:00,-2.9,32,1028.0,2.4,18.4,0.0,0
2024-11-27 05:00:00,-1.8,29,1027.4,2.4,20.5,0.0,0
2024-11-27 06:00:00,-0.8,26,1025.4,2.6,21.6,0.0,0
2024-11-27 07:00:00,0.1,24,1023.4,3.1,23.8,0.0,0
2024-11-27 08:00:00,0.6,22,1021.8,4.7,27.0,0.0,0
2024-11-27 09:00:00,0.7,23,1020.9,5.4,28.8,0.0,0
2024-11-27 10:00:00,0.4,23,1020.6,5.5,28.8,0.0,0
2024-11-27 11:00:00,-1.0,25,1021.2,3.6,28.1,0.0,0
2024-11-27 12:00:00,-3.3,30,1022.1,1.2,23.4,0.0,0
2024-11-27 13:00:00,-3.7,31,1022.4,0.9,16.2,0.0,0
2024-11-27 14:00:00,-4.3,33,1023.3,0.2,13.7,0.0,0
2024-11-27 15:00:00,-4.4,34,1024.4,0.6,11.9,0.0,0
2024-11-27 16:00:00,-4.3,34,1025.5,0.4,12.2,0.0,0
2024-11-27 17:00:00,-4.5,34,1026.3,0.6,11.5,0.0,0
2024-11-27 18:00:00,-5.1,36,1026.4,0.6,12.2,0.0,0
2024-11-27 19:00:00,-5.7,38,1026.4,0.6,11.2,0.0,0
2024-11-27 20:00:00,-6.2,40,1026.5,0.6,11.5,0.0,0
2024-11-27 21:00:00,-6.8,41,1027.2,0.4,11.5,0.0,0
2024-11-27 22:00:00,-7.2,41,1027.8,0.4,10.8,0.0,0
2024-11-27 23:00:00,-7.6,40,1028.3,0.2,9.7,0.0,0
2024-11-28 00:00:00,-8.0,39,1028.9,0.3,10.1,0.0,0
2024-11-28 01:00:00,-8.2,33,1029.4,0.6,12.2,0.0,0
2024-11-28 02:00:00,-8.3,32,1030.7,1.2,13.3,0.0,0
2024-11-28 03:00:00,-4.7,23,1031.5,3.6,16.2,0.0,0
2024-11-28 04:00:00,-2.4,18,1031.8,5.2,24.8,0.0,0
2024-11-28 05:00:00,-1.2,16,1031.2,5.8,28.1,0.0,0
2024-11-28 06:00:00,-0.3,14,1029.9,4.6,28.1,0.0,0
2024-11-28 07:00:00,0.8,13,1027.7,4.4,25.9,0.0,0
2024-11-28 08:00:00,1.7,11,1025.5,4.6,26.6,0.0,0
2024-11-28 09:00:00,2.1,10,1024.4,5.2,26.6,0.0,0
2024-11-28 10:00:00,1.9,10,1023.9,5.5,27.0,0.0,0
2024-11-28 11:00:00,-0.2,13,1024.4,3.1,25.9,0.0,0
2024-11-28 12:00:00,-2.6,16,1024.7,0.6,20.2,0.0,0
2024-11-28 13:00:00,-3.3,21,1024.9,2.3,14.0,0.0,0
2024-11-28 14:00:00,-4.2,27,1025.1,4.4,16.2,0.0,75
2024-11-28 15:00:00,-4.7,27,1025.7,2.2,15.8,0.0,92
2024-11-28 16:00:00,-4.6,23,1026.4,3.1,11.9,0.0,98
2024-11-28 17:00:00,-4.6,20,1026.5,2.9,13.7,0.0,100
2024-11-28 18:00:00,-4.3,17,1026.4,1.0,13.0,0.0,100
2024-11-28 19:00:00,-4.2,16,1025.8,2.3,12.6,0.0,100
2024-11-28 20:00:00,-3.6,15,1025.4,0.4,13.3,0.0,100
2024-11-28 21:00:00,-3.6,15,1025.5,0.2,10.8,0.0,82
2024-11-28 22:00:00,-4.4,16,1025.1,0.6,10.8,0.0,100
2024-11-28 23:00:00,-4.4,16,1025.1,0.6,10.8,0.0,95
2024-11-29 00:00:00,-4.7,17,1025.5,0.4,10.4,0.0,86
2024-11-29 01:00:00,-5.3,21,1025.5,1.3,13.7,0.0,67
2024-11-29 02:00:00,-4.9,19,1026.7,0.0,12.6,0.0,21
2024-11-29 03:00:00,-1.7,15,1027.5,0.4,9.0,0.0,66
2024-11-29 04:00:00,0.5,12,1027.4,1.8,15.5,0.0,92
2024-11-29 05:00:00,1.6,10,1026.6,3.1,20.9,0.0,92
2024-11-29 06:00:00,2.7,9,1024.8,3.1,22.0,0.0,72
2024-11-29 07:00:00,3.4,9,1022.7,3.5,22.7,0.0,32
2024-11-29 08:00:00,3.8,9,1021.2,3.7,23.8,0.0,38
2024-11-29 09:00:00,3.7,10,1020.3,3.6,23.4,0.0,42
2024-11-29 10:00:00,3.2,10,1020.0,3.9,22.3,0.0,60
2024-11-29 11:00:00,1.2,14,1020.1,1.3,21.6,0.0,64
2024-11-29 12:00:00,-0.9,16,1020.5,0.4,15.8,0.0,26
2024-11-29 13:00:00,-1.0,17,1021.4,1.3,18.0,0.0,12
2024-11-29 14:00:00,-1.6,18,1022.0,0.7,16.9,0.0,29
2024-11-29 15:00:00,-1.8,18,1022.6,0.4,14.8,0.0,27
2024-11-29 16:00:00,-2.0,18,1023.2,0.3,14.4,0.0,45
2024-11-29 17:00:00,-2.4,19,1023.3,1.7,12.6,0.0,49
2024-11-29 18:00:00,-2.8,20,1023.0,2.9,14.4,0.0,15
2024-11-29 19:00:00,-2.7,20,1022.5,2.0,14.8,0.0,17
2024-11-29 20:00:00,-2.7,21,1022.2,0.9,13.3,0.0,25
2024-11-29 21:00:00,-3.2,22,1022.0,1.3,11.9,0.0,27
2024-11-29 22:00:00,-3.7,24,1021.5,3.2,14.8,0.0,67
2024-11-29 23:00:00,-3.5,24,1021.3,1.4,14.8,0.0,75
2024-11-30 00:00:00,-3.6,25,1021.8,0.6,12.6,0.0,95
2024-11-30 01:00:00,-4.1,31,1022.0,0.8,14.8,0.0,91
2024-11-30 02:00:00,-4.1,30,1022.7,1.7,12.6,0.0,17
2024-11-30 03:00:00,-0.6,23,1022.8,3.6,16.2,0.0,100
2024-11-30 04:00:00,1.6,20,1022.6,1.5,19.4,0.0,100
2024-11-30 05:00:00,2.3,18,1021.5,1.2,16.9,0.0,44
2024-11-30 06:00:00,3.7,16,1019.1,3.3,20.9,0.0,100
2024-11-30 07:00:00,4.1,16,1017.2,5.4,24.1,0.0,100
2024-11-30 08:00:00,3.8,20,1015.7,7.6,27.0,0.0,100
2024-11-30 09:00:00,3.8,22,1014.7,7.6,28.1,0.0,68
2024-11-30 10:00:00,3.8,23,1014.5,8.4,29.5,0.0,60
2024-11-30 11:00:00,1.9,29,1015.1,6.4,28.4,0.0,70
2024-11-30 12:00:00,-0.8,39,1015.9,4.3,24.8,0.0,91
2024-11-30 13:00:00,-1.0,35,1018.2,3.6,27.0,0.0,40
2024-11-30 14:00:00,-1.3,37,1018.9,0.6,23.4,0.0,41
2024-11-30 15:00:00,-2.2,42,1019.7,1.8,19.1,0.0,44
2024-11-30 16:00:00,-2.5,44,1020.5,2.3,18.7,0.0,36
2024-11-30 17:00:00,-3.0,44,1020.3,3.8,19.1,0.0,15
2024-11-30 18:00:00,-3.3,45,1020.2,1.7,18.4,0.0,35
2024-11-30 19:00:00,-4.2,52,1019.5,2.5,17.3,0.0,3
2024-11-30 20:00:00,-4.8,52,1019.1,1.8,17.6,0.0,3
2024-11-30 21:00:00,-5.3,54,1018.9,1.7,16.6,0.0,11
2024-11-30 22:00:00,-5.8,55,1018.8,2.0,15.8,0.0,37
2024-11-30 23:00:00,-6.0,54,1018.7,2.4,16.9,0.0,35
2024-12-01 00:00:00,-6.1,54,1019.3,2.4,17.3,0.0,42
2024-12-01 01:00:00,-6.6,50,1020.5,3.5,19.8,0.0,43
2024-12-01 02:00:00,-6.2,49,1021.4,3.9,19.8,0.0,8
2024-12-01 03:00:00,-3.3,38,1022.1,7.3,24.5,0.0,2
2024-12-01 04:00:00,-1.3,30,1022.6,6.7,26.3,0.0,6
2024-12-01 05:00:00,-0.4,27,1022.3,7.9,29.9,0.0,4
2024-12-01 06:00:00,0.5,24,1020.8,7.0,29.9,0.0,1
2024-12-01 07:00:00,1.1,22,1019.2,5.9,29.2,0.0,7
2024-12-01 08:00:00,1.6,20,1017.1,7.0,29.2,0.0,8
2024-12-01 09:00:00,1.6,19,1016.0,5.2,28.1,0.0,24
2024-12-01 10:00:00,1.5,19,1015.2,7.4,24.8,0.0,14
2024-12-01 11:00:00,-0.3,22,1015.5,3.6,24.8,0.0,1
2024-12-01 12:00:00,-2.2,25,1015.7,2.4,19.8,0.0,1
2024-12-01 13:00:00,-2.1,27,1017.0,4.8,22.0,0.0,14
2024-12-01 14:00:00,-1.5,25,1017.4,4.1,23.4,0.0,16
2024-12-01 15:00:00,-2.4,27,1017.4,3.7,23.4,0.0,11
2024-12-01 16:00:00,-3.5,29,1017.6,5.2,21.6,0.0,7
2024-12-01 17:00:00,-4.2,32,1017.6,5.9,21.2,0.0,5
2024-12-01 18:00:00,-4.6,33,1017.9,4.8,21.2,0.0,9
2024-12-01 19:00:00,-4.8,33,1017.8,4.9,20.5,0.0,9
2024-12-01 20:00:00,-5.4,34,1017.6,4.7,20.2,0.0,10
2024-12-01 21:00:00,-6.0,35,1017.4,5.0,20.2,0.0,16
2024-12-01 22:00:00,-6.4,36,1017.1,5.2,20.5,0.0,14
2024-12-01 23:00:00,-7.1,37,1017.1,5.9,20.9,0.0,23
2024-12-02 00:00:00,-7.6,38,1017.6,6.2,21.2,0.0,21
2024-12-02 01:00:00,-7.9,40,1018.3,5.4,20.2,0.0,28
2024-12-02 02:00:00,-7.9,38,1019.1,5.9,19.4,0.0,21
2024-12-02 03:00:00,-3.9,28,1019.8,9.5,22.7,0.0,20
2024-12-02 04:00:00,-0.9,23,1020.4,10.1,29.9,0.0,20
2024-12-02 05:00:00,0.1,22,1019.9,10.7,33.1,0.0,14
2024-12-02 06:00:00,1.2,19,1018.6,10.9,34.9,0.0,3
2024-12-02 07:00:00,2.0,17,1017.0,12.3,36.7,0.0,10
2024-12-02 08:00:00,2.2,17,1015.7,11.3,37.1,0.0,12
2024-12-02 09:00:00,2.0,18,1015.4,13.1,39.2,0.0,25
2024-12-02 10:00:00,1.4,18,1015.3,14.1,39.6,0.0,3
2024-12-02 11:00:00,0.2,20,1015.3,7.5,33.8,0.0,7
2024-12-02 12:00:00,-2.7,25,1015.1,7.1,24.1,0.0,4
2024-12-02 13:00:00,-3.3,24,1014.9,6.1,29.2,0.0,2
2024-12-02 14:00:00,-3.1,22,1015.8,6.2,33.5,0.0,1
2024-12-02 15:00:00,-2.8,22,1016.6,4.1,33.1,0.0,2
2024-12-02 16:00:00,-3.8,25,1017.3,5.8,26.6,0.0,2
2024-12-02 17:00:00,-4.6,29,1018.0,6.9,23.8,0.0,10
2024-12-02 18:00:00,-5.6,32,1018.9,7.2,22.3,0.0,2
2024-12-02 19:00:00,-6.4,34,1019.4,7.2,23.4,0.0,1
2024-12-02 20:00:00,-6.8,36,1019.8,7.3,24.8,0.0,31
2024-12-02 21:00:00,-7.1,37,1020.4,7.3,25.6,0.0,63
2024-12-02 22:00:00,-7.1,37,1020.9,7.6,25.6,0.0,65
2024-12-02 23:00:00,-7.4,38,1020.8,7.7,25.6,0.0,90
2024-12-03 00:00:00,-7.1,37,1021.0,7.3,25.2,0.0,67
2024-12-03 01:00:00,-7.0,40,1022.0,6.1,26.6,0.0,98
2024-12-03 02:00:00,-6.5,37,1022.2,6.6,24.1,0.0,83
2024-12-03 03:00:00,-3.6,30,1022.4,9.7,26.3,0.0,90
2024-12-03 04:00:00,-0.4,23,1022.3,11.8,33.1,0.0,87
2024-12-03 05:00:00,0.9,21,1021.6,13.8,38.9,0.0,75
2024-12-03 06:00:00,2.0,19,1020.1,13.7,41.8,0.0,9
2024-12-03 07:00:00,2.7,18,1018.0,13.5,42.5,0.0,8
2024-12-03 08:00:00,2.7,18,1017.2,15.5,46.8,0.0,88
2024-12-03 09:00:00,3.1,19,1015.7,13.2,48.6,0.0,59
2024-12-03 10:00:00,3.0,18,1014.6,14.4,47.5,0.0,20
2024-12-03 11:00:00,1.0,26,1016.1,8.2,50.0,0.0,0
2024-12-03 12:00:00,-1.7,32,1016.5,5.2,34.6,0.0,6
2024-12-03 13:00:00,-3.0,33,1020.0,5.3,30.6,0.0,42
2024-12-03 14:00:00,-3.6,34,1020.9,3.0,27.4,0.0,17
2024-12-03 15:00:00,-4.2,40,1021.4,2.3,23.4,0.0,3
2024-12-03 16:00:00,-4.9,43,1022.1,4.0,22.3,0.0,14
2024-12-03 17:00:00,-4.9,41,1022.6,5.6,24.5,0.0,27
2024-12-03 18:00:00,-5.0,40,1022.8,6.7,26.3,0.0,25
2024-12-03 19:00:00,-5.8,42,1022.8,6.5,26.3,0.0,34
2024-12-03 20:00:00,-6.5,43,1023.0,6.1,25.6,0.0,28
2024-12-03 21:00:00,-6.9,43,1023.1,6.1,25.6,0.0,34
2024-12-03 22:00:00,-7.2,41,1023.1,5.9,24.5,0.0,31
2024-12-03 23:00:00,-7.8,42,1023.0,5.3,24.1,0.0,24
2024-12-04 00:00:00,-8.3,42,1023.2,4.9,23.4,0.0,14
2024-12-04 01:00:00,-9.2,47,1023.8,5.4,24.1,0.0,8
2024-12-04 02:00:00,-9.1,42,1024.6,4.3,21.6,0.0,3
2024-12-04 03:00:00,-5.1,28,1025.0,7.2,23.0,0.0,1
2024-12-04 04:00:00,-1.5,21,1025.0,7.2,27.4,0.0,0
2024-12-04 05:00:00,-0.1,21,1024.1,8.4,31.7,0.0,0
2024-12-04 06:00:00,0.9,19,1022.6,9.5,33.8,0.0,0
2024-12-04 07:00:00,1.6,17,1020.8,10.6,36.0,0.0,0
2024-12-04 08:00:00,2.1,16,1019.3,11.1,37.1,0.0,0
2024-12-04 09:00:00,2.1,14,1018.5,11.2,37.1,0.0,0
2024-12-04 10:00:00,1.8,13,1017.7,11.4,36.4,0.0,0
2024-12-04 11:00:00,-0.0,15,1017.6,5.6,34.9,0.0,0
2024-12-04 12:00:00,-2.0,17,1017.9,3.4,27.0,0.0,0
2024-12-04 13:00:00,-3.1,17,1018.9,4.1,22.0,0.0,0
2024-12-04 14:00:00,-3.3,18,1019.6,4.0,24.5,0.0,0
2024-12-04 15:00:00,-3.3,20,1020.1,3.1,24.5,0.0,0
2024-12-04 16:00:00,-3.7,22,1020.6,2.8,23.8,0.0,0
2024-12-04 17:00:00,-4.1,21,1020.9,3.3,22.3,0.0,0
2024-12-04 18:00:00,-4.8,20,1020.6,3.8,22.0,0.0,0
2024-12-04 19:00:00,-5.2,20,1020.1,4.2,22.3,0.0,0
2024-12-04 20:00:00,-5.6,21,1019.7,4.1,22.3,0.0,0
2024-12-04 21:00:00,-6.0,22,1019.7,4.2,22.0,0.0,0
2024-12-04 22:00:00,-6.7,25,1019.2,4.3,21.2,0.0,0
2024-12-04 23:00:00,-7.4,27,1018.7,4.8,21.2,0.0,0
2024-12-05 00:00:00,-7.9,29,1018.5,4.8,21.6,0.0,0
2024-12-05 01:00:00,-9.3,34,1019.8,5.5,23.8,0.0,0
2024-12-05 02:00:00,-9.1,31,1020.2,4.8,20.9,0.0,0
2024-12-05 03:00:00,-5.0,22,1020.6,8.4,21.6,0.0,0
2024-12-05 04:00:00,-0.5,15,1020.5,8.4,28.4,0.0,0
2024-12-05 05:00:00,1.2,10,1019.7,10.8,34.2,0.0,0
2024-12-05 06:00:00,2.2,9,1017.7,12.6,39.2,0.0,20
2024-12-05 07:00:00,2.9,8,1015.6,13.0,41.4,0.0,19
2024-12-05 08:00:00,3.5,7,1013.5,12.2,41.4,0.0,0
2024-12-05 09:00:00,3.9,8,1012.2,13.6,43.2,0.0,0
2024-12-05 10:00:00,3.6,8,1011.6,13.9,43.6,0.0,0
2024-12-05 11:00:00,1.4,11,1011.8,8.6,41.4,0.0,0
2024-12-05 12:00:00,-2.1,15,1012.6,8.8,34.2,0.0,0
2024-12-05 13:00:00,-2.3,15,1013.7,6.7,30.6,0.0,0
2024-12-05 14:00:00,-4.0,16,1014.5,6.7,28.8,0.0,0
2024-12-05 15:00:00,-5.1,16,1015.4,7.6,25.9,0.0,0
2024-12-05 16:00:00,-6.0,18,1016.1,7.7,25.9,0.0,0
2024-12-05 17:00:00,-6.6,19,1016.2,7.6,25.9,0.0,0
2024-12-05 18:00:00,-7.0,19,1016.1,7.6,25.6,0.0,0
2024-12-05 19:00:00,-7.6,19,1015.9,7.4,25.6,0.0,0
2024-12-05 20:00:00,-8.1,20,1016.1,7.2,25.6,0.0,0
2024-12-05 21:00:00,-8.6,21,1016.1,7.0,25.2,0.0,0
2024-12-05 22:00:00,-9.1,23,1016.1,6.8,24.8,0.0,0
2024-12-05 23:00:00,-9.4,23,1016.2,6.7,24.1,0.0,0
2024-12-06 00:00:00,-9.4,22,1016.5,6.5,23.8,0.0,0
2024-12-06 01:00:00,-9.6,26,1017.6,5.9,24.5,0.0,0
2024-12-06 02:00:00,-9.4,25,1018.1,4.9,23.4,0.0,0
2024-12-06 03:00:00,-5.5,19,1018.9,9.3,24.8,0.0,0
2024-12-06 04:00:00,-1.6,14,1019.1,9.1,30.2,0.0,0
2024-12-06 05:00:00,-0.4,13,1018.3,12.6,37.8,0.0,0
2024-12-06 06:00:00,0.6,12,1016.9,12.9,41.0,0.0,0
2024-12-06 07:00:00,1.1,11,1015.2,13.1,42.1,0.0,0
2024-12-06 08:00:00,1.2,11,1013.8,13.4,42.8,0.0,0
2024-12-06 09:00:00,1.3,11,1012.9,14.1,42.8,0.0,0
2024-12-06 10:00:00,1.0,12,1012.2,14.4,41.8,0.0,0
2024-12-06 11:00:00,-0.5,14,1012.6,9.3,35.6,0.0,0
2024-12-06 12:00:00,-3.7,17,1013.4,8.6,26.6,0.0,0
2024-12-06 13:00:00,-4.2,17,1014.5,9.0,24.8,0.0,0
2024-12-06 14:00:00,-5.0,18,1015.5,8.1,24.8,0.0,0
2024-12-06 15:00:00,-5.4,18,1015.5,7.0,24.8,0.0,0
2024-12-06 16:00:00,-5.9,18,1016.0,6.0,24.8,0.0,0
2024-12-06 17:00:00,-6.4,19,1016.0,5.8,24.8,0.0,0
2024-12-06 18:00:00,-6.9,19,1015.4,5.9,24.5,0.0,10
2024-12-06 19:00:00,-7.4,20,1014.5,6.5,24.1,0.0,88
2024-12-06 20:00:00,-7.3,20,1014.3,6.8,24.5,0.0,99
2024-12-06 21:00:00,-6.7,20,1014.3,7.0,24.1,0.0,100
2024-12-06 22:00:00,-6.6,20,1014.2,6.9,24.1,0.0,100
2024-12-06 23:00:00,-6.7,19,1014.2,7.4,24.1,0.0,100
2024-12-07 00:00:00,-6.7,19,1014.2,7.8,23.4,0.0,100
2024-12-07 01:00:00,-7.4,22,1014.0,6.8,20.5,0.0,100
2024-12-07 02:00:00,-7.4,22,1014.7,6.8,19.1,0.0,100
2024-12-07 03:00:00,-4.6,17,1014.7,9.9,22.3,0.0,100
2024-12-07 04:00:00,-2.0,12,1014.6,9.2,28.1,0.0,100
2024-12-07 05:00:00,-1.1,12,1014.3,8.5,29.2,0.0,100
2024-12-07 06:00:00,-0.5,12,1012.9,8.1,30.6,0.0,100
2024-12-07 07:00:00,-0.1,12,1011.2,6.4,30.2,0.0,100
2024-12-07 08:00:00,-0.1,12,1010.0,7.5,31.3,0.0,99
2024-12-07 09:00:00,0.1,11,1008.9,7.8,34.6,0.0,99
2024-12-07 10:00:00,0.2,9,1007.7,8.1,36.0,0.0,95
2024-12-07 11:00:00,-0.9,11,1008.2,5.2,36.7,0.0,82
2024-12-07 12:00:00,-2.6,19,1009.4,8.0,38.9,0.0,71
2024-12-07 13:00:00,-4.5,24,1012.6,2.9,25.9,0.0,25
2024-12-07 14:00:00,-4.7,25,1013.4,1.1,24.5,0.0,28
2024-12-07 15:00:00,-5.9,30,1014.0,0.7,19.8,0.0,9
2024-12-07 16:00:00,-7.2,35,1014.7,0.7,15.1,0.0,7
2024-12-07 17:00:00,-7.6,33,1014.9,2.4,15.5,0.0,11
2024-12-07 18:00:00,-7.8,29,1014.7,3.6,17.6,0.0,33
2024-12-07 19:00:00,-8.0,29,1014.5,5.8,20.5,0.0,23
2024-12-07 20:00:00,-8.5,30,1014.5,5.9,20.5,0.0,29
2024-12-07 21:00:00,-9.3,30,1015.1,7.2,19.8,0.0,35
2024-12-07 22:00:00,-9.6,32,1014.8,6.7,20.2,0.0,34
2024-12-07 23:00:00,-10.2,33,1015.1,6.9,20.2,0.0,37
2024-12-08 00:00:00,-10.8,34,1015.9,7.3,19.1,0.0,67
2024-12-08 01:00:00,-9.9,32,1015.9,6.0,19.8,0.1,80
2024-12-08 02:00:00,-9.9,36,1016.8,4.5,19.8,0.1,77
2024-12-08 03:00:00,-7.8,34,1017.6,9.4,24.1,0.1,99
2024-12-08 04:00:00,-6.6,28,1018.5,6.8,25.2,0.1,95
2024-12-08 05:00:00,-6.1,27,1018.2,8.3,26.3,0.1,92
2024-12-08 06:00:00,-5.5,25,1016.9,9.6,29.5,0.0,89
2024-12-08 07:00:00,-5.4,23,1015.5,7.7,29.5,0.0,98
2024-12-08 08:00:00,-5.4,24,1014.3,5.9,27.7,0.0,97
2024-12-08 09:00:00,-5.5,26,1013.6,6.1,25.2,0.0,100
2024-12-08 10:00:00,-6.1,32,1014.0,3.9,25.2,0.0,100
2024-12-08 11:00:00,-6.5,36,1014.6,1.0,22.3,0.0,98
2024-12-08 12:00:00,-7.6,39,1015.4,0.5,17.3,0.0,66
2024-12-08 13:00:00,-7.9,38,1015.9,3.2,21.2,0.0,96
2024-12-08 14:00:00,-8.7,43,1016.7,1.8,21.6,0.0,57
2024-12-08 15:00:00,-9.4,45,1017.0,0.9,19.4,0.0,54
2024-12-08 16:00:00,-10.6,47,1017.1,2.2,16.9,0.0,73
2024-12-08 17:00:00,-10.6,43,1017.5,1.2,18.7,0.0,58
2024-12-08 18:00:00,-11.2,46,1018.3,0.2,15.5,0.0,11
2024-12-08 19:00:00,-12.3,49,1017.6,0.9,13.7,0.0,26
2024-12-08 20:00:00,-12.5,45,1017.0,2.3,16.2,0.0,17
2024-12-08 21:00:00,-12.5,41,1016.8,3.3,17.3,0.0,20
2024-12-08 22:00:00,-12.8,41,1016.6,4.5,20.2,0.0,37
2024-12-08 23:00:00,-13.1,42,1017.0,4.1,20.2,0.0,45
2024-12-09 00:00:00,-13.0,43,1017.9,4.3,19.8,0.0,80
2024-12-09 01:00:00,-12.4,48,1019.8,1.9,19.1,0.0,30
2024-12-09 02:00:00,-12.3,48,1021.3,1.4,17.6,0.0,48
2024-12-09 03:00:00,-10.3,42,1022.1,4.8,18.0,0.0,60
2024-12-09 04:00:00,-9.1,37,1022.5,4.2,22.7,0.0,34
2024-12-09 05:00:00,-8.2,34,1022.2,2.8,23.4,0.0,20
2024-12-09 06:00:00,-7.4,29,1020.8,2.0,22.3,0.0,16
2024-12-09 07:00:00,-6.6,27,1018.7,3.1,24.5,0.0,71
2024-12-09 08:00:00,-5.9,25,1016.5,4.5,28.1,0.0,91
2024-12-09 09:00:00,-6.2,24,1015.7,3.0,29.2,0.0,78
2024-12-09 10:00:00,-6.9,37,1016.5,5.8,29.5,0.0,96
2024-12-09 11:00:00,-8.2,48,1019.0,10.8,35.3,0.2,81
2024-12-09 12:00:00,-11.4,50,1020.5,5.5,34.6,0.1,72
2024-12-09 13:00:00,-12.3,47,1023.0,2.6,20.9,0.0,43
2024-12-09 14:00:00,-13.2,45,1023.9,1.5,22.3,0.0,44
2024-12-09 15:00:00,-13.6,47,1024.8,1.8,20.2,0.0,64
2024-12-09 16:00:00,-14.3,49,1025.1,1.7,20.9,0.0,57
2024-12-09 17:00:00,-15.0,51,1025.7,1.8,20.2,0.0,73
2024-12-09 18:00:00,-15.5,51,1026.7,2.2,19.1,0.0,94
2024-12-09 19:00:00,-15.6,52,1027.5,3.0,19.8,0.0,84
2024-12-09 20:00:00,-16.3,53,1028.2,3.7,21.6,0.0,76
2024-12-09 21:00:00,-16.8,53,1028.8,3.9,21.6,0.0,52
2024-12-09 22:00:00,-17.3,52,1028.5,3.7,21.2,0.0,15
2024-12-09 23:00:00,-18.0,53,1028.2,3.8,20.9,0.0,2
2024-12-10 00:00:00,-18.2,52,1027.9,3.6,20.5,0.0,0
2024-12-10 01:00:00,-17.9,57,1028.5,3.5,23.0,0.0,96
2024-12-10 02:00:00,-17.2,51,1028.1,3.5,19.8,0.0,100
2024-12-10 03:00:00,-14.4,44,1027.3,4.7,21.2,0.0,98
2024-12-10 04:00:00,-10.0,45,1026.0,5.7,24.1,0.0,100
2024-12-10 05:00:00,-7.0,37,1024.0,7.1,27.7,0.0,98
2024-12-10 06:00:00,-5.8,33,1021.3,9.5,31.7,0.0,97
2024-12-10 07:00:00,-5.0,33,1018.4,10.6,32.8,0.0,96
2024-12-10 08:00:00,-4.5,34,1016.4,9.8,32.8,0.0,87
2024-12-10 09:00:00,-4.3,36,1015.1,8.6,31.3,0.0,67
2024-12-10 10:00:00,-5.0,39,1014.5,8.1,30.6,0.0,45
2024-12-10 11:00:00,-6.1,40,1014.2,8.1,29.5,0.0,36
2024-12-10 12:00:00,-7.5,42,1014.3,8.3,28.8,0.0,55
2024-12-10 13:00:00,-8.5,47,1015.7,7.9,27.0,0.0,37
2024-12-10 14:00:00,-9.6,49,1016.5,8.0,28.1,0.0,59
2024-12-10 15:00:00,-10.9,51,1016.8,7.8,27.4,0.0,62
2024-12-10 16:00:00,-10.5,52,1017.0,8.1,27.4,0.0,67
2024-12-10 17:00:00,-10.2,52,1017.0,8.5,28.1,0.0,77
2024-12-10 18:00:00,-10.6,52,1016.8,8.9,28.4,0.0,60
2024-12-10 19:00:00,-10.7,52,1016.1,9.1,28.8,0.0,48
2024-12-10 20:00:00,-10.5,53,1015.9,9.5,29.9,0.0,57
2024-12-10 21:00:00,-10.7,54,1016.0,9.5,30.2,0.0,44
2024-12-10 22:00:00,-10.6,53,1016.1,9.8,30.6,0.0,12
2024-12-10 23:00:00,-11.2,53,1016.2,10.1,31.0,0.0,58
2024-12-11 00:00:00,-10.4,52,1016.4,9.9,31.0,0.0,97
2024-12-11 01:00:00,-10.3,55,1017.5,9.9,30.2,0.0,100
2024-12-11 02:00:00,-10.2,54,1017.7,9.4,29.5,0.0,100
2024-12-11 03:00:00,-7.9,53,1018.2,8.9,29.5,0.0,94
2024-12-11 04:00:00,-5.3,48,1018.1,8.9,31.0,0.0,93
2024-12-11 05:00:00,-3.5,45,1017.4,11.6,37.1,0.0,70
2024-12-11 06:00:00,-2.9,44,1016.4,14.9,43.6,0.0,16
2024-12-11 07:00:00,-2.4,44,1015.0,14.4,43.6,0.0,55
2024-12-11 08:00:00,-2.2,44,1014.2,14.6,46.8,0.0,90
2024-12-11 09:00:00,-2.9,46,1014.4,13.0,47.5,0.0,98
2024-12-11 10:00:00,-3.4,48,1014.8,10.5,41.0,0.0,56
2024-12-11 11:00:00,-5.5,52,1015.7,8.6,36.0,0.0,48
2024-12-11 12:00:00,-7.5,49,1015.3,8.4,32.4,0.0,50
2024-12-11 13:00:00,-8.7,50,1016.4,10.3,24.1,0.0,49
2024-12-11 14:00:00,-9.5,55,1016.5,10.5,30.2,0.0,44
2024-12-11 15:00:00,-9.5,56,1016.4,9.6,30.6,0.0,42
2024-12-11 16:00:00,-10.7,56,1016.3,10.8,28.1,0.0,22
2024-12-11 17:00:00,-10.9,58,1015.9,11.9,31.3,0.0,21
2024-12-11 18:00:00,-11.5,56,1015.3,10.3,30.6,0.0,17
2024-12-11 19:00:00,-12.0,55,1014.3,10.5,27.7,0.0,28
2024-12-11 20:00:00,-12.4,54,1013.4,10.1,25.9,0.0,64
2024-12-11 21:00:00,-11.5,52,1012.8,9.2,24.1,0.0,73
2024-12-11 22:00:00,-11.2,51,1012.1,8.1,22.0,0.0,76
2024-12-11 23:00:00,-11.3,51,1011.5,7.5,21.6,0.0,87
2024-12-12 00:00:00,-11.8,50,1011.6,7.8,21.6,0.0,82
2024-12-12 01:00:00,-9.9,55,1012.7,7.0,20.5,0.1,78
2024-12-12 02:00:00,-11.2,54,1013.9,8.0,18.0,0.1,51
2024-12-12 03:00:00,-9.0,53,1014.5,8.5,20.9,0.0,65
2024-12-12 04:00:00,-5.5,48,1013.9,6.2,22.7,0.0,55
2024-12-12 05:00:00,-3.6,44,1012.9,5.5,25.9,0.0,29
2024-12-12 06:00:00,-3.0,42,1011.6,6.5,28.8,0.0,46
2024-12-12 07:00:00,-2.9,43,1010.8,8.9,34.2,0.0,16
2024-12-12 08:00:00,-3.2,44,1010.4,8.8,36.4,0.0,16
2024-12-12 09:00:00,-3.6,40,1010.5,9.9,37.1,0.0,57
2024-12-12 10:00:00,-5.1,43,1011.5,9.0,37.4,0.0,60
2024-12-12 11:00:00,-6.4,49,1012.2,6.3,32.4,0.0,55
2024-12-12 12:00:00,-8.5,48,1013.3,5.9,27.7,0.0,73
2024-12-12 13:00:00,-9.3,49,1016.1,6.7,23.4,0.1,89
2024-12-12 14:00:00,-9.8,50,1018.1,6.4,24.5,0.0,92
2024-12-12 15:00:00,-10.6,50,1019.0,6.9,28.1,0.0,75
2024-12-12 16:00:00,-11.6,45,1020.5,6.7,29.9,0.0,66
2024-12-12 17:00:00,-11.0,45,1021.5,5.9,31.7,0.0,60
2024-12-12 18:00:00,-10.8,47,1022.5,5.6,32.4,0.0,29
2024-12-12 19:00:00,-11.4,45,1023.2,5.2,33.1,0.0,15
2024-12-12 20:00:00,-12.4,44,1024.2,3.8,32.0,0.0,32
2024-12-12 21:00:00,-13.4,46,1025.1,3.7,28.8,0.0,57
2024-12-12 22:00:00,-14.4,47,1026.0,3.8,27.0,0.0,80
2024-12-12 23:00:00,-14.8,47,1027.5,3.6,26.3,0.0,69
2024-12-13 00:00:00,-14.9,48,1029.1,2.6,25.6,0.0,62
2024-12-13 01:00:00,-15.9,50,1030.7,2.1,22.7,0.0,70
2024-12-13 02:00:00,-16.0,49,1032.9,0.7,20.2,0.0,73
2024-12-13 03:00:00,-13.8,45,1034.8,1.2,15.1,0.0,67
2024-12-13 04:00:00,-10.8,42,1035.8,0.3,14.0,0.0,42
2024-12-13 05:00:00,-8.3,37,1036.1,1.0,14.0,0.0,18
2024-12-13 06:00:00,-7.4,38,1034.5,1.2,15.1,0.0,5
2024-12-13 07:00:00,-6.6,34,1032.5,2.0,16.9,0.0,0
2024-12-13 08:00:00,-6.0,34,1030.4,3.9,21.6,0.0,0
2024-12-13 09:00:00,-5.8,40,1029.4,3.4,24.1,0.0,0
2024-12-13 10:00:00,-6.6,45,1028.8,2.7,22.3,0.0,0
2024-12-13 11:00:00,-8.1,35,1028.3,1.6,20.2,0.0,0
2024-12-13 12:00:00,-10.2,38,1028.6,1.0,18.0,0.0,0
2024-12-13 13:00:00,-11.4,35,1029.5,1.6,17.3,0.0,0
2024-12-13 14:00:00,-13.0,36,1029.8,1.5,15.8,0.0,0
2024-12-13 15:00:00,-13.8,33,1030.3,2.1,12.2,0.0,0
2024-12-13 16:00:00,-13.8,31,1031.3,2.1,11.9,0.0,0
2024-12-13 17:00:00,-13.8,29,1031.6,2.1,11.2,0.0,0
2024-12-13 18:00:00,-13.6,27,1031.9,1.2,11.5,0.0,0
2024-12-13 19:00:00,-13.3,25,1032.3,1.1,9.7,0.0,0
2024-12-13 20:00:00,-13.2,25,1032.0,1.2,10.8,0.0,0
2024-12-13 21:00:00,-13.0,25,1032.3,0.8,10.4,0.0,1
2024-12-13 22:00:00,-13.0,25,1032.2,0.9,10.8,0.0,1
2024-12-13 23:00:00,-13.1,25,1032.5,0.4,10.1,0.0,0
2024-12-14 00:00:00,-13.3,25,1033.0,0.6,9.4,0.0,0
2024-12-14 01:00:00,-13.2,31,1032.7,1.3,13.3,0.0,0
2024-12-14 02:00:00,-13.1,30,1034.3,0.7,13.0,0.0,0
2024-12-14 03:00:00,-11.3,30,1034.9,0.5,10.4,0.0,0
2024-12-14 04:00:00,-8.0,31,1034.5,1.0,12.6,0.0,5
2024-12-14 05:00:00,-5.0,39,1033.5,3.3,19.1,0.0,57
2024-12-14 06:00:00,-3.0,31,1031.6,5.4,24.8,0.0,98
2024-12-14 07:00:00,-1.9,30,1029.6,6.5,27.4,0.0,53
2024-12-14 08:00:00,-1.2,30,1027.7,6.6,29.2,0.0,67
2024-12-14 09:00:00,-1.1,34,1026.6,6.1,29.5,0.0,95
2024-12-14 10:00:00,-1.7,36,1026.1,5.7,28.8,0.0,67
2024-12-14 11:00:00,-3.3,27,1026.1,4.1,26.6,0.0,26
2024-12-14 12:00:00,-5.8,27,1026.6,3.6,23.8,0.0,81
2024-12-14 13:00:00,-7.0,30,1027.3,3.7,22.7,0.0,84
2024-12-14 14:00:00,-8.4,34,1027.7,3.4,20.5,0.0,92
2024-12-14 15:00:00,-8.9,36,1028.1,4.2,18.7,0.0,100
2024-12-14 16:00:00,-9.1,39,1028.6,4.2,18.7,0.0,15
2024-12-14 17:00:00,-9.1,40,1028.6,4.2,18.7,0.0,3
2024-12-14 18:00:00,-9.6,41,1028.2,4.7,17.6,0.0,11
2024-12-14 19:00:00,-9.7,42,1027.4,5.1,18.0,0.0,61
2024-12-14 20:00:00,-9.9,41,1026.8,4.9,18.4,0.0,5
2024-12-14 21:00:00,-10.2,41,1026.3,5.3,19.4,0.0,90
2024-12-14 22:00:00,-10.4,41,1026.0,5.4,19.8,0.0,85
2024-12-14 23:00:00,-10.3,40,1025.6,5.5,19.8,0.0,53
2024-12-15 00:00:00,-10.3,39,1025.2,5.4,19.8,0.0,50
2024-12-15 01:00:00,-10.2,37,1026.3,5.4,23.0,0.0,99
2024-12-15 02:00:00,-9.9,35,1026.2,5.1,19.1,0.0,99
2024-12-15 03:00:00,-7.5,33,1026.4,5.6,19.4,0.0,93
2024-12-15 04:00:00,-3.4,34,1026.2,6.4,22.7,0.0,84
2024-12-15 05:00:00,1.0,34,1025.6,7.1,28.4,0.0,90
2024-12-15 06:00:00,2.9,31,1023.8,9.0,33.1,0.0,88
2024-12-15 07:00:00,3.7,29,1022.0,10.0,34.9,0.0,98
2024-12-15 08:00:00,4.1,28,1020.4,10.7,36.7,0.0,94
2024-12-15 09:00:00,3.6,29,1019.7,10.3,36.7,0.0,75
2024-12-15 10:00:00,2.7,30,1019.4,10.0,34.6,0.0,77
2024-12-15 11:00:00,0.4,29,1018.9,9.9,33.5,0.0,89
2024-12-15 12:00:00,-2.3,30,1019.2,9.6,31.7,0.0,81
2024-12-15 13:00:00,-2.5,32,1020.3,9.2,30.6,0.0,99
2024-12-15 14:00:00,-2.8,32,1020.3,8.5,29.2,0.0,100
2024-12-15 15:00:00,-3.1,31,1020.0,9.2,28.1,0.0,91
2024-12-15 16:00:00,-4.2,30,1019.9,9.5,28.1,0.0,22
2024-12-15 17:00:00,-5.5,30,1020.0,9.6,29.2,0.0,72
2024-12-15 18:00:00,-6.1,31,1019.4,10.1,29.9,0.0,75
2024-12-15 19:00:00,-6.3,32,1018.8,10.6,30.6,0.0,72
2024-12-15 20:00:00,-7.0,32,1018.3,10.9,31.0,0.0,80
2024-12-15 21:00:00,-6.8,32,1017.9,10.8,31.7,0.0,89
2024-12-15 22:00:00,-6.8,32,1017.6,11.1,32.0,0.0,96
2024-12-15 23:00:00,-6.6,32,1017.3,10.9,32.0,0.0,99
2024-12-16 00:00:00,-6.4,32,1017.2,11.1,32.8,0.0,100
2024-12-16 01:00:00,-6.7,31,1018.1,11.6,35.3,0.0,100
2024-12-16 02:00:00,-6.5,31,1018.9,11.6,33.8,0.0,97
2024-12-16 03:00:00,-4.7,32,1019.5,11.2,32.8,0.0,98
2024-12-16 04:00:00,-0.9,31,1019.9,11.3,33.5,0.0,86
2024-12-16 05:00:00,1.8,28,1019.1,11.9,37.8,0.0,48
2024-12-16 06:00:00,2.9,26,1018.0,14.3,44.3,0.0,26
2024-12-16 07:00:00,3.4,26,1016.6,15.0,46.8,0.0,7
2024-12-16 08:00:00,3.4,26,1015.2,14.9,47.9,0.0,12
2024-12-16 09:00:00,3.4,26,1014.2,13.7,47.2,0.0,18
2024-12-16 10:00:00,2.5,27,1013.7,13.2,45.7,0.0,33
2024-12-16 11:00:00,3.8,12,1013.0,13.3,52.2,0.0,92
2024-12-16 12:00:00,1.0,13,1013.0,11.1,46.1,0.0,95
2024-12-16 13:00:00,-0.1,16,1014.2,9.4,36.4,0.0,8
2024-12-16 14:00:00,-1.5,18,1014.9,9.0,36.7,0.0,0
2024-12-16 15:00:00,-2.7,20,1014.6,7.8,34.9,0.0,4
2024-12-16 16:00:00,-3.2,21,1014.9,6.6,32.0,0.0,0
2024-12-16 17:00:00,-3.3,20,1015.1,5.7,30.2,0.0,0
2024-12-16 18:00:00,-4.1,21,1014.9,5.4,29.5,0.0,0
2024-12-16 19:00:00,-5.0,22,1014.6,5.7,29.5,0.0,0
2024-12-16 20:00:00,-5.8,22,1014.2,5.5,28.8,0.0,0
2024-12-16 21:00:00,-6.6,22,1014.3,5.4,28.8,0.0,0
2024-12-16 22:00:00,-7.0,22,1014.0,5.4,28.1,0.0,0
2024-12-16 23:00:00,-7.6,21,1013.6,5.8,27.0,0.0,0
2024-12-17 00:00:00,-8.0,21,1013.6,6.1,25.9,0.0,0
2024-12-17 01:00:00,-8.1,24,1014.4,5.7,24.1,0.0,0
2024-12-17 02:00:00,-8.3,23,1015.1,5.6,24.5,0.0,0
2024-12-17 03:00:00,-5.1,19,1015.8,6.3,25.6,0.0,0
2024-12-17 04:00:00,0.9,14,1016.3,8.9,31.3,0.0,0
2024-12-17 05:00:00,2.6,14,1015.3,10.2,38.5,0.0,0
2024-12-17 06:00:00,3.2,14,1014.4,12.1,44.6,0.0,21
2024-12-17 07:00:00,3.5,12,1013.6,15.9,51.5,0.0,15
2024-12-17 08:00:00,2.6,11,1013.5,16.5,54.4,0.0,5
2024-12-17 09:00:00,2.4,11,1013.2,16.2,53.3,0.0,5
2024-12-17 10:00:00,1.8,11,1013.5,15.9,52.6,0.0,0
2024-12-17 11:00:00,-0.0,12,1014.4,11.2,52.2,0.0,0
2024-12-17 12:00:00,-2.8,15,1015.8,11.1,46.4,0.0,0
2024-12-17 13:00:00,-3.9,18,1017.9,10.1,38.2,0.0,0
2024-12-17 14:00:00,-5.6,21,1019.1,8.3,37.8,0.0,0
2024-12-17 15:00:00,-6.5,23,1020.4,7.0,33.8,0.0,0
2024-12-17 16:00:00,-7.1,25,1022.0,5.2,29.5,0.0,0
2024-12-17 17:00:00,-7.5,26,1023.2,3.7,25.9,0.0,0
2024-12-17 18:00:00,-8.2,28,1023.8,3.3,24.1,0.0,0
2024-12-17 19:00:00,-8.7,29,1024.2,3.1,23.4,0.0,0
2024-12-17 20:00:00,-9.4,29,1024.2,2.9,22.0,0.0,3
2024-12-17 21:00:00,-10.0,29,1024.3,2.8,21.6,0.0,1
2024-12-17 22:00:00,-10.5,28,1024.2,3.1,20.2,0.0,12
2024-12-17 23:00:00,-10.9,28,1023.9,3.6,19.8,0.0,53
2024-12-18 00:00:00,-11.4,28,1024.0,4.5,20.2,0.0,99
2024-12-18 01:00:00,-11.4,31,1024.5,5.1,23.0,0.0,100
2024-12-18 02:00:00,-10.7,29,1024.3,6.0,20.5,0.0,100
2024-12-18 03:00:00,-7.4,21,1023.9,6.7,22.0,0.0,100
2024-12-18 04:00:00,-2.6,16,1023.6,9.7,25.9,0.0,100
2024-12-18 05:00:00,0.2,10,1022.3,13.8,34.6,0.0,100
2024-12-18 06:00:00,1.3,10,1020.1,16.7,39.6,0.0,100
2024-12-18 07:00:00,2.2,9,1017.4,17.3,41.0,0.0,100
2024-12-18 08:00:00,2.8,9,1015.6,15.1,40.0,0.0,100
2024-12-18 09:00:00,2.7,10,1014.9,14.2,38.9,0.0,100
2024-12-18 10:00:00,2.0,11,1014.4,14.9,37.8,0.0,100
2024-12-18 11:00:00,0.3,13,1014.2,12.0,37.4,0.0,100
2024-12-18 12:00:00,-2.2,17,1014.3,11.0,32.8,0.0,100
2024-12-18 13:00:00,-3.7,23,1015.9,11.5,34.6,0.0,100
2024-12-18 14:00:00,-4.8,26,1015.9,9.0,34.2,0.0,100
2024-12-18 15:00:00,-6.1,27,1016.5,8.0,29.5,0.0,100
2024-12-18 16:00:00,-6.9,27,1017.2,8.5,23.4,0.0,96
2024-12-18 17:00:00,-7.5,27,1017.5,9.1,20.5,0.0,100
2024-12-18 18:00:00,-7.9,26,1017.7,9.0,20.2,0.0,100
2024-12-18 19:00:00,-8.0,26,1017.6,8.9,20.2,0.0,100
2024-12-18 20:00:00,-8.1,27,1017.8,8.7,20.2,0.0,100
2024-12-18 21:00:00,-8.3,27,1017.7,8.5,19.1,0.0,98
2024-12-18 22:00:00,-8.7,26,1017.8,8.2,18.0,0.0,80
2024-12-18 23:00:00,-9.2,26,1017.8,8.5,17.6,0.0,61
2024-12-19 00:00:00,-9.8,25,1018.2,8.4,17.6,0.0,69
2024-12-19 01:00:00,-10.0,23,1018.9,7.7,19.1,0.0,37
2024-12-19 02:00:00,-9.9,21,1019.7,7.8,15.1,0.0,19
2024-12-19 03:00:00,-6.0,15,1020.5,7.2,17.3,0.0,0
2024-12-19 04:00:00,-1.4,11,1021.1,10.2,25.2,0.0,0
2024-12-19 05:00:00,-0.0,8,1021.0,9.0,26.3,0.0,0
2024-12-19 06:00:00,0.6,8,1019.7,11.1,28.4,0.0,0
2024-12-19 07:00:00,1.1,7,1018.3,12.1,29.9,0.0,0
2024-12-19 08:00:00,1.2,7,1017.2,12.0,29.9,0.0,0
2024-12-19 09:00:00,1.0,7,1016.4,11.7,29.5,0.0,0
2024-12-19 10:00:00,0.7,7,1016.0,9.7,27.0,0.0,0
2024-12-19 11:00:00,-1.0,8,1015.3,4.3,25.9,0.0,0
2024-12-19 12:00:00,-4.4,12,1015.3,4.1,19.4,0.0,0
2024-12-19 13:00:00,-5.6,12,1016.0,4.2,18.4,0.0,0
2024-12-19 14:00:00,-6.9,13,1016.1,4.3,17.3,0.0,0
2024-12-19 15:00:00,-7.7,14,1016.6,4.4,16.9,0.0,0
2024-12-19 16:00:00,-8.2,14,1017.4,3.4,16.6,0.0,0
2024-12-19 17:00:00,-8.6,14,1017.6,3.1,15.5,0.0,0
2024-12-19 18:00:00,-9.2,14,1017.8,3.7,15.5,0.0,0
2024-12-19 19:00:00,-9.7,15,1017.9,3.9,16.2,0.0,0
2024-12-19 20:00:00,-9.9,15,1018.2,3.6,16.2,0.0,0
2024-12-19 21:00:00,-10.0,16,1018.6,3.3,16.2,0.0,0
2024-12-19 22:00:00,-10.1,17,1018.8,3.2,16.6,0.0,0
2024-12-19 23:00:00,-10.1,17,1019.1,2.7,16.9,0.0,0
2024-12-20 00:00:00,-10.1,18,1019.6,1.8,16.9,0.0,0
2024-12-20 01:00:00,-10.6,19,1020.9,1.9,16.9,0.0,0
2024-12-20 02:00:00,-10.6,19,1022.5,0.9,15.5,0.0,0
2024-12-20 03:00:00,-8.0,16,1023.8,1.5,13.3,0.0,0
2024-12-20 04:00:00,-4.7,13,1024.8,2.5,16.9,0.0,0
2024-12-20 05:00:00,-3.2,12,1024.4,1.3,16.9,0.0,0
2024-12-20 06:00:00,-2.3,10,1023.3,1.3,17.3,0.0,0
2024-12-20 07:00:00,-1.7,10,1021.6,2.2,20.2,0.0,0
2024-12-20 08:00:00,-1.4,10,1020.1,2.5,20.5,0.0,0
2024-12-20 09:00:00,-1.2,10,1019.1,2.6,20.5,0.0,0
2024-12-20 10:00:00,-1.6,11,1018.8,2.7,19.8,0.0,0
2024-12-20 11:00:00,-2.6,12,1018.9,0.7,19.8,0.0,0
2024-12-20 12:00:00,-5.3,16,1019.0,0.2,14.8,0.0,0
2024-12-20 13:00:00,-6.7,14,1019.0,1.2,17.3,0.0,0
2024-12-20 14:00:00,-7.4,15,1019.6,0.9,14.8,0.0,0
2024-12-20 15:00:00,-8.6,16,1020.3,2.8,14.4,0.0,0
2024-12-20 16:00:00,-9.1,17,1020.7,2.3,15.1,0.0,0
2024-12-20 17:00:00,-9.3,17,1020.9,1.6,14.4,0.0,0
2024-12-20 18:00:00,-9.6,17,1020.8,1.4,13.7,0.0,0
2024-12-20 19:00:00,-10.0,18,1020.7,1.6,14.4,0.0,0
2024-12-20 20:00:00,-10.3,18,1020.6,1.5,14.0,0.0,0
2024-12-20 21:00:00,-10.6,19,1021.0,1.5,13.7,0.0,0
2024-12-20 22:00:00,-10.9,19,1021.1,1.5,13.7,0.0,0
2024-12-20 23:00:00,-11.0,19,1021.6,1.5,13.7,0.0,0
2024-12-21 00:00:00,-11.2,20,1021.9,1.5,13.7,0.0,0
2024-12-21 01:00:00,-11.6,22,1022.4,1.9,15.5,0.0,0
2024-12-21 02:00:00,-11.7,21,1024.3,1.5,14.8,0.0,0
2024-12-21 03:00:00,-9.1,17,1025.1,2.3,14.8,0.0,0
2024-12-21 04:00:00,-6.3,13,1025.8,2.5,17.3,0.0,0
2024-12-21 05:00:00,-4.7,12,1025.2,1.6,17.3,0.0,0
2024-12-21 06:00:00,-3.9,11,1023.4,2.0,19.4,0.0,0
2024-12-21 07:00:00,-3.1,11,1021.4,2.5,20.9,0.0,0
2024-12-21 08:00:00,-2.4,11,1020.0,2.7,21.2,0.0,0
2024-12-21 09:00:00,-2.1,11,1018.9,4.3,24.1,0.0,25
2024-12-21 10:00:00,-2.2,12,1018.6,4.7,25.2,0.0,70
2024-12-21 11:00:00,-2.9,14,1018.5,1.9,24.1,0.0,98
2024-12-21 12:00:00,-5.0,17,1018.5,1.5,18.0,0.0,100
2024-12-21 13:00:00,-6.0,19,1019.2,2.3,19.8,0.0,100
2024-12-21 14:00:00,-6.5,21,1020.0,2.0,19.4,0.0,100
2024-12-21 15:00:00,-7.2,22,1021.0,2.6,19.8,0.0,100
2024-12-21 16:00:00,-7.3,22,1021.5,3.6,20.5,0.0,100
2024-12-21 17:00:00,-7.2,23,1021.5,3.3,20.5,0.0,100
2024-12-21 18:00:00,-7.3,24,1021.4,2.7,20.2,0.0,100
2024-12-21 19:00:00,-7.6,25,1021.0,3.3,20.2,0.0,99
2024-12-21 20:00:00,-7.2,25,1020.4,3.9,21.2,0.0,100
2024-12-21 21:00:00,-7.4,26,1020.1,4.4,22.7,0.0,100
2024-12-21 22:00:00,-7.4,26,1019.8,4.7,23.4,0.0,100
2024-12-21 23:00:00,-7.3,27,1019.5,5.0,23.8,0.0,100
2024-12-22 00:00:00,-8.1,29,1019.5,5.6,23.8,0.0,100
2024-12-22 01:00:00,-8.5,32,1020.2,5.3,24.5,0.0,100
2024-12-22 02:00:00,-8.6,33,1020.8,4.9,23.0,0.0,100
2024-12-22 03:00:00,-6.6,29,1020.9,6.0,23.0,0.0,100
2024-12-22 04:00:00,-2.9,23,1021.3,9.3,28.8,0.0,100
2024-12-22 05:00:00,-1.7,19,1020.9,11.3,33.8,0.0,100
2024-12-22 06:00:00,-0.9,19,1019.6,11.7,35.3,0.0,100
2024-12-22 07:00:00,-0.4,19,1018.1,11.7,35.6,0.0,96
2024-12-22 08:00:00,0.1,19,1017.0,10.1,36.0,0.0,72
2024-12-22 09:00:00,0.3,20,1015.9,9.6,34.9,0.0,100
2024-12-22 10:00:00,-0.0,21,1015.4,10.7,34.2,0.0,93
2024-12-22 11:00:00,-1.1,25,1015.7,9.2,31.0,0.0,95
2024-12-22 12:00:00,-2.9,30,1015.4,7.8,24.5,0.0,96
2024-12-22 13:00:00,-5.2,35,1017.1,5.2,20.9,0.0,86
2024-12-22 14:00:00,-6.6,37,1017.5,6.3,20.9,0.0,66
2024-12-22 15:00:00,-7.1,36,1018.0,5.4,20.9,0.0,98
2024-12-22 16:00:00,-7.8,36,1018.9,4.8,20.2,0.0,88
2024-12-22 17:00:00,-8.6,36,1018.9,5.8,16.9,0.0,95
2024-12-22 18:00:00,-9.1,36,1018.6,6.4,15.8,0.0,95
2024-12-22 19:00:00,-9.5,37,1018.4,5.6,16.2,0.0,89
2024-12-22 20:00:00,-10.1,38,1018.4,5.2,15.5,0.0,85
2024-12-22 21:00:00,-10.1,38,1018.1,6.5,14.4,0.0,97
2024-12-22 22:00:00,-10.4,40,1017.6,5.8,14.8,0.0,99
2024-12-22 23:00:00,-10.1,39,1017.2,6.9,14.4,0.0,96
2024-12-23 00:00:00,-10.4,40,1016.8,5.9,14.8,0.0,100
2024-12-23 01:00:00,-10.7,38,1017.3,5.5,14.8,0.0,100
2024-12-23 02:00:00,-9.9,36,1017.4,5.8,15.8,0.1,100
2024-12-23 03:00:00,-7.5,32,1017.1,5.6,18.0,0.0,100
2024-12-23 04:00:00,-3.4,30,1017.1,8.1,24.1,0.1,100
2024-12-23 05:00:00,-1.3,19,1016.5,9.5,28.4,0.0,100
2024-12-23 06:00:00,-0.4,18,1014.6,10.1,29.5,0.0,100
2024-12-23 07:00:00,0.2,19,1012.8,10.4,31.0,0.0,100
2024-12-23 08:00:00,-0.8,35,1011.9,8.3,30.6,0.1,100
2024-12-23 09:00:00,-1.4,39,1011.8,6.9,26.6,0.1,100
2024-12-23 10:00:00,-2.1,39,1012.0,7.2,25.9,0.1,100
2024-12-23 11:00:00,-3.1,43,1012.3,7.6,26.6,0.0,100
2024-12-23 12:00:00,-4.5,50,1012.9,5.5,26.3,0.1,100
2024-12-23 13:00:00,-6.9,53,1015.5,1.1,19.4,0.1,100
2024-12-23 14:00:00,-6.6,58,1016.9,2.4,19.8,0.2,100
2024-12-23 15:00:00,-7.1,62,1017.7,3.4,20.2,0.3,98
2024-12-23 16:00:00,-7.8,58,1018.3,6.0,23.0,0.3,93
2024-12-23 17:00:00,-9.3,58,1018.4,4.6,21.6,0.2,92
2024-12-23 18:00:00,-9.2,57,1019.0,4.4,20.2,0.2,99
2024-12-23 19:00:00,-9.5,57,1019.4,4.9,20.5,0.2,99
2024-12-23 20:00:00,-9.4,58,1019.2,5.4,20.5,0.3,93
2024-12-23 21:00:00,-10.5,58,1019.7,4.9,20.9,0.2,100
2024-12-23 22:00:00,-10.3,57,1020.3,5.1,20.2,0.2,98
2024-12-23 23:00:00,-11.1,56,1020.4,4.3,19.8,0.1,94
2024-12-24 00:00:00,-11.2,56,1021.5,4.3,18.7,0.1,90
2024-12-24 01:00:00,-12.1,50,1021.5,3.5,17.6,0.0,91
2024-12-24 02:00:00,-11.5,48,1023.5,2.0,16.2,0.0,86
2024-12-24 03:00:00,-10.4,51,1024.1,3.2,16.6,0.1,70
2024-12-24 04:00:00,-8.0,52,1025.6,0.8,16.6,0.0,62
2024-12-24 05:00:00,-6.9,49,1026.3,1.3,14.4,0.0,68
2024-12-24 06:00:00,-6.5,48,1025.3,0.9,14.4,0.0,66
2024-12-24 07:00:00,-5.8,45,1023.6,2.1,17.6,0.0,46
2024-12-24 08:00:00,-5.4,43,1022.4,1.3,17.3,0.0,53
2024-12-24 09:00:00,-5.2,41,1021.5,2.6,17.6,0.0,17
2024-12-24 10:00:00,-5.5,55,1021.4,2.4,20.2,0.0,6
2024-12-24 11:00:00,-7.5,49,1022.1,2.1,21.2,0.0,39
2024-12-24 12:00:00,-10.0,50,1022.8,1.3,20.5,0.0,43
2024-12-24 13:00:00,-10.0,48,1023.4,0.8,16.2,0.0,33
2024-12-24 14:00:00,-11.0,48,1024.1,1.0,14.4,0.0,33
2024-12-24 15:00:00,-11.9,46,1024.8,1.4,14.8,0.0,63
2024-12-24 16:00:00,-12.3,44,1026.0,0.7,15.1,0.0,50
2024-12-24 17:00:00,-13.1,43,1026.7,0.6,14.4,0.0,31
2024-12-24 18:00:00,-13.3,43,1027.7,0.3,11.5,0.0,19
2024-12-24 19:00:00,-13.4,42,1028.3,0.2,10.8,0.0,8
2024-12-24 20:00:00,-13.1,41,1028.8,0.4,10.4,0.0,21
2024-12-24 21:00:00,-13.4,40,1029.3,0.6,10.8,0.0,15
2024-12-24 22:00:00,-13.8,41,1030.1,0.6,11.9,0.0,15
2024-12-24 23:00:00,-14.9,44,1030.3,0.4,11.5,0.0,23
2024-12-25 00:00:00,-15.0,41,1031.4,0.8,11.2,0.0,15
2024-12-25 01:00:00,-15.2,48,1031.2,0.4,10.8,0.0,17
2024-12-25 02:00:00,-14.8,44,1032.7,0.4,10.1,0.0,11
2024-12-25 03:00:00,-13.4,43,1033.6,0.4,10.1,0.0,27
2024-12-25 04:00:00,-10.4,43,1035.0,0.6,12.2,0.0,52
2024-12-25 05:00:00,-8.0,42,1035.2,3.2,18.0,0.0,69
2024-12-25 06:00:00,-7.2,47,1033.5,4.0,21.2,0.0,80
2024-12-25 07:00:00,-6.3,46,1030.9,4.9,24.1,0.0,77
2024-12-25 08:00:00,-5.6,45,1028.9,5.1,25.6,0.0,70
2024-12-25 09:00:00,-5.1,44,1027.5,4.7,25.6,0.0,63
2024-12-25 10:00:00,-5.5,54,1026.9,3.0,24.5,0.0,12
2024-12-25 11:00:00,-7.5,46,1026.9,2.1,22.3,0.0,0
2024-12-25 12:00:00,-10.2,47,1028.0,0.7,19.1,0.0,0
2024-12-25 13:00:00,-11.6,52,1028.2,1.8,14.8,0.0,0
2024-12-25 14:00:00,-13.1,48,1029.7,2.3,14.4,0.0,0
2024-12-25 15:00:00,-14.4,46,1030.6,2.7,13.0,0.0,0
2024-12-25 16:00:00,-14.6,43,1031.9,2.3,10.4,0.0,0
2024-12-25 17:00:00,-14.7,40,1032.1,2.7,10.4,0.0,0
2024-12-25 18:00:00,-14.2,37,1032.5,1.1,10.4,0.0,0
2024-12-25 19:00:00,-13.8,33,1032.7,1.0,10.8,0.0,0
2024-12-25 20:00:00,-13.8,31,1032.5,1.4,11.2,0.0,0
2024-12-25 21:00:00,-13.6,30,1032.6,0.7,11.2,0.0,0
2024-12-25 22:00:00,-13.8,30,1032.6,0.6,10.8,0.0,0
2024-12-25 23:00:00,-14.1,30,1032.6,0.6,9.4,0.0,0
2024-12-26 00:00:00,-14.4,30,1033.0,1.0,9.0,0.0,2
2024-12-26 01:00:00,-14.6,34,1032.1,1.5,11.5,0.0,4
2024-12-26 02:00:00,-14.1,30,1033.5,1.0,10.1,0.0,41
2024-12-26 03:00:00,-11.9,29,1034.0,1.0,10.8,0.0,41
2024-12-26 04:00:00,-8.0,30,1034.2,0.4,11.9,0.0,1
2024-12-26 05:00:00,-5.1,42,1033.3,1.4,14.8,0.0,0
2024-12-26 06:00:00,-3.7,25,1031.7,3.1,18.7,0.0,0
2024-12-26 07:00:00,-2.8,24,1029.9,4.7,22.3,0.0,0
2024-12-26 08:00:00,-2.1,26,1028.0,5.3,23.8,0.0,0
2024-12-26 09:00:00,-1.6,33,1026.2,3.3,24.1,0.0,0
2024-12-26 10:00:00,-2.2,32,1025.5,1.8,21.6,0.0,0
2024-12-26 11:00:00,-4.2,23,1025.0,1.8,18.0,0.0,0
2024-12-26 12:00:00,-7.2,26,1024.8,1.9,16.6,0.0,0
2024-12-26 13:00:00,-9.7,37,1024.5,4.8,16.9,0.0,0
2024-12-26 14:00:00,-10.5,31,1025.1,5.0,15.5,0.0,0
2024-12-26 15:00:00,-10.6,25,1024.9,4.3,14.4,0.0,0
2024-12-26 16:00:00,-10.4,22,1025.2,4.1,13.7,0.0,0
2024-12-26 17:00:00,-10.0,21,1025.1,4.5,14.8,0.0,4
2024-12-26 18:00:00,-9.9,22,1024.6,4.5,15.5,0.0,39
2024-12-26 19:00:00,-10.0,22,1024.1,4.9,15.8,0.0,78
2024-12-26 20:00:00,-10.1,23,1023.7,5.3,16.2,0.0,88
2024-12-26 21:00:00,-10.3,24,1023.4,5.7,16.2,0.0,79
2024-12-26 22:00:00,-10.5,23,1023.3,5.8,16.2,0.0,29
2024-12-26 23:00:00,-10.8,22,1022.9,6.4,16.2,0.0,67
2024-12-27 00:00:00,-11.2,22,1022.8,7.1,16.2,0.0,6
2024-12-27 01:00:00,-11.6,23,1023.7,6.5,15.1,0.0,0
2024-12-27 02:00:00,-10.9,21,1024.1,6.6,15.5,0.0,0
2024-12-27 03:00:00,-8.7,23,1024.0,8.2,16.6,0.0,3
2024-12-27 04:00:00,-4.7,30,1023.5,9.0,19.4,0.0,92
2024-12-27 05:00:00,-0.5,28,1022.1,10.1,22.3,0.0,82
2024-12-27 06:00:00,1.4,31,1019.2,8.6,25.9,0.0,100
2024-12-27 07:00:00,2.2,31,1016.4,8.5,25.6,0.0,100
2024-12-27 08:00:00,1.0,33,1015.7,14.1,28.1,0.0,100
2024-12-27 09:00:00,1.4,44,1014.1,11.6,27.7,0.1,96
2024-12-27 10:00:00,1.0,45,1013.9,3.4,30.2,0.1,100
2024-12-27 11:00:00,-1.3,45,1015.0,5.0,20.9,0.0,100
2024-12-27 12:00:00,-2.9,52,1015.7,7.3,17.6,0.0,100
2024-12-27 13:00:00,-3.7,56,1017.4,6.7,16.2,0.4,99
2024-12-27 14:00:00,-5.2,61,1017.9,8.5,21.6,0.8,100
2024-12-27 15:00:00,-4.6,61,1016.9,7.6,21.2,0.1,100
2024-12-27 16:00:00,-4.8,60,1016.8,7.4,18.0,0.1,100
2024-12-27 17:00:00,-4.4,60,1017.1,7.8,16.2,0.2,93
2024-12-27 18:00:00,-5.4,59,1016.9,8.1,16.6,0.1,100
2024-12-27 19:00:00,-5.6,60,1016.0,7.6,18.7,0.1,99
2024-12-27 20:00:00,-5.7,66,1015.5,5.2,19.1,0.6,100
2024-12-27 21:00:00,-5.3,65,1015.2,5.0,16.9,0.5,100
2024-12-27 22:00:00,-4.9,65,1015.4,6.2,15.5,0.7,100
2024-12-27 23:00:00,-4.9,64,1014.4,6.0,17.3,0.7,75
2024-12-28 00:00:00,-8.2,57,1014.3,7.6,18.0,0.1,100
2024-12-28 01:00:00,-8.7,58,1015.3,10.1,29.5,0.6,89
2024-12-28 02:00:00,-9.4,57,1015.8,9.2,24.1,0.2,100
2024-12-28 03:00:00,-6.9,59,1016.3,7.7,22.0,0.0,100
2024-12-28 04:00:00,-4.8,66,1016.9,6.1,17.6,0.3,100
2024-12-28 05:00:00,-2.1,57,1016.6,6.5,20.9,0.3,95
2024-12-28 06:00:00,-1.4,49,1016.1,7.9,21.6,0.2,98
2024-12-28 07:00:00,-2.4,54,1016.3,5.6,22.0,0.1,100
2024-12-28 08:00:00,-2.5,59,1015.2,6.7,21.2,0.7,99
2024-12-28 09:00:00,-1.9,56,1014.0,2.4,21.6,0.2,100
2024-12-28 10:00:00,-3.7,68,1016.0,5.0,23.8,0.2,100
2024-12-28 11:00:00,-4.7,73,1016.8,4.1,21.6,0.6,100
2024-12-28 12:00:00,-6.3,73,1018.0,3.7,18.0,0.3,100
2024-12-28 13:00:00,-7.0,69,1020.5,4.2,19.8,0.2,98
2024-12-28 14:00:00,-8.0,65,1021.5,5.0,19.4,0.1,100
2024-12-28 15:00:00,-8.8,61,1022.2,2.8,19.1,0.0,98
2024-12-28 16:00:00,-9.2,60,1023.1,1.9,17.3,0.0,100
2024-12-28 17:00:00,-9.9,60,1024.0,2.1,15.8,0.0,99
2024-12-28 18:00:00,-9.7,60,1024.2,2.8,18.0,0.0,97
2024-12-28 19:00:00,-9.4,58,1024.4,0.3,18.0,0.0,65
2024-12-28 20:00:00,-9.9,59,1024.7,0.4,14.8,0.0,53
2024-12-28 21:00:00,-11.7,61,1025.4,2.3,17.3,0.0,39
2024-12-28 22:00:00,-12.4,60,1026.3,2.0,18.0,0.0,25
2024-12-28 23:00:00,-12.8,59,1027.1,2.1,18.0,0.0,23
2024-12-29 00:00:00,-13.6,58,1028.3,1.8,16.6,0.0,32
2024-12-29 01:00:00,-13.1,64,1028.6,0.5,17.3,0.0,83
2024-12-29 02:00:00,-13.4,62,1030.8,3.1,16.6,0.0,85
2024-12-29 03:00:00,-12.0,58,1032.7,2.1,16.6,0.0,86
2024-12-29 04:00:00,-10.0,59,1034.9,1.6,16.6,0.0,99
2024-12-29 05:00:00,-9.0,64,1036.0,2.3,16.6,0.0,89
2024-12-29 06:00:00,-8.0,62,1036.3,4.2,18.7,0.0,28
2024-12-29 07:00:00,-7.6,64,1035.0,3.2,19.1,0.0,9
2024-12-29 08:00:00,-7.1,65,1033.6,2.9,17.6,0.0,2
2024-12-29 09:00:00,-6.8,64,1032.8,2.0,16.9,0.0,10
2024-12-29 10:00:00,-6.9,71,1032.4,1.5,15.1,0.0,11
2024-12-29 11:00:00,-8.4,67,1032.5,1.1,15.1,0.0,21
2024-12-29 12:00:00,-11.0,72,1033.1,0.6,13.7,0.0,44
2024-12-29 13:00:00,-13.2,71,1033.4,1.8,10.8,0.0,47
2024-12-29 14:00:00,-15.1,58,1034.6,3.1,10.4,0.0,69
2024-12-29 15:00:00,-15.6,48,1035.8,2.4,8.3,0.0,55
2024-12-29 16:00:00,-15.5,45,1037.0,2.1,10.8,0.0,28
2024-12-29 17:00:00,-15.0,43,1037.9,1.2,10.8,0.0,10
2024-12-29 18:00:00,-14.3,41,1038.5,1.0,9.4,0.0,0
2024-12-29 19:00:00,-14.4,39,1038.3,0.2,9.4,0.0,0
2024-12-29 20:00:00,-15.0,36,1038.6,1.4,10.1,0.0,2
2024-12-29 21:00:00,-14.9,32,1038.1,1.2,10.1,0.0,4
2024-12-29 22:00:00,-14.9,33,1038.2,1.2,10.1,0.0,75
2024-12-29 23:00:00,-14.9,34,1038.1,1.0,9.7,0.0,12
2024-12-30 00:00:00,-14.9,35,1038.4,1.0,9.4,0.0,34
2024-12-30 01:00:00,-15.4,44,1035.7,1.3,10.4,0.0,13
2024-12-30 02:00:00,-15.5,42,1037.8,1.5,9.4,0.0,3
2024-12-30 03:00:00,-14.2,39,1038.8,1.5,9.7,0.0,1
2024-12-30 04:00:00,-12.0,39,1039.0,1.6,10.8,0.0,30
2024-12-30 05:00:00,-10.0,40,1038.1,1.2,11.2,0.0,7
2024-12-30 06:00:00,-8.1,44,1036.4,1.1,10.8,0.0,12
2024-12-30 07:00:00,-6.9,44,1033.5,3.4,14.8,0.0,10
2024-12-30 08:00:00,-6.3,47,1031.5,3.2,15.5,0.0,34
2024-12-30 09:00:00,-6.2,51,1029.4,3.6,15.8,0.0,40
2024-12-30 10:00:00,-6.7,44,1027.9,3.4,16.2,0.0,54
2024-12-30 11:00:00,-8.4,44,1027.2,4.9,17.6,0.0,28
2024-12-30 12:00:00,-10.4,42,1026.5,5.3,17.6,0.0,3
2024-12-30 13:00:00,-11.4,39,1026.6,6.4,18.0,0.0,23
2024-12-30 14:00:00,-11.2,36,1026.9,4.8,16.9,0.0,17
2024-12-30 15:00:00,-10.4,36,1027.0,3.9,16.2,0.0,30
2024-12-30 16:00:00,-10.0,39,1027.1,3.6,16.6,0.0,30
2024-12-30 17:00:00,-10.2,42,1027.3,3.8,16.9,0.0,2
2024-12-30 18:00:00,-11.0,43,1027.0,4.0,16.6,0.0,0
2024-12-30 19:00:00,-11.5,44,1026.2,4.5,17.6,0.0,15
2024-12-30 20:00:00,-11.8,44,1026.0,4.4,18.7,0.0,68
2024-12-30 21:00:00,-11.9,43,1025.9,4.3,18.4,0.0,66
2024-12-30 22:00:00,-11.9,42,1025.8,4.5,19.4,0.0,55
2024-12-30 23:00:00,-11.9,42,1025.7,4.7,19.8,0.0,71
2024-12-31 00:00:00,-11.8,43,1025.8,4.4,19.8,0.0,57
2024-12-31 01:00:00,-12.5,47,1026.4,4.3,20.9,0.0,56
2024-12-31 02:00:00,-12.2,46,1027.4,3.7,19.4,0.0,47
2024-12-31 03:00:00,-10.8,44,1027.7,3.6,19.1,0.0,33
2024-12-31 04:00:00,-9.0,44,1028.1,4.2,20.5,0.0,47
2024-12-31 05:00:00,-6.9,47,1028.3,5.8,22.7,0.0,44
2024-12-31 06:00:00,-4.8,52,1027.2,5.8,24.1,0.0,44
2024-12-31 07:00:00,-3.5,45,1025.6,6.8,26.3,0.0,69
2024-12-31 08:00:00,-3.1,44,1023.8,6.8,26.6,0.0,57
2024-12-31 09:00:00,-3.3,43,1022.9,7.0,27.0,0.0,25
2024-12-31 10:00:00,-4.2,44,1022.4,7.1,27.0,0.0,36
2024-12-31 11:00:00,-5.8,39,1022.6,5.6,27.0,0.0,47
2024-12-31 12:00:00,-7.5,39,1022.5,4.0,24.8,0.0,95
2024-12-31 13:00:00,-8.9,46,1024.3,5.9,26.3,0.0,94
2024-12-31 14:00:00,-8.4,49,1025.0,5.2,25.6,0.0,82
2024-12-31 15:00:00,-9.0,52,1025.1,4.6,24.1,0.0,82
2024-12-31 16:00:00,-9.5,53,1025.3,4.7,23.0,0.0,92
2024-12-31 17:00:00,-9.5,52,1025.5,4.8,23.4,0.0,98
2024-12-31 18:00:00,-9.8,52,1025.7,4.9,23.4,0.0,76
2024-12-31 19:00:00,-10.4,51,1025.4,4.7,23.0,0.0,92
2024-12-31 20:00:00,-10.6,50,1025.4,4.2,23.0,0.0,100
2024-12-31 21:00:00,-9.6,50,1025.3,4.1,22.0,0.0,98
2024-12-31 22:00:00,-9.2,50,1025.1,4.4,22.7,0.0,97
2024-12-31 23:00:00,-9.4,50,1024.7,4.7,22.7,0.0,90
2025-01-01 00:00:00,-10.7,51,1024.8,4.5,23.0,0.0,29
2025-01-01 01:00:00,-11.1,55,1026.1,5.5,25.9,0.0,95
2025-01-01 02:00:00,-11.3,55,1026.7,4.3,24.1,0.0,78
2025-01-01 03:00:00,-10.8,53,1027.4,4.9,22.0,0.0,75
2025-01-01 04:00:00,-8.4,51,1028.1,4.3,22.3,0.0,84
2025-01-01 05:00:00,-6.0,55,1028.4,4.9,23.0,0.0,78
2025-01-01 06:00:00,-4.0,50,1027.4,5.6,24.8,0.0,71
2025-01-01 07:00:00,-3.1,50,1026.0,6.3,27.0,0.0,74
2025-01-01 08:00:00,-2.1,47,1023.7,6.6,27.4,0.0,98
2025-01-01 09:00:00,-1.9,46,1022.4,7.2,28.1,0.0,99
2025-01-01 10:00:00,-2.2,47,1021.8,7.7,28.4,0.0,98
2025-01-01 11:00:00,-3.9,47,1021.4,7.8,27.4,0.0,97
2025-01-01 12:00:00,-5.0,47,1021.8,6.8,27.4,0.0,95
2025-01-01 13:00:00,-6.7,54,1023.1,4.7,23.8,0.0,88
2025-01-01 14:00:00,-7.5,54,1024.3,5.9,22.3,0.0,88
2025-01-01 15:00:00,-7.6,57,1025.2,5.3,23.0,0.0,99
2025-01-01 16:00:00,-7.4,59,1025.7,4.6,22.3,0.0,92
2025-01-01 17:00:00,-8.0,60,1026.1,4.6,21.2,0.0,96
2025-01-01 18:00:00,-8.3,60,1026.2,4.2,21.2,0.0,83
2025-01-01 19:00:00,-8.9,61,1025.5,4.5,19.8,0.0,83
2025-01-01 20:00:00,-9.3,60,1025.0,5.3,20.9,0.0,84
2025-01-01 21:00:00,-9.6,59,1024.9,5.4,21.6,0.0,98
2025-01-01 22:00:00,-9.9,59,1024.8,5.5,21.6,0.0,50
2025-01-01 23:00:00,-10.2,58,1024.6,5.4,20.5,0.0,51
